,0,1,2,3,4,5,6,7,8,9
GACACGACCCAT_6,7,6,0,8,9,4,2,6,9,5
CGTACAGTAGAA_6,8,7,8,2,1,0,7,4,3,4
GTGCCATTGTGA_6,9,5,4,7,3,4,8,6,0,9
TGAGAATGCTTT_6,1,6,0,9,6,8,2,5,9,5
GGACAAAATTTG_6,9,6,2,0,6,1,2,1,5,8
ATTACATCAACG_6,2,0,8,4,0,2,4,4,2,4
TGTGAGGTGACA_6,9,5,4,9,6,5,6,0,4,5
GTCACGAATGGA_6,8,1,1,7,3,7,0,2,0,4
GCAACACGCCTT_6,2,3,3,0,3,9,1,2,2,6
CCTCTTCGTCCT_6,8,7,3,0,3,9,7,7,1,4
TAATGAGACCCC_6,8,3,9,3,1,1,4,2,5,4
CGATTCGTTCAC_6,0,3,2,4,8,0,6,8,0,4
GTATGGCACCAT_6,6,6,7,9,6,6,6,8,9,5
CTATGCACGATC_6,2,6,0,5,1,1,9,3,9,5
TGCCAACCGAGT_6,6,6,7,4,9,4,2,9,3,5
ACGACTGGAAAT_6,4,2,9,5,3,0,4,4,2,4
CACCATCGCAAT_6,2,4,2,3,3,2,4,4,2,4
TCTCTCTGCGAG_6,3,9,1,0,4,9,1,4,1,4
CTGAGTGTGCCC_6,2,7,2,1,3,0,3,1,1,9
TTTACAGAGATT_6,7,9,8,3,1,1,4,2,4,3
TCCACATAGCAC_6,7,1,2,3,2,4,1,0,4,5
CAACCACATACC_6,9,5,5,3,9,0,2,6,8,8
CGCCTACTGTAC_6,2,8,9,5,0,1,3,3,5,3
ACCTCGTATTCC_6,6,4,8,6,1,3,1,2,0,1
CGCGCCGAACCC_6,6,6,5,5,7,6,9,3,4,5
CCTCGCCGTGGA_6,6,1,1,3,1,2,7,2,1,1
TACGTCAGCGGC_6,4,7,8,2,1,0,4,0,4,4
ATATATTCTGAT_6,0,5,0,7,6,5,2,3,6,2
ATCCATTATTAC_6,9,6,7,8,0,1,9,0,6,3
CACGAGTAGGCA_6,4,8,5,4,1,1,3,2,1,1
GTCAAAGTGAAG_6,2,0,1,6,2,9,7,4,2,4
CCAGTCCGAGGG_6,7,1,9,4,8,1,3,0,5,8
ACGCTATTACGT_6,8,6,1,3,5,9,3,3,5,0
ACCCCGTGTCCG_6,2,1,2,3,4,2,7,2,1,9
CCCCCCTGCGAG_6,3,9,8,4,4,7,1,2,0,9
CGAACCACTGAA_6,9,8,0,8,6,5,9,6,7,7
GGCGACCTATAT_6,0,3,9,6,1,1,3,1,2,6
GTAGATTACAGT_6,7,9,2,4,1,3,7,8,0,9
CGCTCCAATAAA_6,6,4,8,3,5,6,3,1,2,3
CCTCGGGTCCGC_6,1,6,7,8,7,5,5,9,9,5
ACGCCGGGGGAC_6,9,8,9,9,7,1,5,1,3,7
GGCCACTGAATT_6,6,6,8,7,0,1,9,3,3,8
CTAGTGCAGCCT_6,2,3,9,6,1,9,0,3,4,6
AGTCCTGGTTTT_6,8,4,2,7,7,3,7,8,5,7
CCATAGATGAGA_6,9,4,9,4,1,0,2,3,6,0
GAACGTTGCCAC_6,4,4,8,5,0,1,1,4,2,9
CGTCCTTCTCCC_6,6,0,5,7,7,6,3,4,4,0
GAGTTGGTGAGT_6,6,8,7,9,6,5,5,3,9,5
CGCGCATCTTTC_6,6,6,7,1,6,0,9,0,9,3
CCATAGATGAGC_6,9,8,9,3,6,6,2,3,5,2
CGAATTGGTTCT_6,6,1,2,1,7,6,9,0,3,3
TGTTCTGAGACG_6,2,6,2,1,8,3,6,2,4,0
GCACATGAAGTG_6,4,1,8,4,3,0,4,1,2,0
AGTGACCAGCGC_6,2,4,1,1,8,0,4,6,0,2
GACTTCCTCGAC_6,4,1,8,0,1,1,4,2,5,6
AGGGAAACAGCT_6,1,6,4,9,5,8,5,5,4,7
CCATAGATGAGT_6,9,4,8,7,2,6,6,4,2,3
GAGGGGAGTCAC_6,3,7,8,0,1,3,4,4,2,1
CGATTCGCGAAT_6,0,7,6,1,8,5,6,3,5,2
ATGCAGCTCGTG_6,2,9,1,0,1,3,1,4,1,9
GCCTCGGTGCTA_6,4,8,5,1,0,6,3,6,9,3
CTAGTACGATAC_6,4,9,8,6,1,0,2,7,1,3
CATACTTGGCAT_6,3,3,2,6,9,3,7,4,3,2
GTGACTAGCTTC_6,6,7,9,5,7,4,6,1,5,0
TCCCCGCGCATA_6,8,7,2,6,4,2,7,2,1,6
TGTAGCTTGCAG_6,4,1,1,3,1,1,4,5,4,1
ATGATGACTGCG_6,2,4,9,5,8,1,3,3,3,2
AGTTGCTGTGGT_6,9,5,0,9,6,0,8,9,7,3
GCCGGGATACAA_6,4,7,5,5,0,6,9,2,5,0
GACCTCGAGGGG_6,3,1,8,2,4,1,1,2,2,8
AGTCCTGGTTTC_6,3,7,8,6,1,1,3,2,8,4
GCCGACGGCCAT_6,0,0,6,1,9,1,1,0,8,1
TATCCCTGTTGG_6,1,5,4,8,6,8,8,9,6,7
ACTTGATCTCCC_6,4,3,6,6,2,9,3,8,2,1
TCCCGTCATCAC_6,6,8,8,3,6,6,2,0,9,3
CAGATATTGATG_6,0,8,2,5,3,2,1,4,4,5
CACCTCAAGGCA_6,8,7,2,7,3,2,2,0,4,4
CGAACATGACTT_6,0,1,2,2,9,3,1,2,2,6
GGACGGGGGATC_6,9,6,7,9,6,5,8,9,6,5
GGACGGCACCAG_6,1,5,0,9,6,5,2,9,6,5
AGATCCTAGCAT_6,0,0,5,8,1,6,6,4,2,3
TAGGAACGCTCT_6,0,7,2,6,2,2,3,0,0,1
ACTACGAGGGAC_6,5,7,7,1,7,0,9,4,9,0
ACGGGTGAGTCT_6,1,5,2,7,6,0,9,0,8,3
ACACCGCACAGG_6,4,7,5,2,2,2,4,1,2,8
TACGAGCTACGG_6,6,6,4,8,2,8,5,0,7,5
GCGATCGCGAAA_6,2,7,3,2,4,9,1,3,1,9
GCCACGTGACAG_6,1,5,4,9,6,5,5,6,9,2
CGGGTATTCTTT_6,5,5,8,3,6,0,9,6,9,5
TGTCACCACCAA_6,3,4,2,6,3,9,4,1,1,8
CATGTACGTAGC_6,2,2,3,0,0,7,1,2,8,4
AACATATGTCAG_6,2,7,2,3,5,1,6,0,8,4
GTTCTTACTTCT_6,2,7,2,6,3,9,4,2,8,6
ACACCTATGACG_6,1,5,7,9,5,8,8,5,7,5
ACGCTTATCGTT_6,7,3,2,0,3,3,1,0,4,2
AAATTCCATATA_6,9,5,0,9,2,8,8,6,9,5
CGACGACGATCC_6,1,8,4,9,6,8,2,9,6,5
ACCTCTAGCGCA_6,2,3,8,5,9,9,1,0,0,4
CACGTGACCGGA_6,4,9,5,3,9,3,8,7,0,6
ATGCCTGTTTAT_6,1,8,7,4,1,8,3,3,3,7
GTACCGTCCGCC_6,3,0,8,7,2,7,7,2,4,1
AGTGCGCGATGT_6,8,1,2,7,4,3,0,1,0,4
CGCCCTCCTGCG_6,4,6,7,5,0,1,3,1,5,5
GTACTGCGAGCA_6,5,7,1,6,3,3,6,2,1,8
CGCGGTCCGTCC_6,2,8,6,5,8,1,4,2,8,3
GGTAATCATGCG_6,8,7,2,6,1,7,7,2,2,2
AATACCGTAGTG_6,7,0,5,4,3,3,6,9,5,3
CTGATGACGTCC_6,8,9,2,0,9,9,7,3,4,1
CAGCTCTGGCAC_6,6,2,4,8,6,5,5,6,9,7
ACAGCGGTACCG_6,9,8,0,7,7,5,8,9,7,8
GTTGTGAGGACG_6,1,6,7,9,7,5,8,1,3,2
CGTTTTATTCAT_6,0,3,1,0,9,2,7,8,8,9
ACTGATTGATAA_6,7,1,5,1,9,6,6,7,4,7
CTATTCCACAAC_6,9,5,4,8,7,8,8,6,7,5
AGTCACATCTAC_6,2,1,7,3,2,0,1,4,8,1
AGACAAATACGA_6,2,6,6,7,9,6,6,4,8,2
GTTCGACGTATT_6,7,1,6,8,4,1,4,7,4,8
AGGTCACTCGTC_6,0,7,3,2,9,3,4,8,2,2
GTGGCACCGTCA_6,0,9,3,2,4,2,4,0,3,8
TCTGTTTTAGCC_6,6,7,0,5,3,6,3,5,5,3
CTTCCGCCGCCC_6,0,4,1,6,1,1,1,2,2,4
CTGCCATGACCC_6,9,8,9,9,7,8,5,3,7,3
GCCGCAGGTTCG_6,3,8,3,6,0,9,4,4,4,8
GTCGCGAGTGGA_6,2,7,8,0,7,0,1,0,2,3
CTCACGCCGCGT_6,6,6,5,5,9,6,6,1,4,0
GCAGTTTCATCT_6,4,1,5,7,6,5,4,6,5,3
GGAGGACGAGGG_6,0,0,2,6,0,3,0,2,1,6
CTCTGGTGTATA_6,2,3,3,6,2,2,3,1,2,4
TAGAATCCTTAC_6,6,5,7,8,0,4,6,6,7,7
AAATTTATCGAT_6,5,4,9,3,9,5,6,4,6,7
TCAGTGGCACTT_6,3,1,8,3,0,1,7,4,5,6
ATAGCCGTTTGT_6,7,3,5,3,7,1,9,0,3,8
AGGTCACGCTTC_6,2,8,6,3,2,3,4,7,1,9
AGAAGGGAGAAC_6,2,7,2,5,8,2,4,2,1,6
GTTAGGGGCCGT_6,7,0,1,0,3,3,4,7,0,4
CGCGGTCGCCAG_6,4,1,0,2,2,2,4,5,4,7
TAGGTGGCGTTG_6,8,0,2,6,8,7,0,7,2,6
TCGAATTTGTTA_6,7,8,9,1,0,1,9,5,3,7
GACTAGCGTGTC_6,0,0,1,6,2,3,7,1,4,8
AGTCCTGGTTTA_6,4,0,2,0,4,1,7,1,2,9
CTTTTCGAGCTC_6,5,6,9,0,3,5,9,6,3,3
CGTTCTGTATTA_6,6,5,7,4,6,0,2,5,6,0
GCCGATCAAAGT_6,6,8,8,3,8,1,7,1,5,6
GGTACTAGGTGA_6,0,1,9,6,1,1,4,4,4,4
TCGCGGTAGCCT_6,4,9,5,5,7,4,3,4,5,3
GCCGCAGGTTCC_6,9,1,2,0,1,9,4,3,5,1
ACCATTTACCCC_6,6,5,4,7,5,5,2,8,7,5
GGTGTGCTACTC_6,3,7,3,1,9,3,4,7,2,1
CAAGAGCTCCCC_6,1,5,4,9,6,8,2,6,7,7
ACAGACGGACGG_6,4,8,4,8,9,4,0,7,4,0
GCAGCTCACACT_6,5,4,9,5,7,6,6,3,5,0
CGCGGTCGCCAT_6,9,0,9,0,0,2,3,0,0,3
AGCCCTTCGGGG_6,7,3,3,6,1,2,7,4,1,4
AGGCGCAATAAT_6,4,6,5,1,8,1,6,6,6,3
ACACAGACAGAT_6,5,6,7,4,7,6,6,3,6,7
CTGATTACGACC_6,6,1,9,7,7,5,1,0,9,3
GTTCCACCGTGC_6,7,0,9,8,8,5,6,3,4,7
TGTAGGCATCTT_6,0,3,1,5,7,3,3,2,4,0
GACTTGCTGTCG_6,0,0,8,0,9,1,0,4,0,1
GCCGCAGGTTCT_6,4,4,2,7,2,0,6,7,1,8
CTCGGGCCGTCC_6,4,3,2,6,4,2,4,2,0,2
GATGTATCTCTG_6,9,4,2,1,9,1,7,8,4,7
GCTACTCTAAAG_6,0,2,5,1,8,3,2,4,4,8
CGCGGTCGCCAC_6,7,9,9,1,7,0,9,2,2,3
TGTAGCTTGCAC_6,5,9,2,5,7,4,7,2,3,1
ACGCTAAGCCGG_6,9,0,4,8,6,5,9,6,6,7
ACTCAAAAGTGC_6,1,5,0,0,3,8,5,5,6,7
GCTCTCGTCATG_6,1,5,4,9,6,8,5,5,7,7
TGAAGACATATC_6,1,5,4,9,6,8,5,6,7,5
AGGAAAGGTACC_6,4,6,5,3,3,4,4,3,9,3
GCTGCATCAATT_6,5,9,6,4,7,1,8,1,4,6
GATATTCACCGT_6,7,5,4,9,6,8,9,5,9,5
GTTGCCGGAAGG_6,7,2,3,2,8,2,1,9,6,6
TCGGCCTCTCGT_6,1,8,4,9,5,5,2,6,7,2
TCGGCTGGATCT_6,3,1,6,4,3,9,4,8,8,4
ATACGATTCACC_6,8,9,3,2,2,2,4,4,6,1
TTATATATGCAC_6,5,6,5,5,7,1,6,6,4,0
TCAGTGGCACTC_6,3,9,8,7,9,0,7,7,1,6
TCAGCAAAGGAG_6,8,7,6,0,3,2,0,2,2,6
TAGCTACGAGTC_6,8,0,3,0,2,9,1,2,8,6
TCCGCCTCAACT_6,2,6,2,5,9,4,6,4,5,0
ATCCGAATTTTA_6,3,1,2,2,3,9,3,7,8,4
GGTCTTGCTCTA_6,9,5,0,8,6,5,5,5,9,3
GCTTTTCGCTAA_6,3,0,2,7,1,2,3,2,1,2
CTGCTCGGGATG_6,5,6,9,7,6,0,6,0,5,2
TTATCACTTGTT_6,9,7,9,3,2,4,1,7,4,1
GATCATATCGGT_6,9,6,5,8,5,6,8,9,7,5
TCAGTGGCACTG_6,7,3,8,5,8,6,3,8,3,2
CGCGGTCGCCAA_6,0,9,5,1,0,6,4,7,4,2
TGTAGCTTGCAT_6,4,9,9,6,2,7,0,9,5,1
CTGACTAAGCCT_6,0,1,3,4,9,7,1,8,2,4
TGTAGCTTGCAA_6,2,1,1,4,4,0,3,2,9,8
GCCGCAGGTTCA_6,7,9,1,5,2,1,7,7,4,6
GGGAGCTGCCGG_6,8,3,8,2,1,1,0,2,4,1
CAGAGACAACCA_6,3,7,5,7,1,6,6,3,1,5
AGATCATTGTAT_6,0,3,1,2,3,1,4,0,1,6
CGGGAAGGCAAC_6,7,7,1,3,2,4,4,4,1,8
GATCTGACCATT_6,0,3,2,2,4,3,0,2,0,6
TAGCTCCTACAC_6,3,7,1,5,4,7,4,7,2,6
CTAGCGTATCAA_6,2,4,1,6,2,9,1,4,0,6
TGACAATACATG_6,1,6,0,9,0,4,8,6,7,5
TGCTATTCTAGA_6,7,1,1,0,5,7,4,0,0,8
CACCTGTCGAGG_6,7,6,0,4,6,5,2,3,3,5
GGTCCGCGCCTG_6,0,7,2,1,0,9,4,7,1,6
CATAACTAGCCC_6,5,7,8,3,9,1,4,4,5,1
CTTTAGGAACGG_6,9,6,7,8,6,4,8,3,7,8
GTTAGAGGGTAT_6,2,6,5,2,9,6,6,8,5,0
GCCCCGGACGAT_6,2,3,1,2,2,9,3,4,2,1
TCTTATAAGATT_6,8,3,6,2,2,3,1,8,1,1
CCGCGCAGGCGC_6,9,5,6,1,6,8,2,1,3,5
GCCGCCGGAGTA_6,9,5,4,8,7,8,9,6,7,7
ACAGGTCTATGC_6,1,2,2,1,5,8,8,9,6,2
GCGGGACATTCT_6,4,6,4,9,9,0,9,5,7,5
TTATCACTTGTC_6,0,1,9,3,9,3,3,6,1,3
GCCAGAGTCGAT_6,6,5,7,1,0,8,6,5,9,0
GACGCAATCGCG_6,2,9,3,8,2,9,0,0,0,8
AGACCTTATGAG_6,8,0,5,0,5,1,7,4,5,6
CGCATCTCTGCC_6,3,0,3,7,1,2,0,2,8,6
CACGGGTAACTA_6,6,5,7,4,4,0,2,1,3,8
AGGGTACTTGCA_6,0,0,3,6,4,3,7,2,0,6
CGGATAAGACCG_6,7,0,6,6,4,7,0,2,0,9
CACCTGACGTTG_6,1,5,7,9,7,8,5,3,7,7
TGCCCTTAGCCT_6,3,9,2,0,4,2,1,2,0,6
ATCGACACCAAA_6,6,5,4,8,4,5,6,6,9,7
GCCACCGGTAGA_6,2,5,9,1,8,0,8,8,1,1
GGAAGCATACCA_6,7,3,1,1,4,7,1,1,1,8
GTTCGGGGTATC_6,1,8,4,8,7,8,5,9,6,5
TTAGGATCTAAG_6,5,0,9,4,2,2,3,7,4,4
TAATCGCAAATC_6,8,2,3,4,9,2,4,2,8,0
GCATCGTAGGGT_6,6,1,2,8,2,6,6,1,7,3
GCAACAATCGGC_6,0,7,1,0,1,7,6,0,8,6
GCCATCTTGTGC_6,4,8,5,8,8,6,6,3,5,0
TGTAGGCATCTC_6,7,1,3,5,2,2,3,7,4,8
GGACCGGAACAG_6,4,1,5,3,0,3,0,3,4,8
TTATCACTTGTG_6,5,9,7,0,8,4,2,2,4,2
AATAAACTATCT_6,4,9,5,7,5,6,2,3,4,3
GCTTCCTACGAA_6,9,5,0,1,0,4,9,6,6,9
ATGGCCTTACGT_6,8,0,3,0,3,9,2,1,2,2
TCCATAGCTTCT_6,6,6,9,2,7,6,6,0,8,0
GCATGTCAGATT_6,0,7,1,7,2,2,0,0,0,2
AATACTTTCAAA_6,7,8,6,3,9,6,3,1,3,3
GTACTTGGATCC_6,1,8,4,9,5,8,8,5,7,5
CTCTAGCTATGA_6,4,4,1,2,9,7,9,2,0,0
GTCGTGAGAAGA_6,8,0,6,6,1,9,8,7,0,6
CACGCAGTGGTG_6,0,2,1,0,1,2,1,9,1,8
GATCGATGGTTG_6,3,0,3,0,2,3,1,4,1,4
GAGAACCTTTCG_6,7,3,5,2,1,1,0,2,3,9
AGACACCCGCGC_6,7,0,6,2,1,9,2,2,1,2
GCCGCACAACCG_6,1,6,7,7,0,5,8,6,4,8
AAGTACTCAGAG_6,8,0,6,0,2,2,0,4,5,6
TTAGGATCTAAC_6,3,9,8,0,2,6,4,3,3,6
CCGCGCAGGCGG_6,0,5,0,1,8,4,2,1,3,5
CTGCAGCAGGGC_6,4,1,7,1,0,0,2,5,9,0
GCCCTTGAACGG_6,0,0,3,5,4,7,4,0,2,6
TGTAGGCATCTG_6,4,7,8,4,8,1,2,4,8,2
TCAGTGGCACTA_6,8,4,1,5,1,1,3,4,2,3
TGGACATCTCAA_6,3,0,3,2,4,0,1,7,8,9
CCAGTCGGGACA_6,1,5,4,8,0,8,8,6,6,5
ACCCACCTGGAA_6,4,2,7,1,0,6,9,9,5,5
CCGAGTGCACCA_6,2,7,6,4,8,3,7,1,2,9
AAGGGGTGCGCC_6,5,0,1,7,5,5,7,5,4,0
ATAGGCCCGGGC_6,4,9,6,0,8,0,1,1,1,6
CCGAGCGCGGCA_6,9,5,4,7,0,8,2,3,3,9
ATACACGTTGCT_6,8,4,3,7,1,2,3,8,0,4
AAACTACAGTAA_6,3,1,8,6,3,2,4,2,8,1
TCTAAGATCTTC_6,8,7,9,2,0,7,4,1,1,4
AGGCCGCTTTCC_6,7,0,5,1,1,4,4,7,4,3
CCCCTCACCGGG_6,2,7,1,7,2,3,7,1,0,6
AATTTTCGAAGC_6,9,1,5,9,8,1,8,2,4,9
GCGACGCTGGGA_6,8,3,1,6,8,7,1,2,2,6
AATAGCACACTG_6,4,2,5,7,5,6,9,5,6,7
TCTGGCCGTATA_6,6,6,4,3,9,8,2,0,9,5
GGCATTCTACCC_6,8,2,6,6,4,3,3,2,1,6
CACCCCCAGTGT_6,2,8,3,7,5,2,6,2,6,9
AGGCCGCTTTCG_6,4,6,9,5,7,4,4,7,3,9
TTAGGATCTAAA_6,9,9,3,1,5,3,7,3,8,8
TCCCTGGGGATA_6,8,8,7,3,6,3,9,2,9,2
CCCCGCACCGCA_6,0,1,6,2,3,2,7,0,5,8
CTTGATCCCTCT_6,5,3,5,1,1,6,8,6,6,2
TGTAAACCTAAA_6,1,2,4,8,6,5,8,6,7,5
TATCTATTCAAA_6,8,0,6,3,4,2,7,3,8,6
TTAAAGTAGATG_6,0,3,6,4,8,3,4,8,1,9
CGCATTTGCTTT_6,6,9,6,7,8,2,8,8,1,9
ACGAACACCCAC_6,4,6,5,5,1,6,9,7,5,0
ATGGGGCTTGCG_6,3,2,8,6,5,9,7,8,1,1
AGCCTAAGCGTT_6,3,7,5,4,9,2,1,2,4,6
TACAAGTGACGC_6,8,4,8,6,1,3,7,2,0,4
GCCCATGACCGT_6,1,2,4,4,7,5,5,6,7,5
CGCCAGGTGTGC_6,4,0,3,4,9,7,6,7,0,4
CAATGGGCTTGC_6,0,9,9,0,0,1,0,2,2,8
ACGTATACCCGG_6,5,8,7,1,8,6,9,1,1,5
ACTAAGCTGAGA_6,6,0,8,2,5,1,6,7,4,6
CGTGATGGAGCC_6,9,5,7,1,5,0,8,3,5,0
CTAACCGATAAC_6,0,4,8,6,1,7,7,4,2,4
CGAATCACGAAT_6,4,7,6,4,9,7,4,0,1,1
TGGGGGCATAGT_6,6,6,4,1,6,8,8,3,9,7
AGGCCGCTTTCA_6,9,2,5,1,0,1,5,9,6,3
CGCCCCCACATA_6,8,1,9,4,8,2,0,3,6,4
TGTAGGCATCTA_6,7,9,9,4,9,7,0,7,3,8
TTATCACTTGTA_6,2,0,6,6,4,0,0,4,4,8
TACCATACGGGA_6,1,5,4,9,6,8,2,5,9,7
GAAAAAACTAAT_6,6,2,0,9,6,8,8,5,9,2
CGGCCACACGCG_6,2,0,3,7,0,1,1,0,0,8
GATACAGGTTGG_6,0,2,3,0,3,9,7,2,8,1
AGGCCGCTTTCT_6,9,8,5,5,0,6,2,6,4,0
ATTGCCTCATAC_6,8,9,2,2,4,3,0,1,8,6
TATACACCTTAG_6,3,0,1,0,9,7,4,2,0,2
GCCTTCGGAATG_6,5,2,9,3,9,0,9,9,4,5
CCAGAGCGCAAG_6,3,3,1,0,2,1,2,2,0,8
GTCCTGATGATG_6,1,6,4,9,5,8,2,6,1,3
GGATTGGAACAG_6,8,3,3,6,2,2,3,4,1,6
TTTGTGATTCAC_6,9,4,7,5,9,4,6,9,5,7
GGGCGCACAATA_6,0,7,8,2,0,9,3,2,1,6
TTGGTAAGCCCC_6,1,5,4,9,6,4,5,6,4,7
CGTGAACACACT_6,4,6,7,5,5,4,8,8,7,2
AGGGCAAGCGAG_6,0,0,5,2,8,2,8,8,1,4
CGCAACTCAGTC_6,3,2,8,4,9,3,0,7,8,1
ACCCATCAGTGG_6,0,0,3,2,4,7,7,2,1,6
ACAAATATTCTT_6,6,6,8,1,9,8,2,2,9,7
AAGCCGGACCAG_6,6,6,5,1,0,8,5,7,9,3
AATCATGTGTGT_6,4,1,8,3,8,1,9,8,5,1
TTGCAGAGGCAT_6,7,4,2,5,9,4,9,3,9,8
CGCTCTATGCCT_6,0,4,8,3,9,7,2,3,1,9
GCTAGGAGTGAA_6,0,4,5,2,4,3,1,2,1,3
AACAAGAGCCAG_6,9,2,4,9,9,5,6,5,7,2
CCGAGCGGTCGC_6,1,5,4,9,6,8,5,6,6,5
GTAGCCCGCTTG_6,2,6,5,8,0,8,9,3,9,7
CTTCTTAAGATA_6,8,4,3,0,4,3,7,2,0,9
CCTTTAGAACTA_6,4,4,5,1,5,5,8,8,5,5
CCGCGCAGGCGA_6,7,8,5,3,0,1,5,5,4,8
CCTCGGTCCGCG_6,1,5,7,8,0,8,5,6,7,8
GTCCTCTTATGG_6,5,6,5,9,3,2,3,6,9,0
TGATATACGGGA_6,8,0,8,2,4,3,7,3,0,1
ACAAATATTCTC_6,8,7,0,7,6,5,2,1,9,7
TGTACCCATCCC_6,3,7,8,2,2,2,4,7,8,6
TCTGTAATCACA_6,1,2,4,9,2,8,8,1,3,5
CACGCAGTGGTC_6,7,1,1,8,7,2,0,7,1,6
CGTGCTGGTACT_6,3,2,6,0,4,2,7,4,8,6
AACAACGTCTGT_6,0,4,8,6,1,6,1,4,2,4
CGTTTGTGGCAA_6,4,8,8,5,5,1,2,6,6,5
ATAGCCTTCTAA_6,1,5,4,9,2,8,8,5,6,7
CACGCAGTGGTT_6,0,8,3,2,4,7,7,9,0,9
AACACGGTTCTC_6,0,2,6,0,3,2,1,3,2,6
CCGGTTACAAAT_6,8,1,6,0,5,9,0,0,1,6
TAGGCTACTGTT_6,9,2,4,9,7,4,6,9,9,5
ACCCTTCTCTAC_6,8,4,2,0,3,2,8,4,8,4
TGCTTTTGAGCA_6,2,7,1,2,4,7,0,7,8,6
CCTCGGTCCGCC_6,9,8,4,9,5,5,9,6,6,9
GTGCAGATCGGG_6,2,6,4,8,6,8,5,6,6,2
ACAAATATTCTG_6,1,2,4,4,5,5,8,5,7,9
GTAGCCCGCTTC_6,5,8,7,1,7,5,6,9,3,7
CATCTGGTAGTA_6,3,2,3,2,4,9,0,2,8,2
TCCTAAGATCTA_6,1,5,0,9,6,8,5,5,6,7
ACGACATAGCCT_6,5,6,1,5,1,6,6,9,5,5
CCAACTCCCCAA_6,1,2,7,7,1,5,9,1,7,9
TCGGCATTTGCT_6,6,6,5,3,9,6,6,6,4,0
CCCGTGCGGTCC_6,3,9,9,2,4,3,1,4,8,3
TTCTACACCCGA_6,3,9,1,0,1,3,1,8,8,4
AACCGCTCGGTG_6,2,3,3,2,2,7,0,7,2,6
GTAGCCCGCTTT_6,6,6,9,3,5,6,9,1,2,0
TACGCGTCCAGG_6,6,5,0,9,0,8,5,6,6,7
TTGCCGTCGATC_6,7,0,6,2,8,9,4,3,4,6
CGAAGTAAGTAT_6,2,0,1,6,3,7,7,7,2,6
AACCGCTCGGTC_6,0,0,2,6,8,7,3,2,8,8
GATGAATCCGAA_6,5,2,7,5,9,4,9,3,4,0
GGAATCTTGTCG_6,8,1,1,5,5,6,4,7,1,6
GGCACCTGCAGG_6,5,8,0,2,8,0,3,8,4,8
GGACCGGAACAC_6,2,0,6,7,3,0,4,2,1,8
GACGCAGGACGA_6,3,7,1,0,4,3,4,1,8,6
AGTGCGGCCGCT_6,3,9,3,2,8,9,1,4,1,6
AGTCCTGATGAT_6,1,2,7,9,2,5,9,1,9,5
GCTTGGCCACTG_6,3,2,3,6,1,7,1,3,1,4
TTGCATTCACGT_6,1,5,0,9,6,8,5,6,7,5
CACCTGTCGAGC_6,1,4,7,9,2,4,8,6,6,3
CGAGCGTCGTAA_6,7,7,1,0,0,9,7,7,8,6
CACCAATAGCAT_6,3,3,6,2,1,9,0,2,1,6
CCTCGGTCCGCT_6,1,1,4,7,0,5,8,3,3,8
TCCTCGCCTGCG_6,6,6,0,7,8,7,5,6,2,5
AGACCCTGAGCC_6,3,1,4,9,2,8,5,9,9,2
CGTAGTCTAAGC_6,1,6,4,8,6,8,8,5,6,2
CGTCGCTTGACG_6,6,5,8,7,9,5,0,0,3,8
CTGAGCGTACCA_6,2,0,3,2,0,9,3,3,4,4
ACCTTAGATGCT_6,5,0,5,8,0,6,9,0,4,0
TCCTCGCCTGCC_6,1,0,8,0,3,8,8,1,3,9
AGACCCTGAGCG_6,1,4,4,9,3,7,1,0,3,9
TGACTTCGCTTT_6,3,9,8,8,5,1,8,1,0,1
TCGTACGCTTGA_6,3,0,1,0,4,0,0,1,1,6
ATGTCCTCTCCG_6,0,8,6,5,3,7,7,2,1,8
CGCAGGGAACAT_6,8,7,2,5,1,6,9,0,9,1
AACATCTCACAT_6,5,1,5,0,5,6,4,4,8,0
TCCGCCCCCCGG_6,8,2,6,4,1,9,2,3,8,6
CACATGGGCCTA_6,6,4,7,1,5,6,6,1,9,1
