,0,1,2,3,4,5,6,7,8,9
ATGCACCGCTTA_4,8,2,9,1,7,9,0,5,0,3
ATACCTACAAAC_4,1,5,4,6,7,2,4,4,1,7
ACCCAGCTACAG_4,3,5,9,8,7,4,3,3,5,4
AAAAATCTCTCG_4,4,5,4,0,9,9,3,3,3,7
GTGCAATTAAAT_4,4,0,6,3,2,5,3,4,7,7
TAGACGCGCATA_4,9,1,8,9,7,3,5,5,4,5
CAGTGGTTAGCG_4,6,8,0,5,9,5,1,9,4,1
TAAAATGCCCAC_4,5,5,9,9,4,9,4,2,1,8
TGGAGGCTCTCT_4,0,2,2,6,7,9,5,3,6,8
ATAGCGCACTTT_4,7,1,4,4,4,2,1,3,1,9
CCCTCTACCGGC_4,0,3,5,0,7,0,1,1,6,4
ATATATTTCCTA_4,3,6,2,8,9,3,0,3,5,0
AGTACCTGAAGC_4,1,5,4,6,4,2,8,5,1,5
TTCGCCAACCGT_4,7,1,6,7,5,2,5,8,4,5
TTATGGTCACAT_4,4,0,9,4,2,0,3,5,0,9
CCCAATTAGACG_4,0,0,9,8,1,0,3,1,8,0
CAGTCAAGACTA_4,5,1,4,6,1,1,5,2,1,9
ACCCAGCTACAT_4,5,6,2,8,4,3,1,3,6,0
CAGCCTCTTAAG_4,8,5,0,3,9,5,6,9,4,7
CTCTGCCGTTAG_4,0,4,2,5,8,1,4,6,5,4
CCTCCGCCGACC_4,4,8,7,7,9,8,4,5,8,2
TGCCCCGTAGGT_4,7,6,4,9,1,7,2,3,8,5
AGTGCGGCCTGA_4,0,0,2,8,0,3,3,6,5,4
TCTAGCAACGAC_4,4,2,9,6,7,7,5,5,1,9
TAGAAAGACGGC_4,3,0,6,0,0,3,0,3,2,0
ATAATTAGACAC_4,6,7,0,7,9,8,9,9,9,6
AGGATTTTGGCA_4,0,6,9,1,1,4,0,5,6,0
ACCCGTTTGCCA_4,1,2,0,7,7,7,2,8,4,6
CACACCAAGTTA_4,8,5,4,0,6,5,6,7,4,7
CCGACATGCAGA_4,1,1,5,6,7,7,2,8,1,5
GCGCCCAGTCAC_4,4,5,9,9,7,7,2,8,1,8
ACTCACTGGTCT_4,4,0,9,6,0,1,1,2,4,2
ACACAGCGATCT_4,6,5,3,5,9,5,6,9,7,7
GGCAATCTATCA_4,4,9,2,6,2,9,2,2,1,4
ACCCAGCTACAC_4,9,3,2,8,7,3,0,3,6,9
TACTAGTTCTCG_4,4,2,4,9,4,2,7,7,1,9
CCGGGACCACGT_4,1,3,7,6,4,9,5,7,2,1
AATTGATCCTGT_4,1,4,6,6,2,2,4,2,6,7
TAGCGAATAGGC_4,8,7,4,6,9,5,9,3,4,7
GCACAACATATT_4,5,6,4,1,1,2,2,2,2,9
TACCGCAATCTC_4,1,0,6,6,4,0,5,7,1,8
TTGACCCGCACT_4,0,6,2,4,0,3,5,6,5,0
CAGTGAGCTCGT_4,4,1,9,0,7,8,5,5,8,4
TGCACGAGGTAT_4,8,8,7,0,9,5,8,9,2,7
GCATGGCTTCTT_4,6,8,0,7,7,8,9,8,4,7
GTACATAGTGAA_4,8,5,6,0,2,5,9,9,7,7
TTACCATTTCTG_4,4,5,4,6,4,9,5,2,1,8
AACAGTTCCTGG_4,7,2,6,6,3,1,1,4,8,3
ATCATTTGAACA_4,1,5,5,2,7,9,9,3,4,5
GCGGGAGCATGC_4,7,2,4,9,9,8,7,5,1,7
GTATAAGCGACC_4,8,1,2,6,1,2,7,9,4,8
GTTTACAGAGAT_4,8,6,6,9,1,7,0,3,5,0
GGCAACGGAGAC_4,4,3,9,6,4,1,4,8,9,8
AGGCCCCTGCTG_4,9,1,4,2,5,1,8,8,4,5
AGCAGAGTCCAA_4,1,1,9,7,9,7,2,8,4,6
GCGTTAAGCTGG_4,4,2,6,2,4,0,5,5,1,6
AATATTCATCTG_4,6,8,7,0,8,9,2,9,2,7
TATCTGCACACG_4,1,4,1,1,4,9,0,3,5,4
TATCCACCCCAA_4,9,0,8,2,0,1,3,6,8,3
TACCGCAATCTT_4,7,1,6,2,2,9,7,5,1,9
TACCTTGGGTAA_4,1,5,1,6,7,2,7,7,6,9
TAACGCAGCCCT_4,0,6,9,1,1,3,0,3,8,0
TCGCCTAGAGGA_4,1,5,6,3,4,9,1,6,1,8
TCGTAACCTACC_4,0,0,2,8,0,4,0,3,5,0
TCACGCGAAATT_4,5,5,4,9,4,1,4,8,0,7
ATAATACGGGGC_4,0,4,9,8,1,4,1,3,5,0
TCAGACCATACT_4,5,5,6,9,2,2,2,9,4,6
ACCCAGCTACAA_4,5,0,6,8,7,3,4,2,5,8
AACTGCTAAGAT_4,6,8,9,0,7,2,7,9,1,9
CCGCTTGGAGGA_4,6,8,7,0,9,5,8,9,2,1
CGCCCCGACGGA_4,1,8,7,7,9,8,9,9,4,5
GCGATATTCATT_4,6,7,0,7,8,8,2,9,4,7
ACAGGTCCCCTG_4,1,6,2,6,0,4,3,2,2,9
ATGGCTGAAGTT_4,1,9,8,1,0,3,1,3,5,8
TGAGTTGTACCC_4,8,8,5,7,4,8,5,8,4,2
AAGTTGTCCGTT_4,8,5,2,0,9,9,7,5,7,9
CCGCATTCACGC_4,8,0,9,6,7,2,1,5,1,3
AGTCTGTGAGGC_4,0,2,8,1,7,7,0,1,8,0
CTGATGTTTATC_4,6,8,3,7,6,8,2,9,4,7
TCCAGCGGCAAC_4,5,4,6,4,2,4,5,2,8,8
ATTAATCATCAA_4,3,4,0,8,4,0,4,0,3,7
CCTGTCCGGCGG_4,1,0,4,9,3,1,7,8,4,6
TTTCATGCTAAC_4,3,2,2,3,0,9,3,5,8,2
TTGGAGAGCCGT_4,5,2,4,3,7,0,9,8,0,8
GCATTTTATCAA_4,5,2,7,0,9,9,5,9,3,7
CCTACCATCTAC_4,8,7,0,7,8,5,3,9,7,7
TTTATATCGAGC_4,3,6,8,8,1,4,1,1,5,3
CGAATTATCATT_4,3,0,2,1,1,4,1,1,8,0
GAGAGACCGCCC_4,7,9,0,5,2,8,5,4,4,5
TACCGCAATCTA_4,4,2,4,3,7,1,4,7,1,7
GTATGGTAGCAT_4,8,4,7,0,2,5,5,9,7,7
GGCCGCCGCACG_4,4,5,5,2,3,9,9,4,1,3
GCCGTGTCGTTG_4,1,5,7,4,2,3,1,5,2,9
CTATAGGAGGTC_4,1,0,6,4,2,0,3,7,2,9
GCAGTTCGATCG_4,1,6,6,5,7,0,3,3,4,9
GCTAATGACAGG_4,4,2,9,4,6,7,2,5,1,9
TATGTACCTGGT_4,5,1,4,2,5,7,4,7,1,8
CCAGCAAAATTG_4,1,1,9,6,1,2,9,7,1,3
CTCGCCTCGAAC_4,6,7,3,7,6,9,8,0,7,1
TTATCCAAGTAA_4,1,5,4,6,4,2,3,5,1,8
GAAACGGGATTC_4,0,0,2,8,3,3,1,9,8,4
GGCGACACCGGT_4,4,2,8,1,9,0,1,1,5,0
TGTCGAACCCAC_4,0,4,2,8,0,3,8,0,8,2
ACTATTTGACTG_4,9,2,9,4,7,1,7,8,4,6
CTAACGGATTCT_4,9,6,8,2,2,1,7,8,3,3
GAGTGGCAAGAG_4,1,9,9,6,4,7,5,8,4,7
ACTATTTCCGGT_4,5,7,3,5,8,5,6,9,7,7
AGTCATTGGTAA_4,7,5,9,8,2,7,0,3,1,8
TACGGCACCGGT_4,1,5,9,6,7,0,5,7,3,5
GTATTGCAACAG_4,6,7,0,0,6,5,6,9,2,1
CCAAACGTTGCC_4,7,3,9,6,7,7,1,3,3,8
CTAACCCAGAGT_4,3,6,2,8,0,3,0,3,5,0
GTATCAGTTGCG_4,8,8,0,0,9,8,6,0,2,3
GTTCGACACGAT_4,5,9,3,4,7,7,1,9,0,2
TGGTTTCGTGGT_4,1,1,6,6,4,4,5,3,5,8
AGACGAACCCCA_4,1,1,5,2,3,7,7,5,1,6
TGAATAAGGAAT_4,5,4,6,9,9,1,5,2,2,1
TGGCGCTACCGG_4,8,5,0,5,6,8,2,9,7,2
GCCACTCGCGCT_4,1,8,0,2,9,1,8,6,4,2
TACGCGTGCTAT_4,4,5,2,0,2,7,4,7,1,7
CCGCTTTCCCTC_4,4,8,4,0,3,1,7,7,9,6
TTAACGGATCAT_4,4,1,4,0,9,9,7,7,2,9
CCTTCAGCGCTA_4,7,1,9,4,3,0,4,3,0,5
TTATCACGCCTT_4,1,8,3,5,8,8,6,0,4,7
GCCCGTACCCTA_4,6,5,7,0,9,5,5,0,7,7
GATTCGGACCCT_4,1,6,8,6,2,4,7,1,5,3
ATCCAAGTAAGT_4,3,4,2,8,2,3,1,5,8,9
GTGCGGCTACGT_4,7,6,8,1,5,9,7,4,6,6
GCCGTTTAATTT_4,1,1,1,2,4,0,9,7,1,6
TAAGTGTAGTAT_4,8,7,3,0,8,5,6,9,2,7
ACACCCATCTTA_4,4,7,6,4,9,1,1,7,2,9
GGAGTGTTAAGC_4,4,1,9,2,7,9,7,3,0,9
CCAATAGCTACT_4,9,3,2,6,5,1,7,7,5,6
CCCTCCAAGAGA_4,8,8,7,5,6,5,6,9,7,1
CGGGTACGATGG_4,5,1,4,3,7,9,4,7,1,4
AGTGGCTCCCCC_4,6,5,3,5,6,8,5,0,4,7
CCAAATCGTTTG_4,3,6,2,1,0,4,0,6,8,4
CCCGATCTATAT_4,7,1,8,9,3,2,5,4,1,3
AGTAATGAGGTG_4,1,0,4,0,7,8,4,2,3,8
CGGCCTTCAACG_4,1,1,4,6,2,9,7,6,1,4
TACTTTGGCAGA_4,3,6,2,1,1,4,3,3,5,0
TGGCCCCCACGA_4,1,2,4,9,3,7,4,9,1,5
TCCACATGGGGC_4,5,0,6,4,9,2,1,3,6,8
CACATCCACGAC_4,3,6,8,1,0,4,1,1,6,4
CGACGTCTGGGA_4,6,3,8,3,9,3,8,8,4,5
TTTCATATTACC_4,7,3,5,9,1,7,4,3,5,0
CTGGCTCACTAG_4,3,6,2,1,0,4,3,1,5,0
TCTACAGTACAA_4,1,3,2,4,0,9,1,1,5,4
CGGTTTCGACTG_4,1,1,4,4,2,0,5,2,9,3
ACCGCCCGAATC_4,1,1,4,6,7,2,5,2,1,2
CAGCCGATAACG_4,2,9,9,2,7,7,9,4,1,5
TCCGAAGACAGG_4,4,2,0,6,3,2,7,2,1,5
TCCGTAAGACCG_4,1,2,7,2,6,8,2,5,1,9
GATGCTGAAGAG_4,4,3,2,8,0,4,0,2,5,0
TGGCTGTTCTCC_4,4,0,2,8,1,4,3,5,5,9
TTGAACTAGCGA_4,7,3,1,9,1,8,1,4,9,8
CTGGAGATATGC_4,7,1,5,2,7,0,9,5,9,5
CAGACCATCGCT_4,6,7,3,0,9,7,2,9,3,6
GAACCCGCAACC_4,5,8,3,5,7,5,7,0,3,8
GGTGCAGGATTG_4,1,5,6,9,5,5,7,5,1,9
GCGTCGTAGTTG_4,6,7,7,7,6,5,6,0,7,1
GTAAGGTTCACC_4,2,1,4,4,7,7,5,8,1,5
GGAGACAAGTAC_4,4,2,0,9,7,9,2,4,2,6
GACTACGTGTCA_4,1,9,1,9,2,8,7,6,4,2
GATCCAGACTAA_4,8,7,7,7,9,7,6,0,3,2
CTCACTAATGAT_4,5,2,7,6,6,2,6,8,3,8
GCTCCCATTCTG_4,7,2,4,2,7,9,3,2,6,5
AACGTTGCAACG_4,3,4,8,1,0,0,0,2,5,4
GCACCTTTAAGC_4,0,3,7,4,6,6,6,0,7,2
AAGCTGCAATAA_4,0,3,6,2,2,3,0,2,5,4
GGACGTGCAGAT_4,4,9,4,4,7,9,4,4,9,9
AATGGCCCTACG_4,9,2,1,9,4,0,4,5,6,5
CCCGGTCATGAT_4,9,1,4,9,4,1,8,3,4,8
CTCCTCCTTGCC_4,7,5,4,6,4,1,7,5,0,8
GGCCAGATTGCC_4,0,3,8,1,1,3,0,1,8,4
GGTTAGGCAATG_4,4,0,6,1,2,4,1,7,1,8
CAGCCGAAGACT_4,3,3,9,1,4,0,0,2,8,3
CTTTAAATACAG_4,5,1,4,0,7,2,7,4,9,7
CGTCGTCTACCT_4,8,7,3,5,6,5,4,9,7,7
GCACTGGGCAGT_4,1,2,6,9,7,1,7,5,4,8
TTTGTGTGACGT_4,0,4,2,1,0,4,1,1,5,4
CGATCCACTTCT_4,5,7,0,0,9,5,2,9,2,7
CCGAAAATGAGT_4,8,5,7,5,9,5,5,9,4,1
GCACACGTTCAC_4,4,2,1,9,3,7,1,4,1,5
CGCCCACCGCGT_4,1,4,9,4,2,1,4,7,6,3
GCAGCGGCGGGA_4,4,2,9,1,7,7,9,8,1,3
TTAGCCGTGGCG_4,7,4,3,6,9,8,2,9,4,1
CCTGCTCGATAA_4,9,5,4,6,7,0,5,2,9,8
GCGGACGTATCA_4,2,8,9,9,9,0,2,9,7,3
TAGAGGTGAACG_4,9,2,9,9,3,2,2,3,6,9
GTTGCAGTTCAC_4,6,8,0,5,7,5,5,8,1,1
TGCGACGACATG_4,4,8,5,2,5,0,5,8,0,5
GAGCCGCCACGC_4,1,2,4,2,7,2,5,2,4,5
ATGCATATAATG_4,5,5,0,6,8,5,2,9,7,7
CTTTCTCTTCCG_4,6,7,0,7,9,5,3,9,4,7
AATCATCTGCGG_4,4,2,5,3,5,9,9,3,1,2
GACAAAACGGCT_4,5,5,6,8,0,7,7,7,2,9
ACAGCGTAACCT_4,9,6,8,8,5,1,1,5,5,0
GTACACCGGTCA_4,7,0,1,3,2,9,4,6,1,9
AATCAGTCAGAG_4,9,0,9,1,1,3,1,1,5,4
CTCTAAGAAGCC_4,6,0,0,0,9,5,2,4,3,1
GGTGCAGGATTT_4,4,5,4,2,7,2,3,7,0,8
CTACTACTATGT_4,9,3,2,6,5,1,9,2,0,8
CTTGAAAACGCG_4,9,1,1,6,5,9,5,4,6,5
TTTGAGTGTCGA_4,9,4,7,9,3,7,2,2,0,8
AAGTTGTAACGT_4,8,8,0,5,6,5,5,9,7,1
CCCCCCGCCCAA_4,9,2,0,0,7,7,5,4,1,5
CTGTTGAGATCC_4,0,4,9,4,5,2,3,6,3,2
GGTGCAGGATTC_4,1,5,4,3,8,9,7,5,1,6
GCGCTTAATATA_4,4,0,6,1,1,4,3,3,8,7
TACGAGCCCATG_4,6,5,0,5,6,8,6,0,4,1
TTTGATCTGCTT_4,2,9,5,6,7,7,2,8,9,5
TAATATCCGGAA_4,4,0,6,9,7,7,1,6,7,2
TTAGCGTTCAAC_4,4,5,7,6,7,1,2,5,0,3
ACGCCTTAGTCC_4,4,0,2,9,0,3,5,2,6,4
GACAGAGTGACA_4,8,4,3,5,6,5,6,9,7,7
ACTGCAAGTTGT_4,3,6,2,1,2,4,1,2,6,0
ATCCCATGCTAT_4,5,3,9,3,4,0,4,2,5,0
TACCTTTGCCCT_4,8,3,8,7,0,6,4,1,8,0
CCCAGTATCCGT_4,7,4,8,1,0,4,1,1,6,4
GAGGCGGTAATG_4,0,9,3,4,0,8,1,2,2,0
CTAAGCAGAGGT_4,4,0,5,6,4,1,5,7,6,4
CCCGTGTCGCAG_4,8,0,7,6,9,3,1,4,4,2
CCCCAGGAAAGG_4,3,0,3,4,2,1,7,6,1,0
AAACCACCCCTA_4,9,1,6,4,7,9,9,2,0,5
TGCGCATGGGAT_4,4,2,9,4,9,8,9,6,2,7
TTGGATCCACTG_4,7,8,4,7,4,9,4,8,9,1
GGGAAACGAGCA_4,7,5,4,4,4,8,0,7,8,4
CACATTGTAGTG_4,9,1,4,2,7,2,5,2,1,2
CAATAAACAAGA_4,9,5,5,8,7,2,2,8,6,8
AACCGGTCGCCT_4,0,0,6,4,1,4,4,7,8,4
CGGCTTCGCAGA_4,7,6,4,1,9,8,1,7,8,3
CCTAGTATTGTC_4,8,7,7,5,2,8,6,9,4,1
TTCTATTGTGCG_4,0,4,8,9,4,9,1,6,8,4
CCAATAACAATT_4,6,7,3,3,6,5,7,0,7,7
TTGGTATTCACG_4,8,7,3,1,6,4,6,0,2,7
GTAGTTGAAAAG_4,3,2,9,9,1,3,2,1,5,9
AGAGACCTTCAG_4,0,2,5,6,9,0,3,6,0,5
ACAAAATGATTA_4,4,1,1,6,5,6,5,2,0,8
CAAGTCGTAGTT_4,8,8,0,5,9,8,6,9,4,7
ACACCTTTGGTC_4,5,1,4,6,2,2,7,6,0,5
CGAACTGGAGTG_4,9,0,9,9,2,7,2,7,8,8
ACTATTGTTCTT_4,0,6,6,4,4,0,3,6,0,9
ACGCCTGTACAA_4,5,6,2,8,0,2,0,3,5,0
GCCTAGGTTTCT_4,0,4,2,1,1,4,3,2,8,0
CACGCGCTTACA_4,1,9,4,9,4,7,9,8,1,6
GATGCTGAAGAT_4,3,2,2,1,3,0,3,2,5,7
GGCTTGGCGGCA_4,1,4,4,9,4,0,9,7,8,3
TACTATTCCTGC_4,7,6,9,9,0,0,0,5,6,4
CACGGCTCCTTA_4,9,3,8,2,3,9,9,8,6,5
GTTAGCAATCGT_4,0,3,2,8,1,4,1,1,5,9
ACTTTCACCACC_4,1,5,2,5,4,8,7,7,3,7
CTCCCATCGGGG_4,3,6,2,4,0,6,4,6,5,0
TTCTATTGTGCA_4,0,4,9,8,0,0,3,3,5,4
ATGACGCTAAGA_4,8,8,9,9,1,3,1,0,8,7
CCTGCAAGCGTG_4,0,3,9,4,3,7,2,5,6,3
TACAGAAACGCG_4,7,3,6,6,2,2,7,7,1,8
TCCCAGCAATCT_4,7,1,8,2,3,1,1,8,9,5
CCCAGCTATAGC_4,9,1,4,0,5,2,8,4,1,4
ATTAGATAACAC_4,5,0,1,6,9,2,3,4,5,9
GGAGTCATACGC_4,9,3,8,1,1,0,2,1,4,2
AATTAACCCACC_4,4,0,7,3,6,0,8,7,6,6
GCCAGATAGCGG_4,3,6,6,1,1,3,0,1,5,4
TAGGACCCAGCT_4,7,4,8,4,4,7,3,2,4,0
ACCTCCTATCCA_4,0,3,9,8,1,9,4,7,6,4
AAGGACCGATGT_4,7,2,5,4,3,0,5,8,1,8
ATGCGGTCACTC_4,4,1,9,2,4,7,8,6,1,3
GGGGCCACCACG_4,6,5,0,3,9,6,6,9,7,1
GATGCTGAAGAC_4,3,6,2,1,1,2,0,3,5,7
CTAAAACAGCTA_4,5,2,4,6,2,5,5,4,2,9
GGCGCTGGTAAG_4,4,2,3,0,7,0,1,6,2,8
TCACCGGGATCG_4,7,2,5,2,5,9,7,8,9,5
CGATTGAGATAT_4,3,1,4,2,3,2,8,4,1,8
TTGACGCAGTCT_4,5,7,3,0,8,5,6,9,3,7
GAGGACGTCCCG_4,0,4,8,2,1,9,0,1,5,8
GTTGTAAGGCCA_4,9,1,4,2,7,7,9,8,9,8
AAGACGATATCG_4,0,4,8,1,1,3,0,1,5,0
TTCCGGGGGCCC_4,4,6,4,6,4,3,9,6,5,4
ATTGTAGCTAAA_4,5,0,6,6,1,0,1,7,0,8
GGGAATAGATCA_4,8,5,3,5,9,5,3,3,4,2
TTAGCCACGGGT_4,1,5,3,6,3,1,5,5,0,9
AGACGTCGTTAT_4,7,5,6,0,6,1,8,6,4,2
CTAGCCAGCAAC_4,5,7,7,0,8,5,6,9,2,7
TACGTCTTTCGT_4,1,2,4,9,7,2,2,4,6,9
TAATATACGTCT_4,1,9,8,6,7,9,4,8,1,6
GGTGCAGGATTA_4,5,5,2,9,4,1,5,5,1,4
ACCTTGAACACT_4,8,0,2,8,4,3,3,5,5,4
GTAGCGTGGGGG_4,4,5,5,3,2,7,5,7,9,8
TTCTATTGTGCC_4,0,2,9,3,4,4,8,6,5,4
ATCCCGAGCCCG_4,0,3,9,1,0,3,1,1,5,0
TGGTAAACTATT_4,8,8,3,5,6,8,6,0,4,1
AGGAACGTTCTG_4,7,4,6,9,9,3,0,2,8,4
TCAATCCGCAGT_4,6,7,0,5,9,5,0,0,2,1
GCTGGCGTAACG_4,5,9,0,4,8,9,4,9,2,2
AATCTCTATCGC_4,4,1,1,3,4,9,5,6,0,9
AGTTGCATCAGT_4,3,6,2,1,0,2,0,7,5,0
GCTAACTAGTAT_4,2,8,0,7,6,8,9,8,4,6
TTGACTACTCGA_4,3,4,9,4,3,5,3,7,2,0
TGTCCAATATGA_4,6,5,7,5,6,5,2,9,7,7
CTGACGCCCTCG_4,8,8,1,7,5,9,7,8,4,5
GATGCTGAAGAA_4,3,3,6,4,3,3,3,2,6,9
CCGCTATTGTCC_4,0,6,2,1,1,4,1,1,8,4
ACCGTTCTCTTA_4,4,2,4,6,7,2,4,4,1,2
GTAAACCCGGGG_4,4,0,6,6,2,0,1,2,0,9
ATCCAGAGCAAT_4,1,9,5,6,4,7,4,6,1,2
AACCTCCCGCTC_4,8,7,3,5,6,5,6,9,2,7
CTTGACAAGAAT_4,7,0,4,2,5,0,7,7,6,6
CAGCTCCGAAGC_4,6,3,0,7,6,8,9,0,3,7
ACTATTGTTCTA_4,0,4,7,8,6,4,6,6,5,8
ATAAAGTTATCT_4,2,5,4,0,2,1,7,4,0,7
GTCCCACTATAG_4,9,1,9,9,5,9,5,2,6,6
CGGCTATATGGC_4,0,2,6,9,2,2,3,7,6,4
AATCTAGGCGTC_4,8,8,0,5,6,3,8,4,4,1
CTCGAGGTCTCA_4,9,1,1,9,7,0,2,7,0,2
TCCAAAGCACTG_4,9,2,4,3,7,1,1,2,1,8
ATTGTCTATCAC_4,6,7,3,7,8,5,4,0,7,2
CACCAGTCACCC_4,4,0,9,0,7,6,8,0,1,7
ACTATTGTTCTC_4,1,6,0,8,2,3,3,3,2,8
TGCTGCTGTATA_4,3,6,8,8,3,6,3,6,5,9
GGGCGCCTAGAT_4,3,4,6,9,2,5,0,3,5,0
GCCCCCAAAAAT_4,4,8,0,7,8,8,4,0,4,1
GTAACCACGGAT_4,3,6,4,8,0,4,0,3,8,0
TGTAAGTGGGGC_4,7,1,5,9,3,2,5,8,0,5
CCCGTGTCGCAT_4,0,9,0,7,6,7,1,6,7,2
TTAGCCGTGGCC_4,6,8,5,6,5,5,6,4,9,6
CGACTGGTCGGT_4,2,7,5,3,3,0,2,6,9,5
AATTTTGTCATA_4,3,6,8,2,4,9,4,3,0,2
CTTCCTATGGCC_4,5,1,5,4,3,9,9,5,0,8
GGGATAGTCCTC_4,4,8,7,7,6,5,1,0,7,8
ATCCCGAGCCCC_4,3,6,9,8,0,2,0,1,8,4
CCGCGGCGAATG_4,0,6,2,9,1,0,4,7,6,4
GTATCGGCCATT_4,8,9,0,7,3,6,8,8,9,2
ATCATGTGACTA_4,3,6,2,8,0,4,0,7,5,0
CGTGTTCCCGGA_4,0,4,8,3,1,7,1,1,8,4
GAGCGCAGAAGC_4,4,5,8,4,6,6,1,5,4,7
ATATCTAACTCG_4,6,8,3,0,9,5,3,9,4,6
CTACTACTTGTT_4,5,3,4,4,0,0,4,7,6,8
AATGTACCGCCT_4,9,5,1,9,5,2,7,2,6,7
TTCGCTACGCGT_4,7,1,8,9,3,8,1,7,0,8
GCGACAGAGCAT_4,8,7,3,0,6,7,4,4,2,9
ACTGATCATTGT_4,0,4,8,1,0,4,0,1,8,0
TATCGCCTGAAC_4,4,1,4,2,7,2,2,2,0,8
CTAAACCAAGAC_4,3,2,1,6,4,4,4,6,1,9
TTAGTAATATAG_4,0,6,2,3,0,4,0,3,8,4
TTAGCCGTGGCA_4,2,9,3,0,5,1,4,9,9,6
CCCGTGTCGCAC_4,1,9,7,7,9,7,8,6,4,1
CTACTACTTGTC_4,4,0,2,1,5,1,8,4,5,8
AAAGGCCTACAT_4,2,2,5,6,5,2,8,8,1,6
GCCGCTATTAGT_4,8,8,0,5,6,5,6,0,7,6
CTTGCATTCGGC_4,6,7,3,0,9,5,8,0,3,7
TAGCCTTGAACT_4,4,0,1,9,3,0,7,7,0,3
TTAAGGAGGAGA_4,3,6,2,4,3,2,3,2,8,4
GGATCAAACGAT_4,2,2,1,4,5,8,9,4,1,5
ATCGAGCTCCCG_4,0,3,8,9,0,4,1,1,5,0
CCCGTGTCGCAA_4,7,9,7,9,9,8,8,5,2,2
ATCCCGAGCCCT_4,3,4,1,4,4,3,1,3,6,0
CTTTGAGCTGGC_4,8,7,7,5,2,6,6,6,7,1
GCTGGCGTAACC_4,6,4,6,8,6,8,6,0,2,7
CTAATGAGGGTT_4,5,1,4,6,5,9,7,7,0,6
GCGCGTGAAAGA_4,9,3,8,1,7,9,2,8,8,5
ACGCGGAACCCG_4,5,9,9,4,3,0,5,6,0,3
TGCGAGCCTCCG_4,1,5,9,3,3,1,2,7,0,5
CTACTACTTGTG_4,1,0,4,6,4,2,9,7,0,9
CCTAATATTTAT_4,4,3,1,2,3,1,7,2,0,5
AACCGGTCGCCG_4,9,3,2,4,0,7,0,1,8,3
GGTATTTAACGG_4,5,0,6,3,0,7,1,2,6,6
TTTGTATCCGTG_4,9,3,6,1,1,6,6,1,5,6
GCGACAGAGCAG_4,1,7,3,5,6,5,1,4,2,1
CACGTCTCGCTA_4,1,5,6,0,9,2,7,2,7,4
ATGCTGGGTGCC_4,4,1,6,9,5,1,9,5,1,5
TATGAGGAGAGA_4,6,7,0,7,9,5,5,0,4,6
GAAGGGTTAGTC_4,9,1,5,7,7,0,9,8,9,5
GTGGTACCGGGG_4,1,9,1,7,5,0,4,8,4,8
CTGGTGTTCGCA_4,8,9,0,7,6,5,3,6,7,9
TACCACATTCTT_4,9,0,4,6,1,2,4,5,0,3
TGCTCGATCGAT_4,3,6,8,1,0,4,0,1,5,4
GCTGGCGTAACT_4,6,9,6,3,9,4,8,6,2,1
AGCCCAACAGGA_4,4,0,5,3,2,6,2,6,8,4
AATCTCGTGGTG_4,9,0,8,1,1,4,0,5,8,4
GGCTACCTGCAT_4,1,9,5,7,5,7,2,8,9,5
TATATGATTGGC_4,9,5,9,2,5,9,7,5,1,6
AGGCGTGTGTGG_4,0,6,5,7,3,6,2,5,5,3
GCGTCTCTGAAG_4,9,9,3,1,4,3,8,6,8,2
TGAGTGTCGCGT_4,2,1,5,2,5,2,9,8,9,3
TAAAGCAAACCG_4,3,3,7,9,0,2,8,0,4,0
GCTGGCGTAACA_4,6,9,6,3,6,3,2,9,7,3
CGATGTCGGAGC_4,7,3,4,9,4,9,1,4,9,3
ATGTCTGCATCG_4,4,3,5,4,6,6,2,6,9,1
CTCCGAGTCACG_4,3,6,1,1,0,4,0,1,6,0
TCGACCCAGGCC_4,3,4,6,8,0,3,0,3,5,0
TAATATCCGGAG_4,5,9,5,6,6,6,1,2,7,1
GTAGTACGCAGA_4,8,5,0,5,9,5,6,9,7,7
TGCGCGTCGCCC_4,4,9,9,2,3,1,1,8,1,3
CTGTATCTGCGT_4,0,7,0,7,6,8,9,0,2,2
CGTCATACTGCA_4,8,7,3,0,6,7,6,0,7,7
AGACGTACTAAC_4,9,1,4,6,3,0,5,4,6,4
GATCGGCTGCGC_4,9,5,7,4,2,6,1,4,8,9
GGTCACTCGGGG_4,9,6,6,8,4,4,9,5,5,4
CGTCTGCTATCA_4,6,8,0,7,6,8,6,0,4,2
GGAACCAGGCCT_4,4,1,5,6,5,1,2,8,9,5
ACCACCTGAGTG_4,4,1,4,3,7,1,2,5,8,8
GACCCGCGTGAG_4,0,3,8,7,3,6,0,1,5,3
GTAACCTGATAT_4,8,8,3,5,6,5,8,9,2,7
GGCGGCATCCCA_4,3,6,6,1,1,3,0,3,5,0
CCCGAGTGATGC_4,8,9,5,6,6,6,1,4,8,2
TTCTATTGTGCT_4,0,9,8,8,4,4,1,1,5,3
TGCAGCGCGGAG_4,8,7,0,5,8,5,4,0,2,1
ATAGGGGCCGCG_4,4,2,5,4,5,9,9,8,0,3
CGCCTTATATTT_4,5,7,3,5,9,8,5,0,7,7
TTAGCCGTGGCT_4,6,9,7,0,6,1,4,4,4,6
ATATAGGTCGTG_4,1,3,2,3,1,2,3,6,6,9
ATATTCATATGG_4,3,4,5,2,3,1,0,6,0,1
TCGCAAACCACA_4,8,7,3,5,9,5,8,0,2,2
GCCCCTGCCTGG_4,2,3,5,2,3,8,9,8,9,5
TATGTGCACAAG_4,4,1,4,6,4,8,2,6,9,1
TCTACTGCTTGT_4,5,5,0,5,9,8,6,9,7,7
AAAGTTTAAGTC_4,2,8,1,7,5,0,8,8,9,5
GATCTGGGTGAG_4,9,5,9,6,3,7,4,0,1,1
ATCGCAGCCGAC_4,5,5,1,3,4,7,8,4,1,3
ACGCGGAACCCC_4,1,3,4,2,4,7,8,7,0,3
GTGTCAGGCCAT_4,8,9,7,0,6,0,2,9,7,5
ACCACGACCCAC_4,0,3,1,1,3,4,0,1,5,3
ACGCGGAACCCT_4,5,3,3,3,8,2,2,6,3,2
CAACGTATCCGG_4,1,4,4,2,3,7,4,7,0,2
CCGCGGCGAATC_4,9,4,8,3,1,0,1,3,5,4
GATAATTCTTAC_4,8,7,0,7,8,6,6,0,7,1
ATAACCGAGGTG_4,7,0,1,3,1,7,8,2,5,3
CCTTCCTATCGG_4,7,6,2,1,0,6,7,7,8,3
CCGGTTGCGCGA_4,8,9,0,1,4,6,8,6,8,8
TTATGTTGTGCC_4,3,4,2,8,0,4,3,3,8,0
CGCACTGTGATC_4,3,8,8,7,6,6,8,6,2,0
TTAATTAGTGCA_4,6,4,3,5,8,5,6,4,2,1
TGTCTCCAGCTT_4,6,9,0,5,8,8,2,0,7,7
ATCCCGAGCCCA_4,0,0,9,8,1,4,1,1,8,0
GTGGCGACCAAC_4,7,2,6,9,3,0,5,4,6,4
CCGTTCGGTGAG_4,9,9,9,6,8,9,7,2,2,8
CGCATTGAGCCT_4,0,3,4,6,4,6,3,7,8,4
GATCGGCTGCGG_4,1,4,1,4,3,3,8,6,2,4
ACCTAATAGAGG_4,2,2,5,9,7,2,7,7,0,5
GCGACAGAGCAC_4,6,5,6,0,3,6,6,4,2,1
GCGACAGAGCAA_4,6,7,7,3,6,8,8,2,2,1
ACGAGCCATGTA_4,6,7,0,7,6,5,6,0,4,1
AGTCAGGAGCGA_4,6,8,1,0,6,6,4,4,3,7
ATATCGAACCAT_4,4,3,1,2,4,2,7,5,0,5
CAAACTGGCCCT_4,4,5,3,0,6,1,8,6,2,3
ACACTATCCGGT_4,6,8,7,0,2,6,2,0,2,2
AATAGTATATTC_4,3,6,8,8,0,3,8,1,5,2
AACGGCACCGAT_4,3,4,1,1,1,6,1,5,5,4
CCAGTGGGGGGC_4,4,4,1,6,5,2,7,5,6,3
CGGGTCCTCCCA_4,1,1,4,2,7,9,4,2,0,5
GGAATCATAGGC_4,8,7,3,5,8,5,6,9,2,6
ATGCCGCCAATG_4,6,3,0,3,5,8,2,0,0,5
GAGACCGGGAAC_4,1,6,9,1,4,1,1,4,1,4
ACACGTTATGAC_4,5,6,1,6,8,0,9,7,0,3
TTACTGTGATGA_4,0,2,9,9,2,6,8,6,6,3
AGCCATCTCTAA_4,6,5,0,7,5,5,6,0,3,7
GTCAATCGGGCT_4,8,8,3,7,6,8,9,8,4,6
