,0,1,2,3,4,5,6,7,8,9
ATGCACCGCTTA_4,2,1,1,7,7,1,6,4,5,4
ATACCTACAAAC_4,7,4,3,7,1,0,6,9,6,1
ACCCAGCTACAG_4,2,4,1,2,4,2,1,6,7,1
AAAAATCTCTCG_4,9,1,1,7,4,0,6,5,1,7
GTGCAATTAAAT_4,8,7,1,7,4,7,0,5,9,9
TAGACGCGCATA_4,5,9,3,4,5,9,1,5,7,2
CAGTGGTTAGCG_4,9,8,6,0,2,2,9,5,5,4
TAAAATGCCCAC_4,2,4,0,5,4,8,6,7,8,5
TGGAGGCTCTCT_4,3,9,0,2,5,0,1,4,9,3
ATAGCGCACTTT_4,1,7,9,8,8,8,6,9,8,3
CCCTCTACCGGC_4,2,0,8,7,9,1,5,4,9,2
ATATATTTCCTA_4,0,4,0,7,4,2,1,9,7,3
AGTACCTGAAGC_4,2,2,9,0,8,0,5,4,1,4
TTCGCCAACCGT_4,9,7,3,0,7,6,5,3,1,1
TTATGGTCACAT_4,7,7,4,7,4,4,6,7,1,9
CCCAATTAGACG_4,2,2,0,4,5,0,9,9,7,3
CAGTCAAGACTA_4,9,6,3,7,5,0,7,7,1,9
ACCCAGCTACAT_4,7,7,0,7,4,0,9,6,2,1
CAGCCTCTTAAG_4,6,7,6,7,6,2,4,5,0,8
CTCTGCCGTTAG_4,9,1,0,2,6,2,6,2,2,3
CCTCCGCCGACC_4,9,5,1,3,7,7,9,5,4,1
TGCCCCGTAGGT_4,4,4,9,7,9,9,6,9,2,1
AGTGCGGCCTGA_4,0,1,0,0,0,1,1,6,2,3
TCTAGCAACGAC_4,8,9,4,1,9,2,5,9,9,5
TAGAAAGACGGC_4,7,0,7,5,8,7,2,6,7,3
ATAATTAGACAC_4,9,8,3,0,1,4,8,1,6,0
AGGATTTTGGCA_4,7,1,0,7,4,2,3,6,5,1
ACCCGTTTGCCA_4,3,4,9,3,9,6,0,0,9,4
CACACCAAGTTA_4,8,8,6,3,6,7,4,7,0,5
CCGACATGCAGA_4,7,7,2,8,3,6,5,7,3,6
GCGCCCAGTCAC_4,4,2,9,0,7,3,8,8,9,0
ACTCACTGGTCT_4,2,0,8,1,4,2,7,5,1,3
ACACAGCGATCT_4,8,8,6,7,6,4,8,5,0,0
GGCAATCTATCA_4,7,5,1,7,9,0,5,5,5,2
ACCCAGCTACAC_4,2,3,7,2,1,4,9,9,5,6
TACTAGTTCTCG_4,1,4,8,7,4,4,5,4,7,1
CCGGGACCACGT_4,9,7,9,8,1,6,5,7,9,7
AATTGATCCTGT_4,1,4,7,4,8,2,1,9,7,9
TAGCGAATAGGC_4,7,6,3,3,1,4,8,5,4,5
GCACAACATATT_4,7,5,9,7,7,9,6,9,7,9
TACCGCAATCTC_4,7,7,4,2,8,2,4,4,9,9
TTGACCCGCACT_4,2,4,7,2,5,6,9,9,2,3
CAGTGAGCTCGT_4,2,3,7,0,1,6,5,9,1,4
TGCACGAGGTAT_4,9,8,6,7,1,7,8,9,0,5
GCATGGCTTCTT_4,9,8,3,9,2,3,8,1,5,4
GTACATAGTGAA_4,6,3,5,7,6,4,4,5,0,5
TTACCATTTCTG_4,7,7,0,7,1,2,9,9,5,7
AACAGTTCCTGG_4,7,7,4,7,5,6,9,4,9,7
ATCATTTGAACA_4,9,7,2,8,7,2,5,7,5,1
GCGGGAGCATGC_4,7,7,3,3,7,4,0,7,5,6
GTATAAGCGACC_4,2,3,7,6,2,0,8,9,2,5
GTTTACAGAGAT_4,1,0,5,1,0,5,1,6,2,9
GGCAACGGAGAC_4,7,9,2,1,3,3,5,9,9,5
AGGCCCCTGCTG_4,7,9,9,8,7,6,0,3,1,4
AGCAGAGTCCAA_4,3,9,9,8,1,3,0,9,1,4
GCGTTAAGCTGG_4,2,0,8,7,3,8,6,4,9,6
AATATTCATCTG_4,3,8,6,3,6,4,4,5,0,5
TATCTGCACACG_4,3,0,7,5,5,0,3,2,8,4
TATCCACCCCAA_4,2,2,1,1,3,1,1,6,8,1
TACCGCAATCTT_4,0,3,4,4,4,8,0,7,8,1
TACCTTGGGTAA_4,2,7,1,1,1,4,2,7,8,5
TAACGCAGCCCT_4,0,6,7,7,8,2,1,6,8,3
TCGCCTAGAGGA_4,9,9,6,2,5,0,7,9,8,0
TCGTAACCTACC_4,0,0,0,7,0,5,1,6,8,3
TCACGCGAAATT_4,7,9,4,9,0,2,5,3,5,1
ATAATACGGGGC_4,0,0,6,2,6,0,1,2,2,9
TCAGACCATACT_4,7,3,9,7,8,4,8,9,0,5
ACCCAGCTACAA_4,2,1,3,0,4,9,1,6,2,1
AACTGCTAAGAT_4,3,9,1,2,1,6,8,4,4,8
CCGCTTGGAGGA_4,6,8,1,9,6,7,4,9,0,8
CGCCCCGACGGA_4,8,5,3,0,1,6,8,1,4,0
GCGATATTCATT_4,8,8,6,9,2,2,8,1,0,8
ACAGGTCCCCTG_4,0,1,4,7,4,0,7,9,8,9
ATGGCTGAAGTT_4,7,7,1,5,0,9,3,5,8,9
TGAGTTGTACCC_4,3,3,4,3,1,3,9,5,5,0
AAGTTGTCCGTT_4,3,4,4,1,8,8,9,4,5,7
CCGCATTCACGC_4,7,9,8,0,3,2,5,9,6,1
AGTCTGTGAGGC_4,2,1,7,2,9,3,3,6,8,6
CTGATGTTTATC_4,6,8,6,7,6,7,4,0,6,5
TCCAGCGGCAAC_4,2,9,7,2,1,0,1,3,8,3
ATTAATCATCAA_4,6,0,1,7,8,8,0,5,4,8
CCTGTCCGGCGG_4,2,3,8,7,4,8,6,7,5,6
TTTCATGCTAAC_4,0,9,1,4,3,1,9,8,3,5
TTGGAGAGCCGT_4,5,7,4,8,5,0,5,8,8,6
GCATTTTATCAA_4,4,8,9,9,6,4,9,1,0,5
CCTACCATCTAC_4,6,8,6,3,1,7,4,1,4,8
TTTATATCGAGC_4,0,6,0,2,4,1,1,6,7,3
CGAATTATCATT_4,1,0,0,2,4,1,9,2,2,3
GAGAGACCGCCC_4,4,3,3,9,9,3,3,3,0,7
TACCGCAATCTA_4,3,7,3,5,4,8,3,7,9,7
GTATGGTAGCAT_4,6,8,6,6,6,6,9,0,4,5
GGCCGCCGCACG_4,2,2,3,4,5,8,5,8,1,6
GCCGTGTCGTTG_4,3,5,8,9,0,2,1,4,6,5
CTATAGGAGGTC_4,7,8,8,7,8,9,6,6,0,5
GCAGTTCGATCG_4,4,0,7,9,1,2,2,9,6,3
GCTAATGACAGG_4,2,3,4,5,1,2,7,4,7,6
TATGTACCTGGT_4,2,9,1,5,4,0,2,7,9,5
CCAGCAAAATTG_4,3,4,3,7,4,8,1,7,1,6
CTCGCCTCGAAC_4,8,5,9,7,6,7,2,0,4,5
TTATCCAAGTAA_4,9,3,3,7,4,4,7,4,5,1
GAAACGGGATTC_4,1,9,0,2,0,2,2,4,7,0
GGCGACACCGGT_4,2,1,7,4,0,1,7,3,6,9
TGTCGAACCCAC_4,8,5,7,6,6,7,3,9,6,0
ACTATTTGACTG_4,4,9,9,8,5,6,6,7,1,7
CTAACGGATTCT_4,7,4,3,7,7,2,1,9,5,2
GAGTGGCAAGAG_4,5,5,3,9,7,9,5,3,8,6
ACTATTTCCGGT_4,9,8,6,7,2,7,8,1,0,8
AGTCATTGGTAA_4,9,0,1,7,6,5,9,4,7,3
TACGGCACCGGT_4,2,9,3,0,1,6,5,7,3,4
GTATTGCAACAG_4,6,5,6,9,7,7,8,1,4,8
CCAAACGTTGCC_4,5,2,8,8,7,6,5,4,9,6
CTAACCCAGAGT_4,0,0,6,2,4,5,1,2,2,3
GTATCAGTTGCG_4,6,5,1,9,6,4,4,5,0,8
GTTCGACACGAT_4,3,3,8,3,0,4,9,2,0,7
TGGTTTCGTGGT_4,7,4,9,5,4,0,1,4,5,7
AGACGAACCCCA_4,5,2,2,8,7,5,0,3,5,6
TGAATAAGGAAT_4,3,0,3,0,6,4,9,4,4,9
TGGCGCTACCGG_4,9,5,4,9,1,4,8,5,0,8
GCCACTCGCGCT_4,3,8,9,8,5,4,4,9,1,0
TACGCGTGCTAT_4,1,7,5,7,1,2,4,5,0,2
CCGCTTTCCCTC_4,3,8,3,9,1,6,0,7,5,6
TTAACGGATCAT_4,9,7,4,3,8,0,9,4,8,6
CCTTCAGCGCTA_4,3,3,2,4,7,8,0,7,8,7
TTATCACGCCTT_4,3,3,3,6,2,4,4,5,6,5
GCCCGTACCCTA_4,6,8,1,9,6,7,4,1,4,0
GATTCGGACCCT_4,9,1,4,0,9,9,1,8,7,6
ATCCAAGTAAGT_4,2,0,8,4,8,5,9,8,9,1
GTGCGGCTACGT_4,0,4,7,4,9,5,2,2,7,7
GCCGTTTAATTT_4,2,2,9,5,0,3,0,8,1,2
TAAGTGTAGTAT_4,6,1,3,1,2,7,4,5,4,8
ACACCCATCTTA_4,9,7,0,7,8,4,1,9,7,3
GGAGTGTTAAGC_4,2,4,2,2,5,3,0,4,5,7
CCAATAGCTACT_4,3,9,5,7,4,2,9,6,5,3
CCCTCCAAGAGA_4,6,3,5,3,6,7,8,0,0,8
CGGGTACGATGG_4,7,0,1,7,0,0,2,4,9,9
AGTGGCTCCCCC_4,4,5,6,9,2,7,8,1,5,5
CCAAATCGTTTG_4,0,6,7,2,4,0,3,6,7,3
CCCGATCTATAT_4,5,4,2,8,9,9,1,3,1,6
AGTAATGAGGTG_4,4,3,9,7,8,8,9,5,7,7
CGGCCTTCAACG_4,2,9,4,4,8,6,7,7,5,7
TACTTTGGCAGA_4,2,1,7,2,8,0,2,6,2,3
TGGCCCCCACGA_4,3,9,9,9,5,9,0,0,1,0
TCCACATGGGGC_4,0,7,8,6,4,1,1,6,7,3
CACATCCACGAC_4,0,0,7,0,5,1,3,6,7,3
CGACGTCTGGGA_4,9,7,9,9,1,9,8,9,0,8
TTTCATATTACC_4,1,0,8,4,8,3,2,7,8,6
CTGGCTCACTAG_4,0,0,0,4,0,5,1,6,2,3
TCTACAGTACAA_4,0,3,0,0,0,5,1,2,7,3
CGGTTTCGACTG_4,3,7,2,4,3,6,5,7,9,2
ACCGCCCGAATC_4,9,6,3,4,8,2,9,7,1,7
CAGCCGATAACG_4,2,9,2,8,3,6,5,3,1,1
TCCGAAGACAGG_4,3,3,3,7,6,9,5,7,8,0
TCCGTAAGACCG_4,7,6,1,4,7,8,5,5,1,8
GATGCTGAAGAG_4,0,0,1,2,5,0,1,2,7,6
TGGCTGTTCTCC_4,9,1,6,7,0,7,8,2,2,1
TTGAACTAGCGA_4,5,3,2,1,9,3,9,9,2,1
CTGGAGATATGC_4,5,4,8,8,1,8,5,8,9,2
CAGACCATCGCT_4,6,8,6,9,8,9,8,1,6,5
GAACCCGCAACC_4,9,4,9,8,1,4,9,5,5,7
GGTGCAGGATTG_4,1,0,8,7,6,5,5,4,5,9
GCGTCGTAGTTG_4,8,1,3,9,2,7,8,0,4,0
GTAAGGTTCACC_4,5,3,3,8,3,6,5,8,3,1
GGAGACAAGTAC_4,3,5,3,4,8,3,8,9,0,4
GACTACGTGTCA_4,2,9,2,5,1,8,9,5,8,2
GATCCAGACTAA_4,6,8,6,9,8,7,9,4,6,8
CTCACTAATGAT_4,4,8,3,9,2,9,8,0,9,8
GCTCCCATTCTG_4,5,7,8,4,3,8,5,8,1,6
AACGTTGCAACG_4,2,1,0,1,0,0,1,6,2,3
GCACCTTTAAGC_4,8,2,5,0,0,1,8,1,6,8
AAGCTGCAATAA_4,1,9,0,1,0,5,0,7,1,2
GGACGTGCAGAT_4,3,4,8,8,7,9,5,7,5,2
AATGGCCCTACG_4,1,7,2,0,9,3,2,3,9,1
CCCGGTCATGAT_4,4,9,5,9,7,3,4,9,3,4
CTCCTCCTTGCC_4,7,6,8,7,9,6,1,4,5,5
GGCCAGATTGCC_4,1,6,0,4,9,5,9,6,7,3
GGTTAGGCAATG_4,9,7,0,0,4,5,1,6,5,4
CAGCCGAAGACT_4,7,0,0,1,5,2,2,6,7,4
CTTTAAATACAG_4,7,3,9,7,5,8,9,7,5,2
CGTCGTCTACCT_4,9,8,1,9,6,7,4,5,0,5
GCACTGGGCAGT_4,1,2,8,4,8,6,6,4,8,1
TTTGTGTGACGT_4,0,6,0,2,8,0,1,6,2,3
CGATCCACTTCT_4,6,5,6,7,6,4,4,5,0,0
CCGAAAATGAGT_4,9,5,1,3,6,4,4,1,4,0
GCACACGTTCAC_4,2,5,2,7,5,6,7,7,9,7
CGCCCACCGCGT_4,7,9,2,8,9,2,5,7,3,6
GCAGCGGCGGGA_4,9,2,8,0,0,2,3,9,9,2
TTAGCCGTGGCG_4,3,3,9,6,1,4,8,3,6,5
CCTGCTCGATAA_4,3,7,3,8,8,0,5,7,3,2
GCGGACGTATCA_4,3,2,1,0,7,6,0,5,3,0
TAGAGGTGAACG_4,3,7,8,7,5,8,6,6,8,6
GTTGCAGTTCAC_4,8,7,2,0,1,6,0,5,9,8
TGCGACGACATG_4,5,4,4,8,7,2,5,7,3,2
GAGCCGCCACGC_4,5,7,8,8,0,9,5,8,8,7
ATGCATATAATG_4,9,4,8,3,6,4,6,0,9,8
CTTTCTCTTCCG_4,6,8,5,3,6,7,4,1,6,8
AATCATCTGCGG_4,2,4,8,1,0,3,1,6,8,4
GACAAAACGGCT_4,1,6,6,2,8,7,2,2,6,8
ACAGCGTAACCT_4,6,4,1,6,8,5,1,9,3,4
GTACACCGGTCA_4,2,2,3,8,7,6,5,8,1,2
AATCAGTCAGAG_4,0,0,7,5,8,1,3,6,1,9
CTCTAAGAAGCC_4,3,8,5,9,8,2,3,8,0,8
GGTGCAGGATTT_4,9,7,3,7,8,9,0,7,5,4
CTACTACTATGT_4,7,6,2,1,9,2,9,6,5,6
CTTGAAAACGCG_4,5,7,8,8,5,6,6,7,6,2
TTTGAGTGTCGA_4,1,9,6,3,3,5,9,5,3,1
AAGTTGTAACGT_4,9,8,3,9,6,7,4,0,4,0
CCCCCCGCCCAA_4,4,9,1,0,1,4,6,1,9,7
CTGTTGAGATCC_4,7,2,3,0,1,2,5,8,8,0
GGTGCAGGATTC_4,3,7,6,6,4,8,3,4,8,7
GCGCTTAATATA_4,0,0,7,4,8,0,2,2,7,9
TACGAGCCCATG_4,5,5,3,0,5,6,8,1,4,4
TTTGATCTGCTT_4,1,2,4,8,7,5,5,3,1,1
TAATATCCGGAA_4,1,3,9,1,5,3,1,9,5,8
TTAGCGTTCAAC_4,5,3,4,9,3,1,5,1,1,1
ACGCCTTAGTCC_4,0,0,0,7,0,0,2,7,2,3
GACAGAGTGACA_4,6,8,1,9,1,7,9,9,0,5
ACTGCAAGTTGT_4,0,2,8,2,0,5,2,9,8,3
ATCCCATGCTAT_4,2,9,0,9,8,2,1,9,7,2
TACCTTTGCCCT_4,9,2,5,3,0,1,8,3,6,7
CCCAGTATCCGT_4,2,0,0,0,9,5,1,6,2,1
GAGGCGGTAATG_4,4,2,7,4,1,3,2,3,0,5
CTAAGCAGAGGT_4,3,9,3,4,9,2,6,7,3,6
CCCGTGTCGCAG_4,8,1,9,9,7,6,9,8,0,8
CCCCAGGAAAGG_4,6,3,1,3,2,0,9,1,6,8
AAACCACCCCTA_4,2,7,9,5,9,0,0,9,5,2
TGCGCATGGGAT_4,9,3,5,0,1,4,8,2,6,5
TTGGATCCACTG_4,9,7,9,0,8,3,6,3,5,4
GGGAAACGAGCA_4,7,4,7,5,8,6,0,9,2,2
CACATTGTAGTG_4,5,9,8,6,0,8,7,7,1,1
CAATAAACAAGA_4,7,2,9,0,3,6,5,9,3,1
AACCGGTCGCCT_4,9,4,1,5,4,0,3,2,7,3
CGGCTTCGCAGA_4,2,3,8,9,8,5,2,9,6,3
CCTAGTATTGTC_4,4,8,6,3,6,7,4,5,0,8
TTCTATTGTGCG_4,0,7,5,6,7,5,2,2,1,4
CCAATAACAATT_4,3,8,1,7,2,4,4,5,0,0
TTGGTATTCACG_4,3,9,6,1,6,7,8,0,4,8
GTAGTTGAAAAG_4,5,2,7,5,0,0,9,8,7,1
AGAGACCTTCAG_4,0,4,3,5,7,1,9,3,1,2
ACAAAATGATTA_4,3,4,9,1,8,6,6,4,9,6
CAAGTCGTAGTT_4,6,1,6,3,2,7,8,0,4,5
ACACCTTTGGTC_4,7,7,4,7,9,6,0,8,1,2
CGAACTGGAGTG_4,2,1,8,0,4,0,7,8,7,2
ACTATTGTTCTT_4,3,3,7,4,4,1,9,1,2,3
ACGCCTGTACAA_4,2,7,6,7,4,4,1,6,5,5
GCCTAGGTTTCT_4,0,1,7,0,0,1,1,6,2,3
CACGCGCTTACA_4,2,7,3,8,7,0,5,9,3,7
GATGCTGAAGAT_4,1,0,6,7,2,1,2,4,3,7
GGCTTGGCGGCA_4,2,4,8,2,9,6,7,7,8,2
TACTATTCCTGC_4,2,2,7,1,8,1,7,6,9,4
CACGGCTCCTTA_4,7,2,3,4,3,1,5,7,3,4
GTTAGCAATCGT_4,4,2,0,1,0,1,3,2,7,4
ACTTTCACCACC_4,2,5,1,0,6,9,4,5,9,0
CTCCCATCGGGG_4,7,7,7,1,0,0,1,2,7,4
TTCTATTGTGCA_4,7,7,7,6,1,1,7,9,7,1
ATGACGCTAAGA_4,9,3,9,1,5,5,4,4,1,5
CCTGCAAGCGTG_4,3,4,7,5,5,8,1,4,1,1
TACAGAAACGCG_4,5,7,4,7,0,0,5,5,1,2
TCCCAGCAATCT_4,5,2,2,8,7,9,5,7,1,7
CCCAGCTATAGC_4,7,3,4,1,3,0,9,7,1,7
ATTAGATAACAC_4,2,2,8,0,8,8,1,8,1,2
GGAGTCATACGC_4,3,2,2,9,9,5,1,7,6,4
AATTAACCCACC_4,7,4,8,4,3,0,1,3,7,2
GCCAGATAGCGG_4,1,6,7,7,4,5,1,2,2,3
TAGGACCCAGCT_4,4,9,7,2,8,1,3,8,2,7
ACCTCCTATCCA_4,2,4,9,8,7,3,9,4,5,6
AAGGACCGATGT_4,5,4,9,4,8,8,6,3,8,2
ATGCGGTCACTC_4,4,7,9,8,3,6,9,7,8,2
GGGGCCACCACG_4,9,8,1,9,2,7,8,1,0,0
GATGCTGAAGAC_4,2,0,7,1,0,1,1,2,1,6
CTAAAACAGCTA_4,9,1,6,7,8,0,3,3,7,5
GGCGCTGGTAAG_4,8,6,3,6,8,9,6,8,5,7
TCACCGGGATCG_4,5,2,2,8,3,8,5,8,3,2
CGATTGAGATAT_4,7,7,9,1,9,6,5,7,3,2
TTGACGCAGTCT_4,6,8,6,9,6,4,4,5,4,5
GAGGACGTCCCG_4,1,0,8,1,7,5,1,6,2,3
GTTGTAAGGCCA_4,5,2,2,8,3,3,5,8,9,6
AAGACGATATCG_4,0,0,0,2,4,5,3,2,2,3
TTCCGGGGGCCC_4,2,2,0,0,9,0,6,7,3,2
ATTGTAGCTAAA_4,7,7,4,7,4,0,1,4,8,9
GGGAATAGATCA_4,6,5,0,7,6,8,9,5,4,7
TTAGCCACGGGT_4,4,7,8,4,8,6,7,4,1,2
AGACGTCGTTAT_4,3,7,1,1,7,3,4,1,9,8
CTAGCCAGCAAC_4,6,1,1,9,6,7,4,1,0,5
TACGTCTTTCGT_4,2,0,3,4,9,0,9,4,8,2
TAATATACGTCT_4,5,9,8,0,8,6,0,3,1,7
GGTGCAGGATTA_4,9,7,0,3,0,0,9,4,8,6
ACCTTGAACACT_4,0,1,0,2,0,5,2,6,7,9
GTAGCGTGGGGG_4,7,3,8,5,3,6,5,8,3,6
TTCTATTGTGCC_4,0,9,7,5,1,5,9,2,7,4
ATCCCGAGCCCG_4,0,6,4,5,1,1,1,2,3,2
TGGTAAACTATT_4,6,9,9,3,2,8,4,1,4,0
AGGAACGTTCTG_4,2,9,7,7,2,5,2,4,2,2
TCAATCCGCAGT_4,8,8,5,9,6,4,8,1,4,8
GCTGGCGTAACG_4,4,9,5,9,7,1,2,9,2,0
AATCTCTATCGC_4,7,6,2,4,8,2,7,4,5,1
AGTTGCATCAGT_4,0,1,0,5,4,0,1,4,7,9
GCTAACTAGTAT_4,5,8,9,8,3,3,5,0,3,1
TTGACTACTCGA_4,3,1,6,7,1,0,3,9,2,9
TGTCCAATATGA_4,4,3,6,3,2,2,0,1,4,8
CTGACGCCCTCG_4,5,8,9,8,3,6,9,0,4,7
GATGCTGAAGAA_4,9,6,3,4,0,1,2,9,2,3
CCGCTATTGTCC_4,0,0,7,2,0,0,2,2,2,9
ACCGTTCTCTTA_4,5,0,4,7,5,6,5,4,8,6
GTAAACCCGGGG_4,3,0,8,7,1,8,2,7,8,6
ATCCAGAGCAAT_4,5,6,2,2,3,9,0,8,3,7
AACCTCCCGCTC_4,6,8,6,9,6,7,4,1,4,5
CTTGACAAGAAT_4,1,7,0,4,9,6,2,6,1,6
CAGCTCCGAAGC_4,8,8,9,9,2,4,8,0,0,0
ACTATTGTTCTA_4,1,0,7,1,1,2,2,2,3,9
ATAAAGTTATCT_4,7,4,0,5,1,8,4,5,5,5
GTCCCACTATAG_4,5,2,9,8,3,2,5,4,1,7
CGGCTATATGGC_4,0,9,0,6,9,9,2,6,2,3
AATCTAGGCGTC_4,4,5,5,9,6,9,4,1,0,8
CTCGAGGTCTCA_4,7,6,2,1,7,8,7,8,8,6
TCCAAAGCACTG_4,4,2,1,8,3,9,2,7,1,0
ATTGTCTATCAC_4,8,7,1,9,6,8,9,5,4,8
CACCAGTCACCC_4,1,4,5,3,5,7,6,9,3,6
ACTATTGTTCTC_4,2,5,7,6,0,1,3,6,3,4
TGCTGCTGTATA_4,0,6,7,4,0,1,3,9,2,9
GGGCGCCTAGAT_4,9,0,7,7,4,4,2,6,8,3
GCCCCCAAAAAT_4,8,8,3,4,7,4,6,1,6,7
GTAACCACGGAT_4,1,6,4,2,4,5,1,6,2,9
TGTAAGTGGGGC_4,7,6,1,5,3,2,0,9,1,6
CCCGTGTCGCAT_4,8,1,8,6,2,9,9,8,4,0
TTAGCCGTGGCC_4,9,3,6,9,7,3,8,3,6,8
CGACTGGTCGGT_4,1,4,9,4,0,3,5,3,2,2
AATTTTGTCATA_4,0,0,7,4,5,5,1,4,9,4
CTTCCTATGGCC_4,9,9,8,1,4,8,5,7,8,2
GGGATAGTCCTC_4,9,7,6,9,6,6,8,1,9,8
ATCCCGAGCCCC_4,0,0,5,0,9,5,2,2,2,4
CCGCGGCGAATG_4,9,1,7,0,4,0,2,6,2,9
GTATCGGCCATT_4,9,8,1,9,3,3,0,3,6,8
ATCATGTGACTA_4,2,1,4,2,8,1,1,4,7,9
CGTGTTCCCGGA_4,0,2,7,1,9,1,3,2,8,3
GAGCGCAGAAGC_4,4,3,8,3,1,6,7,3,9,2
ATATCTAACTCG_4,6,5,6,3,6,9,4,0,0,8
CTACTACTTGTT_4,2,9,3,6,7,2,2,7,3,1
AATGTACCGCCT_4,2,0,9,7,4,6,7,6,3,2
TTCGCTACGCGT_4,2,3,8,4,1,1,7,7,3,2
GCGACAGAGCAT_4,8,5,5,7,2,9,6,1,4,5
ACTGATCATTGT_4,1,6,0,0,3,5,3,6,3,6
TATCGCCTGAAC_4,3,7,8,4,3,3,5,7,5,7
CTAAACCAAGAC_4,0,2,8,4,8,5,2,4,7,6
TTAGTAATATAG_4,2,1,7,2,4,1,7,2,7,3
TTAGCCGTGGCA_4,9,7,6,6,0,3,6,9,3,0
CCCGTGTCGCAC_4,8,5,5,0,7,0,9,1,0,0
CTACTACTTGTC_4,7,6,8,8,5,0,0,8,5,4
AAAGGCCTACAT_4,5,2,9,8,5,6,6,8,1,7
GCCGCTATTAGT_4,4,3,6,3,2,4,8,0,4,8
CTTGCATTCGGC_4,6,8,6,3,6,4,4,1,0,8
TAGCCTTGAACT_4,1,9,8,3,9,8,6,7,1,2
TTAAGGAGGAGA_4,1,0,7,5,4,5,2,6,7,3
GGATCAAACGAT_4,1,3,2,1,5,8,5,7,9,2
ATCGAGCTCCCG_4,1,2,7,0,7,1,7,3,2,4
CCCGTGTCGCAA_4,4,5,5,6,2,7,9,1,6,1
ATCCCGAGCCCT_4,0,3,7,0,1,5,3,4,3,1
CTTTGAGCTGGC_4,9,8,6,6,2,7,4,5,0,5
GCTGGCGTAACC_4,6,1,5,5,6,7,9,9,0,0
CTAATGAGGGTT_4,1,7,8,4,1,9,2,4,7,9
GCGCGTGAAAGA_4,5,2,8,8,8,3,9,9,5,2
ACGCGGAACCCG_4,1,9,6,0,7,4,3,7,1,0
TGCGAGCCTCCG_4,2,9,4,1,0,9,5,7,1,7
CTACTACTTGTG_4,7,0,3,1,7,8,5,7,5,3
CCTAATATTTAT_4,7,2,3,1,3,3,0,3,1,7
AACCGGTCGCCG_4,0,5,4,6,0,0,1,2,2,2
GGTATTTAACGG_4,4,2,4,2,5,0,1,6,3,9
TTTGTATCCGTG_4,1,2,7,0,9,2,1,0,2,5
GCGACAGAGCAG_4,3,3,5,7,2,6,8,5,0,8
CACGTCTCGCTA_4,5,6,1,6,9,6,3,5,2,5
ATGCTGGGTGCC_4,3,7,4,1,3,8,6,9,1,2
TATGAGGAGAGA_4,6,7,3,3,1,7,9,1,6,0
GAAGGGTTAGTC_4,5,4,2,8,7,3,0,7,9,2
GTGGTACCGGGG_4,1,5,2,8,5,6,6,3,5,6
CTGGTGTTCGCA_4,9,5,6,6,6,7,4,0,4,0
TACCACATTCTT_4,9,0,8,8,5,2,5,7,1,3
TGCTCGATCGAT_4,0,0,7,4,1,1,1,6,2,3
GCTGGCGTAACT_4,1,9,3,6,1,7,4,8,6,0
AGCCCAACAGGA_4,1,9,3,5,9,2,6,1,6,1
AATCTCGTGGTG_4,1,6,0,1,4,5,3,6,7,4
GGCTACCTGCAT_4,3,7,4,1,7,3,5,3,3,6
TATATGATTGGC_4,3,4,8,4,3,5,7,7,1,7
AGGCGTGTGTGG_4,7,9,8,6,7,2,9,7,3,9
GCGTCTCTGAAG_4,4,1,0,0,1,1,3,3,8,8
TGAGTGTCGCGT_4,5,2,2,8,7,6,5,3,3,2
TAAAGCAAACCG_4,6,5,1,1,6,1,9,6,6,3
GCTGGCGTAACA_4,6,8,5,5,6,7,3,3,6,0
CGATGTCGGAGC_4,1,2,4,4,3,6,3,3,9,7
ATGTCTGCATCG_4,8,2,2,8,9,6,7,0,6,4
CTCCGAGTCACG_4,0,6,0,1,0,5,1,6,7,9
TCGACCCAGGCC_4,0,0,0,7,4,1,3,2,7,9
TAATATCCGGAG_4,1,3,3,6,4,7,4,8,6,2
GTAGTACGCAGA_4,6,5,6,3,6,7,4,5,4,5
TGCGCGTCGCCC_4,1,6,9,8,3,9,6,3,3,2
CTGTATCTGCGT_4,9,2,5,6,8,7,7,0,6,8
CGTCATACTGCA_4,8,6,1,3,2,7,8,1,0,8
AGACGTACTAAC_4,2,2,4,1,3,2,6,5,3,1
GATCGGCTGCGC_4,8,2,8,6,0,2,1,3,6,4
GGTCACTCGGGG_4,1,6,5,2,5,0,7,6,8,2
CGTCTGCTATCA_4,6,8,6,9,6,4,8,0,5,0
GGAACCAGGCCT_4,1,4,2,8,9,3,6,7,9,6
ACCACCTGAGTG_4,4,9,2,4,9,6,6,3,3,1
GACCCGCGTGAG_4,3,2,5,4,5,1,2,6,8,3
GTAACCTGATAT_4,6,8,1,0,2,7,4,5,0,5
GGCGGCATCCCA_4,1,6,7,2,8,2,3,6,7,3
CCCGAGTGATGC_4,1,2,4,4,3,3,2,8,7,4
TTCTATTGTGCT_4,7,0,7,1,9,1,1,9,2,4
TGCAGCGCGGAG_4,6,5,5,9,7,7,4,0,0,0
ATAGGGGCCGCG_4,5,4,9,8,3,8,1,4,9,1
CGCCTTATATTT_4,9,3,6,7,2,4,4,5,4,5
TTAGCCGTGGCT_4,4,5,9,6,8,9,0,7,5,5
ATATAGGTCGTG_4,2,0,7,5,0,4,3,4,7,9
ATATTCATATGG_4,8,3,1,9,3,9,8,8,7,7
TCGCAAACCACA_4,6,3,6,4,2,7,4,1,4,8
GCCCCTGCCTGG_4,5,2,2,8,7,3,5,3,3,1
TATGTGCACAAG_4,5,9,9,5,5,3,5,9,9,6
TCTACTGCTTGT_4,6,3,1,6,6,7,8,0,0,0
AAAGTTTAAGTC_4,3,4,3,8,3,3,0,5,5,1
GATCTGGGTGAG_4,4,3,1,7,5,0,5,3,0,4
ATCGCAGCCGAC_4,1,3,8,0,0,9,8,3,2,1
ACGCGGAACCCC_4,8,6,4,2,8,3,0,8,1,2
GTGTCAGGCCAT_4,4,5,1,6,7,9,0,0,6,5
ACCACGACCCAC_4,2,0,8,4,9,1,2,6,2,3
ACGCGGAACCCT_4,8,6,3,0,7,9,6,3,2,6
CAACGTATCCGG_4,2,5,4,6,7,9,5,8,2,2
CCGCGGCGAATC_4,0,1,7,0,0,2,1,4,2,3
GATAATTCTTAC_4,4,5,1,9,6,7,8,1,0,8
ATAACCGAGGTG_4,2,6,5,6,4,5,3,6,2,4
CCTTCCTATCGG_4,2,6,3,6,9,0,2,2,2,2
CCGGTTGCGCGA_4,7,6,1,0,0,3,7,3,2,4
TTATGTTGTGCC_4,0,6,7,2,4,5,3,2,7,3
CGCACTGTGATC_4,8,2,4,3,8,5,1,2,3,4
TTAATTAGTGCA_4,4,8,6,6,2,7,4,5,0,5
TGTCTCCAGCTT_4,8,5,6,9,1,4,4,0,0,8
ATCCCGAGCCCA_4,0,0,7,5,4,1,3,4,3,3
GTGGCGACCAAC_4,4,4,4,1,0,0,6,3,7,1
CCGTTCGGTGAG_4,9,2,5,5,5,3,2,3,9,1
CGCATTGAGCCT_4,4,5,4,6,0,2,1,4,2,8
GATCGGCTGCGG_4,1,3,2,3,0,9,3,1,3,1
ACCTAATAGAGG_4,5,2,2,1,5,6,5,5,8,7
GCGACAGAGCAC_4,8,8,6,9,6,4,8,4,0,8
GCGACAGAGCAA_4,4,5,5,0,1,1,4,1,0,0
ACGAGCCATGTA_4,9,3,6,3,6,9,4,2,6,0
AGTCAGGAGCGA_4,9,5,1,6,6,7,4,5,6,0
ATATCGAACCAT_4,5,7,8,8,5,3,7,7,9,6
CAAACTGGCCCT_4,5,1,1,0,2,4,4,5,0,0
ACACTATCCGGT_4,9,8,6,9,2,9,8,1,4,0
AATAGTATATTC_4,0,1,0,7,4,0,3,2,7,3
AACGGCACCGAT_4,1,6,7,1,0,0,2,2,7,3
CCAGTGGGGGGC_4,1,0,4,1,5,9,2,6,7,6
CGGGTCCTCCCA_4,5,7,9,5,3,3,9,3,9,2
GGAATCATAGGC_4,6,5,5,9,6,7,4,1,6,0
ATGCCGCCAATG_4,8,4,4,7,7,7,5,1,3,0
GAGACCGGGAAC_4,4,2,2,5,5,9,5,7,1,4
ACACGTTATGAC_4,5,9,1,7,7,9,6,7,7,2
TTACTGTGATGA_4,4,0,5,3,7,0,3,2,7,2
AGCCATCTCTAA_4,3,6,1,6,2,7,4,0,4,5
GTCAATCGGGCT_4,9,3,4,3,3,3,8,0,0,8
