,0,1,2,3,4,5,6,7,8,9
ATGTATTGTACT_1,8,2,3,7,3,3,3,8,4,1
CGGAGTCGTCGT_1,2,8,7,3,7,5,6,6,7,5
CCCCTGCGAAAT_1,8,7,1,7,3,3,3,8,1,3
CGGAGTCGTCCC_1,2,8,7,3,7,5,6,6,7,5
TCAGGATGGTCC_1,8,7,1,1,3,3,3,8,1,1
GTGATGAGGGAA_1,8,7,6,1,0,3,3,8,9,8
CGGAGTCGTCAG_1,2,8,7,3,7,5,6,6,7,5
CCTTGGCGCAAA_1,8,7,1,7,9,3,3,8,1,8
TGCGGGGGGACC_1,8,7,1,1,3,3,3,8,1,3
CGGAGTCGTCCG_1,2,8,7,3,7,5,6,6,7,5
TCAGGATGGTCA_1,8,7,1,1,9,3,3,8,9,8
ACCCTGGGGGGT_1,8,7,1,1,9,3,3,8,1,8
GTGATGAGGGAC_1,8,7,1,1,9,3,3,8,1,8
TGCGGGGGGACT_1,8,7,1,1,3,3,3,8,1,3
CCCGTCTCGAGA_1,8,7,4,6,9,3,3,8,0,3
CCAGCCCCGGGC_1,8,2,1,7,9,3,3,8,4,1
CCCCTGCGAAAC_1,8,7,1,7,9,3,3,8,4,8
CGGAGTCGTCCT_1,2,8,7,3,7,5,6,6,7,5
CGGAGTCGTCGA_1,2,8,7,3,7,5,6,6,7,5
TAAGAAGGTATC_1,8,2,6,6,9,3,1,8,1,8
GGGCCCCGGGCG_1,3,0,1,1,4,8,3,2,0,3
TGCGGGGGGACA_1,8,7,1,1,4,3,3,8,1,3
ATATCGATCAAG_1,8,2,1,3,4,3,3,8,1,6
CGGAGTCGTCCA_1,2,8,7,3,7,5,6,6,7,5
ATAATTTTCCCT_1,8,7,6,1,9,3,3,8,1,3
GCTCCCTGCAAT_1,3,0,1,0,4,5,3,8,4,3
AATCTGGACCCT_1,8,1,3,0,9,6,5,8,9,8
CGGAGTCGTCAC_1,2,8,7,3,7,5,6,6,7,5
CACAATTCTATG_1,8,4,4,1,9,6,3,3,0,8
GGTGGATCGGCT_1,8,2,3,7,3,3,3,8,4,3
CGGAGTCGTCTT_1,2,8,7,3,7,5,6,6,7,5
CACCGAATAACT_1,8,2,1,7,9,3,3,8,4,3
CCCCTGCGAAAA_1,8,7,9,7,3,3,3,8,0,3
GGGAGGGGAAGA_1,8,2,7,3,9,5,6,6,7,6
CGGAGTCGTCAA_1,2,8,7,3,7,5,6,6,7,5
AATAGAAAAGTG_1,8,7,3,7,3,3,3,8,4,8
GGGAGGGGAAGT_1,8,2,3,3,0,5,3,6,1,6
AGCCTCAGATGT_1,8,7,1,1,9,3,4,8,9,8
ATTCACTCTGCC_1,7,4,4,0,5,3,3,9,0,8
CGGAGTCGTCTC_1,2,8,7,3,7,5,6,6,7,5
CACCGAATAACG_1,8,7,1,7,9,8,3,8,4,3
GCTCGCAGTGGC_1,9,7,4,6,9,6,3,7,2,3
GGTGGATCGGCG_1,8,2,3,7,4,3,3,8,4,3
GGTGGATCGGCC_1,8,2,3,7,3,3,3,8,4,3
CACCGAATAACC_1,8,7,3,7,9,3,3,8,4,3
CGGAGTCGTCTA_1,2,8,7,3,7,5,6,6,7,5
GGGAGGGGAAGC_1,8,2,3,3,3,5,6,6,1,6
ATTCAGGACGAC_1,3,7,3,0,3,3,4,9,0,8
ACACACCCACTT_1,6,1,1,7,9,3,4,8,1,9
GGCTATGGCGGG_1,6,2,3,7,9,3,3,4,4,3
TGGGGGGGGGGG_1,8,8,1,1,9,3,3,8,9,1
GGTGGATCGGCA_1,8,2,3,7,4,3,3,8,4,3
ACAACCCATACC_1,8,7,3,1,9,3,3,8,1,1
CACCGAATAACA_1,6,7,1,7,9,3,3,8,4,3
GGCGCACACCTG_1,3,5,6,1,2,3,7,3,5,7
AAGTACTTAGGC_1,1,7,6,2,9,3,3,8,9,1
TGCTTTACGAGG_1,0,5,6,1,2,0,7,3,6,7
CGAGTGAACGCA_1,9,4,4,6,9,6,3,9,3,8
TATTAGTGATGA_1,7,2,0,6,3,6,3,0,8,9
ACCATAAAAAAG_1,0,5,5,9,2,0,8,3,6,7
TCTGGAGCGAGG_1,5,4,8,8,8,7,0,5,1,6
GGCTATGGCAGG_1,3,2,0,0,0,3,9,2,9,0
GGGCCCCGGGCA_1,7,0,1,7,4,8,3,2,1,1
CCCGGCCTTCAC_1,9,9,4,6,6,1,2,2,2,1
GGTGGATTCCAA_1,9,1,6,1,5,6,2,5,5,8
GGCTATGGCGCG_1,6,7,3,7,9,3,4,8,4,8
GGCTATGGCGGA_1,1,2,0,0,3,8,9,0,9,3
GGCGCACACCTC_1,1,5,6,1,2,7,7,3,5,7
AATCATTTGTAC_1,8,7,6,1,3,3,3,1,1,8
GACGTCCCTTCA_1,1,4,9,7,8,9,1,7,9,9
GCTGAAGCCGAG_1,9,6,4,6,9,6,2,9,2,2
CCGCGGGTCAGT_1,6,6,0,0,1,6,0,5,2,2
GGCTATGGCTGG_1,4,3,0,0,9,2,1,4,1,1
TAATACTTAGGC_1,1,4,9,1,0,3,9,5,0,8
GGGCCTTGAATT_1,1,7,1,7,3,8,3,1,1,1
GATGGGCAAAGT_1,3,1,1,5,4,6,4,7,9,9
AAGAACTGGCGC_1,3,7,6,7,9,3,3,9,0,8
CCTATTACCAAG_1,9,1,3,0,5,6,5,2,0,3
TCGGACGGCGAC_1,9,9,9,7,9,6,2,5,9,6
GGCTATGGCGCT_1,3,7,3,2,0,8,9,4,0,0
CCCGCCACGGGC_1,3,0,1,2,9,8,0,1,0,1
GGCTATGGCGGC_1,6,4,3,5,3,8,4,4,4,6
GGCTATGGCTTC_1,6,2,3,2,9,3,0,4,4,6
CCATCAATTTCG_1,9,1,9,6,5,6,2,9,3,0
GGCTATGGCGAG_1,6,7,3,2,0,3,1,4,4,8
CTCGTATACTCG_1,3,9,1,1,1,9,4,1,9,4
GGCTATGGCTCC_1,6,2,0,5,3,3,9,4,4,6
CCCATCCGCGGG_1,9,1,3,6,6,1,5,7,8,2
AATGATAGCGTC_1,4,1,2,8,1,9,7,5,5,4
GGCTATGGCTTG_1,6,4,3,7,3,8,4,8,0,3
TGTGATGAGGAG_1,4,1,1,1,0,3,1,5,1,1
CGCGTAGCTTAT_1,7,2,0,1,0,3,0,0,1,8
GGCTATGGCGGT_1,1,0,3,2,0,2,4,4,4,8
GGCGCACACCTT_1,1,5,6,1,2,7,7,3,5,7
ATGTGAGGAAAC_1,7,0,0,5,3,2,3,4,1,0
TGTGATGAGGAT_1,4,1,0,4,0,6,1,0,9,9
GGCTATGGCTTT_1,6,0,0,2,4,1,9,4,9,6
GGCTATGGCTCT_1,6,2,3,7,6,3,0,2,1,6
AACTACAGCCTC_1,3,4,6,1,9,3,4,9,0,8
GGCTATGGCCCC_1,6,2,3,7,0,2,1,4,1,8
GGCTATGGCGCA_1,3,2,3,7,1,8,0,4,4,0
GGCGCACACCTA_1,1,5,6,1,2,7,7,3,6,7
GCGGTCGTCGAA_1,9,4,4,6,6,6,5,7,3,2
GGCTATGGCGCC_1,1,0,3,2,6,8,9,0,4,6
GGGCCCCGGGCC_1,3,9,9,2,5,9,4,2,0,9
GGGCCTTGAATC_1,3,7,9,7,4,8,5,2,0,3
TTGTGAGAAAAC_1,4,0,9,8,4,4,0,4,1,6
GAGCGCAGCAAT_1,7,0,3,0,8,7,9,0,6,1
TACTACAGCCTC_1,3,4,6,1,4,8,3,3,1,8
CGTGTCGCAGAT_1,4,4,6,7,9,2,0,1,1,8
TGTGATGAGGAA_1,3,9,9,2,9,2,4,5,0,1
GGCGAGCAATGT_1,7,6,4,0,5,2,2,0,2,8
GGCTATGGCGAT_1,6,3,1,7,0,2,0,0,5,6
ACCATAAAAAAA_1,0,5,5,9,2,0,8,3,6,7
CCCGCCCAACAA_1,9,3,4,6,5,6,2,7,2,2
AAACAGGTTAAT_1,1,4,1,7,1,9,4,9,3,8
GGCTATGGCACC_1,1,4,3,2,1,8,1,0,0,3
GGCTATGGCCCT_1,1,7,3,7,3,8,9,4,4,8
GGCTATGGCTCA_1,3,7,3,2,4,8,1,4,4,4
GGGCCTTGAAGG_1,3,7,6,0,4,8,3,9,8,3
GGCTATGGCATC_1,6,7,6,7,3,8,1,5,0,3
GGCTATGGCAGC_1,1,4,3,0,3,8,9,4,9,6
GAAGGTCAACTA_1,3,0,0,2,1,0,0,3,9,1
GGCTATGGCTGA_1,6,2,1,0,1,2,9,1,5,9
GGGCCTTGAATG_1,7,7,9,2,4,8,4,4,1,3
CTTACTTCGTCT_1,6,6,4,0,3,6,4,5,0,8
GGCTATGGCATT_1,1,4,8,5,0,2,9,4,1,9
TTACAAAGTCGG_1,6,0,1,1,9,3,4,9,4,1
GGCTATGGCCCG_1,4,4,0,8,4,6,0,0,8,0
GGCTATGGCACG_1,6,0,3,0,6,3,9,0,9,6
GGCTATGGCATG_1,6,9,9,7,0,9,4,4,0,8
CGTGAGTCGTCG_1,2,8,7,3,7,5,6,6,7,5
GGGCCCCGGGCT_1,1,6,8,0,4,7,7,0,1,1
ACCATAAAAAAT_1,0,5,5,9,2,0,8,3,6,7
TGACCGCGCATT_1,9,4,0,0,8,1,1,7,9,8
GGCTATGGCGAA_1,3,4,0,0,6,2,9,4,8,6
GGCTATGGCTCG_1,6,2,3,7,1,2,0,1,4,6
CATCACACATAT_1,0,5,0,1,2,0,7,3,6,7
GGCTATGGCACT_1,6,4,3,2,3,1,9,4,5,9
CTGGGGTGACTT_1,7,0,0,6,5,6,1,7,8,0
GGCTATGGCCGC_1,6,4,3,7,8,2,9,5,4,6
AATTTCATCGTC_1,6,4,4,6,0,4,9,9,1,9
GGCTATGGCAGA_1,3,0,6,2,1,2,4,4,0,3
GCTCCGAGCGGC_1,5,4,2,4,0,4,4,1,1,6
GCAGAGTCGCGG_1,9,6,2,4,1,7,0,2,6,0
ATCGATCAGAAC_1,9,4,0,5,8,7,2,3,2,6
CAATTGATGCTT_1,6,1,9,6,5,6,4,9,3,8
GGCTATGGCCTC_1,1,0,3,2,0,9,9,4,4,0
GGCTATGGCAAG_1,6,4,0,0,0,9,4,0,8,9
GGGCCTTGAAAT_1,7,3,1,7,4,4,4,8,8,3
GACTATCATGTG_1,7,2,4,0,4,6,2,7,3,8
GGCTATGGCGTG_1,6,2,3,4,0,6,0,4,4,0
ACCGCTCCCAAA_1,3,9,6,2,9,9,1,8,3,1
GGCTATGGCGTC_1,6,4,9,5,3,3,4,4,9,1
TGATATCCAGGG_1,3,9,9,2,6,2,4,2,9,3
GGCTATGGCCTG_1,7,4,0,5,3,2,9,4,8,0
GGCTATGGCGAC_1,6,0,3,7,3,2,5,4,4,1
GGCGTAGCTATG_1,9,9,4,0,4,9,4,9,0,6
ACCATAAAAAAC_1,0,5,5,9,2,0,8,3,6,7
TCTGGAGCGAGA_1,5,4,8,8,8,7,1,0,5,9
CTGGATCTCCCG_1,9,6,4,6,5,6,2,7,2,2
GCCGCTCCCAAA_1,1,0,3,7,2,8,9,1,5,1
TCGCATCCACGC_1,4,6,0,8,0,6,0,0,8,8
CTGTCCTGGCCC_1,7,1,4,6,5,1,2,7,3,0
GATGGGCAAAGG_1,6,1,9,8,0,6,0,5,5,9
GGCTATGGCCGG_1,6,4,9,5,3,1,4,4,4,3
GGCTATGGCTAG_1,6,0,8,4,0,7,0,4,4,6
TGTGATGAGGAC_1,4,3,1,1,9,6,2,1,9,9
GGCTATGGCTGC_1,3,0,0,7,0,2,5,2,4,6
ATTTTCGCTCGC_1,7,4,4,0,6,1,2,9,2,2
TCTGGAGCGAAG_1,5,4,8,8,8,7,0,5,5,6
GGGCCTTGAACT_1,1,9,3,2,0,3,1,2,8,6
GGGGTCGCAGAT_1,3,0,1,2,9,9,4,2,4,9
GGCTATGGCCTT_1,6,0,9,5,3,7,4,4,4,9
GTAATTTTCCCT_1,3,0,1,1,4,9,1,9,9,4
TTACAAAGTCGT_1,6,7,1,2,9,2,1,1,9,9
GGCTATGGCAAT_1,1,0,0,2,1,2,9,4,5,6
AGTCCGTGCAAG_1,6,3,9,6,3,9,4,9,3,2
ACACATGTATGA_1,3,4,6,2,9,7,4,9,9,0
CCCGCTCTGCAC_1,9,6,0,6,5,6,1,7,3,2
GGGCCTTGAATA_1,3,0,1,2,4,8,4,9,8,3
ATCTTGTCCGCC_1,9,4,4,0,6,1,9,9,2,7
GGGCCTTGAAGT_1,8,7,9,7,4,8,5,1,8,3
AGGGGGGGGGGG_1,8,9,9,2,9,3,3,1,9,1
CACGCTTTCACA_1,6,9,1,8,0,9,1,1,5,9
GGGCAATCCTAC_1,3,0,3,0,4,1,3,2,9,1
TCCTGGTTCACA_1,5,4,3,8,8,7,0,0,2,6
GCTGCATTCTGC_1,9,6,4,6,6,6,2,7,8,2
GGCTATGGCACA_1,4,0,0,0,0,7,0,0,0,0
GCCCCTCTGGGA_1,9,3,4,0,5,1,9,7,2,2
GCCTACAGCCTC_1,3,0,3,1,4,8,1,4,0,0
TAAAGCCTTGCG_1,9,3,4,6,5,6,2,9,3,2
GGCTATGGCAAA_1,1,4,0,0,5,7,1,4,8,0
GGCGTAGCTATC_1,7,3,9,5,9,7,5,2,5,1
GGCTATGGCCCA_1,6,6,0,4,8,7,0,4,4,6
TCACCGCCCATC_1,9,6,4,6,5,6,1,7,8,0
CACGCTTTCACC_1,4,9,3,7,0,2,0,1,9,4
ATTAGAGACGAA_1,9,6,0,6,9,6,2,7,3,2
TCTGGAGCGAGC_1,5,9,8,8,8,7,0,0,2,6
CACGCTTTCACG_1,4,7,1,5,0,4,4,1,5,1
GGCTATGGCTTA_1,7,4,3,5,3,8,1,1,1,3
TCTGGAGCGAGT_1,5,1,1,8,0,8,4,0,5,6
CACCGTTGTAAA_1,7,0,9,5,3,1,4,2,9,3
GGCTATGGCTAT_1,1,2,3,4,8,7,5,5,9,3
GGCTATGGCTAC_1,6,0,8,8,6,2,5,1,5,9
GACCCGCGAAAC_1,6,1,3,6,5,6,1,5,0,0
GGCTATGGCGTT_1,6,2,3,7,0,7,0,0,4,3
GGCTATGGCCAG_1,6,6,3,2,1,2,0,4,9,1
CGTGAGTCGTCC_1,2,8,7,3,7,8,6,6,7,5
GGCTATGGCAAC_1,1,4,3,4,8,2,9,0,0,3
GGCTATGGCAGT_1,3,0,3,0,1,8,9,4,9,1
TACTACCGAGAA_1,4,6,9,4,1,6,4,7,8,9
CAGCCAATGGCG_1,7,6,0,0,5,6,4,7,2,2
TTACAAAGTCGA_1,7,4,6,7,2,7,5,9,8,8
CCACATGTATGC_1,3,0,1,2,9,9,4,2,0,4
GGCTATGGCTAA_1,6,4,6,2,3,9,1,3,0,8
AGCGTAGCTTAT_1,4,4,4,5,3,2,5,9,1,1
GCTCGTAACTTA_1,9,1,4,6,5,6,2,1,9,7
TGATTGGGTAAG_1,6,1,2,8,1,4,7,5,5,4
GGGCCTTGAACA_1,3,0,1,5,1,2,4,1,8,3
GGCGTAGCTATT_1,4,4,2,8,3,4,9,0,1,1
GGCGCTAGCCAT_1,9,1,4,0,5,4,4,7,2,2
TCTGGAGCGACG_1,5,6,8,8,8,7,0,0,8,6
TGCTTTACGAGC_1,0,5,2,9,2,0,7,3,6,7
GGCTATGGCTGT_1,5,4,9,5,8,7,9,4,1,1
TTATGAGGAAAC_1,1,1,8,4,9,2,4,2,8,9
TAGTACTTAAGC_1,1,0,1,0,8,1,9,5,5,9
CGCTCCAGACTG_1,9,4,4,0,5,4,5,1,8,2
GTAGATCAGAAA_1,9,1,2,8,1,4,0,5,5,6
AGCTTAATGTAT_1,6,2,0,4,6,4,0,0,5,1
ACAGAGAGTCAA_1,1,1,2,4,1,1,9,1,9,4
TGTATCGCCTTC_1,3,9,1,5,3,1,0,2,4,1
GGGCCTTGAACC_1,3,0,9,2,3,8,5,2,8,3
GGGCCTTGAAGC_1,7,9,9,7,3,2,9,2,9,3
ACAGCCACGGGC_1,3,9,6,0,1,2,4,9,0,8
GGCGTAGCTATA_1,1,1,1,8,4,4,9,5,5,0
ATAGATTGGAGT_1,0,5,2,8,2,9,7,1,5,4
GGGCCTTGAACG_1,7,9,3,7,6,2,0,2,0,3
GGGCCTTGAAGA_1,1,7,3,5,4,8,5,4,8,3
AGCTTTACACCT_1,0,6,2,4,5,1,0,9,3,7
TTGTGAAGAAAC_1,1,4,8,2,9,2,1,2,4,4
GTCCCCTTGTAT_1,4,1,2,8,1,4,4,5,5,9
CGGGGGGGGGGG_1,8,8,9,7,7,8,5,8,4,1
GCACGGCAAATT_1,7,0,1,5,5,1,4,2,1,9
GGCTATGGCCAC_1,7,3,3,0,6,1,9,4,9,9
ACAAGGAATCTT_1,4,9,2,8,0,9,0,5,5,4
TCTGGAGCGAAC_1,5,4,0,8,8,4,0,5,2,6
TCTGGAGCGATG_1,5,2,8,8,8,7,1,0,5,8
AGTATCGACTTC_1,6,9,6,2,6,1,3,2,9,1
GTGATGAGGAGG_1,6,1,6,7,6,8,4,9,3,1
GGGACTGAGCGA_1,9,3,4,6,6,2,9,7,2,2
ACTCGGCCGAGG_1,7,1,6,4,5,6,4,5,0,0
TCTGGAGCGAAT_1,5,4,8,8,8,7,0,5,1,1
TAGTACTTAGAC_1,1,5,2,9,0,7,7,5,5,6
CCAAGGGACAGA_1,9,6,4,0,6,4,7,9,9,7
CCGCCATTGAGA_1,7,0,2,1,1,1,4,5,2,4
CACGCTTCACTG_1,4,9,2,8,6,9,0,5,5,1
CGTGAGTCGTCT_1,2,8,7,3,1,5,6,3,7,5
AATATTACTAGC_1,4,0,9,0,5,1,9,7,3,8
CCCCTAACTGTA_1,9,9,4,6,5,9,1,9,0,8
GAACCCGAGGTG_1,6,9,9,0,1,9,7,5,0,9
GATGGGCAAAGA_1,3,1,9,0,5,6,4,5,0,9
GGGCCTTGAAAG_1,3,0,1,2,5,4,0,9,8,3
GACTACAGCCTT_1,4,3,0,4,1,4,0,5,2,0
TGCTTTACGAGT_1,0,5,2,4,2,4,7,3,6,7
GATGTGAAGGAT_1,9,3,2,0,6,7,2,7,5,2
GGCTATGGCCAA_1,3,9,0,2,8,7,5,2,0,6
GGAACGGGCAGT_1,4,4,9,6,6,9,9,7,0,2
TCTGGAGCGACC_1,5,6,8,8,0,7,9,0,4,6
GGCTATGGCCGA_1,7,9,0,4,1,2,4,2,1,1
GCCTGCAAGCCT_1,7,3,3,4,4,1,9,2,0,9
GGGCCTTGAAAC_1,3,9,6,2,4,2,5,4,8,3
TCTGGAGCGACT_1,5,6,8,8,8,7,0,0,8,6
GGCTATGGCATA_1,7,3,8,4,8,7,9,0,2,1
CCCGGCCTGGCT_1,9,0,4,6,5,6,1,7,3,8
TCTGGAGCGAAA_1,5,0,8,8,8,7,0,0,8,6
CTTCCTCTTTCT_1,4,6,2,4,8,4,0,1,8,9
TATAGCACTAAT_1,0,6,4,3,5,9,2,0,2,2
TTGTAAGGAAAC_1,7,6,3,4,4,8,9,4,8,0
AGCAGCCTGCCC_1,9,6,2,4,6,4,0,7,8,2
AGTGTCGCAGAT_1,5,6,6,4,6,2,0,1,8,6
TAGAGTTTCCGT_1,9,9,4,6,5,6,2,7,2,3
GGTGTCGCAGCT_1,4,0,6,4,4,4,5,1,8,1
TGAGAGCAAGGA_1,0,5,2,4,0,7,7,0,6,9
CTCCGCCAGCCC_1,4,6,0,0,5,6,2,5,0,7
GGCTATGGCCAT_1,5,0,3,5,3,7,0,1,1,1
CTCAACACCTTC_1,4,0,0,7,6,9,5,1,0,1
CATATGCGCCAT_1,4,6,4,6,5,6,2,7,2,2
TGTGTCGCAGAT_1,4,4,6,4,1,4,0,4,8,0
CCGGAGAGTCAA_1,3,5,2,2,1,1,7,2,6,4
CCAAGGTTCGCC_1,4,0,4,6,5,6,2,7,3,0
TCCTCCTCGCGT_1,1,6,3,2,4,8,9,4,8,4
TGCTTACGAGGA_1,4,5,2,1,2,4,7,3,6,7
GACTACCGCCTC_1,0,0,3,5,4,9,7,2,4,1
GATGGGCAAAGC_1,6,3,9,5,3,9,4,9,9,1
GGCTATGGCCTA_1,7,6,0,4,1,2,5,2,3,1
TCTGGAGCGATC_1,5,6,8,4,8,4,0,0,1,9
TCTGGAGCGATT_1,5,1,2,8,8,4,0,1,5,6
GCTAGCAAGTTT_1,4,9,2,8,6,9,2,5,5,9
AGGCCCCGCGGC_1,6,1,2,4,5,4,5,5,5,9
TAAAGCCTTGCC_1,4,1,4,6,5,6,2,9,8,2
CGCCCTGCCTAG_1,4,4,0,6,8,7,1,7,3,2
ACGGAGAGTTAA_1,4,6,1,2,6,1,0,3,9,7
ATGGAGAGTCAA_1,6,9,9,2,1,9,1,5,0,4
GGTCTCGCAGAT_1,3,0,1,0,4,1,4,1,0,9
TGCCAATTAGGG_1,4,1,0,6,5,4,2,5,5,2
ACCGAGAGTCAA_1,4,3,6,5,1,9,0,3,8,1
AAAAATCCCAAC_1,9,0,4,6,6,9,2,9,3,2
TCTGGAGCGACA_1,5,6,8,8,8,7,0,0,8,6
CCCCTAACTATG_1,7,6,3,5,5,1,2,9,9,8
CACGCTTCACTC_1,4,6,0,4,4,1,1,4,8,9
ACAGGATGGGTC_1,4,4,0,5,0,7,1,5,8,0
CCAAATGACAAC_1,4,1,0,4,6,9,1,9,1,9
CAATCTTTTCCA_1,4,3,6,1,4,4,7,5,1,4
CCCCTTTGAGCC_1,4,6,2,4,1,4,0,5,5,4
TGATATCCAGGA_1,1,9,2,2,1,2,2,2,8,4
GAGAATCTAGGC_1,1,9,4,6,1,2,2,7,3,2
CCAGCCACGGCC_1,1,1,2,8,1,8,0,5,5,9
TAAAGCCTTGCA_1,9,1,4,6,5,6,2,7,2,2
GGCTATGGCGTA_1,3,9,4,2,6,2,0,4,0,8
GACTACACCCTC_1,3,1,6,1,4,1,7,9,0,0
TAGCGAATTGTC_1,9,1,4,0,1,2,2,5,3,2
CACCATTGTGAA_1,3,0,9,5,4,8,4,7,0,8
ATACAGTGTAGT_1,9,3,4,0,6,8,4,7,3,2
TTAATTTTCCTT_1,4,6,8,5,0,4,0,1,8,1
CACCGTTATGAA_1,7,4,4,6,5,6,5,0,1,0
AAGCCCTTCTAT_1,0,3,4,3,8,4,2,0,2,6
CACGCTTCACTA_1,6,1,2,4,6,1,0,1,5,9
TACCCTTGCGCG_1,9,6,0,6,5,6,2,7,3,2
AAGCGCAACAAT_1,5,0,8,2,8,1,9,2,2,0
CACGCTTCACTT_1,4,9,6,4,6,9,1,1,9,9
TGGAAGGCGGTA_1,9,6,8,4,5,4,1,2,8,4
TACTTACTCCAA_1,4,6,0,4,5,4,2,7,3,2
TACTATCCGCCA_1,9,6,2,4,1,4,0,5,5,4
AAGCCCTTCTAG_1,9,3,2,3,8,4,2,0,2,6
CAATCTATTCCA_1,4,9,2,8,5,4,4,1,0,9
GAGGCGATTGTG_1,0,6,4,0,5,9,4,3,3,7
CGTAAGCGCTCG_1,5,4,3,4,8,7,5,0,8,6
GGGCCTTGAAAA_1,6,9,6,0,6,1,5,4,0,4
CAAAAATTGCAT_1,6,9,9,2,1,4,9,2,0,0
TCAATATTCCAG_1,9,6,0,4,6,4,0,5,8,2
CCACATCTATGA_1,0,9,2,5,6,4,0,5,2,1
GGCTATGGCCGT_1,5,3,8,2,1,7,9,0,4,1
TGCGTAGCTTAT_1,7,3,2,0,3,4,5,1,8,1
ACGCAGAGTCAA_1,1,1,6,4,1,7,5,5,9,1
ATATTGATCTTC_1,9,6,2,4,5,4,0,0,6,4
CATCAGGTGATC_1,4,1,4,0,5,9,4,7,3,9
AACAATTTGGCA_1,9,3,4,4,5,4,2,0,2,2
GCGCCCCGAACT_1,4,6,2,4,5,4,0,1,5,4
AAGCCCTTCTAC_1,9,3,4,5,6,4,2,7,2,6
CACCGTTGGAAT_1,7,4,9,7,0,1,1,7,5,0
TGCTTACGAGAG_1,0,5,2,0,2,4,7,3,6,7
ATTCACGCGCAT_1,0,6,4,0,4,1,1,7,8,2
GGCGTAGTTTAT_1,4,6,9,8,3,4,0,0,2,1
CTTACCATAGAG_1,6,0,2,5,6,9,0,2,8,9
TACTACTTAGGC_1,6,5,6,4,1,4,7,3,0,7
CCCGCTCCCAAC_1,6,0,2,8,1,4,0,1,5,9
GGTGTCACAGAT_1,4,0,9,4,4,9,4,9,5,0
TGATATCCAGGT_1,1,4,9,7,6,9,4,2,9,6
TCGGCACCCAGC_1,4,6,2,0,5,4,0,0,5,9
TAAAGCCTTGCT_1,4,1,4,6,5,6,2,9,3,8
TCACCATTCCTC_1,9,6,2,6,5,4,2,7,2,2
TCAAGATGGGTC_1,4,4,2,5,3,8,4,1,8,4
AGTCCCAAGTCC_1,4,6,4,6,5,4,2,7,3,2
TGATATCCAGAG_1,3,9,9,2,1,9,7,2,5,4
CCACATGTATGT_1,6,0,2,8,4,1,0,0,8,6
TACATTTGTACG_1,1,6,2,4,6,4,5,5,5,4
TGATATCCAGGC_1,1,4,2,2,6,2,4,2,0,4
ACGGAGACTCAA_1,4,3,1,4,1,2,0,1,8,4
CCGACGCCTATT_1,4,6,9,5,0,1,4,5,2,8
CTGATACGGCCG_1,0,5,5,9,2,0,8,3,6,7
TCTGGAGCGATA_1,5,9,8,8,8,2,0,5,2,9
AGAGTGAGCCGA_1,9,6,4,6,6,4,2,7,3,2
TGTGTGAGGGAG_1,4,9,2,4,6,1,1,1,3,1
CACCATAAAAAA_1,0,5,5,9,2,0,8,3,6,7
CTAGAGACGAGC_1,4,6,0,4,5,6,2,5,8,0
AGACTGTATAGC_1,4,1,2,4,6,9,2,5,5,2
TATGAATTAAAA_1,9,1,4,6,5,6,2,7,3,2
TACATTTGTACC_1,4,1,2,4,1,2,0,1,8,4
CGCACCATAAAT_1,5,1,2,4,1,4,0,7,8,0
GGAATTCCACGT_1,9,9,2,4,5,4,2,0,2,0
TGCACCTAAAAT_1,9,3,4,6,5,4,2,7,2,2
GGTGTCGCACAT_1,4,9,9,4,1,2,0,2,0,4
GGTGTCCCAGAT_1,4,3,2,8,1,2,7,4,1,4
GTAATAGGAAGG_1,9,3,4,6,6,4,2,7,3,2
TAGCCGCGAGTC_1,4,6,0,6,5,4,2,7,8,2
ACGGAGAATCAA_1,1,5,2,2,6,1,2,2,5,6
GAAGCCTTGAGT_1,9,1,2,4,5,4,2,5,5,4
TCCGCTCCCAAA_1,6,1,6,2,1,4,1,5,5,0
GCCCTAATCAAG_1,9,1,0,4,5,6,5,5,8,9
CCCGCTTTCGGT_1,9,6,2,4,5,4,1,5,5,4
GACTACAGCTTC_1,4,1,0,4,6,2,5,7,3,1
