,0,1,2,3,4,5,6,7,8,9
ATGTATTGTACT_1,5,0,4,6,6,2,7,3,2,1
CGGAGTCGTCGT_1,6,5,5,5,4,7,5,2,4,3
CCCCTGCGAAAT_1,3,0,2,3,9,8,7,3,3,1
CGGAGTCGTCCC_1,6,5,5,5,4,7,5,2,4,3
TCAGGATGGTCC_1,3,0,4,5,1,2,7,5,2,5
GTGATGAGGGAA_1,3,0,4,6,7,8,7,5,2,5
CGGAGTCGTCAG_1,6,5,5,5,4,7,5,2,4,3
CCTTGGCGCAAA_1,3,0,4,5,1,8,7,3,2,5
TGCGGGGGGACC_1,3,0,4,5,1,8,7,3,3,5
CGGAGTCGTCCG_1,6,5,5,5,4,7,5,2,4,3
TCAGGATGGTCA_1,3,0,4,5,1,2,7,5,2,1
ACCCTGGGGGGT_1,3,0,2,5,9,8,9,3,2,1
GTGATGAGGGAC_1,3,0,2,6,1,8,7,5,2,5
TGCGGGGGGACT_1,3,0,4,6,1,8,7,3,3,5
CCCGTCTCGAGA_1,3,0,4,6,1,2,4,5,3,5
CCAGCCCCGGGC_1,3,0,2,3,1,8,7,3,2,5
CCCCTGCGAAAC_1,3,0,4,6,9,8,7,3,3,5
CGGAGTCGTCCT_1,6,5,5,5,4,7,5,2,4,3
CGGAGTCGTCGA_1,6,5,5,5,4,7,5,2,4,3
TAAGAAGGTATC_1,3,0,4,5,1,2,7,5,6,5
GGGCCCCGGGCG_1,3,0,2,6,1,8,9,3,2,1
TGCGGGGGGACA_1,3,0,4,6,1,8,4,3,2,5
ATATCGATCAAG_1,3,0,7,5,1,2,7,3,7,2
CGGAGTCGTCCA_1,6,5,5,5,4,7,5,2,4,3
ATAATTTTCCCT_1,3,0,2,5,1,2,7,3,2,5
GCTCCCTGCAAT_1,6,0,0,5,1,7,7,3,2,1
AATCTGGACCCT_1,1,0,3,6,1,8,1,1,6,9
CGGAGTCGTCAC_1,6,5,5,5,4,7,5,2,4,3
CACAATTCTATG_1,1,0,4,4,8,2,1,8,9,9
GGTGGATCGGCT_1,5,4,4,5,1,2,0,3,2,4
CGGAGTCGTCTT_1,6,5,5,5,4,7,5,2,4,3
CACCGAATAACT_1,3,0,4,6,1,2,7,3,2,2
CCCCTGCGAAAA_1,3,0,4,0,1,8,4,3,3,1
GGGAGGGGAAGA_1,6,5,2,5,4,7,5,3,4,3
CGGAGTCGTCAA_1,6,5,5,5,4,7,5,2,4,3
AATAGAAAAGTG_1,5,0,4,6,9,8,0,3,0,5
GGGAGGGGAAGT_1,5,1,7,5,4,7,5,3,4,6
AGCCTCAGATGT_1,3,0,8,0,1,1,7,3,6,1
ATTCACTCTGCC_1,3,0,2,6,1,2,7,3,6,1
CGGAGTCGTCTC_1,6,5,5,5,4,7,5,2,4,3
CACCGAATAACG_1,5,0,4,0,1,2,7,3,2,1
GCTCGCAGTGGC_1,8,1,4,4,8,0,1,3,2,9
GGTGGATCGGCG_1,5,4,4,5,1,2,0,3,2,4
GGTGGATCGGCC_1,5,0,4,0,1,2,0,3,2,4
CACCGAATAACC_1,5,0,2,0,1,2,7,0,2,1
CGGAGTCGTCTA_1,6,5,5,5,4,7,5,2,4,3
GGGAGGGGAAGC_1,5,1,2,5,4,7,5,3,4,6
ATTCAGGACGAC_1,0,0,4,3,1,2,9,5,3,1
ACACACCCACTT_1,3,2,3,6,1,2,7,3,6,5
GGCTATGGCGGG_1,5,4,2,5,1,2,0,3,7,1
TGGGGGGGGGGG_1,3,0,5,5,4,7,7,3,4,5
GGTGGATCGGCA_1,5,4,4,5,1,2,0,3,2,4
ACAACCCATACC_1,3,0,2,6,6,8,7,8,8,9
CACCGAATAACA_1,5,0,3,0,1,2,4,3,1,1
GGCGCACACCTG_1,9,9,1,2,0,6,8,8,6,8
AAGTACTTAGGC_1,3,0,4,7,1,8,7,8,2,4
TGCTTTACGAGG_1,9,9,9,2,0,6,8,8,5,9
CGAGTGAACGCA_1,1,0,2,6,8,0,1,1,3,9
TATTAGTGATGA_1,1,1,2,4,3,8,1,1,9,0
ACCATAAAAAAG_1,9,8,9,8,6,4,8,8,3,8
TCTGGAGCGAGG_1,4,4,7,7,2,1,3,7,7,6
GGCTATGGCAGG_1,7,0,4,6,2,3,4,1,6,1
GGGCCCCGGGCA_1,2,6,0,0,1,1,9,0,1,1
CCCGGCCTTCAC_1,1,3,6,4,8,3,1,5,1,9
GGTGGATTCCAA_1,7,9,1,4,1,3,2,9,6,5
GGCTATGGCGCG_1,4,0,4,6,1,1,9,5,3,1
GGCTATGGCGGA_1,3,4,4,3,3,8,7,9,2,5
GGCGCACACCTC_1,9,9,1,2,0,6,8,8,6,8
AATCATTTGTAC_1,0,0,4,7,1,8,0,5,3,5
GACGTCCCTTCA_1,2,3,3,6,9,0,6,9,5,6
GCTGAAGCCGAG_1,1,0,2,4,8,0,1,9,6,0
CCGCGGGTCAGT_1,2,3,2,4,8,0,0,5,3,9
GGCTATGGCTGG_1,5,0,8,6,7,9,0,1,1,5
TAATACTTAGGC_1,0,0,2,6,2,8,0,9,3,2
GGGCCTTGAATT_1,5,0,4,0,1,1,7,3,2,4
GATGGGCAAAGT_1,5,2,2,3,7,3,4,1,5,9
AAGAACTGGCGC_1,3,0,2,6,1,1,4,3,2,5
CCTATTACCAAG_1,8,3,3,3,6,0,7,9,3,9
TCGGACGGCGAC_1,1,2,2,4,9,0,1,5,6,0
GGCTATGGCGCT_1,5,0,8,3,2,3,0,1,0,4
CCCGCCACGGGC_1,3,2,2,0,7,8,9,0,1,9
GGCTATGGCGGC_1,5,1,4,0,3,3,0,0,1,1
GGCTATGGCTTC_1,2,7,3,0,9,1,0,4,1,6
CCATCAATTTCG_1,1,2,3,3,8,0,6,5,3,0
GGCTATGGCGAG_1,5,0,8,6,7,2,0,0,6,1
CTCGTATACTCG_1,1,9,1,2,0,9,2,5,5,1
GGCTATGGCTCC_1,5,7,8,6,9,2,0,1,8,6
CCCATCCGCGGG_1,8,3,0,6,3,5,1,4,9,2
AATGATAGCGTC_1,4,6,1,2,0,6,2,4,5,5
GGCTATGGCTTG_1,5,2,8,0,2,1,4,0,7,6
TGTGATGAGGAG_1,7,2,3,6,7,6,2,5,6,2
CGCGTAGCTTAT_1,7,7,2,3,2,3,7,3,6,5
GGCTATGGCGGT_1,2,4,8,1,2,8,0,0,2,6
GGCGCACACCTT_1,9,9,1,2,0,6,2,5,6,5
ATGTGAGGAAAC_1,7,7,8,5,2,0,0,1,0,5
TGTGATGAGGAT_1,1,7,6,2,0,6,3,5,6,2
GGCTATGGCTTT_1,5,4,2,6,3,2,0,7,7,2
GGCTATGGCTCT_1,5,4,7,3,3,2,4,7,1,6
AACTACAGCCTC_1,3,0,0,0,1,9,9,5,3,4
GGCTATGGCCCC_1,2,7,4,7,3,6,2,0,8,2
GGCTATGGCGCA_1,2,7,2,7,7,3,0,7,0,6
GGCGCACACCTA_1,9,9,9,2,0,6,8,1,5,8
GCGGTCGTCGAA_1,1,3,6,3,8,0,1,9,9,2
GGCTATGGCGCC_1,5,4,8,3,2,3,7,9,2,6
GGGCCCCGGGCC_1,7,6,2,6,5,8,9,0,2,1
GGGCCTTGAATC_1,5,6,2,6,1,9,4,0,2,5
TTGTGAGAAAAC_1,7,2,0,6,2,6,3,9,6,1
GAGCGCAGCAAT_1,2,1,8,3,9,6,9,8,9,8
TACTACAGCCTC_1,0,0,4,4,2,1,2,0,2,4
CGTGTCGCAGAT_1,3,0,8,0,1,1,7,5,5,5
TGTGATGAGGAA_1,2,3,2,6,9,8,2,5,2,9
GGCGAGCAATGT_1,4,3,6,4,8,3,1,5,9,0
GGCTATGGCGAT_1,3,6,0,9,5,6,7,4,6,5
ACCATAAAAAAA_1,9,8,9,8,6,4,8,6,3,8
CCCGCCCAACAA_1,8,3,2,4,8,0,1,9,6,9
AAACAGGTTAAT_1,7,9,4,6,2,6,6,5,3,6
GGCTATGGCACC_1,5,7,4,7,6,2,0,0,2,2
GGCTATGGCCCT_1,2,7,8,1,3,9,0,7,7,6
GGCTATGGCTCA_1,7,4,4,0,2,9,0,1,3,4
GGGCCTTGAAGG_1,7,0,4,0,7,9,7,1,2,4
GGCTATGGCATC_1,5,0,4,0,2,8,4,0,2,9
GGCTATGGCAGC_1,5,1,3,3,1,3,9,0,1,6
GAAGGTCAACTA_1,9,1,8,3,6,3,9,8,1,2
GGCTATGGCTGA_1,2,6,3,7,3,6,2,0,1,6
GGGCCTTGAATG_1,4,7,3,0,2,9,0,8,1,4
CTTACTTCGTCT_1,2,7,6,3,8,3,9,0,3,1
GGCTATGGCATT_1,4,4,8,7,3,3,4,1,0,6
TTACAAAGTCGG_1,4,6,8,1,9,3,4,8,7,5
GGCTATGGCCCG_1,0,7,8,7,6,3,7,1,0,2
GGCTATGGCACG_1,5,1,2,7,6,8,4,9,8,1
GGCTATGGCATG_1,7,0,8,1,9,9,0,7,3,9
CGTGAGTCGTCG_1,6,5,5,3,4,7,5,2,4,3
GGGCCCCGGGCT_1,7,4,4,7,0,6,9,4,7,4
ACCATAAAAAAT_1,9,8,9,8,6,4,8,8,3,8
TGACCGCGCATT_1,0,1,6,7,8,3,1,7,3,4
GGCTATGGCGAA_1,5,7,2,7,3,8,3,0,8,7
GGCTATGGCTCG_1,4,6,7,1,3,9,6,7,7,6
CATCACACATAT_1,9,9,9,2,0,6,2,8,3,8
GGCTATGGCACT_1,2,7,4,7,2,8,0,1,3,2
CTGGGGTGACTT_1,0,1,1,3,6,8,1,8,9,2
GGCTATGGCCGC_1,2,4,4,7,3,1,0,0,1,6
AATTTCATCGTC_1,1,7,8,0,9,3,1,5,0,0
GGCTATGGCAGA_1,0,7,3,0,3,2,0,8,2,2
GCTCCGAGCGGC_1,4,4,7,1,7,6,2,7,7,7
GCAGAGTCGCGG_1,7,6,1,7,3,1,6,8,0,7
ATCGATCAGAAC_1,8,1,7,1,3,0,5,6,9,0
CAATTGATGCTT_1,1,0,6,1,8,0,1,9,6,0
GGCTATGGCCTC_1,7,7,4,7,2,8,0,1,0,2
GGCTATGGCAAG_1,5,1,0,7,7,6,7,4,0,5
GGGCCTTGAAAT_1,7,6,2,6,9,2,7,4,0,8
GACTATCATGTG_1,1,4,0,4,9,0,1,5,9,0
GGCTATGGCGTG_1,5,6,0,7,3,9,6,0,8,6
ACCGCTCCCAAA_1,7,0,4,7,1,2,9,8,1,9
GGCTATGGCGTC_1,4,7,4,9,1,8,4,0,3,9
TGATATCCAGGG_1,2,6,3,0,1,9,0,0,3,1
GGCTATGGCCTG_1,2,7,0,7,3,8,0,1,0,2
GGCTATGGCGAC_1,2,6,3,6,9,8,0,0,3,4
GGCGTAGCTATG_1,4,4,6,1,7,0,7,1,6,0
ACCATAAAAAAC_1,9,8,9,8,6,4,8,8,9,8
TCTGGAGCGAGA_1,4,3,7,4,2,6,3,7,7,8
CTGGATCTCCCG_1,7,3,6,9,8,0,1,6,9,9
GCCGCTCCCAAA_1,9,4,4,3,5,6,6,8,8,8
TCGCATCCACGC_1,4,2,0,9,7,5,3,8,8,2
CTGTCCTGGCCC_1,1,1,6,4,2,3,1,9,9,0
GATGGGCAAAGG_1,5,2,1,3,7,3,7,4,5,2
GGCTATGGCCGG_1,4,7,2,0,3,9,0,4,0,1
GGCTATGGCTAG_1,4,7,7,1,3,3,7,1,7,1
TGTGATGAGGAC_1,7,2,1,6,7,2,2,5,6,9
GGCTATGGCTGC_1,5,4,8,1,7,9,0,7,8,1
ATTTTCGCTCGC_1,1,1,6,4,8,0,1,5,9,0
TCTGGAGCGAAG_1,4,7,7,9,7,3,3,7,1,6
GGGCCTTGAACT_1,5,1,4,0,7,2,7,0,2,2
GGGGTCGCAGAT_1,7,6,3,6,9,2,9,9,2,1
GGCTATGGCCTT_1,5,7,4,0,3,3,4,1,1,1
GTAATTTTCCCT_1,0,4,4,2,1,8,9,5,2,1
TTACAAAGTCGT_1,3,0,3,0,6,8,2,8,3,9
GGCTATGGCAAT_1,7,6,8,3,7,3,7,9,0,2
AGTCCGTGCAAG_1,1,1,2,7,9,8,9,5,9,9
ACACATGTATGA_1,4,1,3,7,7,3,9,8,2,9
CCCGCTCTGCAC_1,1,3,6,4,8,0,1,5,6,9
GGGCCTTGAATA_1,5,6,4,0,3,1,4,3,2,7
ATCTTGTCCGCC_1,8,3,6,4,8,3,1,1,9,0
GGGCCTTGAAGT_1,5,6,3,0,1,9,4,1,2,6
AGGGGGGGGGGG_1,3,2,8,6,9,9,7,5,2,5
CACGCTTTCACA_1,5,2,8,6,7,9,7,5,0,0
GGGCAATCCTAC_1,5,4,4,7,6,2,7,8,1,1
TCCTGGTTCACA_1,7,1,7,9,2,2,3,7,8,6
GCTGCATTCTGC_1,8,3,6,9,8,0,1,1,9,0
GGCTATGGCACA_1,0,1,8,3,3,3,0,9,2,2
GCCCCTCTGGGA_1,8,3,6,4,8,3,1,6,9,0
GCCTACAGCCTC_1,0,4,8,0,2,3,2,4,1,4
TAAAGCCTTGCG_1,1,1,6,4,8,0,1,5,8,0
GGCTATGGCAAA_1,7,1,3,7,1,8,0,1,7,6
GGCGTAGCTATC_1,7,7,1,9,9,0,9,1,8,1
GGCTATGGCCCA_1,4,4,7,1,7,9,2,7,8,2
TCACCGCCCATC_1,0,1,1,3,5,5,1,6,0,0
CACGCTTTCACC_1,0,6,4,6,7,9,4,4,0,2
ATTAGAGACGAA_1,1,9,6,4,8,0,1,5,9,9
TCTGGAGCGAGC_1,4,2,7,2,2,6,3,7,7,6
CACGCTTTCACG_1,2,2,7,0,9,3,4,4,0,6
GGCTATGGCTTA_1,0,7,4,3,1,3,4,1,1,8
TCTGGAGCGAGT_1,5,4,7,7,2,6,3,7,7,6
CACCGTTGTAAA_1,7,3,3,6,8,0,9,0,3,1
GGCTATGGCTAT_1,5,4,2,3,1,3,9,0,1,1
GGCTATGGCTAC_1,2,7,3,1,9,9,3,7,7,1
GACCCGCGAAAC_1,1,3,0,3,2,5,6,0,6,1
GGCTATGGCGTT_1,2,7,2,7,2,3,7,1,8,5
GGCTATGGCCAG_1,5,6,1,3,5,1,6,7,0,6
CGTGAGTCGTCC_1,7,5,5,7,4,4,5,2,4,3
GGCTATGGCAAC_1,4,4,2,7,2,3,7,8,8,0
GGCTATGGCAGT_1,5,6,3,9,3,3,0,9,1,6
TACTACCGAGAA_1,2,7,6,1,7,3,2,1,6,2
CAGCCAATGGCG_1,8,3,6,7,8,5,9,6,9,9
TTACAAAGTCGA_1,7,4,3,0,6,1,2,8,3,4
CCACATGTATGC_1,2,1,0,1,9,6,4,1,1,1
GGCTATGGCTAA_1,5,1,8,1,7,8,0,1,1,6
AGCGTAGCTTAT_1,3,2,8,6,9,8,7,1,2,5
GCTCGTAACTTA_1,1,4,6,2,8,0,6,5,6,0
TGATTGGGTAAG_1,7,6,6,1,5,6,6,6,5,8
GGGCCTTGAACA_1,5,4,2,3,7,9,0,0,6,1
GGCGTAGCTATT_1,4,3,2,4,0,5,3,4,2,8
GGCGCTAGCCAT_1,1,3,6,4,8,0,1,6,5,0
TCTGGAGCGACG_1,4,1,7,6,3,6,3,7,7,6
TGCTTTACGAGC_1,9,8,9,2,0,6,8,8,5,8
GGCTATGGCTGT_1,2,7,7,0,5,3,3,7,8,6
TTATGAGGAAAC_1,2,7,3,7,2,0,3,8,6,6
TAGTACTTAAGC_1,5,2,1,9,7,6,6,0,0,7
CGCTCCAGACTG_1,1,1,0,4,8,0,1,5,3,0
GTAGATCAGAAA_1,7,4,1,7,3,6,3,4,0,7
AGCTTAATGTAT_1,2,7,1,9,5,5,2,4,7,5
ACAGAGAGTCAA_1,9,7,1,2,5,3,2,4,5,2
TGTATCGCCTTC_1,4,6,0,3,1,3,4,4,2,1
GGGCCTTGAACC_1,2,2,3,6,2,2,7,0,2,1
GGGCCTTGAAGC_1,4,2,2,1,2,9,4,8,3,1
ACAGCCACGGGC_1,7,4,8,7,3,9,9,9,2,5
GGCGTAGCTATA_1,2,3,1,3,2,5,6,4,3,6
ATAGATTGGAGT_1,9,9,1,2,0,6,8,4,5,8
GGGCCTTGAACG_1,7,6,4,0,7,9,4,7,6,7
GGGCCTTGAAGA_1,5,4,4,0,2,1,0,0,1,6
AGCTTTACACCT_1,4,1,6,4,5,3,6,6,5,0
TTGTGAAGAAAC_1,1,7,3,0,6,1,9,8,1,1
GTCCCCTTGTAT_1,2,7,1,7,3,5,2,4,0,7
CGGGGGGGGGGG_1,7,2,3,6,6,8,7,3,3,4
GCACGGCAAATT_1,7,4,0,3,3,1,9,8,2,1
GGCTATGGCCAC_1,2,6,2,1,5,3,4,9,8,6
ACAAGGAATCTT_1,4,2,0,2,7,6,2,4,7,5
TCTGGAGCGAAC_1,4,3,7,9,8,6,3,7,1,6
TCTGGAGCGATG_1,4,1,7,1,5,5,3,7,0,6
AGTATCGACTTC_1,3,1,3,3,1,3,9,8,3,9
GTGATGAGGAGG_1,0,1,0,7,3,1,2,5,5,2
GGGACTGAGCGA_1,1,3,6,4,8,0,1,9,9,0
ACTCGGCCGAGG_1,7,4,0,1,0,0,2,0,6,7
TCTGGAGCGAAT_1,4,4,7,7,2,6,3,7,7,6
TAGTACTTAGAC_1,9,1,8,3,2,6,6,8,5,8
CCAAGGGACAGA_1,1,9,6,2,8,5,1,9,8,5
CCGCCATTGAGA_1,9,9,6,2,0,3,1,6,5,9
CACGCTTCACTG_1,2,2,0,1,5,0,6,4,0,1
CGTGAGTCGTCT_1,6,5,5,9,4,4,8,2,4,3
AATATTACTAGC_1,4,3,8,1,7,9,2,9,8,0
CCCCTAACTGTA_1,1,0,1,4,7,9,9,8,6,0
GAACCCGAGGTG_1,2,2,1,1,3,1,6,4,0,1
GATGGGCAAAGA_1,2,2,1,7,7,3,3,4,5,2
GGGCCTTGAAAG_1,0,1,3,0,6,1,2,4,0,2
GACTACAGCCTT_1,0,7,1,7,5,5,2,4,8,9
TGCTTTACGAGT_1,9,8,9,2,0,6,8,4,5,8
GATGTGAAGGAT_1,4,3,6,9,8,5,1,9,6,9
GGCTATGGCCAA_1,5,4,3,3,5,9,4,7,2,9
GGAACGGGCAGT_1,1,3,6,4,8,5,4,5,3,5
TCTGGAGCGACC_1,4,2,8,4,3,3,3,7,7,0
GGCTATGGCCGA_1,7,4,6,9,8,1,9,1,1,1
GCCTGCAAGCCT_1,4,6,0,3,5,9,0,9,1,2
GGGCCTTGAAAC_1,2,6,4,0,3,9,0,9,2,6
TCTGGAGCGACT_1,4,1,7,9,5,5,3,7,7,6
GGCTATGGCATA_1,7,4,1,9,5,1,0,7,0,1
CCCGGCCTGGCT_1,8,1,8,9,8,5,1,6,9,0
TCTGGAGCGAAA_1,4,3,7,9,7,3,3,7,6,7
CTTCCTCTTTCT_1,0,1,7,9,5,5,6,7,0,6
TATAGCACTAAT_1,8,5,6,4,6,4,1,6,9,0
TTGTAAGGAAAC_1,2,7,8,2,2,1,6,1,0,8
AGCAGCCTGCCC_1,7,3,6,9,5,5,1,6,5,7
AGTGTCGCAGAT_1,4,1,0,1,9,9,2,9,7,6
TAGAGTTTCCGT_1,8,3,6,4,8,0,1,8,6,9
GGTGTCGCAGCT_1,0,6,3,7,3,9,9,9,1,2
TGAGAGCAAGGA_1,9,8,9,7,2,4,6,4,5,7
CTCCGCCAGCCC_1,1,3,6,2,8,0,6,4,0,9
GGCTATGGCCAT_1,4,1,8,9,3,1,6,9,0,6
CTCAACACCTTC_1,1,3,3,0,5,9,9,8,1,9
CATATGCGCCAT_1,1,1,6,4,8,0,1,5,8,0
TGTGTCGCAGAT_1,0,7,1,7,3,5,2,4,8,7
CCGGAGAGTCAA_1,9,6,9,7,0,3,9,8,1,8
CCAAGGTTCGCC_1,0,1,6,4,2,5,6,4,0,7
TCCTCCTCGCGT_1,2,6,1,7,7,5,0,1,8,2
TGCTTACGAGGA_1,9,9,9,2,0,6,6,4,5,8
GACTACCGCCTC_1,2,1,3,1,6,6,2,4,1,1
GATGGGCAAAGC_1,4,2,0,9,9,3,4,4,8,2
GGCTATGGCCTA_1,4,7,3,3,3,3,1,4,1,9
TCTGGAGCGATC_1,4,7,7,7,0,6,3,7,7,7
TCTGGAGCGATT_1,7,3,3,1,2,3,6,7,0,7
GCTAGCAAGTTT_1,1,3,1,2,0,5,6,5,5,0
AGGCCCCGCGGC_1,7,3,1,9,5,0,6,4,5,0
TAAAGCCTTGCC_1,1,7,1,4,8,5,6,6,6,0
CGCCCTGCCTAG_1,1,3,8,3,3,5,1,8,1,6
ACGGAGAGTTAA_1,9,3,1,1,5,6,9,4,7,9
ATGGAGAGTCAA_1,7,6,3,1,9,0,9,4,0,9
GGTCTCGCAGAT_1,9,6,8,9,2,2,6,1,5,7
TGCCAATTAGGG_1,7,3,1,4,8,5,2,6,5,0
ACCGAGAGTCAA_1,7,2,8,9,5,6,2,4,8,5
AAAAATCCCAAC_1,1,1,6,1,8,0,6,5,3,0
TCTGGAGCGACA_1,4,1,2,7,3,3,3,7,1,6
CCCCTAACTATG_1,7,1,0,6,7,9,1,5,8,2
CACGCTTCACTC_1,4,1,0,2,5,5,6,4,8,0
ACAGGATGGGTC_1,0,1,0,7,2,6,4,4,0,2
CCAAATGACAAC_1,7,1,0,7,2,5,9,5,7,2
CAATCTTTTCCA_1,0,7,0,7,7,6,2,1,2,8
CCCCTTTGAGCC_1,4,3,1,9,5,5,2,4,5,7
TGATATCCAGGA_1,4,2,6,7,2,5,7,6,0,0
GAGAATCTAGGC_1,4,3,3,1,8,0,1,6,1,7
CCAGCCACGGCC_1,0,3,0,7,2,1,3,7,5,7
TAAAGCCTTGCA_1,8,3,6,4,8,0,1,6,9,9
GGCTATGGCGTA_1,7,7,1,9,3,9,9,9,8,9
GACTACACCCTC_1,7,2,0,1,7,9,4,8,6,1
TAGCGAATTGTC_1,1,3,6,7,8,5,2,9,5,0
CACCATTGTGAA_1,7,4,1,0,7,1,9,0,2,0
ATACAGTGTAGT_1,8,1,7,3,2,0,1,6,9,0
TTAATTTTCCTT_1,7,6,1,9,7,9,3,4,7,0
CACCGTTATGAA_1,0,2,6,3,3,3,1,5,2,7
AAGCCCTTCTAT_1,8,5,7,1,8,0,5,7,9,7
CACGCTTCACTA_1,2,2,2,2,9,6,6,4,0,7
TACCCTTGCGCG_1,8,1,6,4,8,0,1,6,9,0
AAGCGCAACAAT_1,7,4,6,7,5,3,0,0,7,7
CACGCTTCACTT_1,1,2,1,1,5,1,2,4,6,7
TGGAAGGCGGTA_1,1,1,1,4,5,5,1,6,5,8
TACTTACTCCAA_1,7,3,6,9,5,5,2,6,5,0
TACTATCCGCCA_1,9,3,1,9,5,5,6,6,5,7
AAGCCCTTCTAG_1,8,5,7,9,8,0,5,7,9,7
CAATCTATTCCA_1,0,2,3,1,7,9,6,8,0,7
GAGGCGATTGTG_1,8,3,1,1,5,5,2,6,5,9
CGTAAGCGCTCG_1,4,1,7,1,7,3,3,8,7,2
GGGCCTTGAAAA_1,0,6,0,1,7,9,4,9,0,7
CAAAAATTGCAT_1,4,7,1,3,5,9,4,9,3,9
TCAATATTCCAG_1,7,3,6,9,5,3,9,9,5,7
CCACATCTATGA_1,4,1,1,7,7,3,2,8,1,7
GGCTATGGCCGT_1,4,7,7,6,3,3,9,7,1,7
TGCGTAGCTTAT_1,1,4,6,4,2,0,2,5,5,4
ACGCAGAGTCAA_1,4,1,3,9,5,3,2,9,5,9
ATATTGATCTTC_1,7,3,6,9,5,5,2,6,5,7
CATCAGGTGATC_1,1,3,6,4,8,0,2,6,5,9
AACAATTTGGCA_1,8,3,6,4,8,0,1,6,9,7
GCGCCCCGAACT_1,4,3,1,9,5,5,2,6,5,7
AAGCCCTTCTAC_1,8,3,7,9,8,0,3,9,9,4
CACCGTTGGAAT_1,1,2,1,3,5,3,7,4,5,6
TGCTTACGAGAG_1,9,8,9,2,0,6,8,6,5,8
ATTCACGCGCAT_1,2,3,6,1,5,3,1,4,5,7
GGCGTAGTTTAT_1,2,3,1,9,3,3,6,6,1,6
CTTACCATAGAG_1,2,1,0,1,3,5,2,4,7,2
TACTACTTAGGC_1,0,9,1,2,0,6,2,4,7,8
CCCGCTCCCAAC_1,2,6,6,7,7,6,6,6,5,7
GGTGTCACAGAT_1,7,4,1,9,7,9,2,4,0,0
TGATATCCAGGT_1,4,4,1,1,5,5,4,4,3,2
TCGGCACCCAGC_1,2,3,6,7,3,5,3,6,0,7
TAAAGCCTTGCT_1,1,1,6,0,8,5,6,4,8,0
TCACCATTCCTC_1,8,3,6,9,5,5,1,6,5,0
TCAAGATGGGTC_1,0,2,1,9,3,5,4,4,8,7
AGTCCCAAGTCC_1,1,1,6,4,8,5,6,4,9,0
TGATATCCAGAG_1,7,6,6,9,2,9,6,8,3,7
CCACATGTATGT_1,4,6,7,1,7,3,6,4,5,7
TACATTTGTACG_1,4,1,6,2,5,5,6,9,5,7
TGATATCCAGGC_1,0,6,3,7,2,1,2,8,0,7
ACGGAGACTCAA_1,2,6,0,1,3,5,2,9,0,8
CCGACGCCTATT_1,7,3,0,2,0,5,3,5,7,5
CTGATACGGCCG_1,9,8,9,2,6,4,8,8,5,8
TCTGGAGCGATA_1,4,3,7,2,0,6,3,7,7,2
AGAGTGAGCCGA_1,1,3,6,4,8,5,1,6,9,0
TGTGTGAGGGAG_1,0,9,1,2,7,3,2,4,5,9
CACCATAAAAAA_1,9,8,9,8,6,4,8,6,9,0
CTAGAGACGAGC_1,4,1,1,9,5,5,2,9,0,0
AGACTGTATAGC_1,1,3,6,7,2,5,2,6,5,0
TATGAATTAAAA_1,8,3,6,4,8,0,1,6,9,0
TACATTTGTACC_1,2,7,8,1,7,5,2,4,5,7
CGCACCATAAAT_1,2,1,6,9,3,5,6,7,0,2
GGAATTCCACGT_1,7,3,6,4,8,0,6,6,6,7
TGCACCTAAAAT_1,8,3,6,4,8,0,1,6,9,7
GGTGTCGCACAT_1,7,4,3,1,3,9,9,7,1,1
GGTGTCCCAGAT_1,4,6,8,9,2,9,6,7,1,1
GTAATAGGAAGG_1,8,3,6,4,8,0,1,6,9,0
TAGCCGCGAGTC_1,1,3,6,4,8,5,1,6,8,0
ACGGAGAATCAA_1,2,2,6,1,2,5,6,8,8,8
GAAGCCTTGAGT_1,7,3,6,9,0,0,6,6,5,0
TCCGCTCCCAAA_1,2,1,1,7,5,5,2,9,9,8
GCCCTAATCAAG_1,8,1,6,9,6,5,6,6,5,7
CCCGCTTTCGGT_1,9,3,1,9,5,5,2,6,5,7
GACTACAGCTTC_1,7,7,6,1,5,5,2,9,8,9
