,0,1,2,3,4,5,6,7,8,9
CCCAAGTAAGCC_7,5,6,3,3,6,2,3,3,2,3
TTGCATTTTAAC_7,0,6,4,4,0,9,0,2,0,8
TGTCCCACCTGC_7,3,3,3,6,1,5,6,9,7,7
GCGATCACTTTC_7,8,7,8,8,2,9,8,9,4,9
CGGGGAATCCGG_7,7,5,5,2,9,6,6,3,3,4
GCCGTTGGGTCC_7,8,2,9,2,8,2,3,3,3,2
CGTTTAGGTCTG_7,5,6,9,7,8,1,3,3,2,4
CCACCGCGGCCG_7,9,8,5,8,9,9,8,0,1,9
ATGGCCCCGTTC_7,0,6,9,7,1,3,3,3,3,6
CGCGCGATTGGC_7,8,8,5,5,1,3,7,4,8,9
GACCCGTCGATC_7,8,4,3,4,9,4,6,0,4,5
AGCCCACTCACA_7,3,1,6,7,1,3,8,8,8,0
AACCCCGGCGTA_7,4,6,5,2,7,1,6,3,0,6
CATGGGTGTCCC_7,4,0,6,9,6,2,5,6,7,4
CTCCTATTCTTG_7,0,9,3,0,3,7,3,3,2,4
CGTCACTCTTAA_7,8,4,8,8,2,8,5,4,1,9
GCAAGGCTCTGG_7,2,8,3,7,9,1,5,1,5,2
CGCCGCGAGCAG_7,6,2,0,6,9,5,5,8,7,9
TGATTGGCATTA_7,9,9,4,4,6,9,1,6,5,3
TAATCCTCGTAA_7,9,4,2,8,3,5,5,4,6,1
TAGGGAACGTAG_7,9,0,0,0,7,5,3,5,4,3
GGGCTACGAGCC_7,9,3,8,0,4,7,6,1,9,1
ACAGGTGCGAAA_7,0,1,5,6,7,4,5,8,3,4
ATCCAGCATGTG_7,0,5,1,9,7,5,3,9,5,4
TGCACGACTTCA_7,1,5,6,4,3,3,0,8,3,7
TGTAATAACTTC_7,7,2,9,7,8,2,8,2,2,7
TCGCATGACCAT_7,8,2,8,4,6,9,8,1,4,9
CGCGTAACACAT_7,0,1,1,5,7,1,6,1,9,3
CGATAACGCTAT_7,6,3,0,4,5,9,6,5,1,9
ATCGGTCCTCCT_7,2,0,9,2,3,7,3,3,2,6
CCAGCCCGCGCT_7,0,5,3,7,7,3,3,1,9,4
GGCTAACGCTTA_7,3,2,8,0,3,5,5,3,9,7
TCCGCACTCGTC_7,8,3,5,6,5,9,1,9,7,2
GTTTCCTTTGGG_7,9,4,8,4,2,9,5,4,1,1
TTCGTGGGGCCA_7,9,8,2,8,9,8,5,0,1,5
CAAAACTCGTCC_7,5,6,3,3,7,7,4,3,2,7
GTAGGAGGAGTC_7,6,8,8,1,2,8,0,0,6,5
CGAAACGGGAGC_7,9,2,0,1,3,9,5,0,5,7
GACATGAAGGGA_7,7,1,8,4,0,5,8,2,5,0
TGCCCTCCTGAT_7,6,4,4,0,4,3,1,6,6,7
TGCACAGCCAAA_7,4,8,3,6,2,5,8,0,4,9
GTCCGGCATGCT_7,5,5,5,5,6,2,4,2,8,6
GTGCGACGATTT_7,6,4,8,8,8,3,5,0,5,1
CCCGTATACCGC_7,6,8,0,8,9,9,7,5,1,9
TCGTCCGTCTAC_7,4,1,3,7,3,4,6,6,7,0
CACCCGATACGT_7,2,6,4,7,7,6,3,1,9,6
TTAGGGTCAGGC_7,7,3,9,4,3,5,7,7,4,5
CTACGTCGTAAA_7,9,4,8,0,9,1,7,4,5,9
TGCCGAGGATAT_7,4,6,5,3,6,3,9,8,0,2
TCCCTGCTCCTC_7,6,6,5,2,2,2,8,1,6,7
TTAAGAGGCGGT_7,6,8,4,8,9,8,7,0,5,1
AATACTCGCGCT_7,1,5,9,9,3,1,6,2,0,6
ATCCTGTCAGCC_7,6,2,0,0,5,3,8,5,5,9
GCCCGATAAAGT_7,8,7,1,6,7,0,9,9,8,8
CGGAGAGTCGGA_7,8,1,7,6,5,4,0,9,7,9
ACATAGCCTGGC_7,5,6,5,2,6,7,8,2,8,4
TGGATCGTAATG_7,5,6,5,5,1,1,1,2,1,7
AGAGTAGCCCGT_7,7,8,8,4,9,5,5,4,5,9
CGTCCCAAGTGC_7,4,8,0,8,9,9,5,5,1,9
CAGCCTAAGTTT_7,2,6,1,3,6,6,3,7,2,3
GCAATTCGCTTC_7,5,3,4,4,3,7,3,2,9,7
TGCAAGAAACGG_7,4,7,5,6,1,9,9,9,7,2
ATTCGAAGGCAA_7,7,6,3,2,3,5,1,8,2,9
ATTGGACCAGAC_7,0,8,2,1,9,4,1,4,4,9
TGGAAATCACTC_7,5,3,3,7,3,7,0,1,2,8
GTGATCAGTAGC_7,9,4,2,8,3,9,7,5,1,1
ATTAACATTAAG_7,6,8,8,2,9,0,6,0,3,9
CGGGTTATATTT_7,3,1,1,0,3,3,6,1,0,6
CACTCCTGTCCG_7,2,6,1,0,3,7,4,3,2,6
GATTCCCCAGAA_7,5,0,9,0,3,1,8,7,2,6
CGGGGCCACCTC_7,2,2,6,2,8,7,8,1,2,7
ACGACATCGGCT_7,3,3,6,7,3,1,6,2,3,4
ATCCTGTCAGCT_7,8,2,0,2,0,1,5,2,4,3
TCTCGTTATCCC_7,5,9,3,7,6,1,1,3,7,7
CAGCCGACACGG_7,3,6,1,2,3,1,3,1,2,7
CTAGCGAATTCG_7,1,9,6,3,3,6,6,2,2,3
CTAGTTGCTGCG_7,5,2,0,3,6,3,1,2,3,7
CGCATGAAACTT_7,7,6,3,0,3,7,6,3,3,4
TCCTAGCTCAGT_7,9,4,8,1,2,9,0,0,5,9
CCGGCTATTTTT_7,2,6,1,2,7,1,8,2,8,6
CTGATAGGGCAC_7,9,8,2,8,2,9,5,0,4,1
ATACAAGCGTGA_7,4,9,4,4,4,5,1,6,3,4
CTGGTTTGACAC_7,4,8,4,6,7,2,2,5,0,0
TGCAGTGCGCCG_7,2,5,6,6,3,1,7,4,1,1
GATGAATGCGGT_7,2,9,5,2,6,3,3,3,9,4
CGTCACCTTTCG_7,5,2,6,7,3,0,3,1,8,0
CCGTGCTAGTAG_7,9,0,2,7,3,5,6,5,5,1
AGAAGCCCAGGA_7,5,0,5,5,4,7,1,7,0,2
ACCGACCCTGGG_7,2,2,1,9,4,3,3,3,3,2
CAGTGTGCCCTG_7,1,5,6,5,8,1,3,8,3,7
GTAAGATGGATG_7,2,6,1,3,8,7,0,7,0,7
ATGCATGATCGC_7,7,1,5,0,1,7,9,3,2,7
AGTCCCCTGAAT_7,6,5,0,1,2,5,5,4,7,1
CGTCAGAGGTTG_7,6,5,8,2,2,9,2,3,7,5
CGGCCTTGCAAC_7,3,9,5,6,7,3,1,7,7,2
ACTGAGGTATTG_7,9,5,9,3,6,5,7,4,6,7
ACCACCCCCAGC_7,0,5,3,7,1,2,2,6,3,0
TACAATCGGAGC_7,5,6,4,6,3,9,5,8,8,6
CTGGACACGGAA_7,2,6,3,7,8,7,3,3,3,7
GACGATTCACAT_7,2,5,9,4,2,5,4,1,4,4
TTCACTTGTCGT_7,2,1,1,0,4,1,6,7,2,0
CCACACCCTTGG_7,3,5,1,7,8,5,0,7,2,7
GGGATGAGATTA_7,5,9,4,0,8,6,6,2,8,2
GCGGACCCTATA_7,4,1,7,8,7,0,8,2,4,8
AACGGCTGATCA_7,2,2,0,3,3,3,4,1,2,7
CACAAGATATTC_7,1,5,4,0,6,1,6,3,8,6
CGCCGCGAGCAC_7,7,3,7,4,7,5,8,8,7,8
CAAGGGTTGCCG_7,4,5,5,2,1,4,1,3,0,7
CGGATGTGCCAG_7,4,9,5,2,6,0,1,8,0,7
CCCGGACGGCTG_7,3,8,5,0,9,6,8,8,9,7
TGTCAATCGTAG_7,8,4,3,0,2,7,8,2,4,1
AGCCCGCCGCAT_7,7,6,6,3,8,3,8,1,0,6
TGACTTGGTTCA_7,7,4,8,7,4,7,5,4,1,1
CGAAGGGCGATC_7,5,5,9,3,3,1,4,3,8,6
TATCAACTCGCA_7,5,0,9,7,8,4,6,1,2,0
AGATTGTAGGTA_7,6,3,3,4,3,1,4,7,5,5
TCTTCGCATGAC_7,9,8,2,4,9,8,7,4,6,1
GACGCTGCCCGT_7,6,8,0,8,2,9,7,9,4,5
CCGAGCTCCGAT_7,9,8,8,1,5,2,2,0,4,1
ATACTTCGACTC_7,7,8,6,4,9,5,0,5,4,5
ATGGCGCCGCCC_7,8,4,8,1,9,2,2,1,5,1
TATTGTTAGTCT_7,8,4,0,1,2,9,5,4,1,5
TCGCCATCTTCT_7,8,8,8,1,2,9,2,9,1,5
AGACATCAGTGA_7,1,5,3,7,7,5,0,7,3,7
GGAGATGGCGAC_7,2,1,9,2,3,7,6,3,2,8
GCACTGGCGCAG_7,3,5,9,5,1,6,3,2,2,7
CAAGCGGCCGCA_7,6,8,0,4,8,8,0,5,4,5
CGGTATCGTAGT_7,6,5,0,6,2,9,2,5,4,9
CGTGAATTTAAA_7,3,5,6,7,6,7,1,3,3,3
GCTCAATGCTTC_7,1,2,5,3,6,1,6,7,0,3
CCCCCGTGCCTT_7,2,0,1,0,4,3,3,7,2,0
GCATAACTGCAC_7,0,3,3,0,0,5,2,2,2,4
TAGATTATTAGA_7,0,9,4,3,3,3,1,6,3,3
ACTACGTCATGA_7,2,4,2,1,9,9,8,0,1,1
GGACACTAGGCA_7,2,9,1,1,6,5,8,7,9,0
CGGAGAGTCGGC_7,4,8,7,6,7,0,1,9,8,2
TTAATCCTTACA_7,8,7,6,6,1,3,1,0,7,2
AGGCTAATACGC_7,0,1,9,5,0,7,4,2,0,6
GAGGGTCGCGGA_7,0,9,3,7,1,6,1,8,3,3
TTACCGTTTGCG_7,1,3,3,7,3,6,5,1,3,3
CGAGTACCAAAA_7,2,9,3,9,4,7,5,6,0,7
CGCTAGAGGCAT_7,7,5,8,1,0,1,6,3,9,6
GACTTGGACGAG_7,0,5,9,3,7,5,3,8,0,3
GACATTTGCTCG_7,3,9,5,5,6,4,1,3,8,6
ACTCAAAGATCG_7,7,5,4,6,6,6,1,6,7,2
CAAGTGCGCCAG_7,2,2,1,5,7,6,0,7,9,4
ATCCTGTCAGCA_7,6,2,3,3,5,2,0,5,0,1
ATAACATGGGCG_7,9,3,8,4,9,4,0,9,3,7
CGTCTACGATCT_7,8,4,8,1,9,9,8,4,1,9
GAATCGTTTCGG_7,2,6,1,7,3,7,4,8,0,6
ATTTCTAGTATT_7,0,8,5,4,3,3,3,7,6,8
CAACGATATAAT_7,7,5,6,0,8,2,3,6,2,0
CTTAGAGGAAGC_7,4,7,4,6,1,1,1,7,3,2
GGTCCGGACGAT_7,2,1,1,5,6,1,4,7,0,7
TTAAAGTGACTG_7,8,8,5,6,9,5,1,8,7,2
GCGTTTTTGATC_7,9,4,7,4,2,8,8,5,6,6
CGCCGCGAGCAA_7,0,5,7,5,7,2,7,9,7,4
AATCCTCCTGCT_7,5,6,3,0,3,7,9,7,2,6
GTAGTCGTTACT_7,4,3,0,2,1,2,1,7,9,4
TTAGATCGAGGA_7,8,8,0,8,3,4,2,0,6,5
TTAGCGTTGCGA_7,9,6,1,9,3,1,6,5,5,1
TCGCTAGACCCC_7,6,6,0,1,5,7,6,6,7,1
CATATTCGTGTC_7,3,0,1,9,3,3,4,3,2,8
GCGGTCTACTCA_7,7,0,9,5,8,4,6,1,9,6
TATTTGCAAGGC_7,6,8,2,8,3,8,7,4,1,1
TAGACCTTGAGC_7,5,2,5,3,8,2,3,3,7,7
GTCGGAGAATTT_7,4,8,7,8,4,3,1,0,1,9
GAGTAACTAGTA_7,9,5,6,5,0,8,0,8,7,5
ATAATCGATTGA_7,9,4,3,6,8,8,6,2,2,5
TGGCAAGGACAA_7,0,5,1,5,7,1,6,7,3,0
CGCACGACAGGA_7,3,5,3,5,8,3,5,0,0,8
TGCTATGTTCCT_7,4,1,9,2,8,5,3,3,2,7
CCCTACCCGCTG_7,5,6,1,2,8,2,3,8,4,7
GGCGCCCCAACG_7,4,1,7,3,1,2,2,8,4,8
TTACCAAGATCG_7,3,3,0,1,3,5,6,9,4,7
GTTCTTACGCAA_7,2,6,6,2,4,7,6,7,0,7
GCGCCGCGATGT_7,2,1,8,7,0,7,0,7,2,6
CGCATCCCGTCG_7,5,9,4,6,9,0,1,1,3,2
GTAACGTCCGAT_7,8,2,8,0,9,5,7,5,1,3
GATCGAGGCAGG_7,5,2,1,2,6,1,8,7,9,6
CATGATCGATCC_7,7,5,5,2,7,2,0,7,0,4
CGCCCGGCGCGC_7,6,8,0,1,2,2,2,5,0,5
CGCATCCCGTCC_7,2,7,3,9,4,6,2,3,2,7
AGTACCTCTTTG_7,1,6,5,1,3,7,4,1,9,7
TACCCATCATGC_7,9,4,8,8,9,5,5,0,4,9
GTACAGCAGGTT_7,9,7,2,8,9,9,7,4,6,7
CCCACGGGCCTG_7,2,4,8,1,1,9,7,5,1,3
ATGCGGTCCATG_7,9,8,0,4,2,5,8,9,0,5
CGTGTCCTACTA_7,2,6,9,5,8,7,6,2,8,6
CGAAAGTTAATC_7,1,6,6,7,1,4,8,7,2,0
TCCGCACCATCG_7,6,8,0,4,2,8,7,4,5,1
ACGGTGATCGAC_7,3,1,9,7,8,4,6,7,8,8
GTCCCGTTCCTG_7,8,2,8,6,5,9,7,8,4,5
CCTCCAGCGGAG_7,1,2,1,4,7,1,6,8,9,4
TTTTTGCGCCAA_7,8,7,7,1,1,0,8,9,5,3
TCTCTCTGAGGC_7,0,3,6,9,6,1,3,8,3,0
CTCGGCGATGAG_7,6,8,2,8,2,8,7,0,4,9
TTCTTACCGAAC_7,9,3,0,1,9,8,0,9,1,5
AAGCCCAGGTAA_7,4,8,8,8,2,2,7,5,4,9
TCTCCACCCCAA_7,5,0,9,0,6,4,2,2,7,7
GTTGCTTTTCCG_7,0,1,4,2,8,7,9,7,0,2
GTACCCAGGCGT_7,4,7,5,8,1,4,1,6,6,5
CGCGCGTCCACC_7,0,8,0,4,0,9,2,0,1,1
CCGGGGCCTAAG_7,7,3,1,4,5,5,8,1,0,5
TTCGCATCCGTT_7,5,2,1,5,8,0,4,1,5,6
ATTGACAATCAG_7,6,3,9,2,8,2,4,1,9,5
TTGACGCACATA_7,1,6,3,7,6,6,6,3,8,6
ATTCCGCTCTGC_7,0,2,9,3,6,2,3,2,8,7
CGCCGCGAGCAT_7,4,2,7,3,4,3,8,9,7,3
GACCCGACGTAC_7,0,0,9,4,6,7,2,7,3,6
CCTCATGCGATT_7,6,8,0,1,5,9,5,4,1,5
ATTTAGTCTCCA_7,8,4,3,8,5,1,7,4,5,9
TCGGTGACGTAG_7,0,2,7,3,7,0,6,7,2,8
TCCTTTGCACGC_7,8,4,8,8,1,9,5,5,1,5
CCACCACATTGC_7,5,2,0,6,1,5,8,6,2,3
AAGTACGTAGAA_7,2,3,7,1,5,9,0,1,9,1
CCATGTCGTTGG_7,6,4,2,4,5,2,8,5,4,5
AGTGAATAGCAG_7,1,6,8,8,9,5,5,0,2,1
CAGAGAAGCCAT_7,3,3,3,0,8,7,8,3,2,3
CACCCGATCCCA_7,6,6,0,0,9,5,7,0,9,1
AGACCGTACCCT_7,7,1,3,2,1,6,3,3,9,7
ATTACGTCTCAT_7,2,9,1,3,3,2,3,7,8,7
GTAGACAAGATG_7,7,6,5,6,8,3,8,2,0,4
CCTTTACCTGGT_7,4,2,7,6,0,2,8,6,7,2
ACAACCGCTGTA_7,0,0,6,3,6,6,4,6,0,7
CGGAGAGTCGGT_7,8,2,7,5,1,0,0,9,8,8
CATCTCTCTATT_7,6,5,1,0,8,7,3,5,6,1
ATCCTTTTCGTC_7,9,4,8,4,2,9,7,4,6,9
ATCGTTTGAGGC_7,1,2,4,3,4,4,9,2,0,7
GTTGTAGGTATC_7,2,5,1,7,6,7,3,1,8,7
CACTTGCTGAGG_7,6,8,2,8,9,3,0,4,5,1
CTACCGCTTTAC_7,9,8,0,4,9,9,7,4,4,1
CAACACGTAATC_7,0,6,3,3,6,6,3,1,0,8
CGCCCGTGCCTA_7,9,4,7,8,2,9,7,4,5,9
CCCGGACGGCTC_7,8,8,5,9,4,1,2,0,2,7
GGATATCCACCT_7,8,4,2,8,9,3,5,0,1,9
CGGAGGTCGAGA_7,6,5,0,3,8,7,3,4,9,3
ACCAAACCTCAA_7,8,4,7,1,2,9,8,4,1,5
TAGAAGCGAAGT_7,8,4,4,8,3,4,5,3,6,7
TCAAGAAAATCC_7,6,4,0,6,2,9,0,5,4,9
GCCAAGAGATAG_7,4,2,4,3,5,0,9,7,4,8
CCCCTCTGGAAT_7,3,9,1,0,6,6,4,3,3,7
CGCCCGGATCTA_7,4,1,5,9,7,2,3,2,9,5
CTTCTCAATCTT_7,8,7,5,3,1,9,9,8,0,2
CGCACGACAGGC_7,2,8,3,0,7,1,8,1,8,0
CTACTACGTTCT_7,7,5,2,9,2,1,5,4,1,5
ATACGCACGGAC_7,0,1,7,5,6,6,9,8,8,4
GTACAACCCTAA_7,4,7,7,8,0,9,2,9,4,2
GAGCTCAATCCT_7,4,2,9,3,6,5,6,8,6,0
CCGCGCGGACGC_7,0,0,7,5,2,0,6,5,4,3
GTTGATTTGCAG_7,8,7,5,8,1,3,5,9,5,9
CGCGCAGGATTA_7,8,5,6,2,3,1,6,1,0,6
TGACTATTCGCG_7,4,2,8,5,6,1,9,7,3,2
ATGGATACGCCG_7,0,1,7,5,1,0,9,2,8,7
TTGGTGTCTTAG_7,9,4,2,8,9,9,1,0,6,8
TGTTTTAGGATT_7,2,6,6,5,3,5,3,1,2,6
CCCATAACTCTT_7,9,8,2,8,2,8,1,5,8,1
GCAGCGTTCAGA_7,2,6,5,6,7,4,8,2,2,8
AGACGTGGTCTC_7,6,3,8,1,2,3,4,0,7,1
TCCCATTGGATA_7,1,1,9,7,6,1,1,2,7,4
ACGATACCTTGC_7,2,6,3,7,3,3,4,3,2,6
GATAACCCAAAT_7,2,1,1,5,6,1,3,3,2,6
CTGCGCGCACGC_7,4,1,7,6,7,0,9,9,8,3
AACGACCAGATA_7,9,0,1,1,3,0,6,5,6,1
CTCCTTAGTGGT_7,8,3,5,7,4,3,0,0,6,5
CGCCTCATAGCT_7,3,9,3,3,4,1,1,8,6,4
CAGAGCCCCGGT_7,8,4,2,8,9,8,7,4,5,5
CACAGAGCGGCA_7,9,8,8,1,5,3,8,0,6,5
ACTCCGCTACCC_7,1,5,1,7,8,7,6,3,3,0
AGCTAAATGGCA_7,7,6,1,2,6,1,6,2,2,6
GTCACCTACCAG_7,6,8,0,4,2,5,7,5,5,5
TAGATGAATACA_7,1,2,2,6,2,5,8,4,5,9
CACAAGGGTCGT_7,8,2,0,6,5,0,2,0,4,5
CGCATCCCGTCT_7,1,9,9,2,6,0,9,8,3,2
CCTAACCGAAGT_7,9,4,2,0,3,8,5,4,5,1
TCTCCGCACCTG_7,2,1,1,7,3,3,4,3,2,7
ATTTAATAGCGG_7,3,6,0,4,7,3,6,1,2,5
CTTCGACCAGGA_7,6,3,5,0,1,5,3,7,9,0
GTTAAACGCCCT_7,1,1,1,3,7,1,8,2,6,5
CAGAGCTTTTGC_7,4,4,5,1,0,2,6,5,1,8
TTAAGAGTCTAT_7,3,2,9,9,6,7,6,1,2,6
AGCAGTGCCAGG_7,6,8,7,1,7,9,8,5,4,9
GTCCGCGAGTCG_7,1,1,5,5,1,7,7,3,8,0
TCCCCGATCGAC_7,4,9,4,9,2,9,5,9,6,8
CTTCAAGCTATT_7,8,8,0,8,2,8,5,9,5,5
AGCGCGAGCAAT_7,9,8,0,6,5,8,6,0,1,9
GCCAGGTCAAGT_7,2,1,3,1,6,4,2,1,0,8
TTCGTATATTGA_7,5,5,7,2,5,5,3,2,0,4
AACCATTGTATT_7,6,4,2,1,9,8,8,4,5,5
CCCCAGAACCGC_7,5,6,1,5,8,7,4,3,8,6
GAGCTCAATCCC_7,5,6,0,4,4,1,3,3,8,6
AGAAGCTTATGC_7,4,4,8,2,4,3,5,4,1,5
TGGAGCAGTTAC_7,0,2,0,6,5,0,2,5,4,5
CGGGTCGCGGTC_7,5,2,7,4,1,0,9,7,3,8
AACCATTCTTTC_7,7,0,4,0,1,7,3,2,2,0
GATGCTCATTCC_7,2,1,6,5,8,6,0,1,3,4
TGACCAAAGGTC_7,2,0,1,2,3,7,3,2,3,6
TGGCATACAGTC_7,6,8,7,4,5,2,8,5,5,8
TTATTCGCGATG_7,0,3,1,0,0,4,3,6,0,6
GCTCACGGAGGG_7,9,4,0,8,2,9,8,5,6,5
CCGGCGCCGTTT_7,5,1,5,9,6,2,9,2,0,4
GCCGGTCCGAGG_7,5,7,5,3,6,6,9,8,0,4
CGCATCCCGTCA_7,3,9,5,3,0,0,1,8,8,8
CCTGCATTTCCG_7,4,6,9,9,3,7,6,1,6,6
AAATACATCGTC_7,6,3,2,9,2,7,8,4,2,1
CCGCAGGCGGAT_7,2,1,9,5,0,4,3,7,3,7
CAGGATGGAAGT_7,4,7,1,6,1,0,1,6,3,2
GTTGAGGCCGAG_7,6,1,5,1,9,0,6,7,7,5
TTAACACCCCTG_7,5,0,3,5,8,6,1,1,0,7
ATCACCAGCCTG_7,9,4,2,8,0,8,0,5,5,1
AGAGTCTACCGG_7,2,1,6,5,6,5,4,1,3,8
GACAGTAAACCC_7,6,5,0,1,0,2,2,9,4,5
GCGCGTGAAACT_7,3,6,3,2,1,0,4,8,0,6
AGAGCAATCCGC_7,2,1,3,5,1,2,9,8,8,8
GACGCCTCCCTA_7,7,0,1,9,4,7,3,3,0,4
TCTTTGCTACTA_7,6,4,8,8,9,8,2,5,1,5
CGGGGATTGCCG_7,0,5,3,4,3,5,8,8,5,9
CCGTATAAGCCC_7,9,5,7,1,9,9,2,5,7,5
CCCGGACGGCTT_7,0,8,0,0,3,4,1,8,2,7
GGCGTAGTACCT_7,2,8,9,4,9,5,7,4,5,1
CCCGGTAGTAGA_7,4,2,6,4,1,0,2,8,4,2
AGCCCCAGGCTA_7,7,6,1,0,6,1,0,6,0,8
ACAGGAAATCCG_7,0,2,1,9,8,6,6,5,2,6
GCTCCTTCGTAG_7,8,7,0,6,7,6,0,0,9,5
AGTCGCGCTCGC_7,5,9,7,1,7,4,0,1,5,2
GAGCTCAATCCG_7,1,0,0,5,9,6,2,7,9,6
ACTAAGGCGAAC_7,2,4,2,4,4,8,0,0,5,5
ATTCCTGCCCTG_7,4,2,7,1,1,9,2,8,8,9
AGTCTCCCACAG_7,7,2,5,7,5,0,8,9,0,4
ACCCATTTCATG_7,1,0,1,9,6,3,4,7,9,6
CACCCTGCGGCT_7,1,5,5,6,9,8,1,7,9,0
TATGCATGCAGG_7,5,5,1,0,4,1,3,3,3,6
GACGAGCGGCAC_7,2,2,5,7,7,4,1,6,7,8
GGTGCCGTAAAC_7,3,6,3,0,9,0,3,2,9,8
GAGTCGCGATGT_7,2,1,5,2,3,6,3,3,9,0
GAGGCGGGATGG_7,9,7,0,8,9,9,1,0,6,3
AGCTAGCGGAGG_7,6,4,8,4,2,9,0,5,7,1
GGTAGCCGTAGA_7,4,4,0,8,9,4,5,0,4,9
CGACTTGTCTGT_7,2,5,4,9,4,6,6,1,2,0
TCTCTGTCTCCT_7,9,4,8,0,3,1,7,4,6,0
GGCAGACCGAAG_7,3,9,3,0,8,7,6,7,3,4
ATCCCGATGCGC_7,6,1,7,8,2,2,2,5,4,5
ATCGGCCTGTCT_7,5,1,9,2,0,4,2,2,9,6
CCTACATAAGGA_7,8,6,5,3,4,4,1,6,9,2
GTTACGCTTCTA_7,6,4,7,4,5,1,2,5,4,9
CGCCAATGATAT_7,1,3,3,7,8,2,2,2,9,0
AATTTTCGACGA_7,0,1,3,7,6,7,4,2,9,4
TCCGAGCGCTAG_7,2,1,9,3,8,1,3,0,8,3
CCCGGGCGAGGA_7,6,3,0,3,5,9,7,5,4,5
CATGGCATCGCC_7,2,3,1,5,0,4,2,1,3,8
ACCACGGGCTCC_7,9,8,0,8,2,9,8,0,5,5
GATCAAAATAAT_7,1,2,3,3,7,6,8,8,0,3
GGGAGGACTGTG_7,7,1,5,6,5,2,0,5,5,9
CGCTGACGAAAA_7,5,6,6,6,4,0,1,8,3,4
GCGCGTGAAACG_7,7,6,5,3,6,4,6,6,0,8
TAGGATGAACGA_7,9,8,2,8,4,8,9,4,6,0
CCTCACCCGTTG_7,7,6,9,5,7,4,4,2,8,6
TTTCCATACATG_7,6,8,0,1,9,5,0,5,1,3
TTTAACGCATAA_7,0,2,4,3,7,1,3,1,0,4
GACATCCTCCCT_7,0,1,1,0,3,6,3,2,2,3
TCCCCTACTTAG_7,5,8,1,6,0,1,1,8,3,3
CTCCGATCTGGG_7,5,0,6,2,6,2,0,7,0,0
GACGTCTGACGG_7,3,2,3,1,8,4,5,1,9,2
TGGGCCTATTAG_7,9,4,2,1,2,8,5,4,5,1
CAAAAAACACTT_7,9,0,2,8,9,1,5,4,7,1
GCTCACTGGCGC_7,0,6,6,7,1,5,4,8,6,7
GTGCTTCGACCT_7,1,0,1,2,4,2,6,3,3,0
ACCGGTCTGGAA_7,0,5,3,2,3,7,0,1,7,6
CCCGGACGGCTA_7,9,5,1,4,6,1,3,6,3,8
CGCGTAGATGCG_7,0,1,1,2,7,7,2,3,0,8
ATCCAGGCGCTG_7,5,5,3,5,6,7,4,7,9,0
CTCACTCGTCCT_7,6,2,7,7,1,7,9,1,0,0
GCCCGGAGCACG_7,5,0,9,9,8,7,6,7,3,6
AGTCTTTCACTA_7,2,3,9,0,6,5,1,3,8,7
CACATAATCCGG_7,9,4,2,5,2,5,5,4,5,1
GGTAAGGGCCGC_7,1,7,0,9,4,3,6,7,7,7
ACCCAAGTCGCG_7,0,2,1,3,1,6,0,9,9,3
ACTCACAGCGTG_7,1,1,8,9,2,7,8,8,0,3
GTAATAACAGTC_7,9,8,2,9,4,8,5,4,1,1
CATCTTCATTAC_7,5,7,0,6,4,3,1,6,7,5
CCGTAACGCTTC_7,9,3,0,9,5,8,0,5,5,1
CCGTAACGCTTG_7,0,4,0,9,2,9,0,4,5,9
ATAACCGATGAT_7,8,7,0,8,2,9,8,5,5,5
TAGCGCAGAAGC_7,5,1,5,2,8,4,3,1,9,0
GTTAGGACGAAG_7,2,2,5,4,4,1,1,1,6,6
CGAAAGGTCGTA_7,7,0,6,7,6,3,3,1,9,0
CGAGCGTTCCCC_7,1,2,4,2,4,4,3,3,0,4
AACCGAGCATGT_7,8,8,2,4,5,0,9,1,8,2
GACCATTAAGCA_7,1,5,0,8,5,8,8,5,4,8
TTCTGTCTTAGG_7,2,3,1,3,7,7,0,1,9,7
TTATATTTGCCC_7,0,5,6,2,8,7,4,3,9,6
GCTAAGCAGCAA_7,7,3,1,5,7,7,3,1,9,6
TCCCCTTGCCGT_7,5,3,0,5,1,0,0,1,0,8
CGGCTACTTTGT_7,9,8,0,6,2,5,5,4,1,8
TCAGCGACAGTA_7,7,6,9,7,6,4,9,7,0,4
TACGACGTGTTA_7,6,3,8,1,5,2,0,5,6,5
TACCTTGTGGCA_7,6,8,2,1,5,2,0,5,4,1
AAATTTGCAACG_7,2,9,7,6,4,9,8,8,1,9
CCAGCCAGGACG_7,0,3,3,2,7,2,3,2,9,7
CTAGATTACTGC_7,3,9,9,5,1,3,9,8,3,3
CTCACTCGTCCG_7,4,2,0,3,9,0,2,0,6,4
AATCTTCGAAAT_7,9,4,2,4,3,8,7,4,1,1
CTGACCGTCGGA_7,1,0,1,5,8,4,4,2,8,0
TCGCGCGGCCTG_7,6,4,8,1,9,3,8,5,4,5
ATGTCGTCTGCA_7,3,1,9,3,6,4,4,2,8,0
GCGCGTGAAACC_7,0,1,6,7,8,2,9,1,9,0
TGCCTGTTTAGG_7,5,9,1,0,3,1,1,2,2,7
ACCATACTACAA_7,0,0,9,2,1,5,9,1,2,3
CATCAGAATCGA_7,9,4,2,8,3,9,7,0,5,5
TTGGACAGCAAT_7,7,6,6,0,1,6,5,7,0,0
CCGCGCGGACGA_7,6,8,5,4,7,0,2,9,9,7
TTCGAGCACACA_7,0,7,6,6,7,7,9,8,0,3
TGCTCTGATACT_7,5,0,9,2,0,4,6,3,3,6
GAGCGGACGATG_7,1,6,1,5,1,4,2,7,8,8
ACCACAGGATGC_7,4,5,7,6,1,4,9,6,3,3
GCTGACAGTGAT_7,2,6,1,2,0,4,3,3,6,6
CGTGAAACACGG_7,4,4,8,8,5,8,5,0,1,5
GGATGGGTATCA_7,7,3,4,9,0,6,6,1,6,7
GGCAATAGCCCA_7,6,3,1,1,7,8,4,8,4,7
GGCAAGGATTTG_7,9,4,2,8,2,8,7,5,1,5
CTCACTCGTCCC_7,7,8,5,6,1,0,0,2,6,3
GAGGGGAGTGGT_7,4,9,0,8,2,2,5,0,1,9
GAGCTCAATCCA_7,1,0,4,4,0,2,2,3,0,4
GACTTGCATCCG_7,1,7,5,6,0,9,8,8,5,8
TCTCTGTCTCCC_7,8,5,2,9,9,7,2,0,2,4
CGCTTGCCAACA_7,5,7,5,0,8,5,9,6,2,2
CACTCAATCAGT_7,9,3,0,4,2,9,0,4,7,1
ATCAGTTAGTTC_7,7,5,9,2,8,1,4,3,8,6
GACAGAGGCAAA_7,1,5,6,0,8,3,6,3,9,7
TAAATCCGATTC_7,5,5,4,0,5,6,0,3,4,8
TCGCATTCGGGA_7,1,5,7,9,0,7,2,7,2,8
AGGCACCGACCT_7,8,1,7,4,2,1,8,0,1,5
GACTTGCATCCT_7,0,8,7,6,0,2,1,2,4,8
ATGGATTGCCAA_7,8,5,8,0,5,7,0,6,7,6
TCTCAATTGCGC_7,0,5,9,3,4,3,3,2,9,3
TCTATGGCTTCC_7,7,6,6,9,3,6,3,6,9,4
ACTAGGGCGAAC_7,6,3,0,2,5,5,3,4,1,5
CACCCGGAGCAG_7,5,5,6,7,7,7,6,2,0,0
ACGCAAACGTCG_7,7,5,9,2,4,1,4,3,8,4
CCGTAACGCTTT_7,9,5,0,5,2,9,9,5,9,5
CGTGCCGGTGCG_7,1,5,9,1,1,4,6,6,8,6
TAGGACCGGCCC_7,5,0,5,2,3,7,4,2,8,4
GGGAATAAATAT_7,3,9,6,9,6,4,9,3,0,2
CTATCCTCACTA_7,1,0,3,9,8,6,3,1,8,3
GCCTCAATCCAT_7,2,0,1,9,8,1,0,2,2,7
CGCACACTAGCA_7,9,8,2,8,2,5,7,4,5,9
TACTGCCGCGCT_7,6,5,9,4,9,4,6,0,5,9
AGACCTATCCCC_7,1,0,1,2,4,6,0,1,9,7
AGCCATTAAAGG_7,6,5,0,5,2,9,0,5,8,8
ATGAGAGTGCCG_7,0,8,2,2,3,3,8,9,5,1
AGGTGCACGGTG_7,6,3,2,1,5,2,6,5,6,1
CCTGAACTAATG_7,3,9,6,9,7,6,3,6,2,7
AAATTTGCAACT_7,8,7,5,3,0,3,7,2,1,5
CATAAAGATCCT_7,2,0,5,0,0,2,4,2,0,6
ATGGCATAGCGC_7,0,5,9,2,8,4,4,7,9,6
GGTGCCCGTGTA_7,2,1,6,2,7,3,2,8,2,3
TGATGTGTCTAT_7,5,6,5,9,0,7,0,3,2,7
GATGGGTACATC_7,9,8,2,9,8,5,5,5,5,1
GCGCGTGAAACA_7,8,1,3,7,1,7,3,9,9,7
CCACGACCAATG_7,3,0,3,1,4,2,4,1,9,4
TCGTTACCCCGG_7,7,0,9,3,3,1,4,3,6,6
GTACCGCACAGA_7,4,5,4,4,0,4,1,1,6,8
TCTCTGTCTCCG_7,9,9,4,9,3,1,1,0,2,7
GATCGCCTATGG_7,3,9,4,9,6,4,1,6,3,2
AATCTGGCGTAT_7,8,4,2,1,2,8,0,4,1,9
AGCCGTGGAACA_7,5,6,5,6,7,7,9,2,8,2
CGTGCCCGCCAA_7,2,5,3,3,0,4,3,7,6,4
ACCTCTGGAATA_7,4,2,1,2,6,5,4,8,8,4
ATAATGTTCTAT_7,3,9,3,9,6,4,1,6,9,3
TTACCGGCTCAC_7,5,1,5,5,7,2,3,1,3,6
ATGACTACGTAG_7,4,0,4,6,1,4,1,6,2,0
TGTTTAATTGGC_7,3,2,1,5,4,7,8,1,0,4
GGGCCTCCTGCG_7,9,4,2,8,9,8,7,0,1,1
GTGGAGTGAAGT_7,1,6,4,9,7,1,3,1,3,4
AGTAATCTGGCT_7,7,3,1,7,0,5,6,3,3,6
GCCGAATCGGAC_7,8,3,2,6,2,2,6,9,1,5
CGCACGACAGGT_7,1,9,4,0,8,7,8,2,0,7
GGAGCCCAGACA_7,8,0,7,1,7,9,2,5,5,5
AATAATAGGACG_7,3,2,8,7,1,5,6,7,7,1
ATCGGCATATTC_7,9,8,0,8,2,5,6,9,5,1
GACGCTGATCTG_7,6,7,8,6,0,3,1,9,5,9
CGTAAACACGTT_7,5,0,3,3,8,6,2,7,2,0
CCAATTCCCAGG_7,8,8,7,4,5,9,5,5,5,5
CTTCATGTTGAC_7,5,0,1,9,5,7,4,7,6,4
TGTAGGTAGCTC_7,2,0,5,2,8,3,9,1,3,0
GTGGTTTCGGAG_7,5,6,4,5,1,1,9,1,6,0
TTTGCAAATAGC_7,7,1,7,3,1,1,2,9,4,3
AAATTTGCAACC_7,2,0,5,1,7,3,9,9,3,8
CAGAACGTGTAA_7,6,8,9,2,8,8,8,4,1,9
GACTTGCATCCC_7,0,3,8,8,0,5,2,2,9,8
TGTCGGAATTGC_7,8,3,2,7,1,4,2,8,5,3
CGCGTAATACAG_7,4,7,0,6,9,9,1,9,7,2
GGTACTTCAGGT_7,2,5,9,7,0,4,3,6,2,6
GCGAAGGCGCAA_7,8,3,4,8,7,6,8,9,7,2
CATCCGGTGCTT_7,5,6,5,0,7,4,6,8,8,0
TCTGTCGTTCAG_7,3,5,9,2,6,7,3,7,6,7
CCAGGGCGCCAT_7,0,3,7,2,5,0,0,5,1,5
CCGTTGGGAATC_7,5,3,0,7,1,1,2,6,7,3
CCGGTTCGGTTG_7,9,8,2,6,3,8,8,5,5,5
CACTCCCCACCG_7,2,6,5,5,8,0,3,2,3,8
ACGAACTCCTTT_7,4,9,4,6,4,4,1,9,8,2
CCCGAACCTTGA_7,5,8,9,7,8,1,4,1,0,4
GCTCACTGGCGG_7,2,9,1,2,1,7,6,3,2,2
GGTCCGTTGGTT_7,2,5,9,7,5,7,9,2,8,0
CTAGACCAGTGC_7,3,5,3,9,6,1,3,3,2,6
TCGTGTTGCTAG_7,7,1,6,2,0,2,4,5,2,6
ACTGCATCCACT_7,8,4,8,8,2,9,8,6,7,9
ATGGACTTTCAG_7,0,1,1,7,8,6,2,8,9,3
CGGCGCGTCGGT_7,4,1,9,5,8,5,4,3,9,8
TGGGCTCGCTCG_7,1,6,1,9,7,5,9,7,8,8
CTATTCAGACAC_7,8,7,5,4,7,1,2,5,6,9
CCACGACCAATT_7,5,5,5,5,7,3,0,3,3,3
TCTCCCATTTCA_7,7,0,3,3,4,1,6,3,2,8
TCGCGCCAAAGT_7,0,2,0,1,2,2,0,5,4,1
TGGGTGCACTTC_7,6,1,0,4,9,7,2,5,4,6
CACGTTACTAGA_7,7,0,9,9,3,7,0,7,6,4
TTGGACTCGATT_7,8,7,8,8,2,8,5,9,5,5
CCCTAACCCTGG_7,2,7,6,6,1,0,9,8,3,2
ATGTCCTCCGAG_7,6,2,0,2,5,3,3,1,2,3
GCGCCGGGAGAG_7,9,6,2,0,5,8,0,0,7,1
GGTGCCTGCCAA_7,8,7,7,6,0,9,1,9,4,2
GTATGAAAGCTT_7,2,1,9,3,8,3,4,5,9,0
CCAATCCTGGAT_7,3,9,3,3,7,1,3,3,9,2
TTTAGTTGGGAC_7,7,1,4,2,1,0,9,1,9,6
AATGCCAGCAGG_7,3,5,2,7,4,3,6,7,2,0
ATTTCTCCCTTA_7,3,0,3,9,6,7,2,3,9,6
TCAGAAGTCCTA_7,7,6,1,9,6,3,4,2,2,0
CTGTCCCCACTT_7,5,3,6,9,8,6,9,6,0,2
GAGGCACGCAGG_7,2,9,3,5,6,0,5,1,9,0
TGCCGAATAGAT_7,7,9,6,9,6,4,9,6,3,8
AGCTACCTAGAT_7,7,1,9,5,7,3,4,6,3,6
CCAGTCTTAGCC_7,3,9,6,0,7,6,1,7,9,0
CCAACGTTAGTG_7,7,5,8,5,0,1,4,6,6,5
AAATTTGCAACA_7,2,6,5,6,1,0,1,0,4,5
TAACTAATTAAC_7,2,6,7,2,1,4,3,2,0,5
CCACGACCAATC_7,2,0,3,5,7,4,9,1,3,3
AACCCACTCTGG_7,7,0,1,9,4,4,6,1,2,8
GGACATCGCTGC_7,3,7,5,0,7,0,8,8,8,3
ACACCTAGAGTA_7,9,4,2,8,9,8,7,4,5,5
CCATTTGGTAGC_7,3,1,6,9,7,6,4,1,6,8
TAGCCTCATCAT_7,6,8,0,1,0,7,6,5,1,0
GTAATCTGTGAT_7,5,2,3,5,8,3,4,2,6,8
CACGATACGAAT_7,2,5,1,4,9,8,8,5,6,1
CTACCTCCAAGA_7,2,9,1,7,7,6,4,7,3,2
GTAAGCGGGGTC_7,9,4,2,1,9,8,0,5,1,1
AGTTACAGCTCA_7,6,4,7,8,2,9,7,7,5,5
GCCATTTCATAA_7,6,5,6,3,1,6,6,6,0,0
TCGGTGTGTGAA_7,3,3,5,9,4,0,9,3,6,2
CGAACCCTATCT_7,6,4,4,1,4,8,5,4,1,1
AGACACCACTAC_7,2,0,4,2,4,4,6,2,2,3
AGTAATCTGGCC_7,4,1,3,1,4,4,2,2,1,2
ACCAGCTGACCT_7,3,5,6,5,7,4,6,2,9,6
AACTCCTGAGCC_7,2,9,1,7,6,7,3,7,3,7
ATAGTATCCAAC_7,5,9,9,9,4,5,9,6,2,2
CATCACGCCAGT_7,8,9,7,8,9,2,2,0,7,3
TCTACTTTCCTC_7,7,2,6,7,0,3,0,7,9,3
CCCCATTAAGCT_7,7,6,9,2,8,7,4,7,3,6
GTCCCTAGGTGA_7,5,1,3,2,7,2,6,7,2,0
AATTGAATTTAT_7,3,5,4,9,0,2,9,6,8,4
TAAACTGGCATC_7,2,6,3,2,3,4,3,7,2,6
TAATTCTTTGAC_7,1,1,1,3,8,1,9,3,8,0
TCCTGTCTGACG_7,6,2,7,1,0,5,8,5,1,1
CGTAGGTCTTGC_7,4,7,0,6,5,9,9,8,0,9
GGCTGTCGTGTC_7,2,5,9,5,3,7,3,6,8,0
GGTGCAGCAAGC_7,8,8,0,6,7,9,6,9,4,8
ATTTATTAGCTG_7,9,0,0,1,0,8,0,0,4,1
TCTCACTTGTTC_7,3,1,6,9,4,6,3,3,9,6
GGCGATCGTGGA_7,1,9,9,7,8,4,6,2,9,6
TTTCTGACTGGA_7,8,6,4,9,6,0,9,6,9,2
AGTAATCTGGCG_7,7,0,1,4,7,1,6,7,9,0
TTAGACTATAAA_7,3,1,1,9,7,6,9,3,0,7
TGTGTCTGGTCA_7,5,5,7,0,0,3,2,1,0,7
ACCTGCCCGAAG_7,7,5,3,3,8,7,2,3,0,6
TCCACTTTCTCC_7,5,9,1,9,3,1,1,9,0,4
TTTAAACCCAAC_7,2,5,6,9,0,6,4,2,7,4
CGGGAACAGACT_7,0,2,6,4,7,6,6,2,2,3
TTGCCGAGCTTG_7,4,9,6,9,4,1,9,6,8,2
CTATTTCGTTTC_7,1,9,6,7,6,2,1,8,3,7
GGCGCCGCGTCA_7,1,1,9,3,0,6,3,7,5,0
CATATTGTTTTG_7,5,5,1,2,6,0,8,2,6,0
TGAGATATCATT_7,3,2,9,7,0,9,6,0,9,4
