,0,1,2,3,4,5,6,7,8,9
TTTCTATTACAC_5,2,0,1,8,9,4,4,3,1,1
ACCATTAGCGGA_5,8,8,1,5,6,9,4,0,1,8
TCCGCCTGCGAA_5,6,6,1,5,0,5,2,8,0,8
ATCCCATGATAA_5,2,5,0,4,0,7,4,1,6,6
CTAACGTCCTAC_5,0,4,0,1,7,5,4,1,5,7
ATGTTATTAGGT_5,6,6,1,6,4,8,0,8,5,7
AGATACAAGCCA_5,6,6,5,1,8,9,6,3,0,7
TGCAGTCGCGGG_5,2,5,9,8,6,8,5,0,8,9
TGGGGACGCGTG_5,6,8,4,6,3,5,4,8,8,8
ACGGCCCGGCGA_5,6,4,8,0,8,3,0,3,1,1
GTCGCGGCAGAG_5,0,6,4,6,0,4,9,0,5,8
CTATATGGCAGA_5,2,2,1,2,6,3,4,8,9,7
GTAGTGTCTGAC_5,2,1,3,8,0,9,1,3,1,2
AGTCACATGGAC_5,3,7,1,8,0,5,6,0,8,3
GCCCGCTCTGCG_5,6,5,8,1,3,5,4,8,8,7
CAGACCTTCAAT_5,2,7,6,3,9,6,1,8,6,2
AGCCCTAAATGT_5,2,9,4,5,4,3,4,5,1,8
TTAAAGAGTATT_5,5,8,9,1,0,7,0,9,0,8
GAGGTTAAGGAA_5,9,2,9,1,2,5,4,1,0,9
ACCAAAGTGCGG_5,1,1,9,8,3,5,6,3,2,8
GGAACAGTCATT_5,6,6,7,2,9,2,2,3,5,5
AGCCCGACCTTA_5,7,0,6,8,8,6,0,3,1,2
TCGAATAGCTTA_5,0,6,7,8,4,8,2,9,1,9
ATGTTATTAGGC_5,2,6,8,5,8,8,4,7,9,7
CGGATTGTCCCA_5,8,5,8,6,5,8,5,9,1,9
CATAACAGGAGA_5,1,6,9,5,0,5,9,0,8,8
CAGGGCAGCCGT_5,1,8,8,7,8,3,3,1,0,1
TCCAACCGGTCG_5,1,5,9,8,8,9,6,8,8,8
AGCAATGCAGCC_5,0,6,4,0,4,3,9,7,5,6
CGAGCGACTAAT_5,4,1,6,5,0,4,5,3,1,6
CATCACGTATGC_5,6,4,0,5,6,8,2,1,9,8
TACGGGTCCCGA_5,8,8,5,4,0,9,6,2,1,6
GAAACTCCTAAA_5,2,2,6,1,4,5,4,1,5,5
TTTTCGCGAATC_5,5,5,6,1,4,0,6,9,9,4
GTCCATATAAGT_5,5,2,0,2,4,8,4,3,9,5
ACCAAAGTGCGC_5,1,8,8,8,3,9,0,1,8,8
TCTATATTCTAA_5,6,4,0,7,4,8,4,6,1,7
GACGATCGCGCA_5,6,0,8,1,6,5,4,8,9,5
ACTGCGAGCAAG_5,6,8,0,1,4,8,0,5,0,9
GGACCACGCCAC_5,5,0,1,4,0,9,2,8,6,3
GACGGCCCTCAA_5,7,0,3,4,8,6,1,3,3,2
GCCACGTTCGGT_5,3,0,8,3,2,9,4,3,2,3
CCACTGCCCATT_5,4,8,0,1,4,5,2,0,9,9
TCCAACCGGTCC_5,6,0,9,8,3,5,6,0,2,1
GGACCACGCCAA_5,8,5,9,8,8,4,6,0,0,9
CAACAGGCAGAG_5,7,1,6,3,0,9,5,3,3,9
CTTGCCGACTAA_5,2,1,0,5,3,4,4,5,2,3
TTGGCTTGTCAG_5,3,0,6,8,0,7,5,8,7,1
TTAAAGCGGGTC_5,3,2,5,4,0,6,5,1,3,6
CCCGTATTATCC_5,6,0,9,5,8,4,9,3,1,6
GCTTACGGCAGA_5,4,8,7,6,3,3,0,1,9,5
TCCAACCGGTCT_5,1,0,9,8,6,5,5,8,8,1
GGTTACAGACGC_5,5,8,0,0,6,3,3,3,6,5
CCTCCCTCGTCA_5,6,1,9,1,8,9,3,5,0,6
ACGAATAATCGC_5,2,5,6,2,3,9,4,3,1,7
GAGGCCATACAA_5,5,4,0,0,7,5,2,6,4,4
CAGTCGCAAAGC_5,3,0,3,1,5,5,6,9,0,3
TCTCAACAACGG_5,4,8,4,5,6,8,5,8,5,1
AGTGCTCGGTTT_5,2,2,1,8,5,4,0,5,5,8
GGAGCGCCTTCC_5,4,4,7,1,6,3,2,6,2,5
CTTACTCGTATG_5,2,8,0,6,1,4,4,2,9,7
GACCCTTCATTT_5,2,0,5,5,9,3,0,8,6,5
GAACGCCGCTGT_5,1,0,5,3,2,9,5,9,2,1
AGATAGGAAGCG_5,1,5,8,6,3,5,2,8,8,8
AGGACCATTCTG_5,0,0,8,0,8,6,0,1,1,5
GCGAGGAATTCG_5,6,4,8,0,6,8,2,0,5,6
ACGTGTTACTAT_5,2,8,9,1,4,5,4,0,1,5
AGCGTGGAGCTG_5,2,8,9,1,3,8,2,8,2,8
TTGCCGATCCCT_5,1,0,9,5,3,2,2,3,6,8
AACCGACATAGA_5,8,6,1,6,4,8,9,7,5,6
ACTGCGAGCAAT_5,8,9,8,5,6,4,4,0,5,9
AGGACCATTCTC_5,8,7,3,5,8,3,4,1,3,2
ACTGCGAGCAAC_5,4,1,0,3,3,3,4,3,0,8
TCCAACCGGTCA_5,4,5,4,9,6,5,2,1,2,8
GCCCCCGACTGG_5,3,1,3,4,9,7,1,5,1,2
AACAATTTACTT_5,1,8,4,8,0,3,0,9,1,2
AATATACTAAAG_5,2,0,9,9,9,8,6,0,5,3
AGATAGGAAGCC_5,4,5,4,1,3,8,6,8,0,8
ACTCAAGCGCCG_5,4,5,8,6,6,3,2,1,0,7
CACTCAAAGCAC_5,4,3,5,1,9,5,7,5,0,8
AATAACCCCCCG_5,7,8,3,8,9,6,5,9,7,3
GACGATCGCGGC_5,0,5,8,6,5,2,5,8,2,8
GTCGCGGCAGAA_5,4,6,8,1,3,7,4,5,0,7
GTCGCGGCAGAC_5,1,6,1,5,8,8,2,7,5,1
CCGGCCCGCGAG_5,8,8,6,1,0,7,4,3,5,7
GGTAGACGTATA_5,8,1,8,1,8,7,8,4,0,5
TTGAGTAAGGGG_5,7,1,0,5,3,4,4,9,0,5
CATACCGTCTTA_5,3,6,3,8,8,6,9,3,6,2
TGCAGTCGCGGA_5,6,8,9,8,3,5,2,8,0,9
TTAGTGACCAAT_5,1,1,6,5,1,9,6,8,5,7
TGCCCATCCTAG_5,6,5,1,0,3,8,6,4,6,9
AATATACTAAAT_5,2,7,7,4,8,9,8,8,1,6
TCGAAAACTACG_5,0,9,3,2,9,3,0,5,1,3
TACTCAACGTCT_5,3,7,3,5,8,9,1,0,1,2
CTGTTCTGGTAT_5,6,7,3,4,8,9,0,5,6,9
AGGACCATTCTA_5,6,4,8,0,4,9,6,5,6,2
ATGAGGATGCTT_5,5,9,0,7,7,0,8,6,0,7
GACACGGCCAGG_5,3,8,4,8,2,9,6,1,7,5
AGTAAGTGCAGT_5,6,5,7,0,5,8,0,6,9,3
CGCCACATGGCA_5,1,5,3,5,1,0,6,6,0,1
AGATAGGAAGCA_5,4,8,8,5,6,5,4,8,8,8
ACCCGGCTCAGC_5,7,9,1,6,5,2,4,3,4,0
CTTGTCGGGTGC_5,6,5,0,0,5,6,4,4,4,4
TCCCCGCGCCGT_5,7,0,3,4,0,3,1,1,7,2
GGCGCTTTAATA_5,3,0,8,8,3,2,6,9,2,3
GGACCACGCCAT_5,1,0,4,5,0,9,0,1,6,5
TGCAGTCGCGGC_5,0,0,4,1,3,5,6,5,5,8
GCCAAGTTGGTC_5,7,0,5,0,1,4,1,1,1,7
AACGCGCCGTTC_5,7,7,4,5,4,5,6,5,5,8
TTGTGGAATAGC_5,1,0,6,2,5,7,6,0,6,7
TTGCCGATCCCC_5,4,5,8,5,3,6,6,1,5,8
TTAATATCCTTT_5,7,1,6,6,4,4,4,9,1,7
ATTCGCCGAAAT_5,2,5,1,5,1,3,4,1,8,6
AATATACTAAAC_5,8,1,8,1,9,7,4,0,3,0
TTCACACAGGCA_5,5,5,8,0,4,4,4,3,9,7
TTGCCGATCCCG_5,4,8,4,0,3,8,6,0,0,9
TGCATTAAAGAT_5,6,0,9,8,9,5,6,9,0,2
AGATAGGAAGCT_5,1,6,1,6,3,5,4,8,8,8
CACGGCTTAGCT_5,7,1,9,4,9,1,1,4,7,9
GAGGATTCTGGC_5,1,7,6,3,6,7,6,9,6,3
TGCCCATCCTAC_5,0,0,7,2,5,3,0,0,2,4
TGCCCATCCTAT_5,3,0,1,1,3,5,4,0,2,8
CCCGAGCGGCGT_5,0,8,6,5,3,5,6,8,2,1
CCGATTCATCCA_5,0,1,4,7,4,9,0,1,3,5
TCACAGAGGACG_5,4,5,0,6,4,8,0,5,5,5
CCGACTTGTAAT_5,4,4,8,2,3,5,6,8,2,8
AACGCCCTCAGC_5,0,8,5,5,3,5,4,6,6,8
CTAAACACCCCC_5,1,6,1,6,8,6,7,5,6,2
ACTGCGAGCAAA_5,8,8,0,0,4,3,4,3,9,7
ACCAAAGTGCGA_5,6,9,7,8,5,9,6,9,8,8
TATATCGAAGAT_5,1,0,7,5,0,3,8,1,6,2
CTAGCGTTTCGC_5,6,6,9,6,4,2,9,7,8,6
GTATAGCGCTCT_5,7,2,5,1,1,9,0,1,1,9
ACCAACATCAGC_5,8,8,8,1,4,0,2,3,9,8
ATACAGACCGCA_5,9,4,2,0,5,4,3,0,4,0
GGCGTACTGCTC_5,1,7,8,5,0,9,1,8,3,1
TTTCGGGTTCTG_5,8,1,6,5,9,7,3,9,5,7
GCTCTGCAGGCG_5,5,8,9,6,3,4,3,3,0,8
AGCGTGGAGCTT_5,6,4,4,6,5,5,6,0,2,8
GTCCTGTTCTTC_5,5,5,0,6,7,2,2,6,4,4
ATAAGCGTAAAT_5,6,8,7,0,4,8,1,0,7,7
ACTCTTTAGCCC_5,1,8,0,6,6,4,0,4,9,4
TCAAGACGAAGT_5,3,8,9,4,1,9,4,9,3,1
CTTTTTCCTCGG_5,2,7,6,4,1,6,1,4,6,5
AACGCGCCGTTT_5,0,4,1,7,0,4,0,5,9,7
TTAGTTCAGAAC_5,3,3,5,8,9,9,1,8,2,3
AGCGTGGAGCTC_5,1,8,9,6,2,2,0,1,2,8
CAAGGGCCTTAG_5,5,8,1,2,1,8,4,8,9,7
AGCCAACGCTCT_5,6,6,8,5,1,7,1,9,1,1
GTCGCGGCAGAT_5,4,0,1,6,8,6,2,9,0,8
ATTCGCCGAAAG_5,8,8,8,4,8,9,4,4,5,6
AGGACCATTCTT_5,2,2,6,0,9,0,4,9,1,9
GTTCCCGTGCAA_5,7,0,3,8,1,1,5,2,7,9
GCCCGTCAGTCC_5,0,6,4,1,4,6,9,7,5,1
AGCGTGGAGCTA_5,1,8,8,6,6,2,6,8,5,1
AGCCAACGCTCC_5,1,0,9,3,8,3,9,1,8,8
GCGGGTCAGTTG_5,6,6,9,4,8,1,9,8,2,6
CAGCCGCCTCCG_5,1,7,5,4,8,1,1,2,6,2
AGGAGAAGTTGG_5,7,3,5,1,2,7,8,4,1,7
TCAGACCCCCGC_5,0,2,4,1,5,5,6,4,2,0
TGTCAGTAGGCA_5,7,7,6,1,1,6,8,2,3,6
TCGCAATATACG_5,2,5,8,8,4,9,9,1,5,8
GTAATTCATTGG_5,0,3,5,7,0,3,5,0,6,6
ACCAAAGTGCGT_5,4,4,9,2,6,2,6,8,8,0
ATTCGCCGAAAC_5,9,2,5,6,5,6,3,5,5,2
CCCCAACTCTTG_5,5,8,1,1,0,3,0,6,0,4
TACATACATCAT_5,3,7,3,4,0,7,1,9,3,2
GTTTCCCAGATA_5,5,4,2,2,7,5,4,4,4,7
TGCCCATCCTAA_5,5,8,9,5,6,9,4,5,2,9
GTAGTAATCTCT_5,2,4,1,2,2,3,3,1,0,4
CCCACCAAGTTC_5,8,1,5,3,1,1,1,2,7,2
AGCCAACGCTCG_5,6,0,5,0,3,5,5,8,0,8
TGAATCAGGACG_5,1,0,9,7,6,5,4,5,5,8
CGTGTCAGGACG_5,6,6,9,8,8,5,0,8,8,8
GTTAGTATTCTG_5,7,3,6,1,9,7,1,9,7,1
TCACAGAGGACC_5,0,8,7,0,6,4,3,0,0,8
GTCACCGTACGG_5,6,6,8,1,4,6,9,7,9,6
TTAACCGCGGTA_5,1,8,1,8,6,4,5,8,0,5
TGAATTAGGTGG_5,4,3,7,1,4,0,1,1,9,4
GACCACATTGTA_5,6,6,4,6,8,8,9,7,8,6
TACGTATAGGAG_5,2,4,7,6,4,4,4,1,9,7
CGCGTACAGCAG_5,3,0,3,4,9,7,1,9,3,2
CGACCAGACGCT_5,1,0,9,7,7,2,0,0,7,8
CGGGCGCAGGTG_5,3,7,3,3,9,7,5,2,3,9
TGCCACAAGGCG_5,0,5,1,6,8,3,6,8,2,5
TAGTGGTGGCAT_5,3,0,3,4,0,7,5,2,6,3
TCACTTGGATCG_5,3,7,3,3,0,0,1,0,6,2
ATATTGCAGCGC_5,6,8,9,4,3,4,4,9,0,1
AACGCGCCGTTG_5,0,0,1,9,3,8,4,4,5,6
CCTGTCAACGCC_5,3,8,3,4,1,7,1,5,3,1
TTGCCGATCCCA_5,6,4,5,6,5,5,6,8,8,6
ACTAGAAAACCG_5,2,8,4,9,2,5,5,9,0,8
TTGAGTAAGGGA_5,3,0,6,5,6,9,6,4,3,1
CCGCCTCCAGGA_5,9,2,2,1,3,2,8,1,2,6
ACAGCTCCGTCG_5,6,6,8,4,8,6,9,8,8,2
AACGCGCCGTTA_5,6,5,1,5,8,2,3,4,6,7
TCACAGAGGACA_5,2,5,4,5,0,7,8,0,8,1
AGCGCCTCCCAC_5,6,4,0,9,4,4,8,5,5,7
TACGTTATTGCG_5,3,0,5,1,9,7,0,2,0,2
GCCGTTGGAGGG_5,6,5,4,8,5,8,0,8,9,7
ACGACCGAACAG_5,4,4,2,9,5,5,6,8,8,7
GAAGTCAGGATT_5,8,9,2,6,6,2,2,1,4,7
GTTCAGATCTAC_5,4,5,6,8,2,9,0,4,7,0
GTACCGCCCATG_5,9,7,0,5,4,8,4,2,9,9
ATATTGCAGCGG_5,0,8,9,6,0,5,4,9,9,8
TCAGAAATGCGT_5,4,8,4,7,3,3,4,3,9,7
AATATACTAAAA_5,6,0,1,2,9,9,1,8,1,2
GATCGTTTGAGT_5,7,2,2,7,6,6,0,0,0,4
ACCCAGGTTGGT_5,1,3,5,4,0,1,1,3,3,9
TGCAGTCGCGGT_5,4,5,4,7,3,7,2,1,8,7
CAATCCAAGGGT_5,9,9,0,9,7,0,8,1,9,4
GCGCATTACGTC_5,7,3,3,3,0,6,5,2,6,9
TGAATCAGGACC_5,1,5,8,4,8,0,7,3,6,5
CGCGTACAGCAT_5,1,1,9,3,1,1,5,5,6,1
AAGACCCGCCTT_5,9,4,2,0,4,8,8,1,4,4
AAACACGCCCGA_5,0,9,7,2,2,3,0,6,2,4
TTGGCATGCAGC_5,7,7,4,8,0,5,5,1,6,5
CAAGTCGAGACA_5,1,0,9,3,1,7,5,0,7,2
TCTCCAGACCCG_5,9,9,2,9,7,5,3,1,4,4
AGCCAACGCTCA_5,1,6,9,3,3,9,6,8,0,3
GGAGATACTTAG_5,3,3,1,5,0,2,7,1,5,1
TTTAAGGATAAG_5,3,0,6,4,7,1,7,2,1,3
ATTAGTGATACC_5,3,0,6,3,9,1,1,2,3,2
CTAACTTGGGAC_5,1,5,5,4,0,7,6,5,1,6
CGACCTCCAGTG_5,0,5,8,9,1,7,6,4,6,1
ATCGAAGGGAAG_5,8,8,5,2,5,9,5,4,5,5
CAGAAAAACCAT_5,4,5,0,9,2,4,8,6,4,7
TCGCAATATACA_5,6,6,4,6,6,0,7,8,9,3
CGTGTCAGGACC_5,6,1,1,5,0,9,5,8,2,3
TGTTGCCGGCCA_5,3,9,7,5,5,8,1,1,4,9
CTTAACACCGCT_5,7,4,0,2,1,1,3,6,7,0
CGCCCCAGTACG_5,3,1,3,3,0,1,1,2,3,2
TAGATACTTAGG_5,0,5,4,1,2,8,0,9,5,8
TGAATCAGGACA_5,4,1,5,7,1,5,0,0,0,6
ATCGAAGGGAAT_5,7,7,5,8,5,7,5,4,8,2
AGGACTGACAGC_5,2,7,6,3,8,7,1,9,7,2
TGAGCACCGTCT_5,9,4,0,9,7,0,4,6,4,7
ACGAAAAGTCTG_5,4,9,4,1,5,5,2,1,0,8
GCGAAGCTGCTA_5,1,3,1,4,1,7,5,4,0,1
CGGCATTGGACA_5,8,7,5,7,2,3,5,2,3,3
CCGACTTTAGGA_5,2,1,0,1,6,3,2,5,5,6
AGCAATTCAATG_5,8,1,7,3,0,1,5,4,6,2
TGAATCTATAAA_5,4,4,8,6,5,8,2,5,9,0
AGGCAATTTCTC_5,5,5,0,1,7,4,4,4,9,7
TGTAGTGCCAGA_5,2,3,9,4,7,3,1,9,6,2
TCACAGAGGACT_5,8,2,4,7,3,4,2,0,5,5
AACCACTAGAGC_5,4,9,0,5,5,2,8,6,4,4
AGACCCAGTTTA_5,5,2,7,1,4,4,3,1,4,5
CCAGCTAACCGG_5,3,3,5,8,0,7,6,9,6,2
GGGACCAACCGA_5,3,3,3,4,1,1,7,2,3,2
GTACCGCCCATC_5,5,7,2,6,7,0,8,1,4,4
ATGGATATTGCG_5,6,6,1,0,8,6,0,7,5,6
ATTCGCCGAAAA_5,0,3,8,2,1,0,6,1,1,7
CTCGGTCAATAG_5,9,9,2,7,1,4,4,2,4,3
GGACAGCGCGAA_5,2,2,7,0,6,2,7,5,4,0
ATTATTTACCGT_5,6,1,6,7,4,0,6,2,5,7
ATACCGTTCGGA_5,9,6,4,1,4,8,9,0,9,6
TTCTCAATCACT_5,1,7,1,4,9,7,7,2,6,5
GGTGTCCGCGAT_5,8,3,2,4,2,2,7,4,7,2
TTGAGTAAGGGC_5,6,8,5,2,9,4,1,9,3,2
ATGGATATTGCC_5,6,6,1,0,8,0,9,7,5,4
CGAACTTAAGAA_5,8,0,5,3,9,7,1,9,6,3
TTCTCAATCACG_5,7,7,2,4,7,6,1,5,6,0
AAGCATGCTGAC_5,0,4,0,9,7,2,3,6,9,7
CTCCTAACTAAG_5,0,6,1,9,4,3,9,5,9,6
ACCCCGTTGCAG_5,7,8,5,4,1,1,1,2,1,9
ATTATTTACCGC_5,8,3,3,7,7,0,7,5,3,0
AGCAATTCAATC_5,2,7,5,6,1,9,1,1,3,9
AGGCCAATAAAA_5,8,2,4,1,4,8,5,0,2,8
GTTCTGTACGAC_5,9,4,5,9,7,0,2,0,2,0
TGAATCAGGACT_5,0,3,9,2,8,6,8,8,6,2
CGCGTACAGCAC_5,3,0,3,3,0,7,6,2,6,2
AAAGATTAGCCT_5,0,2,5,2,6,7,8,1,7,1
TCCCGCCTCCGT_5,5,2,7,7,2,2,9,1,9,7
CATCATTGTTGA_5,2,7,7,0,9,3,4,6,9,5
CACGGGTTACAT_5,7,7,5,3,8,6,5,9,3,3
CGTGTCAGGACA_5,6,5,4,8,3,6,6,9,6,3
TGTCGCACAAAT_5,2,9,7,9,7,0,0,1,4,4
ATTGCTAGGCGC_5,4,2,7,6,5,0,3,6,4,4
GGACCGTTCGGC_5,4,8,5,3,2,2,7,5,2,4
ATTATTTACCGA_5,2,5,7,9,1,0,8,0,9,6
CGTGTCAGGACT_5,3,5,4,5,0,5,5,8,8,5
ATGGATATTGCT_5,8,6,4,5,4,0,9,7,8,1
TCAGCCGCCTTA_5,5,1,2,7,4,0,3,6,9,0
TGCTTAGTCCCG_5,0,9,8,8,6,5,3,3,0,0
TTCTCAATCACC_5,7,1,5,4,1,7,1,4,5,2
TCCACAGCGGAA_5,8,6,4,6,4,8,9,7,9,6
ACGAAAAGTCTT_5,1,5,2,2,6,8,0,0,9,5
CTAGTTGTGTAA_5,4,8,7,3,2,9,6,5,8,8
ATTGCTAGGCGG_5,9,9,0,7,5,2,2,4,2,7
AGAATCCTCAAC_5,7,7,6,3,9,1,0,9,6,3
CGAAGTAGCCAA_5,7,7,0,5,7,1,7,2,3,5
TGACCCCGCGGA_5,7,3,9,8,2,6,9,5,5,1
AACGTGCGGCGT_5,8,0,5,3,9,7,7,9,3,2
CGCCGACGACAA_5,8,5,4,1,3,8,2,0,8,5
TATGGCTGCAAT_5,4,9,2,7,2,4,3,1,2,0
TTGCGTAAGCAG_5,0,5,2,7,7,6,8,9,1,9
GCGGAGCCTTGA_5,1,3,3,4,1,7,6,5,7,3
CAGACGTAGTTT_5,3,8,5,3,1,3,1,0,2,2
CGAATGCTCCTT_5,9,4,7,9,7,3,8,4,9,4
GTATTGCATCCA_5,0,3,3,4,1,1,1,2,7,1
CATACATCTAAC_5,1,1,7,5,1,3,4,2,3,3
CCTCTTCCACGA_5,5,5,8,2,7,2,5,6,0,7
TGTAAGACCACA_5,3,7,3,4,9,1,1,2,7,2
TTTAAATGATTG_5,0,1,7,4,2,9,1,9,3,2
GCCCTTTCATCT_5,7,1,7,5,1,7,4,9,1,3
GGCTCCGGCAGG_5,4,9,4,9,5,2,2,0,9,3
ACGGAGGCCGAT_5,9,4,7,6,5,5,8,6,4,0
AAAGATTAGCCG_5,2,7,0,7,2,7,4,2,3,5
ATTGCAACCCTT_5,7,0,3,4,1,9,1,9,3,2
CACTCCGCCTCC_5,2,1,6,2,2,3,7,9,7,3
GCAAATTCATTA_5,4,9,7,2,5,3,5,0,4,6
TTCTCAATCACA_5,5,0,3,7,1,7,6,9,1,6
ATGGATATTGCA_5,0,6,9,6,4,4,7,7,5,6
GGGACGATAGTC_5,6,6,4,1,3,4,9,7,9,8
GCCGTTGGAGGA_5,1,9,8,5,3,5,2,4,0,7
AATGTGCGACAA_5,9,9,6,0,7,4,3,1,4,0
GCCCTTTCATCG_5,7,7,5,7,9,5,1,9,1,2
TGACAGAAGATA_5,1,0,6,3,1,7,1,2,7,2
GAAGACTACCCG_5,4,5,2,0,2,2,8,1,2,0
GCGGGCTAAGAA_5,1,7,3,4,2,9,8,2,3,2
GTACCGCCCATT_5,5,3,2,2,1,0,3,4,0,7
CAACCTACGTAT_5,0,6,4,9,6,6,7,3,9,6
GTACCGCCCATA_5,4,9,2,9,7,4,8,5,4,4
CAAGCTCATAGG_5,1,9,5,2,2,0,5,4,4,9
ATCGAAGGGAAC_5,2,5,5,1,5,7,5,0,0,9
TACGGGTCCGTC_5,1,3,5,3,0,6,5,9,7,1
GAATTCGTACTG_5,3,3,5,3,9,7,5,2,1,3
ACGAAAAGTCTC_5,1,5,7,9,3,5,7,0,9,5
CAATCCGACGGC_5,7,3,6,3,1,1,1,2,7,9
ATCGAAGGGAAA_5,1,8,9,5,9,4,7,9,0,9
TCGCAATATAAG_5,3,0,6,4,9,6,1,2,7,3
CTTATGCGATCC_5,3,3,3,7,1,6,7,9,7,1
TGCTTAGTCCCC_5,4,5,8,0,5,4,8,2,4,0
TGCTTAGTCCCT_5,5,2,7,0,7,0,3,6,5,8
AGACTACGACCT_5,5,5,1,1,8,2,9,5,9,6
GCCCTTTCATCC_5,1,1,3,3,5,7,5,2,1,5
AAAGATTAGCCC_5,1,7,7,9,7,7,0,9,4,4
ATAACGGCCATT_5,0,3,3,3,8,6,1,5,8,1
TAGATACTTAGA_5,5,9,4,0,5,3,2,4,8,5
GCTACCCGGGAC_5,0,3,3,2,9,6,1,4,7,0
TAGCAGTCGGTA_5,5,7,7,9,7,2,0,1,4,6
CTCGAGGCTTTG_5,4,4,5,6,1,3,7,9,5,1
AGTTTTCCCCCT_5,7,1,3,3,1,9,0,0,1,5
TTTCCTCGTGCT_5,9,6,1,6,8,6,9,7,0,6
AACCCGCCTCAC_5,4,9,1,1,5,2,0,5,4,5
TCCCGGATGGCC_5,1,3,5,4,0,1,1,2,3,1
GCCTCAGCGTTG_5,4,4,8,7,5,2,3,6,0,0
TAGATACTTAGC_5,5,4,2,7,2,2,0,0,4,4
GAAAATTCTGAG_5,1,6,3,8,8,6,9,9,2,1
TCGGCCACGTGG_5,3,3,5,4,1,1,1,4,3,1
TTGCGTAAGCAT_5,7,3,3,9,1,7,7,2,4,5
ATATTGCAGCGA_5,1,3,7,5,9,9,0,5,9,5
TGAAGGCATTAT_5,3,1,5,3,1,7,1,9,7,2
ACGCCCTCAGCC_5,0,9,2,7,2,1,8,1,7,0
ACGCCCTCAGCT_5,9,1,7,7,3,3,3,5,0,0
AGCAATTCAATA_5,4,3,1,7,9,9,3,9,6,9
CTTCAAAGGAAA_5,9,5,2,9,5,8,9,3,9,0
CGTAGTCTATAC_5,3,1,3,3,2,7,5,9,7,5
ATTCATTCGATT_5,0,7,3,3,1,1,1,9,7,2
TAACTACGGTCC_5,7,3,2,3,1,2,8,2,7,4
CAGCACTCAGAC_5,9,5,0,9,7,0,8,3,4,0
TTCGAGCATTGG_5,0,4,2,0,9,7,8,4,5,6
TTTGCCTTTTAT_5,7,1,3,3,1,9,7,2,3,1
CCCGCTACAGCG_5,0,1,2,0,1,1,8,2,7,0
GGGGCACGACTG_5,5,4,2,7,7,2,3,6,4,0
ATCAAACTAGCT_5,4,4,7,5,4,2,8,4,4,4
TTACAAGAAGCC_5,4,9,2,9,5,0,8,4,4,4
TTTAAATGATTC_5,2,5,5,7,7,9,7,9,1,7
ACGGGATGAATC_5,9,4,0,9,7,0,8,6,4,7
TAGATACTTAGT_5,5,9,7,5,6,0,8,6,4,6
GATATGAAAGGA_5,3,7,5,3,2,1,1,2,3,1
ATATTGCAGCGT_5,3,2,6,9,0,0,6,3,3,8
ACGAAAAGTCTA_5,2,8,2,2,3,2,6,4,4,0
CTTGATCGTCTT_5,6,5,0,1,6,6,4,5,5,1
CAGTATTTGAGG_5,3,7,3,3,1,7,1,9,3,1
CGAAGTTGTTGG_5,5,1,4,2,9,4,3,2,3,3
GCCGTTGGAGGT_5,4,2,1,2,5,3,8,1,0,0
GAGGGTACATGT_5,8,8,0,0,5,2,4,1,2,5
TTTCCGAGCATA_5,8,3,6,4,0,7,7,5,1,6
AGCAATTCAATT_5,2,7,3,2,9,9,7,2,1,5
TCACTTGCGCCA_5,0,2,5,2,6,2,3,0,2,0
TTGCGTAAGCAC_5,7,1,6,7,1,7,6,2,1,3
CTAATAGATCAA_5,9,3,2,9,1,0,8,2,7,4
TCAGGGTAGGTT_5,3,2,7,2,7,4,8,5,3,3
TTGAGTAAGGGT_5,7,7,7,3,1,9,8,2,3,0
GCGGGGACACCA_5,9,4,2,0,5,4,3,4,4,4
GGCCGGGTGCGA_5,4,1,9,7,3,2,5,4,2,0
CCAAAGGTATGC_5,3,1,3,4,0,1,1,0,7,2
AAGTACCCCCAC_5,2,4,2,7,1,0,7,2,3,4
GTACGCCGACCC_5,9,9,7,7,6,2,8,1,4,0
AATCCGTTCACA_5,8,2,8,2,4,8,9,7,2,6
TACGCTATCCAG_5,4,9,2,2,5,2,3,5,4,7
TTTAAATGATTT_5,4,1,6,2,1,5,8,2,3,9
GCCGTTGGAGGC_5,4,2,0,9,8,2,6,3,9,5
CGCATAAGTATC_5,9,9,0,5,7,0,0,6,4,4
ACCCGTTGAACG_5,7,2,2,0,7,1,8,0,4,4
GGCGATACACGC_5,9,9,2,9,5,0,7,6,9,0
CCCAGGGTCGCG_5,0,8,5,8,1,3,1,9,3,5
GACCATTCATCA_5,5,7,7,0,7,2,8,6,4,0
GTACGTTTTGGT_5,3,1,6,8,2,1,1,2,6,2
CCTATGAGTCTT_5,3,4,7,7,2,0,3,9,2,0
ACGCCCTCAGCG_5,9,1,2,7,5,0,8,1,1,0
ACCGTACAGGCA_5,0,6,1,9,4,5,9,7,9,1
GAGTTATTAATC_5,7,0,5,4,9,9,1,1,7,3
CAGATGGTAAAT_5,1,9,4,0,5,1,7,8,0,2
AAGGACTGATAG_5,0,4,7,2,7,2,7,2,7,4
TCTAGGCTCCGT_5,0,7,3,3,1,9,5,5,6,2
ATCCATTAGTCC_5,5,2,0,7,7,0,8,6,0,7
GTAACTCGTGGG_5,4,9,7,7,2,2,6,4,9,0
GGTCTCACCGGC_5,5,7,6,3,1,1,1,4,3,5
TGCTTAGTCCCA_5,4,2,0,7,3,7,8,5,4,4
ACTACCACCGGG_5,7,3,5,4,9,1,1,2,7,9
TCGTTTCAGCAC_5,4,3,5,5,8,0,5,2,9,6
AAAGATTAGCCA_5,7,2,4,3,1,0,5,2,4,3
GCCCTTTCATCA_5,7,7,7,7,9,1,3,9,7,3
CGTGTTACAATC_5,3,1,5,3,9,1,1,2,7,3
GAATTTCGCATC_5,4,7,2,7,7,0,3,6,4,5
TCTAGGTCGTGT_5,9,4,6,7,2,0,2,4,0,4
CGACCACGGTCC_5,4,4,2,7,5,4,9,5,9,0
TCAGGGTAGGTG_5,0,2,3,3,2,1,8,1,1,9
GGAAACATAGCG_5,3,3,3,4,9,7,1,9,3,1
TCAGGGTAGGTC_5,7,3,2,2,0,7,6,5,2,5
ATCAAACTAGCC_5,5,4,7,9,7,0,3,4,4,4
GCCACACTGCTA_5,0,9,7,7,3,5,7,5,8,8
CTTACAGACTGG_5,1,1,5,3,3,7,7,2,3,2
AAACACCCACCC_5,3,1,6,3,9,1,1,2,3,9
ATTGCTAGGCGA_5,4,9,0,7,5,0,2,6,4,7
GAACTCAGAATT_5,5,4,2,9,7,0,8,3,4,4
ACTGAACCGGGG_5,3,3,5,8,9,1,1,0,7,5
GTCAACTTAGCG_5,1,3,5,2,1,1,1,2,3,3
GGATCATGCGAT_5,0,6,0,5,2,0,8,5,0,6
GTTGCACCGTCC_5,2,2,7,0,7,0,4,6,4,0
GCGACGATGCTG_5,9,2,2,3,7,2,0,2,4,0
GTTTCAGTGCGA_5,4,5,2,9,5,0,3,1,4,0
CTGCTAAGAAAT_5,9,4,0,0,7,0,8,4,4,7
CGAAGTTGTTTT_5,2,3,7,2,0,4,8,1,9,0
GATGTATCGTCA_5,6,2,7,6,3,2,8,1,1,0
GATGTATCGTCC_5,6,3,0,9,1,2,7,5,9,0
CGATAACGACCA_5,2,9,5,9,7,6,8,5,9,1
GTTCAAAGAGGC_5,5,4,2,7,2,0,3,6,9,9
GCAGGTACTGAT_5,9,4,0,7,5,2,2,6,4,3
GATTGAAGACGA_5,5,4,2,0,7,4,8,4,4,4
TAAGTCTGTCGA_5,7,3,3,2,9,7,1,9,7,3
ACCGATAAGGTC_5,5,4,6,2,2,0,3,2,7,4
GTCTGAATGTCA_5,9,5,0,0,7,4,9,3,9,4
AACGTCTTGCAT_5,2,3,5,7,7,7,1,6,3,4
ACGCCCTCAGCA_5,8,2,7,2,2,0,7,4,9,0
CCGGCCCATTGA_5,0,2,8,9,5,2,0,6,4,0
TTGCGTAAGCAA_5,2,1,6,5,7,1,8,6,7,2
CAGATGGTAAAG_5,3,5,7,2,2,2,7,6,2,5
GATGTATCGTCT_5,4,2,7,7,2,2,7,2,5,0
CGCCATCCATAG_5,5,4,2,1,6,3,8,6,4,9
TGTAAATTTTCC_5,5,9,7,2,1,0,2,6,4,4
CACCTGGAAATG_5,0,4,2,7,7,0,8,6,4,5
CGAAGTTGTTTG_5,0,0,3,6,0,3,8,9,6,5
ATCAAACTAGCA_5,9,4,7,0,7,2,3,0,4,4
ATATTCACTTCC_5,4,3,4,1,3,2,2,6,2,4
CCCATACGATCA_5,0,2,0,7,6,2,8,1,0,0
TTCGAGCATTGT_5,9,2,2,9,1,0,7,4,4,0
GGCTCCGGCACG_5,0,3,4,0,2,2,8,4,2,9
AAGACTCAGTCC_5,4,4,4,9,5,0,9,7,5,0
AGGCAGCAACTT_5,5,5,2,6,7,0,8,6,9,4
GGCATATACTGA_5,9,9,2,0,7,0,9,3,4,6
ATCAAACTAGCG_5,9,9,2,7,7,4,8,4,7,0
GTAGAACTGGTG_5,5,9,0,7,2,4,4,6,9,4
AAGGACTGATAT_5,9,5,2,0,1,0,7,4,4,6
GCCATTCATGAC_5,8,2,9,1,1,0,8,4,6,0
ACCGATAAGGTG_5,4,3,5,9,2,0,5,6,4,0
TTTAAATGATTA_5,8,1,2,2,2,6,7,2,4,0
CCTGCCCAGCAA_5,5,2,0,2,1,1,7,4,4,7
TGCGGTGTTAAT_5,9,4,2,9,1,2,8,6,7,4
GGCTCCGGCATG_5,4,5,7,7,0,0,4,5,6,0
CCTATCGAGCGG_5,0,4,7,9,6,2,3,2,2,4
GTGAATTGGAAT_5,3,1,3,4,7,1,1,2,7,3
GAAGCTGGACCC_5,9,4,2,2,5,2,8,6,4,4
CGTCGACAATCC_5,9,8,2,9,2,2,8,6,4,4
GCCATTCATGAT_5,9,2,5,2,2,1,7,0,4,9
CACTGGCTTCTT_5,5,4,2,2,1,2,8,4,4,4
CAGATGGTAAAC_5,4,5,5,9,5,2,5,4,0,0
TCGGCCCGTGGG_5,2,3,3,3,0,1,1,2,7,3
CTGTGGAAGCGC_5,0,4,2,9,5,2,3,2,4,7
CGTGGCCGAATG_5,8,8,2,0,5,2,5,1,4,0
AAGGACTGATAA_5,9,2,8,2,7,2,7,4,4,4
AGGAAACAAGTA_5,9,2,2,7,1,1,0,2,4,4
ACCGATAAGGTA_5,4,3,2,4,1,2,3,2,3,4
ACCGTGTAGGTG_5,1,3,5,7,9,1,5,0,3,1
TAAATCCTCCCG_5,2,7,3,3,9,9,1,9,7,9
ATTGCTAGGCGT_5,5,4,2,9,7,0,8,6,4,4
GTGGCCGGATGG_5,3,7,5,4,2,1,8,9,7,0
TGCCTTTGAAAA_5,9,9,2,7,7,5,7,2,9,4
CAAGCTCATAGT_5,3,3,2,2,2,1,7,6,1,5
GGAGGAGCGAGT_5,3,3,3,3,2,7,5,2,7,2
AGAGCTGCATAG_5,9,9,2,0,2,0,3,6,7,9
TCGTACGCGCCG_5,3,0,2,9,9,7,5,9,4,3
AACGCATACGTA_5,9,5,0,2,7,0,8,6,4,6
CAATTTAAGACC_5,9,1,2,9,7,0,3,1,4,0
