,0,1,2,3,4,5,6,7,8,9
GACACGACCCAT_6,1,9,2,6,4,9,3,2,7,4
CGTACAGTAGAA_6,0,7,2,2,9,3,2,7,1,3
GTGCCATTGTGA_6,9,3,2,4,6,2,3,3,2,4
TGAGAATGCTTT_6,8,9,5,6,4,9,3,5,0,8
GGACAAAATTTG_6,9,9,8,2,5,7,3,1,7,0
ATTACATCAACG_6,4,7,7,2,3,5,5,8,2,7
TGTGAGGTGACA_6,0,9,9,6,6,0,3,0,8,0
GTCACGAATGGA_6,4,7,8,0,3,3,5,3,5,6
GCAACACGCCTT_6,4,2,8,5,1,8,4,9,2,6
CCTCTTCGTCCT_6,4,3,8,0,3,3,4,8,5,5
TAATGAGACCCC_6,1,6,2,0,6,1,2,8,3,0
CGATTCGTTCAC_6,4,6,9,2,6,5,5,3,2,6
GTATGGCACCAT_6,6,6,7,6,4,4,3,1,1,0
CTATGCACGATC_6,1,0,7,8,8,2,1,2,1,3
TGCCAACCGAGT_6,8,1,8,0,4,4,5,0,7,6
ACGACTGGAAAT_6,1,1,2,2,6,5,3,7,1,4
CACCATCGCAAT_6,1,5,2,0,1,7,2,3,1,6
TCTCTCTGCGAG_6,4,2,6,4,3,3,5,0,1,1
CTGAGTGTGCCC_6,1,7,8,2,5,2,5,6,3,0
TTTACAGAGATT_6,4,7,7,2,6,9,9,6,9,0
TCCACATAGCAC_6,1,7,4,6,4,7,5,0,8,6
CAACCACATACC_6,1,0,9,8,6,2,8,4,4,3
CGCCTACTGTAC_6,9,0,2,8,6,2,7,8,4,9
ACCTCGTATTCC_6,1,1,8,2,9,7,2,9,1,2
CGCGCCGAACCC_6,9,7,9,5,0,7,1,6,8,3
CCTCGCCGTGGA_6,1,5,0,4,1,6,2,8,5,5
TACGTCAGCGGC_6,1,7,0,2,1,7,2,9,3,6
ATATATTCTGAT_6,8,9,2,6,4,3,0,1,7,0
ATCCATTATTAC_6,0,9,1,8,4,9,9,0,8,3
CACGAGTAGGCA_6,4,0,1,0,2,2,9,3,4,2
GTCAAAGTGAAG_6,7,3,6,4,1,8,2,1,3,7
CCAGTCCGAGGG_6,3,7,7,2,7,2,9,8,1,0
ACGCTATTACGT_6,2,3,0,5,6,5,6,3,9,6
ACCCCGTGTCCG_6,1,3,6,2,3,8,6,3,2,0
CCCCCCTGCGAG_6,1,7,0,5,3,7,9,3,2,1
CGAACCACTGAA_6,8,9,6,1,5,4,5,1,8,8
GGCGACCTATAT_6,4,6,4,0,3,5,6,9,2,6
GTAGATTACAGT_6,2,3,8,2,1,8,6,2,2,2
CGCTCCAATAAA_6,9,1,7,2,6,7,5,0,8,4
CCTCGGGTCCGC_6,8,9,9,1,5,4,3,5,7,6
ACGCCGGGGGAC_6,0,5,2,6,5,2,3,5,0,0
GGCCACTGAATT_6,1,0,1,8,8,9,8,4,8,9
CTAGTGCAGCCT_6,4,7,2,0,9,3,2,9,5,6
AGTCCTGGTTTT_6,1,7,2,3,6,3,4,1,3,0
CCATAGATGAGA_6,4,7,1,2,4,3,5,1,1,0
GAACGTTGCCAC_6,1,0,0,2,6,5,5,3,4,0
CGTCCTTCTCCC_6,1,0,0,5,6,2,8,8,4,0
GAGTTGGTGAGT_6,8,9,2,1,5,0,0,5,8,3
CGCGCATCTTTC_6,8,2,2,0,5,1,8,3,7,4
CCATAGATGAGC_6,1,3,8,2,4,7,9,6,8,8
CGAATTGGTTCT_6,0,0,0,8,8,7,8,3,9,2
TGTTCTGAGACG_6,9,7,2,8,6,2,8,4,1,2
GCACATGAAGTG_6,9,7,2,2,8,5,2,3,4,0
AGTGACCAGCGC_6,7,9,4,5,6,5,5,3,1,0
GACTTCCTCGAC_6,1,1,2,0,6,6,6,3,2,1
AGGGAAACAGCT_6,8,2,4,6,8,9,8,8,7,2
CCATAGATGAGT_6,1,6,7,2,6,9,5,8,1,0
GAGGGGAGTCAC_6,1,7,4,0,3,3,2,8,5,5
CGATTCGCGAAT_6,1,0,4,0,8,2,8,6,1,3
ATGCAGCTCGTG_6,4,5,6,3,3,3,1,3,2,5
GCCTCGGTGCTA_6,0,1,7,8,2,2,7,4,4,9
CTAGTACGATAC_6,1,5,2,0,6,3,5,9,1,6
CATACTTGGCAT_6,1,3,5,2,1,1,1,8,3,7
GTGACTAGCTTC_6,9,8,3,5,2,2,8,7,4,3
TCCCCGCGCATA_6,1,3,8,4,1,3,1,3,2,0
TGTAGCTTGCAG_6,1,8,2,2,8,6,6,3,2,1
ATGATGACTGCG_6,5,8,7,8,8,5,9,3,9,2
AGTTGCTGTGGT_6,0,2,7,1,8,5,5,6,7,0
GCCGGGATACAA_6,9,3,7,0,9,7,2,3,4,9
GACCTCGAGGGG_6,2,3,8,2,1,6,2,9,3,6
AGTCCTGGTTTC_6,4,3,2,0,9,7,4,1,1,4
GCCGACGGCCAT_6,1,1,8,2,9,8,4,9,2,5
TATCCCTGTTGG_6,8,9,5,1,5,4,0,5,7,8
ACTTGATCTCCC_6,1,5,9,2,8,5,4,7,3,1
TCCCGTCATCAC_6,1,9,1,6,3,9,5,1,1,4
CAGATATTGATG_6,3,6,8,0,1,9,5,2,3,0
CACCTCAAGGCA_6,2,7,8,4,1,1,4,9,2,6
CGAACATGACTT_6,2,2,6,2,1,3,6,6,5,7
GGACGGGGGATC_6,8,9,7,6,4,0,9,0,7,0
GGACGGCACCAG_6,8,2,5,6,5,9,3,0,7,0
AGATCCTAGCAT_6,5,3,2,3,6,7,2,8,2,3
TAGGAACGCTCT_6,2,7,8,3,2,5,1,8,2,1
ACTACGAGGGAC_6,5,0,2,5,8,2,5,7,4,4
ACGGGTGAGTCT_6,8,6,8,0,4,9,3,9,8,7
ACACCGCACAGG_6,4,1,2,2,6,2,9,8,1,4
TACGAGCTACGG_6,8,9,6,6,5,9,0,5,0,8
GCGATCGCGAAA_6,4,5,2,2,1,7,5,6,3,6
GCCACGTGACAG_6,8,9,9,1,5,4,3,5,7,8
CGGGTATTCTTT_6,1,6,5,0,8,9,4,2,2,0
TGTCACCACCAA_6,7,3,1,4,1,3,2,8,5,5
CATGTACGTAGC_6,4,7,8,2,3,3,4,9,5,1
AACATATGTCAG_6,7,7,3,8,6,7,8,8,3,3
GTTCTTACTTCT_6,7,5,5,3,1,7,2,6,2,7
ACACCTATGACG_6,6,6,4,6,4,4,3,5,0,8
ACGCTTATCGTT_6,1,3,6,2,1,7,4,9,2,0
AAATTCCATATA_6,5,9,7,1,4,5,8,5,7,3
CGACGACGATCC_6,8,9,5,6,4,9,0,0,7,8
ACCTCTAGCGCA_6,4,7,6,4,9,8,1,3,3,5
CACGTGACCGGA_6,1,2,6,3,2,6,2,9,6,6
ATGCCTGTTTAT_6,0,9,6,0,4,8,5,2,7,0
GTACCGTCCGCC_6,4,3,8,5,3,6,6,8,6,0
AGTGCGCGATGT_6,4,7,2,0,3,3,5,2,1,1
CGCCCTCCTGCG_6,9,8,3,5,2,0,7,4,4,9
GTACTGCGAGCA_6,1,1,8,5,6,9,5,8,4,6
CGCGGTCCGTCC_6,2,6,0,5,6,5,9,3,6,4
GGTAATCATGCG_6,4,6,9,2,9,3,2,3,2,6
AATACCGTAGTG_6,5,7,2,2,0,7,9,3,9,3
CTGATGACGTCC_6,1,2,8,7,1,7,2,0,5,1
CAGCTCTGGCAC_6,8,9,2,1,5,9,3,5,7,8
ACAGCGGTACCG_6,6,2,4,1,4,1,3,0,3,6
GTTGTGAGGACG_6,6,9,8,6,4,9,3,1,0,8
CGTTTTATTCAT_6,2,2,5,0,1,7,4,8,3,1
ACTGATTGATAA_6,5,0,0,8,0,2,7,4,9,3
CTATTCCACAAC_6,8,9,1,6,4,4,0,1,0,8
AGTCACATCTAC_6,2,5,1,6,4,9,3,8,8,5
AGACAAATACGA_6,0,3,0,5,9,7,9,3,2,3
GTTCGACGTATT_6,3,6,8,2,6,5,6,7,6,0
AGGTCACTCGTC_6,7,3,1,7,1,7,2,3,8,5
GTGGCACCGTCA_6,2,6,6,5,6,3,6,9,5,3
TCTGTTTTAGCC_6,9,6,3,8,6,7,7,6,4,4
CTTCCGCCGCCC_6,1,4,9,5,1,6,5,8,2,6
CTGCCATGACCC_6,8,9,6,1,5,5,3,1,7,8
GCCGCAGGTTCG_6,9,6,2,0,3,2,5,3,4,6
GTCGCGAGTGGA_6,1,6,2,5,3,3,6,8,2,0
CTCACGCCGCGT_6,9,0,0,5,0,2,7,3,4,3
GCAGTTTCATCT_6,3,8,1,2,6,2,3,2,9,9
GGAGGACGAGGG_6,4,7,4,4,1,3,2,8,3,6
CTCTGGTGTATA_6,3,3,9,7,9,5,2,2,5,7
TAGAATCCTTAC_6,0,1,0,6,4,0,7,0,9,3
AAATTTATCGAT_6,1,5,3,8,6,1,9,3,2,1
TCAGTGGCACTT_6,1,6,0,0,6,1,1,9,2,6
ATAGCCGTTTGT_6,9,1,3,8,0,7,8,8,9,3
AGGTCACGCTTC_6,7,6,8,4,9,3,6,8,5,1
AGAAGGGAGAAC_6,4,4,8,3,3,3,6,9,2,2
GTTAGGGGCCGT_6,4,3,2,4,1,3,1,1,2,6
CGCGGTCGCCAG_6,0,3,9,2,8,0,7,7,9,6
TAGGTGGCGTTG_6,2,6,4,0,9,3,4,0,2,4
TCGAATTTGTTA_6,8,2,1,4,6,3,3,7,3,3
GACTAGCGTGTC_6,4,6,9,2,9,5,2,7,4,6
AGTCCTGGTTTA_6,1,7,2,3,3,3,2,2,1,2
CTTTTCGAGCTC_6,0,8,3,8,0,5,8,4,4,3
CGTTCTGTATTA_6,5,6,7,6,4,9,3,6,1,0
GCCGATCAAAGT_6,0,0,6,9,8,0,5,4,2,3
GGTACTAGGTGA_6,9,7,2,2,7,3,5,3,1,9
TCGCGGTAGCCT_6,9,0,3,9,0,5,8,4,9,3
GCCGCAGGTTCC_6,0,8,3,0,6,8,9,2,4,0
ACCATTTACCCC_6,8,5,1,6,4,1,0,5,7,0
GGTGTGCTACTC_6,2,5,3,4,1,3,1,6,3,1
CAAGAGCTCCCC_6,8,9,6,6,4,4,0,5,0,8
ACAGACGGACGG_6,1,1,7,9,8,5,2,7,6,0
GCAGCTCACACT_6,5,0,7,8,0,0,8,4,9,4
CGCGGTCGCCAT_6,3,1,2,5,0,0,3,3,4,3
AGCCCTTCGGGG_6,7,3,5,2,8,3,2,1,5,5
AGGCGCAATAAT_6,5,0,3,8,0,0,8,4,9,9
ACACAGACAGAT_6,0,3,5,6,4,2,9,1,8,3
CTGATTACGACC_6,1,6,9,5,0,8,5,7,8,0
GTTCCACCGTGC_6,5,7,9,5,0,1,7,7,4,3
TGTAGGCATCTT_6,4,2,3,2,6,7,4,8,1,6
GACTTGCTGTCG_6,2,5,5,4,1,1,2,9,1,1
GCCGCAGGTTCT_6,9,3,2,8,6,2,8,0,5,4
CTCGGGCCGTCC_6,4,6,6,5,8,7,6,8,3,2
GATGTATCTCTG_6,1,2,2,3,0,2,9,3,9,3
GCTACTCTAAAG_6,9,7,2,8,6,2,1,3,4,2
CGCGGTCGCCAC_6,0,8,1,9,6,7,9,7,1,3
TGTAGCTTGCAC_6,9,4,7,5,0,5,3,7,4,0
ACGCTAAGCCGG_6,1,9,8,6,8,3,3,6,2,0
ACTCAAAAGTGC_6,0,4,1,4,4,6,0,6,8,4
GCTCTCGTCATG_6,8,9,6,1,4,0,0,0,7,8
TGAAGACATATC_6,8,9,5,1,4,4,3,5,0,8
AGGAAAGGTACC_6,0,0,1,5,0,2,7,4,1,4
GCTGCATCAATT_6,1,7,7,0,8,1,9,3,8,6
GATATTCACCGT_6,8,9,4,6,5,4,0,5,0,7
GTTGCCGGAAGG_6,9,8,7,8,0,6,8,4,2,2
TCGGCCTCTCGT_6,8,9,2,1,5,4,0,5,0,8
TCGGCTGGATCT_6,2,7,3,5,3,8,2,7,3,9
ATACGATTCACC_6,3,4,2,4,1,3,2,3,1,0
TTATATATGCAC_6,0,0,3,5,6,0,8,4,9,9
TCAGTGGCACTC_6,4,6,7,0,1,7,9,1,4,2
TCAGCAAAGGAG_6,7,5,4,7,9,8,6,3,1,2
TAGCTACGAGTC_6,7,4,8,2,9,1,5,3,5,4
TCCGCCTCAACT_6,9,0,8,4,2,9,4,9,8,2
ATCCGAATTTTA_6,3,4,8,3,1,7,6,1,2,1
GGTCTTGCTCTA_6,6,9,3,1,4,9,0,5,1,0
GCTTTTCGCTAA_6,3,2,6,4,1,3,6,8,2,1
CTGCTCGGGATG_6,0,0,7,9,6,0,9,4,9,3
TTATCACTTGTT_6,4,3,5,5,8,5,5,6,1,2
GATCATATCGGT_6,0,9,1,6,8,7,3,9,7,2
TCAGTGGCACTG_6,1,3,9,7,3,6,5,7,2,2
CGCGGTCGCCAA_6,9,8,9,9,2,7,9,0,3,7
TGTAGCTTGCAT_6,1,1,6,4,8,6,6,3,1,3
CTGACTAAGCCT_6,3,1,2,3,7,6,2,8,6,7
TGTAGCTTGCAA_6,3,1,1,0,2,6,2,3,1,7
GCCGCAGGTTCA_6,0,6,1,2,3,2,9,6,4,6
GGGAGCTGCCGG_6,7,1,5,0,9,3,6,3,3,0
CAGAGACAACCA_6,1,6,5,5,0,5,1,6,2,9
AGATCATTGTAT_6,9,7,6,5,2,5,1,3,9,6
CGGGAAGGCAAC_6,2,3,1,4,0,7,8,4,9,0
GATCTGACCATT_6,1,5,5,3,1,1,6,2,3,7
TAGCTCCTACAC_6,4,2,8,2,3,3,6,2,5,6
CTAGCGTATCAA_6,2,4,6,4,1,3,1,8,2,6
TGACAATACATG_6,8,9,5,1,5,0,4,5,7,8
TGCTATTCTAGA_6,2,4,1,4,1,7,4,6,3,7
CACCTGTCGAGG_6,3,6,8,1,4,4,0,0,7,0
GGTCCGCGCCTG_6,9,6,8,0,3,1,1,2,5,0
CATAACTAGCCC_6,4,1,0,7,2,2,6,2,2,2
CTTTAGGAACGG_6,6,7,2,5,8,4,5,9,8,6
GTTAGAGGGTAT_6,0,5,2,8,0,0,4,8,8,5
GCCCCGGACGAT_6,1,2,9,7,6,3,6,9,5,7
TCTTATAAGATT_6,2,4,1,9,3,5,4,6,3,5
CCGCGCAGGCGC_6,3,1,7,5,2,7,3,7,4,6
GCCGCCGGAGTA_6,6,9,4,1,5,4,3,0,7,0
ACAGGTCTATGC_6,7,5,8,6,4,4,0,5,8,1
GCGGGACATTCT_6,1,3,5,6,8,7,3,0,7,8
TTATCACTTGTC_6,9,3,2,7,6,5,7,6,1,4
GCCAGAGTCGAT_6,6,0,3,5,2,2,3,7,8,3
GACGCAATCGCG_6,1,6,6,4,8,3,1,8,5,5
AGACCTTATGAG_6,1,1,6,4,1,7,2,8,3,1
CGCATCTCTGCC_6,2,3,8,4,1,1,2,1,5,5
CACGGGTAACTA_6,7,3,9,8,8,0,3,7,4,2
AGGGTACTTGCA_6,4,5,4,4,3,8,4,3,5,7
CGGATAAGACCG_6,9,2,8,2,3,8,2,7,1,6
CACCTGACGTTG_6,2,2,4,8,8,1,3,1,1,0
TGCCCTTAGCCT_6,7,5,6,0,8,8,4,1,5,5
ATCGACACCAAA_6,6,1,3,9,4,9,4,2,8,7
GCCACCGGTAGA_6,9,5,0,8,0,7,6,7,1,3
GGAAGCATACCA_6,4,4,7,5,2,5,4,3,6,6
GTTCGGGGTATC_6,3,9,8,1,4,6,0,5,0,4
TTAGGATCTAAG_6,3,3,2,3,9,3,2,0,1,6
TAATCGCAAATC_6,0,4,0,5,1,7,1,4,9,4
GCATCGTAGGGT_6,0,0,6,9,0,0,5,8,9,1
GCAACAATCGGC_6,2,4,5,3,1,8,6,9,2,7
GCCATCTTGTGC_6,9,0,3,8,0,0,8,4,9,3
TGTAGGCATCTC_6,2,6,7,2,6,9,5,0,3,6
GGACCGGAACAG_6,3,1,3,0,3,5,5,2,2,6
TTATCACTTGTG_6,0,0,8,5,3,2,5,8,3,0
AATAAACTATCT_6,3,0,0,5,6,2,5,3,4,9
GCTTCCTACGAA_6,0,9,1,2,2,9,8,7,4,4
ATGGCCTTACGT_6,2,3,8,9,1,3,2,9,6,7
TCCATAGCTTCT_6,7,0,1,8,6,7,8,4,9,1
GCATGTCAGATT_6,3,3,6,3,1,6,2,3,5,6
AATACTTTCAAA_6,5,0,0,5,0,0,9,2,1,3
GTACTTGGATCC_6,8,9,5,1,4,9,4,0,0,7
CTCTAGCTATGA_6,5,8,3,7,2,2,6,0,6,9
GTCGTGAGAAGA_6,1,1,9,0,7,1,1,9,2,1
CACGCAGTGGTG_6,4,2,8,0,8,5,2,1,1,0
GATCGATGGTTG_6,3,2,5,3,9,6,6,3,6,2
GAGAACCTTTCG_6,1,5,7,5,2,8,5,2,4,6
AGACACCCGCGC_6,7,3,6,3,8,3,4,6,3,1
GCCGCACAACCG_6,9,9,6,8,8,0,8,4,4,6
AAGTACTCAGAG_6,3,4,8,7,9,1,1,1,1,3
TTAGGATCTAAC_6,1,1,2,3,3,3,3,0,3,4
CCGCGCAGGCGG_6,0,1,7,1,2,5,3,7,4,6
CTGCAGCAGGGC_6,9,0,9,0,2,2,1,7,6,6
GCCCTTGAACGG_6,9,7,2,0,3,5,6,3,3,1
TGTAGGCATCTG_6,7,1,3,7,6,5,2,7,1,1
TCAGTGGCACTA_6,9,7,9,2,9,6,2,1,5,6
TGGACATCTCAA_6,4,7,5,4,1,1,6,1,5,5
CCAGTCGGGACA_6,6,9,9,1,4,4,0,5,7,8
ACCCACCTGGAA_6,9,0,1,9,0,0,8,4,8,3
CCGAGTGCACCA_6,3,2,4,7,2,8,1,2,2,7
AAGGGGTGCGCC_6,9,7,2,7,2,2,9,7,4,6
ATAGGCCCGGGC_6,9,3,8,5,2,6,5,7,6,6
CCGAGCGCGGCA_6,0,1,2,9,0,7,3,7,6,4
ATACACGTTGCT_6,4,6,9,2,1,3,4,8,5,2
AAACTACAGTAA_6,1,7,4,4,1,7,2,6,3,4
TCTAAGATCTTC_6,7,1,4,5,7,5,6,9,2,6
AGGCCGCTTTCC_6,9,0,7,5,2,2,9,3,1,3
CCCCTCACCGGG_6,2,6,6,4,9,1,2,6,3,7
AATTTTCGAAGC_6,5,3,7,8,2,0,9,3,1,3
GCGACGCTGGGA_6,4,2,8,3,3,6,4,1,6,2
AATAGCACACTG_6,0,8,3,9,6,1,8,6,9,9
TCTGGCCGTATA_6,6,9,4,6,4,9,0,5,7,8
GGCATTCTACCC_6,0,5,8,4,1,1,6,9,1,2
CACCCCCAGTGT_6,2,1,8,3,9,8,5,9,5,6
AGGCCGCTTTCG_6,0,7,0,7,6,2,3,7,4,4
TTAGGATCTAAA_6,7,6,5,0,2,6,1,1,3,6
TCCCTGGGGATA_6,1,5,5,3,4,6,4,1,9,5
CCCCGCACCGCA_6,9,4,0,5,3,5,5,8,2,7
CTTGATCCCTCT_6,5,0,9,8,0,0,9,6,9,9
TGTAAACCTAAA_6,6,9,5,1,5,4,3,0,7,8
TATCTATTCAAA_6,7,2,5,3,1,3,1,9,8,1
TTAAAGTAGATG_6,4,5,6,0,1,3,6,2,8,5
CGCATTTGCTTT_6,1,5,7,0,8,5,5,9,5,1
ACGAACACCCAC_6,9,8,3,9,6,7,9,4,2,4
ATGGGGCTTGCG_6,2,5,9,4,9,6,2,9,5,5
AGCCTAAGCGTT_6,2,4,4,2,1,3,2,3,6,5
TACAAGTGACGC_6,4,4,8,3,3,5,2,8,3,7
GCCCATGACCGT_6,8,9,4,6,5,7,3,5,4,4
CGCCAGGTGTGC_6,7,5,8,9,3,7,2,2,5,7
CAATGGGCTTGC_6,2,7,4,0,8,5,4,3,1,6
ACGTATACCCGG_6,9,0,7,5,2,6,7,7,9,4
ACTAAGCTGAGA_6,9,8,9,5,7,2,7,7,4,3
CGTGATGGAGCC_6,0,8,0,0,0,2,7,8,4,2
CTAACCGATAAC_6,2,4,6,4,3,3,2,1,2,5
CGAATCACGAAT_6,5,7,9,9,0,9,8,8,9,9
TGGGGGCATAGT_6,0,5,4,4,5,9,0,5,0,8
AGGCCGCTTTCA_6,5,8,7,2,8,2,7,3,4,6
CGCCCCCACATA_6,7,5,6,7,3,3,5,8,5,4
TGTAGGCATCTA_6,4,2,7,7,3,5,1,7,5,6
TTATCACTTGTA_6,0,3,7,2,3,2,5,0,8,4
TACCATACGGGA_6,8,9,2,6,4,0,3,5,8,8
GAAAAAACTAAT_6,6,9,4,1,5,6,3,1,4,8
CGGCCACACGCG_6,4,1,9,0,2,1,5,3,6,6
GATACAGGTTGG_6,1,4,8,4,1,1,4,9,8,7
AGGCCGCTTTCT_6,5,0,1,7,6,2,9,3,9,3
ATTGCCTCATAC_6,7,4,2,9,1,6,6,1,3,1
TATACACCTTAG_6,4,7,8,3,1,3,9,9,1,7
GCCTTCGGAATG_6,5,0,0,8,0,0,7,4,9,3
CCAGAGCGCAAG_6,6,3,9,5,3,6,2,7,4,0
GTCCTGATGATG_6,6,9,5,6,4,9,0,5,7,0
GGATTGGAACAG_6,7,3,0,3,1,3,6,3,2,4
TTTGTGATTCAC_6,9,5,0,5,4,6,7,4,9,4
GGGCGCACAATA_6,7,1,7,0,7,7,5,8,2,1
TTGGTAAGCCCC_6,8,9,1,1,4,9,0,1,7,7
CGTGAACACACT_6,5,8,0,9,0,0,7,4,8,9
AGGGCAAGCGAG_6,4,5,0,3,7,8,2,8,2,4
CGCAACTCAGTC_6,4,4,5,9,1,3,6,9,2,5
ACCCATCAGTGG_6,4,5,8,3,3,1,1,8,3,6
ACAAATATTCTT_6,8,4,4,6,4,9,0,2,0,5
AAGCCGGACCAG_6,5,8,3,8,2,2,7,4,6,9
AATCATGTGTGT_6,5,1,9,7,2,6,8,7,8,3
TTGCAGAGGCAT_6,0,0,1,5,0,0,7,4,6,0
CGCTCTATGCCT_6,2,6,0,0,6,1,2,6,4,5
GCTAGGAGTGAA_6,7,6,9,2,9,9,2,7,9,9
AACAAGAGCCAG_6,8,9,8,1,9,8,3,5,8,7
CCGAGCGGTCGC_6,8,9,5,1,5,4,0,0,0,8
GTAGCCCGCTTG_6,9,9,3,6,6,0,3,7,1,2
CTTCTTAAGATA_6,3,1,4,2,7,3,5,1,5,6
CCTTTAGAACTA_6,9,0,3,8,0,0,8,4,6,3
CCGCGCAGGCGA_6,9,3,7,5,2,5,7,7,4,2
CCTCGGTCCGCG_6,3,9,4,1,5,4,3,1,5,1
GTCCTCTTATGG_6,0,8,7,9,2,0,7,4,4,9
TGATATACGGGA_6,3,2,6,9,1,8,9,9,3,2
ACAAATATTCTC_6,8,9,1,4,4,8,2,0,8,8
TGTACCCATCCC_6,4,2,6,4,1,1,1,8,2,1
TCTGTAATCACA_6,6,9,8,4,5,9,2,1,0,5
CACGCAGTGGTC_6,4,9,8,7,0,3,2,3,1,0
CGTGCTGGTACT_6,7,5,6,9,9,3,2,2,2,5
AACAACGTCTGT_6,7,4,4,3,7,9,5,8,1,5
CGTTTGTGGCAA_6,9,0,3,8,2,0,7,4,4,9
ATAGCCTTCTAA_6,8,9,5,6,5,4,0,5,0,8
CACGCAGTGGTT_6,4,6,8,3,8,3,2,9,5,7
AACACGGTTCTC_6,7,3,5,3,1,8,2,9,2,5
CCGGTTACAAAT_6,4,6,5,4,1,3,1,6,2,6
TAGGCTACTGTT_6,0,3,6,8,2,0,9,2,7,7
ACCCTTCTCTAC_6,2,5,5,4,1,1,2,6,3,7
TGCTTTTGAGCA_6,4,6,1,4,9,1,5,9,3,1
CCTCGGTCCGCC_6,8,6,4,1,5,8,0,1,1,8
GTGCAGATCGGG_6,6,2,6,1,5,4,4,0,0,7
ACAAATATTCTG_6,8,9,6,6,5,4,0,1,0,8
GTAGCCCGCTTC_6,6,1,7,5,6,2,8,7,4,3
CATCTGGTAGTA_6,0,8,9,9,8,8,9,4,5,2
TCCTAAGATCTA_6,8,5,5,1,5,4,4,5,7,8
ACGACATAGCCT_6,7,0,0,8,0,0,8,6,8,9
CCAACTCCCCAA_6,6,1,6,0,2,1,7,4,9,0
TCGGCATTTGCT_6,9,0,3,9,0,0,7,4,9,9
CCCGTGCGGTCC_6,7,1,5,7,1,8,2,6,3,7
TTCTACACCCGA_6,0,4,2,9,9,1,9,9,6,1
AACCGCTCGGTG_6,9,7,6,7,2,5,5,9,3,1
GTAGCCCGCTTT_6,9,3,0,8,2,7,3,7,6,2
TACGCGTCCAGG_6,8,5,5,6,4,1,1,5,3,8
TTGCCGTCGATC_6,3,2,5,2,3,5,6,7,2,1
CGAAGTAAGTAT_6,2,5,2,2,9,8,1,1,5,5
AACCGCTCGGTC_6,2,3,3,4,3,1,5,2,5,7
GATGAATCCGAA_6,0,1,7,7,2,0,9,4,4,9
GGAATCTTGTCG_6,2,8,1,7,0,0,8,4,8,9
GGCACCTGCAGG_6,0,1,0,7,0,2,8,4,6,9
GGACCGGAACAC_6,5,7,7,2,7,6,5,7,4,9
GACGCAGGACGA_6,2,5,8,7,1,7,1,2,8,5
AGTGCGGCCGCT_6,7,4,3,3,1,7,2,1,3,1
AGTCCTGATGAT_6,8,9,4,6,4,8,0,5,8,8
GCTTGGCCACTG_6,2,4,8,7,2,3,2,1,6,1
TTGCATTCACGT_6,8,2,5,1,5,4,0,5,7,8
CACCTGTCGAGC_6,3,5,5,9,4,5,3,5,8,8
CGAGCGTCGTAA_6,0,8,7,9,8,1,1,4,9,2
CACCAATAGCAT_6,7,2,5,3,1,8,2,6,3,4
CCTCGGTCCGCT_6,6,2,4,1,5,4,3,5,7,8
TCCTCGCCTGCG_6,6,1,9,1,2,1,3,0,1,0
AGACCCTGAGCC_6,3,6,4,6,9,4,4,1,8,5
CGTAGTCTAAGC_6,8,9,5,1,5,4,3,0,8,8
CGTCGCTTGACG_6,2,2,4,3,9,8,5,7,0,9
CTGAGCGTACCA_6,2,4,9,5,9,5,9,4,9,2
ACCTTAGATGCT_6,5,8,3,7,6,0,8,4,8,7
TCCTCGCCTGCC_6,6,2,1,0,2,6,5,3,6,1
AGACCCTGAGCG_6,3,2,4,8,9,1,0,0,1,2
TGACTTCGCTTT_6,4,1,1,9,4,7,2,4,1,4
TCGTACGCTTGA_6,4,3,8,7,2,3,1,9,5,7
ATGTCCTCTCCG_6,2,1,8,3,1,7,4,9,3,7
CGCAGGGAACAT_6,1,8,8,5,6,6,9,4,4,1
AACATCTCACAT_6,2,3,9,2,0,7,2,4,8,9
TCCGCCCCCCGG_6,7,5,5,3,9,3,4,9,6,4
CACATGGGCCTA_6,5,0,3,9,2,2,7,4,4,9
