,0,1,2,3,4,5,6,7,8,9
ATGCACCGCTTA_4,5,6,9,8,3,9,5,6,2,9
ATACCTACAAAC_4,2,1,6,8,4,2,5,8,5,9
ACCCAGCTACAG_4,5,5,2,4,7,3,2,8,0,0
AAAAATCTCTCG_4,3,8,6,1,8,6,8,4,2,0
GTGCAATTAAAT_4,9,5,0,8,0,2,5,4,1,9
TAGACGCGCATA_4,7,1,4,0,6,9,4,2,8,9
CAGTGGTTAGCG_4,0,7,4,7,8,6,3,8,2,4
TAAAATGCCCAC_4,5,0,2,6,2,8,9,7,7,2
TGGAGGCTCTCT_4,5,1,5,8,2,4,7,1,0,9
ATAGCGCACTTT_4,8,8,6,1,9,9,5,8,0,0
CCCTCTACCGGC_4,5,7,4,2,6,1,5,2,2,9
ATATATTTCCTA_4,6,5,0,8,0,2,9,8,7,1
AGTACCTGAAGC_4,9,8,4,3,0,3,8,9,3,9
TTCGCCAACCGT_4,3,6,9,8,3,2,5,5,2,9
TTATGGTCACAT_4,0,7,2,0,0,4,4,1,2,9
CCCAATTAGACG_4,6,5,8,5,3,0,2,3,7,1
CAGTCAAGACTA_4,8,5,6,8,5,3,6,6,9,2
ACCCAGCTACAT_4,5,1,7,8,0,2,6,4,7,0
CAGCCTCTTAAG_4,2,3,3,4,4,0,2,4,1,3
CTCTGCCGTTAG_4,0,8,7,8,5,7,7,6,7,2
CCTCCGCCGACC_4,4,7,2,7,9,0,4,9,1,6
TGCCCCGTAGGT_4,7,1,6,3,2,4,0,8,4,9
AGTGCGGCCTGA_4,5,2,7,5,5,4,9,6,6,1
TCTAGCAACGAC_4,7,8,2,7,2,1,6,2,2,0
TAGAAAGACGGC_4,6,0,0,4,4,3,2,4,7,1
ATAATTAGACAC_4,2,3,3,1,4,1,5,5,8,8
AGGATTTTGGCA_4,6,1,2,4,5,3,9,8,0,0
ACCCGTTTGCCA_4,0,7,2,2,8,1,0,2,8,5
CACACCAAGTTA_4,2,3,3,1,1,7,3,4,5,4
CCGACATGCAGA_4,3,7,2,3,3,9,0,9,2,9
GCGCCCAGTCAC_4,4,2,7,2,0,9,7,7,9,9
ACTCACTGGTCT_4,9,1,2,2,7,3,2,4,3,9
ACACAGCGATCT_4,4,3,3,1,4,6,4,4,1,4
GGCAATCTATCA_4,1,7,9,0,7,3,8,5,8,7
ACCCAGCTACAC_4,5,5,7,8,7,6,5,6,7,6
TACTAGTTCTCG_4,7,7,1,6,0,5,5,6,0,5
CCGGGACCACGT_4,3,8,8,6,3,1,5,2,9,5
AATTGATCCTGT_4,5,8,9,6,0,0,5,6,0,1
TAGCGAATAGGC_4,9,1,5,3,1,0,2,4,5,0
GCACAACATATT_4,6,8,6,8,8,9,5,8,6,2
TACCGCAATCTC_4,1,1,2,8,5,9,6,8,5,5
TTGACCCGCACT_4,7,8,6,4,7,0,2,8,7,0
CAGTGAGCTCGT_4,5,1,1,5,6,3,2,8,3,7
TGCACGAGGTAT_4,4,8,2,2,1,6,4,0,1,4
GCATGGCTTCTT_4,2,7,3,7,4,0,4,5,1,4
GTACATAGTGAA_4,2,3,3,8,7,8,6,4,1,9
TTACCATTTCTG_4,2,8,9,8,0,8,9,8,8,0
AACAGTTCCTGG_4,7,6,6,4,9,0,8,6,9,0
ATCATTTGAACA_4,7,6,1,7,0,1,5,7,6,8
GCGGGAGCATGC_4,5,5,8,6,0,5,5,4,2,9
GTATAAGCGACC_4,3,8,6,9,2,8,2,0,9,6
GTTTACAGAGAT_4,5,8,7,8,5,9,9,8,7,6
GGCAACGGAGAC_4,7,1,9,3,5,5,1,1,2,7
AGGCCCCTGCTG_4,3,6,4,0,2,2,0,9,3,7
AGCAGAGTCCAA_4,3,7,1,7,8,0,7,9,8,0
GCGTTAAGCTGG_4,1,6,6,0,2,5,2,7,2,5
AATATTCATCTG_4,4,8,5,8,1,7,8,5,1,4
TATCTGCACACG_4,7,8,6,2,2,6,9,6,6,1
TATCCACCCCAA_4,8,5,4,8,5,5,9,8,6,2
TACCGCAATCTT_4,9,7,5,8,0,9,6,8,2,0
TACCTTGGGTAA_4,7,7,7,8,0,3,9,8,7,2
TAACGCAGCCCT_4,5,1,7,5,5,0,6,6,0,1
TCGCCTAGAGGA_4,3,0,4,4,6,4,0,2,8,7
TCGTAACCTACC_4,5,8,7,8,5,0,9,6,0,1
TCACGCGAAATT_4,3,2,9,6,0,8,5,2,7,7
ATAATACGGGGC_4,6,5,7,8,5,3,6,3,6,1
TCAGACCATACT_4,2,5,4,2,4,7,3,7,7,0
ACCCAGCTACAA_4,5,1,8,4,0,5,6,4,7,7
AACTGCTAAGAT_4,2,8,5,1,4,2,5,8,4,3
CCGCTTGGAGGA_4,4,9,5,1,1,2,1,5,5,3
CGCCCCGACGGA_4,2,3,5,9,1,1,0,5,1,8
GCGATATTCATT_4,2,3,2,1,4,2,3,4,5,7
ACAGGTCCCCTG_4,5,8,7,4,0,3,9,4,7,0
ATGGCTGAAGTT_4,2,8,2,8,0,6,2,6,7,6
TGAGTTGTACCC_4,3,4,4,2,4,9,0,9,2,4
AAGTTGTCCGTT_4,9,8,9,8,7,3,6,1,3,2
CCGCATTCACGC_4,0,3,8,4,4,1,9,8,2,0
AGTCTGTGAGGC_4,7,7,7,3,5,0,7,7,8,0
CTGATGTTTATC_4,2,3,3,1,1,2,8,4,5,4
TCCAGCGGCAAC_4,1,7,7,8,6,5,6,8,6,7
ATTAATCATCAA_4,7,8,5,4,4,7,6,4,5,6
CCTGTCCGGCGG_4,3,2,8,7,3,0,8,1,2,8
TTTCATGCTAAC_4,7,7,6,6,3,4,7,4,2,6
TTGGAGAGCCGT_4,3,2,1,3,3,9,0,9,9,5
GCATTTTATCAA_4,2,5,5,4,4,1,4,5,5,3
CCTACCATCTAC_4,2,9,3,9,1,7,3,5,5,4
TTTATATCGAGC_4,6,5,7,6,8,0,1,6,0,1
CGAATTATCATT_4,9,1,0,5,5,3,2,3,7,1
GAGAGACCGCCC_4,8,3,1,2,4,9,7,8,2,9
TACCGCAATCTA_4,3,4,4,4,5,4,6,2,6,6
GTATGGTAGCAT_4,2,8,5,1,4,7,6,5,1,4
GGCCGCCGCACG_4,1,2,1,0,2,4,1,7,8,6
GCCGTGTCGTTG_4,5,0,3,2,9,7,7,4,9,3
CTATAGGAGGTC_4,4,3,4,6,6,2,6,4,4,2
GCAGTTCGATCG_4,0,5,8,9,6,8,4,0,6,3
GCTAATGACAGG_4,0,5,8,4,2,2,2,1,5,7
TATGTACCTGGT_4,8,0,0,8,0,5,6,1,6,7
CCAGCAAAATTG_4,7,7,7,8,2,9,8,1,6,0
CTCGCCTCGAAC_4,4,3,3,1,1,7,2,5,1,6
TTATCCAAGTAA_4,5,8,1,8,5,4,2,1,2,7
GAAACGGGATTC_4,7,2,7,4,5,7,9,6,7,2
GGCGACACCGGT_4,5,2,2,3,0,1,5,2,7,1
TGTCGAACCCAC_4,6,9,8,6,4,7,4,6,0,8
ACTATTTGACTG_4,9,6,4,4,0,0,8,1,2,9
CTAACGGATTCT_4,9,5,6,7,3,1,5,8,9,0
GAGTGGCAAGAG_4,3,7,8,2,8,5,0,5,2,9
ACTATTTCCGGT_4,4,9,5,9,4,6,8,4,5,3
AGTCATTGGTAA_4,6,5,5,6,5,6,6,4,4,0
TACGGCACCGGT_4,2,6,9,2,3,4,8,2,2,9
GTATTGCAACAG_4,3,3,3,9,1,7,2,2,1,3
CCAAACGTTGCC_4,0,4,4,7,5,4,1,2,9,9
CTAACCCAGAGT_4,6,1,7,4,5,3,2,6,0,2
GTATCAGTTGCG_4,2,9,6,7,4,2,8,0,5,9
GTTCGACACGAT_4,2,5,3,2,1,0,2,0,4,3
TGGTTTCGTGGT_4,7,5,9,4,7,4,5,8,9,0
AGACGAACCCCA_4,9,7,4,6,0,9,0,2,6,8
TGAATAAGGAAT_4,6,2,4,4,7,6,9,8,7,6
TGGCGCTACCGG_4,4,7,2,9,4,0,1,2,1,4
GCCACTCGCGCT_4,2,6,9,1,8,5,7,5,3,6
TACGCGTGCTAT_4,4,8,6,8,6,2,7,2,6,9
CCGCTTTCCCTC_4,9,6,2,1,1,7,8,5,1,0
TTAACGGATCAT_4,0,3,6,8,6,4,5,1,7,7
CCTTCAGCGCTA_4,1,4,4,0,9,1,0,9,8,5
TTATCACGCCTT_4,4,3,3,9,1,7,4,5,5,3
GCCCGTACCCTA_4,2,3,3,1,4,7,2,0,5,3
GATTCGGACCCT_4,0,4,6,3,6,1,7,7,7,0
ATCCAAGTAAGT_4,5,8,7,4,6,0,6,2,7,0
GTGCGGCTACGT_4,5,1,0,8,8,6,9,6,7,7
GCCGTTTAATTT_4,7,4,1,0,5,8,5,2,3,5
TAAGTGTAGTAT_4,2,9,5,1,1,6,8,5,1,4
ACACCCATCTTA_4,7,5,9,8,2,3,6,4,5,0
GGAGTGTTAAGC_4,0,6,9,2,3,5,2,2,3,5
CCAATAGCTACT_4,8,4,0,3,7,8,9,2,6,2
CCCTCCAAGAGA_4,4,3,5,1,1,6,8,0,5,4
CGGGTACGATGG_4,8,5,6,0,7,4,6,1,2,0
AGTGGCTCCCCC_4,2,0,8,1,8,1,5,5,5,4
CCAAATCGTTTG_4,5,1,7,5,7,3,9,6,0,1
CCCGATCTATAT_4,1,7,4,6,9,9,1,9,2,9
AGTAATGAGGTG_4,9,6,9,4,7,3,6,7,9,4
CGGCCTTCAACG_4,0,1,8,3,0,9,7,1,9,6
TACTTTGGCAGA_4,6,8,0,8,8,3,2,6,0,0
TGGCCCCCACGA_4,1,8,6,0,6,9,5,2,4,0
TCCACATGGGGC_4,3,1,8,6,2,6,6,6,7,7
CACATCCACGAC_4,6,1,0,6,5,0,9,6,7,1
CGACGTCTGGGA_4,2,7,2,2,8,0,0,5,1,8
TTTCATATTACC_4,5,7,9,0,2,0,7,6,0,2
CTGGCTCACTAG_4,6,5,7,5,5,3,4,6,7,0
TCTACAGTACAA_4,6,1,0,4,7,2,2,6,6,7
CGGTTTCGACTG_4,3,4,1,0,2,0,0,1,9,9
ACCGCCCGAATC_4,0,7,6,8,0,2,6,1,3,7
CAGCCGATAACG_4,1,2,1,7,3,1,0,9,8,5
TCCGAAGACAGG_4,7,6,1,7,3,4,5,2,2,9
TCCGTAAGACCG_4,3,6,1,7,7,3,2,2,3,2
GATGCTGAAGAG_4,1,8,7,5,7,3,6,8,7,0
TGGCTGTTCTCC_4,5,8,5,8,6,8,9,4,4,3
TTGAACTAGCGA_4,3,2,2,3,8,1,9,7,2,0
CTGGAGATATGC_4,8,6,8,6,7,5,1,9,2,9
CAGACCATCGCT_4,4,8,5,2,8,7,5,0,2,4
GAACCCGCAACC_4,3,3,3,7,1,9,4,4,4,9
GGTGCAGGATTG_4,0,2,2,8,0,8,5,8,7,2
GCGTCGTAGTTG_4,4,3,2,1,4,1,8,5,8,3
GTAAGGTTCACC_4,3,4,9,3,9,5,0,9,8,5
GGAGACAAGTAC_4,1,8,2,6,1,5,6,7,2,4
GACTACGTGTCA_4,8,5,9,1,1,9,8,2,4,7
GATCCAGACTAA_4,0,3,3,9,1,6,3,0,4,6
CTCACTAATGAT_4,4,3,5,1,1,7,5,4,5,6
GCTCCCATTCTG_4,7,4,4,6,2,4,5,9,3,9
AACGTTGCAACG_4,6,1,0,5,6,9,2,6,7,1
GCACCTTTAAGC_4,0,3,2,2,5,1,3,0,8,8
AAGCTGCAATAA_4,5,4,1,3,6,3,1,3,9,7
GGACGTGCAGAT_4,9,7,9,0,0,5,0,9,9,5
AATGGCCCTACG_4,7,4,4,3,6,0,7,2,7,8
CCCGGTCATGAT_4,3,4,4,3,9,7,1,2,8,5
CTCCTCCTTGCC_4,7,2,9,6,6,0,1,1,2,0
GGCCAGATTGCC_4,5,0,0,5,2,6,9,6,0,1
GGTTAGGCAATG_4,0,4,2,8,9,9,7,6,3,7
CAGCCGAAGACT_4,5,8,7,5,6,4,7,2,0,0
CTTTAAATACAG_4,0,8,7,8,7,5,1,1,6,5
CGTCGTCTACCT_4,4,9,3,9,7,9,8,0,1,4
GCACTGGGCAGT_4,6,1,8,7,7,4,4,4,3,6
TTTGTGTGACGT_4,5,5,7,5,5,8,6,6,7,1
CGATCCACTTCT_4,4,9,3,8,4,7,4,5,1,3
CCGAAAATGAGT_4,2,3,3,1,4,2,4,5,4,6
GCACACGTTCAC_4,3,4,1,7,9,0,5,7,4,6
CGCCCACCGCGT_4,1,4,9,6,2,8,7,1,3,6
GCAGCGGCGGGA_4,7,6,4,3,3,6,2,9,2,9
TTAGCCGTGGCG_4,2,7,4,1,1,2,8,0,9,4
CCTGCTCGATAA_4,3,2,6,0,3,2,5,4,2,9
GCGGACGTATCA_4,3,6,9,1,3,5,5,4,8,0
TAGAGGTGAACG_4,9,5,9,3,2,2,5,7,3,6
GTTGCAGTTCAC_4,2,3,9,1,0,7,2,0,1,6
TGCGACGACATG_4,1,6,9,3,6,1,1,7,3,5
GAGCCGCCACGC_4,3,7,4,4,9,5,0,1,4,7
ATGCATATAATG_4,4,9,3,1,4,5,5,0,2,6
CTTTCTCTTCCG_4,2,3,3,1,1,7,5,5,1,3
AATCATCTGCGG_4,0,1,9,8,5,5,7,4,0,1
GACAAAACGGCT_4,5,0,9,4,9,8,3,1,5,7
ACAGCGTAACCT_4,6,8,7,5,9,6,6,6,7,7
GTACACCGGTCA_4,3,2,4,6,2,1,0,2,8,0
AATCAGTCAGAG_4,0,1,0,5,2,4,6,8,7,1
CTCTAAGAAGCC_4,4,8,5,8,4,6,3,5,7,4
GGTGCAGGATTT_4,2,1,9,8,7,5,9,4,4,5
CTACTACTATGT_4,8,8,4,1,7,1,6,2,9,5
CTTGAAAACGCG_4,9,2,1,0,3,9,4,4,8,7
TTTGAGTGTCGA_4,7,7,4,7,3,3,0,2,2,7
AAGTTGTAACGT_4,4,9,5,1,4,8,2,5,1,3
CCCCCCGCCCAA_4,0,3,2,7,6,6,2,2,4,9
CTGTTGAGATCC_4,8,9,1,7,0,1,8,7,4,7
GGTGCAGGATTC_4,5,8,8,6,9,9,2,4,6,9
GCGCTTAATATA_4,6,1,7,6,5,4,9,6,6,7
TACGAGCCCATG_4,2,3,2,1,1,5,3,5,4,6
TTTGATCTGCTT_4,1,5,6,6,8,5,7,9,8,0
TAATATCCGGAA_4,9,3,9,9,7,2,8,4,2,7
TTAGCGTTCAAC_4,7,6,9,4,2,4,1,2,2,5
ACGCCTTAGTCC_4,0,5,8,3,9,6,6,6,7,1
GACAGAGTGACA_4,2,9,5,1,1,7,5,0,1,3
ACTGCAAGTTGT_4,6,1,8,5,5,9,2,6,6,1
ATCCCATGCTAT_4,8,2,2,4,7,4,6,4,7,7
TACCTTTGCCCT_4,0,6,7,2,7,1,7,8,6,8
CCCAGTATCCGT_4,6,5,1,5,5,3,1,3,6,7
GAGGCGGTAATG_4,0,5,0,2,5,0,8,8,0,2
CTAAGCAGAGGT_4,7,4,0,6,8,0,4,2,6,0
CCCGTGTCGCAG_4,6,2,8,9,0,5,3,5,5,8
CCCCAGGAAAGG_4,6,1,7,4,5,8,4,2,8,0
AAACCACCCCTA_4,1,7,9,6,3,5,0,2,6,9
TGCGCATGGGAT_4,0,3,9,9,4,7,1,2,2,3
TTGGATCCACTG_4,3,7,4,7,9,5,0,9,6,5
GGGAAACGAGCA_4,8,0,4,8,7,9,7,6,0,0
CACATTGTAGTG_4,1,7,8,0,9,9,2,2,3,8
CAATAAACAAGA_4,7,5,8,7,9,0,0,9,3,7
AACCGGTCGCCT_4,7,5,0,8,2,4,6,6,9,1
CGGCTTCGCAGA_4,7,1,0,0,5,9,1,6,6,7
CCTAGTATTGTC_4,4,3,3,1,1,6,4,0,5,4
TTCTATTGTGCG_4,6,6,0,5,5,1,7,6,6,1
CCAATAACAATT_4,4,9,5,9,4,7,8,5,1,3
TTGGTATTCACG_4,4,8,5,8,4,1,2,0,4,4
GTAGTTGAAAAG_4,3,3,6,6,5,8,9,4,7,0
AGAGACCTTCAG_4,1,2,9,3,6,2,0,9,2,5
ACAAAATGATTA_4,9,5,8,3,6,5,8,1,7,9
CAAGTCGTAGTT_4,4,9,5,1,1,2,8,0,1,4
ACACCTTTGGTC_4,1,2,8,3,2,0,7,9,3,6
CGAACTGGAGTG_4,0,1,7,4,5,4,6,3,6,2
ACTATTGTTCTT_4,0,2,2,7,8,1,7,8,7,0
ACGCCTGTACAA_4,6,1,7,6,7,3,6,4,6,1
GCCTAGGTTTCT_4,6,8,0,5,7,3,6,3,0,1
CACGCGCTTACA_4,1,2,8,0,9,0,5,1,4,9
GATGCTGAAGAT_4,5,7,0,8,6,5,6,3,7,6
GGCTTGGCGGCA_4,0,5,1,5,0,5,7,1,7,5
TACTATTCCTGC_4,6,2,8,5,6,0,7,6,6,8
CACGGCTCCTTA_4,1,4,6,3,0,0,1,7,9,5
GTTAGCAATCGT_4,6,5,7,5,7,0,6,6,4,8
ACTTTCACCACC_4,0,8,1,7,6,2,9,4,5,2
CTCCCATCGGGG_4,6,8,6,5,0,0,9,6,0,8
TTCTATTGTGCA_4,5,1,7,8,5,5,9,6,0,7
ATGACGCTAAGA_4,4,0,3,2,5,5,2,4,6,3
CCTGCAAGCGTG_4,7,4,1,0,8,4,7,6,6,1
TACAGAAACGCG_4,9,7,9,6,2,5,2,1,6,6
TCCCAGCAATCT_4,0,6,1,0,3,2,0,9,2,5
CCCAGCTATAGC_4,9,7,9,6,2,4,8,8,8,2
ATTAGATAACAC_4,1,8,1,8,0,2,9,7,9,6
GGAGTCATACGC_4,3,7,1,0,9,1,1,2,9,8
AATTAACCCACC_4,3,2,6,0,0,0,6,1,6,0
GCCAGATAGCGG_4,6,5,7,6,5,3,7,8,6,7
TAGGACCCAGCT_4,3,2,7,5,6,3,4,6,6,3
ACCTCCTATCCA_4,1,0,0,3,2,1,1,7,4,0
AAGGACCGATGT_4,3,6,9,6,2,4,0,2,8,5
ATGCGGTCACTC_4,3,6,7,2,3,8,0,7,3,6
GGGGCCACCACG_4,4,9,3,9,4,7,2,0,1,4
GATGCTGAAGAC_4,5,1,7,5,0,0,4,3,7,0
CTAAAACAGCTA_4,9,5,9,8,0,8,8,1,6,9
GGCGCTGGTAAG_4,1,0,8,3,6,4,3,1,2,0
TCACCGGGATCG_4,9,7,1,3,3,2,1,9,8,9
CGATTGAGATAT_4,9,7,1,3,6,5,1,9,8,7
TTGACGCAGTCT_4,2,9,3,1,4,7,4,0,5,2
GAGGACGTCCCG_4,6,7,7,3,6,0,1,8,9,7
GTTGTAAGGCCA_4,3,4,1,7,3,5,7,9,3,5
AAGACGATATCG_4,7,1,7,4,2,3,9,6,0,1
TTCCGGGGGCCC_4,7,2,6,8,2,3,4,7,0,8
ATTGTAGCTAAA_4,1,4,6,1,5,5,4,1,0,0
GGGAATAGATCA_4,8,8,3,9,4,6,2,4,4,2
TTAGCCACGGGT_4,7,0,1,6,0,1,1,5,0,6
AGACGTCGTTAT_4,2,2,3,1,8,7,2,0,0,4
CTAGCCAGCAAC_4,2,9,4,1,4,6,3,5,1,4
TACGTCTTTCGT_4,8,7,1,8,0,3,0,1,8,5
TAATATACGTCT_4,7,4,4,3,9,0,8,7,8,9
GGTGCAGGATTA_4,9,5,2,7,7,2,6,1,2,2
ACCTTGAACACT_4,5,0,0,9,5,5,3,6,0,7
GTAGCGTGGGGG_4,9,2,8,3,3,5,6,1,9,9
TTCTATTGTGCC_4,7,4,0,5,9,4,9,6,6,7
ATCCCGAGCCCG_4,7,1,7,5,2,2,2,3,8,1
TGGTAAACTATT_4,4,3,8,1,4,7,1,5,1,9
AGGAACGTTCTG_4,7,4,7,5,8,3,3,8,7,9
TCAATCCGCAGT_4,4,9,2,1,4,6,2,5,5,6
GCTGGCGTAACG_4,4,3,3,9,5,8,7,0,5,2
AATCTCTATCGC_4,1,7,1,8,6,2,6,1,3,0
AGTTGCATCAGT_4,5,1,7,5,5,3,9,3,7,1
GCTAACTAGTAT_4,7,8,2,7,8,1,0,5,3,8
TTGACTACTCGA_4,0,8,3,2,6,8,4,8,6,7
TGTCCAATATGA_4,2,8,5,2,4,2,8,0,9,8
CTGACGCCCTCG_4,0,7,4,0,8,1,0,0,3,8
GATGCTGAAGAA_4,3,4,7,6,9,6,9,6,7,6
CCGCTATTGTCC_4,5,5,7,5,0,3,6,3,0,1
ACCGTTCTCTTA_4,3,4,1,3,6,5,5,4,3,6
GTAAACCCGGGG_4,3,0,5,2,2,8,2,4,7,0
ATCCAGAGCAAT_4,8,6,8,1,8,9,1,8,2,7
AACCTCCCGCTC_4,2,3,4,1,1,2,3,0,1,4
CTTGACAAGAAT_4,0,6,8,8,0,0,8,1,8,2
CAGCTCCGAAGC_4,2,3,3,7,4,2,3,0,1,4
ACTATTGTTCTA_4,7,8,7,8,4,7,8,0,0,3
ATAAAGTTATCT_4,9,3,9,2,7,5,5,4,2,7
GTCCCACTATAG_4,7,5,6,6,9,5,5,7,2,5
CGGCTATATGGC_4,7,4,7,5,6,3,9,6,7,7
AATCTAGGCGTC_4,4,9,5,1,8,7,6,0,4,3
CTCGAGGTCTCA_4,1,7,1,0,3,3,5,1,2,2
TCCAAAGCACTG_4,1,7,6,7,5,5,5,2,2,6
ATTGTCTATCAC_4,4,3,5,1,4,2,8,0,4,4
CACCAGTCACCC_4,1,2,8,6,0,2,6,2,7,6
ACTATTGTTCTC_4,7,1,6,1,2,2,2,2,5,2
TGCTGCTGTATA_4,7,5,0,3,5,3,6,3,6,7
GGGCGCCTAGAT_4,0,1,7,5,8,8,9,8,0,7
GCCCCCAAAAAT_4,4,9,3,1,9,7,5,5,1,4
GTAACCACGGAT_4,6,1,7,6,7,3,9,8,6,1
TGTAAGTGGGGC_4,1,2,9,5,9,9,1,7,3,6
CCCGTGTCGCAT_4,2,8,8,2,2,1,8,4,1,8
TTAGCCGTGGCC_4,9,7,9,2,3,5,1,0,1,6
CGACTGGTCGGT_4,7,0,1,7,5,2,1,2,8,8
AATTTTGTCATA_4,6,0,0,5,6,3,9,1,7,1
CTTCCTATGGCC_4,0,5,6,8,6,6,2,2,3,2
GGGATAGTCCTC_4,4,3,5,9,4,7,8,0,4,4
ATCCCGAGCCCC_4,8,2,6,5,8,8,7,3,6,2
CCGCGGCGAATG_4,0,1,6,8,5,9,9,6,6,1
GTATCGGCCATT_4,1,7,3,3,3,5,1,5,9,8
ATCATGTGACTA_4,5,5,7,5,5,3,9,3,7,7
CGTGTTCCCGGA_4,6,8,9,4,5,9,4,3,7,7
GAGCGCAGAAGC_4,7,4,1,1,5,3,2,3,3,0
ATATCTAACTCG_4,4,3,5,9,1,1,2,4,1,3
CTACTACTTGTT_4,9,7,8,1,2,8,5,8,2,5
AATGTACCGCCT_4,9,5,8,8,0,8,6,7,2,7
TTCGCTACGCGT_4,7,4,8,5,6,1,0,7,8,0
GCGACAGAGCAT_4,2,3,3,1,1,7,5,0,8,4
ACTGATCATTGT_4,5,1,7,5,6,3,4,3,0,1
TATCGCCTGAAC_4,1,7,1,3,8,5,5,2,2,9
CTAAACCAAGAC_4,7,5,7,6,6,2,6,3,7,9
TTAGTAATATAG_4,5,1,0,6,2,3,6,6,0,1
TTAGCCGTGGCA_4,2,3,4,7,1,2,2,4,8,4
CCCGTGTCGCAC_4,7,4,2,9,4,0,3,0,2,8
CTACTACTTGTC_4,5,5,7,8,7,2,7,7,5,0
AAAGGCCTACAT_4,1,6,1,0,3,5,0,1,2,5
GCCGCTATTAGT_4,2,3,5,1,1,1,3,5,5,3
CTTGCATTCGGC_4,4,9,5,2,4,6,3,0,4,3
TAGCCTTGAACT_4,9,0,6,7,0,8,5,1,2,6
TTAAGGAGGAGA_4,6,1,7,4,6,3,1,3,9,0
GGATCAAACGAT_4,7,6,9,0,2,0,0,7,3,9
ATCGAGCTCCCG_4,3,5,7,5,9,3,1,3,8,8
CCCGTGTCGCAA_4,0,0,2,9,4,2,3,0,6,8
ATCCCGAGCCCT_4,3,1,0,3,6,5,1,3,6,7
CTTTGAGCTGGC_4,4,3,3,9,4,7,8,0,1,4
GCTGGCGTAACC_4,0,9,5,4,4,2,8,0,1,0
CTAATGAGGGTT_4,9,2,4,1,6,2,9,1,2,2
GCGCGTGAAAGA_4,1,4,4,0,2,5,4,9,3,5
ACGCGGAACCCG_4,8,6,8,1,2,6,8,1,2,7
TGCGAGCCTCCG_4,3,4,0,7,9,9,5,1,3,6
CTACTACTTGTG_4,1,6,9,0,9,2,1,1,8,6
CCTAATATTTAT_4,9,6,9,0,8,5,7,9,3,7
AACCGGTCGCCG_4,9,0,0,3,3,4,9,6,0,0
GGTATTTAACGG_4,8,2,8,6,0,4,9,8,0,7
TTTGTATCCGTG_4,7,3,0,5,9,6,7,5,4,2
GCGACAGAGCAG_4,4,9,4,9,4,9,6,0,1,3
CACGTCTCGCTA_4,9,0,6,6,6,5,5,1,8,7
ATGCTGGGTGCC_4,3,6,2,1,3,4,0,7,9,0
TATGAGGAGAGA_4,4,3,4,1,9,6,8,5,1,4
GAAGGGTTAGTC_4,1,7,1,0,9,5,0,9,9,5
GTGGTACCGGGG_4,9,6,2,0,3,8,0,5,3,8
CTGGTGTTCGCA_4,0,0,8,9,4,2,8,0,5,8
TACCACATTCTT_4,7,2,0,6,5,8,2,4,2,2
TGCTCGATCGAT_4,1,0,8,5,6,3,7,3,4,1
GCTGGCGTAACT_4,0,9,3,2,2,3,7,4,1,0
AGCCCAACAGGA_4,8,4,9,3,9,0,4,2,4,8
AATCTCGTGGTG_4,5,4,0,5,6,1,7,6,0,1
GGCTACCTGCAT_4,0,6,8,7,9,1,5,9,9,5
TATATGATTGGC_4,9,7,8,3,9,2,9,1,6,5
AGGCGTGTGTGG_4,8,1,9,2,0,0,1,9,0,0
GCGTCTCTGAAG_4,5,9,9,5,4,9,9,6,0,0
TGAGTGTCGCGT_4,1,6,9,7,9,9,0,2,9,5
TAAAGCAAACCG_4,6,9,0,6,4,6,8,4,4,3
GCTGGCGTAACA_4,4,3,3,4,2,2,2,0,1,3
CGATGTCGGAGC_4,7,0,4,5,9,0,0,3,9,9
ATGTCTGCATCG_4,3,2,0,3,2,9,3,7,3,8
CTCCGAGTCACG_4,6,5,6,4,7,0,4,8,7,1
TCGACCCAGGCC_4,6,1,0,4,6,3,9,3,7,1
TAATATCCGGAG_4,8,5,3,0,5,2,8,4,6,9
GTAGTACGCAGA_4,4,9,5,9,4,6,3,0,4,3
TGCGCGTCGCCC_4,3,6,1,6,3,1,1,9,3,6
CTGTATCTGCGT_4,6,6,3,9,9,6,3,7,5,0
CGTCATACTGCA_4,4,9,3,9,1,2,4,7,1,3
AGACGTACTAAC_4,7,6,9,6,7,6,3,1,0,9
GATCGGCTGCGC_4,1,5,1,9,5,5,4,2,9,7
GGTCACTCGGGG_4,0,5,6,5,7,3,1,3,9,1
CGTCTGCTATCA_4,4,3,3,2,1,2,3,5,1,3
GGAACCAGGCCT_4,9,6,1,0,3,4,1,9,3,5
ACCACCTGAGTG_4,9,2,8,3,9,1,1,2,8,2
GACCCGCGTGAG_4,3,0,7,5,3,0,2,6,7,8
GTAACCTGATAT_4,4,9,5,1,1,7,8,5,1,3
GGCGGCATCCCA_4,5,0,7,4,5,3,6,6,0,1
CCCGAGTGATGC_4,0,4,7,7,9,0,7,8,0,9
TTCTATTGTGCT_4,6,5,0,5,5,3,1,6,9,0
TGCAGCGCGGAG_4,4,3,3,1,4,6,3,0,9,4
ATAGGGGCCGCG_4,1,6,1,7,3,5,7,1,9,5
CGCCTTATATTT_4,4,3,5,9,4,2,8,4,1,3
TTAGCCGTGGCT_4,8,7,4,9,4,2,9,1,7,0
ATATAGGTCGTG_4,6,7,7,8,0,3,9,4,6,0
ATATTCATATGG_4,0,0,4,7,5,7,6,2,2,0
TCGCAAACCACA_4,2,9,5,9,1,2,3,5,5,3
GCCCCTGCCTGG_4,3,6,8,7,9,1,0,9,8,8
TATGTGCACAAG_4,9,6,1,7,7,2,1,1,2,2
TCTACTGCTTGT_4,4,0,4,9,1,8,4,0,1,3
AAAGTTTAAGTC_4,0,6,9,0,9,2,0,9,9,9
GATCTGGGTGAG_4,0,0,8,6,2,4,1,4,7,5
ATCGCAGCCGAC_4,3,0,9,6,5,3,3,7,9,0
ACGCGGAACCCC_4,1,6,8,2,5,5,0,0,3,6
GTGTCAGGCCAT_4,4,9,5,9,0,2,4,7,9,8
ACCACGACCCAC_4,7,2,0,5,5,3,1,3,0,8
ACGCGGAACCCT_4,1,1,1,3,0,7,1,7,6,3
CAACGTATCCGG_4,9,0,7,3,0,0,9,0,2,8
CCGCGGCGAATC_4,7,5,0,5,9,8,6,6,0,7
GATAATTCTTAC_4,4,3,2,9,4,6,2,5,1,3
ATAACCGAGGTG_4,8,2,0,4,5,4,1,6,0,7
CCTTCCTATCGG_4,3,0,2,2,6,4,6,8,9,0
CCGGTTGCGCGA_4,1,6,2,4,9,4,4,0,4,8
TTATGTTGTGCC_4,6,1,0,5,5,3,7,3,6,1
CGCACTGTGATC_4,1,0,7,9,3,6,5,0,4,8
TTAATTAGTGCA_4,4,3,3,9,7,6,3,4,5,3
TGTCTCCAGCTT_4,2,9,5,1,1,0,8,5,4,3
ATCCCGAGCCCA_4,7,1,7,5,5,0,7,3,7,2
GTGGCGACCAAC_4,3,7,0,6,8,2,1,1,2,2
CCGTTCGGTGAG_4,9,4,6,6,2,3,2,7,3,7
CGCATTGAGCCT_4,8,8,8,5,3,4,1,8,3,2
GATCGGCTGCGG_4,1,9,0,2,3,7,4,1,0,9
ACCTAATAGAGG_4,9,4,9,7,0,5,1,2,9,9
GCGACAGAGCAC_4,8,0,5,9,1,8,4,0,4,4
GCGACAGAGCAA_4,2,9,3,1,1,8,3,0,5,8
ACGAGCCATGTA_4,0,9,8,9,4,6,4,0,4,4
AGTCAGGAGCGA_4,4,3,5,1,1,6,3,0,1,4
ATATCGAACCAT_4,1,4,1,3,8,4,1,1,2,0
CAAACTGGCCCT_4,4,2,3,6,4,7,3,4,1,6
ACACTATCCGGT_4,2,3,3,9,1,7,8,5,5,3
AATAGTATATTC_4,6,5,7,5,7,3,1,8,6,8
AACGGCACCGAT_4,6,4,8,5,8,3,8,3,0,1
CCAGTGGGGGGC_4,9,0,6,6,6,8,9,6,7,7
CGGGTCCTCCCA_4,1,2,4,3,9,1,7,1,3,5
GGAATCATAGGC_4,4,9,3,9,4,7,8,0,1,3
ATGCCGCCAATG_4,9,7,8,2,1,0,8,0,6,9
GAGACCGGGAAC_4,1,4,1,3,3,4,7,1,9,0
ACACGTTATGAC_4,1,0,9,8,8,3,2,1,3,9
TTACTGTGATGA_4,0,7,7,5,3,5,2,4,0,1
AGCCATCTCTAA_4,4,9,5,4,1,5,3,4,4,6
GTCAATCGGGCT_4,0,3,3,7,0,8,1,0,4,4
