,0,1,2,3,4,5,6,7,8,9
TATGATACCCTA_2,3,7,4,7,0,1,0,3,8,7
GATCGCGGCTTC_2,4,8,9,2,3,3,1,7,9,6
CCGCATTAACGG_2,2,8,1,9,3,1,2,5,8,1
CCCGTCCGATCT_2,9,9,3,9,6,2,0,2,0,6
CAGGGTCGCCAA_2,1,4,5,9,3,4,5,5,8,1
GAAGCATCACGG_2,8,5,4,5,9,6,4,8,8,9
CGTCCTGATAAA_2,7,1,7,6,4,7,6,1,2,8
CCCCACCTCCAG_2,6,8,4,5,0,1,7,5,3,9
ATGCAAGCCACG_2,6,5,1,1,5,3,2,5,0,0
CGTTGTACTACC_2,2,9,4,6,6,5,4,2,8,2
GTTATCAGGCGT_2,4,2,0,0,7,1,6,0,2,2
ACCGTTAAAGCC_2,7,1,4,4,2,5,5,3,5,3
CTTTCAGGGTGA_2,4,1,0,2,8,8,1,1,2,8
CATCTCACGCCA_2,9,3,1,1,4,3,6,0,3,3
CATCTCGGGCTT_2,4,6,7,8,9,8,6,6,6,8
CATCGTCGCTAG_2,6,5,9,9,9,4,7,0,3,6
AGCAATATCAGG_2,7,4,4,1,9,3,3,0,0,1
GGATCAAACTTG_2,0,1,4,4,4,8,0,8,5,7
ATAATCACATTG_2,7,0,3,5,3,1,3,5,3,0
CATTTGGTCGCG_2,8,8,3,7,3,9,2,5,0,0
GGACCCCTGTCT_2,8,3,4,9,8,0,2,5,0,0
TGACGTAAATCC_2,8,5,3,7,5,3,3,0,3,3
GGCTTTCACCAC_2,2,8,2,0,5,3,1,7,4,3
CGGCAAAGCGAG_2,8,9,4,0,9,0,7,3,9,6
GGGTTATTGTTG_2,5,8,2,7,1,1,4,9,0,1
TCGCCATCCAGC_2,4,4,5,1,8,1,5,9,0,9
CAGTATAGGGCT_2,8,8,3,7,8,9,3,5,0,0
GGAATCTAGACT_2,4,1,9,9,8,3,2,5,0,0
TCTGGGGAGAAT_2,6,8,5,9,5,3,2,5,0,0
TCTCACTGAAAG_2,2,2,7,5,0,7,1,6,6,4
CCCCACCTCCAT_2,6,5,8,5,9,0,2,9,0,8
TTACCGTTGACC_2,8,3,4,9,3,0,1,3,4,6
CACCCTTAGGGT_2,0,6,0,3,0,1,0,6,7,9
AAATACATGTTC_2,4,2,1,7,7,1,1,1,7,8
GTAGCCGTCTTG_2,3,3,2,2,1,1,1,7,3,6
GCGACACGCAAG_2,4,2,0,0,4,1,0,9,6,2
ACTAGTTTCCTA_2,1,7,5,7,5,0,3,0,0,9
GCATTGGGATGT_2,7,5,4,5,9,1,2,6,8,6
CACGGATATCGA_2,2,5,3,2,9,4,7,8,3,8
TCCCCCGGCGCC_2,2,3,7,8,7,7,8,6,2,8
CCCCCATACTAT_2,5,5,5,1,5,1,7,0,0,0
CCCCACCTCCAC_2,0,7,4,7,9,3,1,9,3,4
GGCCCAAGATGC_2,0,3,0,0,6,5,8,6,2,8
GGCTGACGATTT_2,8,1,8,0,9,2,9,9,5,5
TTTGCTCATCGC_2,1,1,2,7,5,9,1,0,1,3
AGTTCTACGATC_2,1,2,6,2,2,2,9,9,5,3
CGTCAGATGCAC_2,2,6,0,8,7,8,1,1,2,4
GCTACATTGCAC_2,9,2,1,8,7,1,1,4,2,6
ATTCTAACGCCG_2,8,5,5,3,1,2,2,9,3,3
TGCGTTATCACA_2,0,1,8,3,9,1,8,8,3,5
GTGGCACAGGTC_2,2,1,2,1,6,0,2,0,0,3
GCATTAAGTGGG_2,1,5,5,9,5,0,2,5,0,0
TAGCTCTAAGCA_2,6,4,4,6,3,9,3,0,3,0
CTAAAGCGCGGA_2,2,2,2,6,7,8,6,2,9,4
AGTGACTTATAA_2,8,7,3,9,6,1,3,5,4,6
CATCAACTGGCC_2,3,0,6,2,6,2,0,3,1,7
GTAGCAACGTTT_2,6,5,1,9,1,3,2,5,0,0
TCATTCCCAAGG_2,2,5,4,7,8,1,7,4,4,9
AGACAAAGTAGT_2,5,7,9,7,8,3,2,5,0,1
AATACCAAGAGG_2,7,1,4,8,8,5,8,6,4,8
AGCTCTACCTCA_2,5,4,1,7,3,1,2,0,0,0
GGAGCTTGTTGC_2,2,6,2,0,1,8,1,3,7,6
GAGCGCTCATGC_2,9,0,0,0,7,5,4,1,2,8
CCCAAATAAAGA_2,6,9,6,5,9,6,7,4,1,3
TTCGTTATCAGA_2,4,2,2,6,0,3,5,1,7,1
AGGAGACGGATA_2,4,1,8,8,5,8,6,6,8,8
AGCGATTACTGG_2,9,8,5,1,3,0,3,5,0,0
TGAGAGAGACTG_2,6,5,2,7,3,1,3,6,4,9
GGCCAGGTCTTG_2,0,2,0,5,5,3,5,0,8,9
AAGCTGCAATAT_2,6,9,6,3,6,0,0,2,1,1
ATACAACAACTG_2,7,3,9,7,5,3,2,0,0,1
GGCCAGGTCTTT_2,7,2,4,5,9,0,8,9,6,4
ATTGTGAAAGTG_2,8,4,9,5,2,6,4,4,3,3
GGTCAACCAAAG_2,9,3,1,8,7,9,7,0,7,4
TCCCCCCGCGGA_2,3,8,4,7,5,3,3,9,3,1
CTTGAGACGAAT_2,4,3,0,1,3,5,5,1,8,6
CACACGGTACGG_2,9,2,0,2,4,7,5,7,2,4
CCCAGACTTCGT_2,7,4,2,0,1,3,1,9,3,8
ATGCTTCATTCG_2,7,3,5,5,0,9,2,0,2,0
CCCCACCTCCAA_2,7,7,4,7,5,1,8,7,3,6
AATCCGTATCTC_2,5,7,5,7,3,9,2,5,4,0
CAGACTGGTAGG_2,5,4,3,7,5,9,2,4,3,2
GGCCAGGTCTTC_2,7,9,4,8,4,1,7,8,7,4
GGCTGTCTTGTG_2,2,9,4,5,5,6,7,0,1,1
CTCGGACGTCCG_2,5,4,2,9,3,1,3,5,4,6
ACGAAGTCGCAT_2,0,7,4,9,1,6,3,9,8,1
ACTGCGATCCGC_2,8,8,3,9,1,4,5,5,4,1
TGTACGACGCAT_2,6,3,2,1,5,4,2,5,9,6
GACACGCATCAG_2,8,7,1,3,6,8,9,3,7,5
GCCCTAGAGATG_2,4,5,4,8,5,5,4,6,7,5
TCGCTTACCCAG_2,7,3,1,7,1,3,7,9,4,0
CACGTGAAGGAT_2,8,7,9,7,0,8,5,6,6,1
CCGGGACGGAGC_2,5,8,4,9,1,3,1,0,3,2
CTTTACACGTTG_2,0,2,8,5,0,8,5,0,5,4
TTCACCGTTGGG_2,8,3,1,6,1,5,5,6,8,6
AAGCTGCAATAG_2,1,9,6,2,6,6,0,3,9,5
CTGCAATGGTTG_2,7,3,5,5,9,1,2,7,5,9
GCCAAGAGCATG_2,8,3,4,8,1,7,8,0,7,8
CTTGTATATAGC_2,6,5,1,5,1,4,7,8,8,5
TGGAGATCGCAA_2,9,4,4,1,1,9,7,0,4,1
TCAGGGGAAATT_2,0,7,8,2,8,0,4,4,5,1
CGCCGTGCTCTC_2,8,9,6,3,5,2,0,3,8,2
GCTCCGACACTT_2,5,5,5,7,8,9,3,7,9,6
CTAGAATAGATA_2,0,3,5,2,5,0,7,7,3,1
TTACACCAGCAA_2,4,9,9,2,5,2,9,7,1,0
ACGCCAGCATCC_2,8,3,5,7,0,9,3,2,4,0
CCTCCGTAGTGG_2,0,4,3,9,3,4,5,6,8,0
ACTTCGTATATG_2,6,9,6,5,4,1,4,2,5,5
CCTCAGTGCTCT_2,7,7,3,1,3,5,2,4,3,3
AACTCGAGGCAA_2,9,6,0,2,6,2,0,3,8,8
TTGGCGTGAGAC_2,3,0,6,4,2,6,4,9,5,9
TCGAATTCTGCA_2,8,6,9,8,5,1,8,5,7,0
GCTTATGTCTTT_2,8,4,4,1,5,9,2,5,0,1
CCTAAGTATGCT_2,4,2,8,8,1,5,1,7,7,4
ATAATAGCCACT_2,4,4,9,8,5,1,6,1,2,4
CACTCTAGAACC_2,1,0,6,3,9,6,7,8,8,1
AATAAACTATCG_2,0,3,1,0,6,7,1,6,6,8
CTCCAGTCCGCG_2,4,3,2,1,3,3,2,7,2,6
ATCACCGCGATT_2,1,0,6,4,0,2,0,8,1,2
TCCTCTGAGCGT_2,2,2,2,1,8,8,8,6,4,1
AAGCTGCAATAC_2,8,7,1,5,1,1,0,4,9,7
GGCGGCTGTTCG_2,2,4,2,9,0,4,3,0,3,7
CAAAAGCAGTGT_2,6,8,9,9,3,1,7,8,0,0
AAGACGTAGCAT_2,1,0,6,3,2,2,9,3,8,9
CTGATGGATGGA_2,5,8,2,9,6,4,3,0,0,0
GTTAGGAGCGCA_2,8,4,2,2,6,5,5,6,8,2
AGATTGGAGCCG_2,2,1,0,9,6,5,6,6,8,8
TGTCCTGTCGGC_2,0,9,7,3,6,0,4,3,9,7
TTCGCGAAACGT_2,9,2,0,0,7,7,6,1,2,2
AGCCGTCACAGG_2,6,7,4,2,1,3,1,6,6,4
AATTGAGTTCCC_2,7,4,9,7,1,9,2,5,3,0
TACCGCTAGCAT_2,7,0,0,0,7,7,6,1,7,8
TCGATGCGGAGC_2,9,6,0,8,7,8,6,9,6,8
GCTGCCCTTGCC_2,1,9,6,3,6,2,9,3,1,7
CGACTTATACTG_2,7,3,0,8,4,5,1,6,6,4
CTTAGTATTTTC_2,9,1,4,2,0,7,1,9,8,4
CTACAAGTCGGA_2,7,1,4,5,9,0,5,6,1,6
TGGTATGAACAC_2,4,6,7,8,7,7,0,1,6,8
TCATGCAGAGCG_2,3,4,4,8,6,5,0,4,7,2
ACCTATCCGTTC_2,3,2,1,5,1,1,4,6,7,2
GGATTATAAAAG_2,6,8,2,7,5,9,7,5,3,1
GGCTCGCTCAAG_2,4,6,0,8,9,3,7,7,3,2
TCAATTAGCCGC_2,7,8,3,1,0,5,7,0,3,0
AAGCTGCAATAA_2,8,9,3,3,6,0,3,3,3,6
CACCTTTGTTTC_2,1,0,8,3,0,2,9,2,1,5
CTAGCGGATGAG_2,8,7,5,9,5,1,2,2,3,6
GTAATAGCGCCG_2,9,3,0,6,7,7,1,7,2,4
ACCATACTTAAC_2,8,4,1,7,7,3,1,7,9,8
GGCCAGGTCTTA_2,7,2,8,0,5,3,7,8,2,8
CTCCTACAGTGC_2,1,2,0,6,1,2,8,9,4,8
TATGCCCTAACT_2,7,7,9,7,3,3,2,2,0,1
CCCCCATCGTTA_2,5,4,2,7,8,5,7,5,9,6
CTCGAGGGTGCT_2,0,1,1,4,9,8,7,8,3,1
GCGAGGTAAAGG_2,6,8,5,9,8,0,7,5,8,1
TGTTGCATGAGT_2,7,3,4,5,5,6,7,2,5,8
GAGAACCCTTCG_2,6,8,3,1,5,3,3,5,0,0
CGGATATGAGCG_2,7,1,9,0,5,0,3,4,0,1
GGGCCCAATACC_2,5,7,2,9,5,9,2,5,7,0
GTAGGCGATCCC_2,1,9,2,2,1,4,1,4,0,6
TTGTGCCTAAAT_2,9,2,2,0,6,7,6,9,2,3
GAGACGCGGGGG_2,3,1,0,0,7,8,9,3,7,4
GGTCGCGTAATT_2,5,8,9,5,1,1,2,6,4,1
GCTAACCGGTCC_2,3,9,6,9,6,0,0,3,1,3
CACTATCCCTCT_2,9,1,0,3,0,7,6,8,5,4
TAAAGTCGCGCA_2,1,0,6,4,2,2,0,3,5,7
ACGCCTAGATAT_2,5,4,3,7,1,4,2,0,0,1
GAGACCTCCCCA_2,1,9,6,3,6,6,4,3,5,5
CGTAACGGATCA_2,5,4,2,9,3,1,1,5,9,8
GATTCTGCTCCC_2,8,8,4,9,1,0,2,5,0,1
TCTGGTCGATAG_2,6,8,5,9,5,3,2,8,9,3
CGACGGATAAAC_2,6,5,9,7,5,9,2,4,3,6
CGCAAGCATGCG_2,9,2,7,0,4,8,6,1,7,2
CACAGTTGTCCC_2,0,1,4,9,9,2,3,2,8,9
CCCGGTGCAAGG_2,4,2,7,6,7,5,8,6,7,8
AATGATCACTTT_2,0,4,5,7,8,9,3,7,8,7
GACACGCATCAC_2,9,9,6,3,6,2,0,3,1,8
GACCAATGAATA_2,0,2,0,8,7,4,6,1,2,4
TCATTCCCAAGA_2,6,5,9,5,5,9,3,5,3,6
TCATCAATCTCG_2,0,2,4,8,4,8,5,6,2,8
GCCGATGAAGCC_2,8,7,5,7,8,0,3,0,4,6
TCGCCGACTCAT_2,2,1,7,8,3,4,6,7,2,3
TGCCCTATTCCA_2,2,3,0,6,7,8,1,1,7,4
AGAAACCAATTG_2,0,9,8,4,2,6,4,2,1,2
CGAGGGAACGAT_2,8,8,2,7,5,4,5,5,9,3
TGGGGTCATCTT_2,0,2,7,0,9,7,5,1,5,8
TGGAAACACCTT_2,3,0,0,7,2,2,9,9,9,9
TTCAGGGTTCTC_2,4,3,0,8,7,8,1,9,2,6
TAAACCACAACT_2,5,4,5,1,5,4,2,6,2,0
GTGCAATCGGGC_2,8,7,3,9,3,0,5,5,9,6
CTAACCCTTGCC_2,3,3,9,9,1,4,8,2,3,6
GTACCTGTAATA_2,0,0,6,5,2,6,9,2,1,5
ACTAGCTGCAAG_2,4,2,0,0,7,7,8,0,6,2
TTCAACAAACTC_2,4,2,0,0,1,3,6,1,7,8
GCTAACCATGAG_2,6,4,1,9,6,3,2,5,4,6
TCCGCTTTCAGG_2,6,4,5,1,5,4,7,0,0,0
TCGCCCGGCTAG_2,3,8,6,3,6,1,0,0,0,0
GGAAAGTAGTAA_2,5,8,1,9,0,4,2,4,6,1
CCCTCAAAGTGA_2,9,6,7,8,5,7,0,1,2,2
AGAGACCCTGAA_2,1,4,6,0,1,3,4,9,3,1
TACACCTTAACC_2,8,9,6,3,1,2,1,3,6,7
CGCGTAGTACAC_2,7,7,4,9,8,1,3,4,0,7
GAGGAGCCGATG_2,6,4,9,5,1,9,7,4,0,1
GGACCGGCTAGA_2,9,6,0,0,9,8,6,7,6,8
CGGTTGTAGTAA_2,4,1,9,5,9,6,7,8,8,9
CCATCCCCTAAA_2,0,9,8,2,2,6,4,3,1,7
CCGCTAAAGTGT_2,7,2,7,6,4,7,8,1,6,4
GACACGCATCAT_2,0,9,6,3,6,6,9,2,1,7
TCAGCAAATCAA_2,1,0,8,3,2,6,9,2,5,5
GACTAAAGGTTC_2,7,3,1,7,3,4,7,9,2,0
CTTGACAAACCC_2,9,6,0,8,4,5,6,1,6,8
AACGATCTCCCG_2,4,2,0,0,4,7,8,6,2,8
CGCCTCCTAGCC_2,2,6,7,6,7,5,6,6,6,8
CCGATATGCACT_2,9,0,6,5,0,6,0,8,1,5
GACACGCATCAA_2,0,7,6,6,6,8,0,3,1,5
CTCCATTAGCTG_2,3,8,3,5,5,1,3,8,3,0
AAATGTTAATTA_2,5,5,9,9,5,3,3,5,0,0
TCAGTACTATAA_2,0,9,8,3,2,2,0,3,5,7
AGGAACCACGCC_2,1,7,6,2,2,2,9,3,1,7
GGACTTTACCGG_2,7,4,3,1,3,1,2,4,9,0
TTGCCGCTATCA_2,6,6,0,0,0,7,6,6,6,7
TCATAATACGAA_2,0,8,1,1,5,4,7,0,3,0
GAGAAATGATAG_2,4,1,7,8,7,5,6,1,2,4
TACTGAGAGCTT_2,8,5,4,7,3,9,3,8,7,3
GTTCGTCTGAAC_2,9,8,1,2,7,1,0,4,8,4
GACTTTCGACAG_2,7,2,0,6,7,5,8,6,7,2
CCTCGTCGTCTT_2,4,2,7,8,4,7,6,1,6,4
AGGAACGTTAAA_2,3,4,1,7,9,0,4,0,9,0
CTGGCGTATATA_2,6,3,9,1,0,3,8,1,3,2
TATGCGGAATGG_2,6,5,5,5,0,0,3,7,8,0
TCATTCCCAAGC_2,5,5,1,7,8,9,7,7,4,9
GTCGCGTGAGAG_2,5,2,3,7,1,4,5,7,4,1
CTATACCTCAAC_2,1,9,6,3,2,2,9,3,1,7
TACCACATTAGC_2,3,0,6,4,2,6,9,9,1,3
GTCCAGGCATCG_2,0,9,6,4,6,2,9,2,1,7
GCTCAACACTGC_2,6,0,8,4,8,6,7,9,8,8
CAAGACCCCATC_2,7,4,2,1,3,9,1,7,4,1
TTGTCTGGGGCC_2,0,8,1,2,1,4,2,5,0,1
AATGAGGAGCTC_2,8,7,6,3,0,8,0,8,8,5
GGCATAACTACC_2,4,1,7,6,4,4,6,7,7,4
ACTAGCTGCAAT_2,2,3,7,6,7,7,6,1,7,4
TATCATCCTCAT_2,6,1,2,9,3,9,2,4,3,6
AACGATCTCCCT_2,2,3,0,8,4,7,6,6,2,4
GCCGACGTTCGA_2,2,3,7,8,4,7,6,1,7,8
GGTGGCATAGAG_2,5,8,3,1,8,4,7,4,0,6
TAATCCTAGCAG_2,7,1,4,5,1,2,4,2,8,3
ACTAGCTGCAAC_2,9,2,7,8,7,5,6,1,4,4
GAGGAGCCGATC_2,6,4,9,4,1,3,3,0,8,1
CCGCTGGGCACT_2,2,2,0,8,7,8,6,1,7,4
CCTCATTAGTCG_2,5,2,7,0,3,3,1,6,9,4
CGCGCAACAAGG_2,7,9,1,2,7,5,3,0,2,1
CTGGAAGTCTCT_2,8,6,2,1,8,5,1,5,6,4
AACGATCTCCCC_2,9,6,7,0,7,7,6,1,7,4
GACTTTCGACAT_2,4,3,0,0,6,5,6,3,6,3
GGGGATGATTAG_2,8,7,2,9,1,9,2,3,4,6
GTCGTTAGAAAC_2,8,8,3,1,5,1,5,7,2,6
GATGACAAAACA_2,7,8,2,9,5,0,3,5,9,8
ACATAGTCGGAG_2,8,4,1,0,1,0,2,0,0,7
GTACGTTCCCCC_2,2,4,3,9,8,0,1,6,0,0
GAGGAGCCGATT_2,6,0,3,7,9,0,2,9,8,0
TCAAATAGTGAG_2,7,4,5,1,8,4,2,5,3,9
CGTGGTCGCTTG_2,1,3,9,9,6,6,3,3,0,6
CTGTGAGGCATG_2,7,5,9,1,8,1,2,5,9,6
CCCGAACCCGGG_2,8,4,3,9,3,9,5,0,4,0
TCGGGCCTTATA_2,5,4,3,5,5,9,3,0,9,0
CGCGACGATGTA_2,5,6,2,9,3,4,8,6,4,6
TACAAGTCACGT_2,8,7,3,7,1,4,3,0,3,0
AGGAATTTAAGA_2,2,2,0,8,4,7,5,1,2,4
CATGACGACAAA_2,6,8,7,4,7,9,0,8,1,2
CTATCGGATCGG_2,2,6,9,0,6,3,1,6,3,7
GACTTTCGACAC_2,2,3,0,6,6,8,5,6,6,4
GATGTCTTGACC_2,4,9,6,0,9,2,0,2,9,3
TGCCAGAGACAT_2,4,0,1,5,9,8,4,0,7,9
CCCTTCACGGTT_2,3,6,3,2,6,1,7,4,8,7
GTAACAATAACT_2,9,2,7,8,9,7,6,1,2,4
TTCACGTGTGAC_2,9,7,9,1,9,4,7,0,3,3
AGCAAGCACCCT_2,8,6,2,9,8,4,5,4,4,1
CCAAATTTCTCC_2,7,2,7,0,4,7,6,1,2,4
TAGTAAATGTTG_2,4,8,5,7,5,5,1,0,8,3
GGTCTCTACCCT_2,3,8,8,3,2,2,9,9,1,7
TTCAAAGTTAGT_2,6,0,8,3,2,6,9,4,8,5
CTTCTATGTCGC_2,1,9,4,2,6,1,1,2,1,7
CCGACTGTGGAT_2,0,9,8,4,2,2,9,2,8,5
AGTCATTAAAAC_2,8,5,5,7,8,9,7,0,4,0
CAGGTTGGATAA_2,6,0,6,3,2,6,9,8,5,9
ACATGAATGTAT_2,9,1,7,5,4,8,8,8,5,4
GTCGATCGCTAG_2,8,5,2,9,6,3,3,5,9,1
TCGCCCTTGGCT_2,1,0,8,4,2,6,9,4,1,4
GGATCGACTATA_2,4,6,0,0,1,5,6,1,7,2
CCTAAAATGCCG_2,6,0,8,3,6,6,9,4,5,7
GATCAGTTAATA_2,1,9,6,3,2,2,4,3,1,7
TCAACGGGTCGT_2,2,0,6,2,0,6,0,2,5,2
AAACGATAGCGG_2,6,4,5,1,8,4,2,0,0,6
CAGTTAGGCGTT_2,9,2,2,0,8,9,3,7,6,0
CTCCGAAGGAGA_2,0,0,6,4,9,6,9,3,1,7
AACATATAACGC_2,9,2,7,8,4,7,6,1,2,4
CTGGGCCGGTTT_2,7,0,2,7,9,0,7,7,0,0
ACTAGCTGCAAA_2,4,3,7,8,8,9,1,1,7,4
CCAAGAGACGTT_2,3,5,6,4,2,6,4,8,5,5
CAAGATAGGGAC_2,3,5,3,5,9,3,8,2,3,9
TTTGTCGCCGTG_2,5,8,9,7,8,9,2,7,0,0
AGTGCCACAACC_2,7,3,7,2,0,7,6,1,2,8
CCATAGTTCTTC_2,7,2,1,8,4,7,8,1,2,8
TCCCTCATGGTC_2,7,4,1,1,8,3,3,0,4,6
CGGCGGATAAGG_2,4,1,7,0,7,5,8,1,7,4
CATAAATTCTGC_2,4,3,2,6,7,3,8,1,2,3
AGAACGCTTCGA_2,9,6,3,7,3,9,3,8,3,0
CGTGGTCGCTTC_2,3,7,6,1,6,0,0,4,8,7
AGAATGACGAAT_2,0,0,4,5,9,3,4,8,9,8
GACGTAAATTCG_2,5,4,2,7,3,9,3,0,0,0
TGAGGAAGGTGG_2,6,8,5,9,3,9,7,7,0,1
TTCCGCCACCAC_2,0,5,8,4,2,6,0,8,1,7
TCTAGACATGGA_2,6,7,5,7,3,9,2,5,4,0
GTCACGTTTCGG_2,9,8,3,1,3,9,3,0,3,1
TGAGAGAATTGT_2,5,7,2,9,1,9,2,4,0,1
GACTTTCGACAA_2,4,6,7,0,7,8,0,6,6,2
CGACGAGGTTCG_2,2,2,0,6,6,7,8,1,2,4
ATTCGGCCACAC_2,3,1,6,4,6,6,0,2,8,7
GAGGAGCCGATA_2,3,7,9,7,1,3,7,5,0,1
AACGATCTCCCA_2,4,6,7,0,7,7,6,1,6,9
GAGACCGGTTAT_2,8,8,5,7,3,9,3,0,9,0
ACCTCTTAGCCT_2,5,8,9,9,3,9,3,5,9,0
TTAGATCGCTTA_2,2,3,7,0,4,5,6,7,6,9
GTCTCGCCGATA_2,9,6,7,2,7,7,6,2,7,2
CAGCACTAGTCC_2,1,8,2,3,3,0,0,4,9,6
CGGATAATAGAG_2,5,8,3,7,1,4,3,0,0,0
TCGCCCTTGGCC_2,1,0,6,4,6,6,0,9,5,5
AACCCGCTAAGA_2,0,2,0,4,2,2,4,8,1,5
TTTCTGAACTAC_2,3,3,6,4,6,2,5,6,7,8
TCATTCCCAAGT_2,0,4,1,9,3,3,7,0,4,9
CTGTCGTTATGC_2,9,3,0,8,9,7,6,0,7,2
CTACTTGATTTC_2,1,0,8,5,2,6,9,4,5,9
TAAGATAAGTTG_2,5,7,9,1,1,0,3,4,9,1
GACGAAACGGGA_2,6,9,0,4,9,6,9,4,1,9
GTCAGGGGAGGT_2,7,5,5,7,8,4,7,8,4,0
GCGCTGACCCCG_2,1,9,6,3,2,2,9,3,1,2
GCTCGACGTCGG_2,5,4,9,9,8,0,1,6,4,6
CGACTGACGCTC_2,4,6,7,8,4,5,1,1,2,8
AACTGTACAGTC_2,6,4,4,7,8,9,1,5,0,1
TCGCCCTTGGCG_2,1,0,6,2,6,6,0,4,1,8
TGTTTTGCAACG_2,0,5,1,6,9,5,8,4,3,9
CAGTTACAGAAC_2,4,2,0,0,7,5,6,1,7,4
TCGCTTTAGAAT_2,5,5,3,7,5,4,2,5,3,6
ACTGATCGACCG_2,3,9,5,9,8,0,7,0,4,1
GTAGCTATTGCC_2,9,6,7,2,7,8,6,6,6,4
ACTGCATGCGCA_2,4,6,7,2,4,2,6,1,6,2
ACTCTTTATCGT_2,8,1,0,0,6,5,8,6,8,4
CGCCCGCTAGCA_2,1,0,6,3,6,2,0,3,1,5
AACGCTAGTAAA_2,5,5,3,7,3,0,3,8,4,0
CGTCTAAGATCT_2,6,9,8,4,2,2,9,3,1,3
CTACTTCAATTC_2,9,2,7,6,7,8,6,6,2,4
CAGGATTGACGG_2,7,5,2,7,0,4,5,5,8,6
GAAAAGTTGCAA_2,3,0,8,3,2,2,9,3,1,9
CTAAGCCACATA_2,9,2,7,0,4,7,6,1,2,4
GCAGTCTTGAGG_2,7,4,9,9,8,9,7,7,0,0
TTGCCCCTGAGC_2,2,2,0,0,7,7,8,6,6,4
AGAATGACGAAG_2,5,4,8,5,0,8,7,8,5,0
CGTGGTCGCTTT_2,1,9,3,9,6,2,5,3,3,7
CCTCCTATTGTT_2,6,4,2,9,8,0,5,6,8,0
GTGCGACAGTCG_2,1,7,2,9,6,2,0,3,1,3
AGAATGACGAAC_2,7,0,8,7,9,6,4,9,9,9
TAACCCACGTTA_2,6,8,1,4,1,6,7,8,5,9
GTGCGACAGTCC_2,3,7,1,9,9,6,0,3,9,1
CGTGAGGATAGG_2,4,6,0,6,7,7,6,1,6,4
TCGATAAGCATC_2,7,8,2,7,5,3,3,4,0,1
AGACCGATACGT_2,1,9,6,4,2,6,4,4,1,7
AGCCATCGTTCC_2,0,9,6,5,2,6,4,2,5,9
AGCCATCGTTCG_2,0,0,8,4,2,6,9,2,5,5
GATGAGCGCTTG_2,1,4,2,7,6,1,9,3,9,7
GTCCCGAAGAGC_2,9,5,0,9,1,9,7,7,4,9
TCCGGTGCATCT_2,5,4,3,7,3,0,3,0,3,0
TTGATTTCAGCA_2,6,0,6,4,0,6,0,9,9,5
GCGGCACTTTCG_2,6,4,7,6,7,8,5,6,3,8
GGAGAAAGTAAC_2,2,5,3,0,7,8,3,6,9,1
GACGAAACGGGT_2,7,2,0,0,0,8,9,9,1,9
TCGCCCTTGGCA_2,1,1,6,3,6,6,9,9,5,9
TTACGGGCTAAG_2,7,4,2,1,0,3,8,0,9,1
CGTCTAAGATCC_2,1,9,6,4,2,6,9,3,1,5
ACTAAGGACGCT_2,2,7,8,7,0,3,4,7,8,0
GCTCGACGTCGC_2,8,6,2,1,3,4,8,0,8,1
AAGCTAGGCAGA_2,7,6,0,8,0,8,6,6,6,4
GTGCGACAGTCT_2,8,0,1,2,9,1,0,4,5,2
GATGAGCGCTTC_2,6,7,4,2,6,4,0,3,3,7
CGTCTAAGATCG_2,0,7,6,2,2,6,4,2,1,5
GTCCAATCAAGT_2,6,0,6,3,2,6,9,8,5,9
ACGGCAAATGGC_2,1,9,6,3,2,2,9,4,5,5
AATCCGAGGCTG_2,2,3,2,1,3,1,3,6,2,3
GACTGGCCACTT_2,2,3,7,6,4,5,6,1,2,2
AAGAAAGTACTA_2,1,8,2,5,0,6,4,5,5,3
GACGAAACGGGC_2,3,9,8,5,4,8,9,4,5,9
CGACCATTTTAG_2,5,5,3,5,3,5,2,6,3,0
GTTCAGAGGAAG_2,6,8,8,2,2,6,4,2,1,2
CGTCTAAGATCA_2,1,0,1,4,2,2,9,2,1,9
CGTGGTCGCTTA_2,7,9,3,7,1,2,0,4,8,7
TTCCTATCCGTT_2,9,3,1,0,4,4,6,7,2,4
AGCCATCGTTCT_2,0,0,6,4,9,2,4,2,1,5
TGTTTTGCAACT_2,1,8,9,2,1,3,4,9,0,7
GTACACGCCTCG_2,2,2,6,2,0,8,9,9,1,5
CAGTTGGTGCGA_2,3,0,8,0,9,7,4,6,5,9
TCCAGGGTCTGG_2,3,0,6,4,2,6,9,9,1,5
GCCAAGATGGTT_2,6,9,9,7,1,2,3,5,8,7
ATGTGCAAGTGA_2,7,5,3,5,1,4,2,0,0,1
ACCGGAGGGGAA_2,3,0,6,0,2,6,4,3,5,2
GTATCACTCGCC_2,7,7,2,7,0,3,3,0,3,0
