,0,1,2,3,4,5,6,7,8,9
ATGTATTGTACT_1,7,6,3,0,1,4,5,6,6,1
CGGAGTCGTCGT_1,6,4,4,6,4,7,3,7,3,8
CCCCTGCGAAAT_1,7,2,3,5,1,4,6,6,1,1
CGGAGTCGTCCC_1,6,4,4,6,4,7,3,7,3,8
TCAGGATGGTCC_1,9,2,8,5,1,4,6,1,7,1
GTGATGAGGGAA_1,9,2,2,5,7,4,6,6,1,1
CGGAGTCGTCAG_1,6,4,4,6,4,7,3,7,3,8
CCTTGGCGCAAA_1,9,2,3,5,1,4,6,6,1,1
TGCGGGGGGACC_1,9,2,3,5,1,4,6,6,1,1
CGGAGTCGTCCG_1,6,4,4,6,4,7,3,7,3,8
TCAGGATGGTCA_1,9,2,8,5,1,4,6,6,7,1
ACCCTGGGGGGT_1,8,2,2,5,1,4,6,6,4,1
GTGATGAGGGAC_1,9,2,8,5,1,2,6,1,7,4
TGCGGGGGGACT_1,9,2,2,5,1,4,6,6,1,1
CCCGTCTCGAGA_1,8,7,3,5,1,4,6,6,4,1
CCAGCCCCGGGC_1,9,2,3,5,0,9,6,6,7,1
CCCCTGCGAAAC_1,8,2,3,5,1,4,6,6,1,1
CGGAGTCGTCCT_1,6,4,4,6,4,7,3,7,3,8
CGGAGTCGTCGA_1,6,4,4,6,4,7,3,7,3,8
TAAGAAGGTATC_1,0,7,2,5,1,4,6,6,0,0
GGGCCCCGGGCG_1,9,8,6,7,8,4,6,8,1,5
TGCGGGGGGACA_1,9,2,3,5,1,4,6,1,1,1
ATATCGATCAAG_1,7,1,8,1,1,4,1,2,9,1
CGGAGTCGTCCA_1,6,4,4,6,4,7,3,7,3,8
ATAATTTTCCCT_1,9,2,3,5,1,4,6,6,7,1
GCTCCCTGCAAT_1,8,8,3,6,8,7,6,6,6,5
AATCTGGACCCT_1,2,2,2,5,5,6,9,6,4,6
CGGAGTCGTCAC_1,6,4,4,6,4,7,3,7,3,8
CACAATTCTATG_1,9,7,2,5,1,6,6,1,4,0
GGTGGATCGGCT_1,8,6,3,0,8,4,5,2,6,1
CGGAGTCGTCTT_1,6,4,4,6,4,7,3,7,3,8
CACCGAATAACT_1,8,2,3,9,1,4,5,8,6,1
CCCCTGCGAAAA_1,8,2,3,5,1,4,6,6,6,1
GGGAGGGGAAGA_1,6,4,4,6,4,7,3,7,3,8
CGGAGTCGTCAA_1,6,4,4,6,4,7,3,7,3,8
AATAGAAAAGTG_1,7,2,3,0,1,4,2,6,1,1
GGGAGGGGAAGT_1,6,4,4,6,4,7,6,2,3,8
AGCCTCAGATGT_1,7,2,2,5,5,4,1,6,7,1
ATTCACTCTGCC_1,2,2,2,5,5,4,6,6,4,0
CGGAGTCGTCTC_1,6,4,4,6,4,7,3,1,3,8
CACCGAATAACG_1,8,6,3,9,1,4,5,8,6,5
GCTCGCAGTGGC_1,4,7,2,5,1,1,0,9,1,3
GGTGGATCGGCG_1,8,6,3,0,1,4,5,6,6,1
GGTGGATCGGCC_1,8,6,3,0,1,4,5,2,6,1
CACCGAATAACC_1,8,6,3,9,1,4,6,8,6,5
CGGAGTCGTCTA_1,6,4,4,6,4,7,3,7,3,8
GGGAGGGGAAGC_1,6,4,4,6,4,7,3,2,3,8
ATTCAGGACGAC_1,2,7,2,5,1,6,6,4,6,7
ACACACCCACTT_1,7,2,2,5,0,2,2,6,7,7
GGCTATGGCGGG_1,1,6,3,5,1,4,2,6,5,1
TGGGGGGGGGGG_1,9,2,2,5,1,4,6,1,3,1
GGTGGATCGGCA_1,8,6,3,0,1,4,5,6,6,1
ACAACCCATACC_1,7,2,2,5,5,9,6,6,5,1
CACCGAATAACA_1,8,6,3,9,1,4,5,8,6,1
GGCGCACACCTG_1,9,2,7,8,3,5,6,1,7,0
AAGTACTTAGGC_1,9,2,1,3,3,4,6,6,7,1
TGCTTTACGAGG_1,9,2,7,8,3,8,4,1,8,0
CGAGTGAACGCA_1,4,7,9,9,5,6,6,3,4,0
TATTAGTGATGA_1,4,7,2,7,0,6,9,6,4,3
ACCATAAAAAAG_1,3,3,7,8,6,8,4,4,8,7
TCTGGAGCGAGG_1,1,1,1,4,9,5,7,2,9,4
GGCTATGGCAGG_1,7,6,6,5,1,4,6,6,6,6
GGGCCCCGGGCA_1,8,8,6,7,8,9,6,8,7,5
CCCGGCCTTCAC_1,7,8,8,1,5,3,0,6,4,0
GGTGGATTCCAA_1,5,7,5,5,1,2,6,6,0,0
GGCTATGGCGCG_1,7,6,8,5,8,4,5,6,7,1
GGCTATGGCGGA_1,1,9,2,4,1,2,2,9,1,6
GGCGCACACCTC_1,9,2,7,8,3,5,6,1,7,0
AATCATTTGTAC_1,9,2,2,7,1,4,9,1,1,1
GACGTCCCTTCA_1,1,9,6,9,0,5,7,8,6,5
GCTGAAGCCGAG_1,4,7,2,5,5,6,9,3,4,3
CCGCGGGTCAGT_1,4,7,2,3,0,6,9,6,4,0
GGCTATGGCTGG_1,1,9,3,4,1,0,6,6,6,0
TAATACTTAGGC_1,1,2,1,3,0,4,4,5,7,6
GGGCCTTGAATT_1,8,6,3,0,1,4,5,9,6,5
GATGGGCAAAGT_1,7,8,2,3,0,6,2,5,9,6
AAGAACTGGCGC_1,7,2,8,7,5,4,6,6,1,4
CCTATTACCAAG_1,4,9,3,0,8,0,5,3,6,0
TCGGACGGCGAC_1,5,7,8,5,7,2,2,6,4,3
GGCTATGGCGCT_1,8,3,1,0,7,5,7,8,6,0
CCCGCCACGGGC_1,9,8,3,5,8,3,8,5,9,5
GGCTATGGCGGC_1,7,0,1,7,5,0,5,9,5,6
GGCTATGGCTTC_1,8,6,1,9,1,0,7,8,6,5
CCATCAATTTCG_1,4,7,5,9,0,6,0,3,4,3
GGCTATGGCGAG_1,7,1,8,9,5,0,5,3,6,7
CTCGTATACTCG_1,9,2,8,2,1,3,1,3,7,5
GGCTATGGCTCC_1,1,1,6,4,7,4,2,2,6,6
CCCATCCGCGGG_1,1,0,5,1,2,1,5,8,4,3
AATGATAGCGTC_1,3,5,0,2,7,2,1,0,7,4
GGCTATGGCTTG_1,2,9,8,5,5,0,2,8,5,6
TGTGATGAGGAG_1,9,2,0,3,7,2,1,6,0,4
CGCGTAGCTTAT_1,7,8,8,7,5,4,6,6,0,6
GGCTATGGCGGT_1,0,6,8,9,1,0,8,9,5,1
GGCGCACACCTT_1,9,2,9,8,3,8,6,1,7,0
ATGTGAGGAAAC_1,7,0,8,7,1,5,9,3,9,6
TGTGATGAGGAT_1,9,2,8,3,7,3,2,3,2,4
GGCTATGGCTTT_1,7,6,6,0,8,5,2,2,6,6
GGCTATGGCTCT_1,1,9,3,4,5,9,7,2,5,4
AACTACAGCCTC_1,0,7,2,5,1,6,8,9,1,1
GGCTATGGCCCC_1,8,6,8,9,3,0,2,4,7,0
GGCTATGGCGCA_1,5,0,0,0,0,9,2,6,6,5
GGCGCACACCTA_1,9,2,7,8,3,5,4,1,7,5
GCGGTCGTCGAA_1,4,7,5,5,5,6,0,4,4,3
GGCTATGGCGCC_1,7,3,1,1,8,6,5,8,6,7
GGGCCCCGGGCC_1,2,8,6,2,8,4,5,8,1,5
GGGCCTTGAATC_1,2,9,3,0,8,2,9,8,1,5
TTGTGAGAAAAC_1,7,8,6,3,9,5,1,0,1,6
GAGCGCAGCAAT_1,7,8,7,7,8,9,5,6,0,7
TACTACAGCCTC_1,9,3,2,5,1,9,6,1,7,0
CGTGTCGCAGAT_1,5,5,2,7,5,2,6,1,2,4
TGTGATGAGGAA_1,0,2,8,9,7,2,6,8,7,6
GGCGAGCAATGT_1,4,7,2,1,2,2,0,2,0,3
GGCTATGGCGAT_1,1,9,0,9,7,6,2,5,7,4
ACCATAAAAAAA_1,3,3,7,8,6,8,4,4,8,7
CCCGCCCAACAA_1,7,9,2,0,0,1,0,3,4,6
AAACAGGTTAAT_1,4,7,5,9,8,6,6,3,0,0
GGCTATGGCACC_1,5,6,1,4,1,0,7,9,5,6
GGCTATGGCCCT_1,8,6,8,4,0,9,2,8,7,1
GGCTATGGCTCA_1,0,6,1,1,1,9,8,9,1,1
GGGCCTTGAAGG_1,9,8,3,3,0,0,9,9,1,5
GGCTATGGCATC_1,5,0,1,0,1,9,2,2,5,1
GGCTATGGCAGC_1,0,0,6,4,8,9,7,2,5,0
GAAGGTCAACTA_1,3,8,6,1,0,3,4,4,5,6
GGCTATGGCTGA_1,1,9,0,4,7,9,7,8,5,4
GGGCCTTGAATG_1,8,9,1,0,1,0,9,9,9,5
CTTACTTCGTCT_1,0,9,2,5,5,6,9,3,4,6
GGCTATGGCATT_1,1,1,8,4,7,4,7,2,5,4
TTACAAAGTCGG_1,7,2,1,2,3,9,8,9,5,1
GGCTATGGCCCG_1,2,6,0,3,9,0,9,9,2,4
GGCTATGGCACG_1,7,9,2,1,0,9,7,3,5,7
GGCTATGGCATG_1,0,6,8,5,1,6,9,6,7,1
CGTGAGTCGTCG_1,6,4,4,6,4,7,3,7,3,8
GGGCCCCGGGCT_1,3,3,7,7,8,9,1,6,7,0
ACCATAAAAAAT_1,3,3,7,8,6,8,4,4,8,7
TGACCGCGCATT_1,3,3,9,2,0,9,7,5,0,7
GGCTATGGCGAA_1,0,9,1,4,1,5,7,9,2,6
GGCTATGGCTCG_1,1,9,6,1,7,9,2,2,0,6
CATCACACATAT_1,4,7,9,8,3,6,4,1,4,0
GGCTATGGCACT_1,8,1,8,4,1,5,2,8,6,4
CTGGGGTGACTT_1,2,3,2,3,0,0,8,3,5,6
GGCTATGGCCGC_1,2,6,6,9,8,5,7,8,6,7
AATTTCATCGTC_1,7,7,0,4,5,0,6,2,0,4
GGCTATGGCAGA_1,8,6,6,9,1,0,9,8,5,1
GCTCCGAGCGGC_1,3,5,0,7,5,5,1,2,7,5
GCAGAGTCGCGG_1,2,5,6,1,8,3,5,4,2,2
ATCGATCAGAAC_1,1,4,6,1,2,1,0,3,5,9
CAATTGATGCTT_1,4,7,5,5,1,6,0,3,4,3
GGCTATGGCCTC_1,8,6,1,4,9,0,9,3,6,1
GGCTATGGCAAG_1,7,8,8,3,7,0,2,9,1,4
GGGCCTTGAAAT_1,2,9,8,5,5,2,1,0,1,5
GACTATCATGTG_1,4,7,5,5,1,4,0,6,4,0
GGCTATGGCGTG_1,0,9,6,1,5,9,2,2,2,6
ACCGCTCCCAAA_1,5,0,3,5,0,3,5,8,0,5
GGCTATGGCGTC_1,0,0,6,0,8,6,8,9,1,1
TGATATCCAGGG_1,0,9,3,9,1,2,5,8,6,3
GGCTATGGCCTG_1,1,9,3,0,9,0,9,9,2,6
GGCTATGGCGAC_1,1,6,1,4,8,9,5,8,6,7
GGCGTAGCTATG_1,2,7,6,5,3,6,0,5,1,3
ACCATAAAAAAC_1,3,3,7,8,6,8,4,4,8,7
TCTGGAGCGAGA_1,1,1,8,4,9,5,7,6,9,4
CTGGATCTCCCG_1,4,7,9,3,2,6,0,0,0,3
GCCGCTCCCAAA_1,5,3,7,3,8,9,4,8,0,7
TCGCATCCACGC_1,5,9,2,4,9,2,9,0,2,2
CTGTCCTGGCCC_1,2,0,5,1,0,1,0,3,4,7
GATGGGCAAAGG_1,5,9,1,9,7,3,2,3,9,4
GGCTATGGCCGG_1,8,9,6,0,8,4,5,8,6,6
GGCTATGGCTAG_1,7,1,6,0,7,2,2,2,2,6
TGTGATGAGGAC_1,9,2,2,5,7,3,1,3,1,4
GGCTATGGCTGC_1,0,9,3,9,8,5,9,8,2,6
ATTTTCGCTCGC_1,7,7,5,7,5,1,0,0,4,3
TCTGGAGCGAAG_1,1,1,0,4,9,5,7,2,7,6
GGGCCTTGAACT_1,5,0,3,0,0,4,9,2,2,1
GGGGTCGCAGAT_1,0,8,6,1,8,0,1,8,0,5
GGCTATGGCCTT_1,7,0,6,0,8,0,9,9,5,6
GTAATTTTCCCT_1,3,2,6,1,8,4,1,8,1,5
TTACAAAGTCGT_1,0,9,0,9,0,9,9,9,2,2
GGCTATGGCAAT_1,5,9,8,1,0,5,2,8,2,0
AGTCCGTGCAAG_1,0,7,5,7,5,6,9,3,4,7
ACACATGTATGA_1,0,8,2,0,3,3,8,1,5,5
CCCGCTCTGCAC_1,4,7,9,2,0,1,4,3,4,3
GGGCCTTGAATA_1,2,0,3,0,5,0,9,9,1,5
ATCTTGTCCGCC_1,4,7,9,3,0,1,4,0,4,3
GGGCCTTGAAGT_1,8,9,2,0,5,2,9,8,1,5
AGGGGGGGGGGG_1,9,2,8,9,1,4,6,6,0,1
CACGCTTTCACA_1,1,6,0,3,7,2,2,8,6,4
GGGCAATCCTAC_1,3,3,3,2,8,0,5,9,6,0
TCCTGGTTCACA_1,5,1,1,4,2,5,7,3,6,6
GCTGCATTCTGC_1,4,7,9,9,2,1,0,4,4,9
GGCTATGGCACA_1,8,0,6,7,8,0,9,9,1,6
GCCCCTCTGGGA_1,4,9,9,3,2,1,0,3,4,3
GCCTACAGCCTC_1,5,3,8,7,1,9,5,4,5,0
TAAAGCCTTGCG_1,4,7,5,1,2,1,0,3,4,3
GGCTATGGCAAA_1,7,1,6,3,5,9,7,3,5,6
GGCGTAGCTATC_1,5,8,8,7,9,2,1,6,9,7
GGCTATGGCCCA_1,7,1,0,1,9,9,2,2,2,6
TCACCGCCCATC_1,2,8,5,1,9,1,4,3,0,2
CACGCTTTCACC_1,7,6,8,1,8,2,5,8,6,4
ATTAGAGACGAA_1,4,7,9,9,3,6,0,1,4,0
TCTGGAGCGAGC_1,1,1,0,4,7,5,2,5,7,4
CACGCTTTCACG_1,3,0,8,4,9,3,8,2,6,4
GGCTATGGCTTA_1,8,8,1,7,5,0,8,9,7,7
TCTGGAGCGAGT_1,3,1,0,4,9,5,7,2,7,6
CACCGTTGTAAA_1,7,8,8,0,8,2,5,3,9,7
GGCTATGGCTAT_1,1,9,1,0,8,2,5,8,5,6
GGCTATGGCTAC_1,2,1,3,4,0,9,8,8,2,1
GACCCGCGAAAC_1,7,3,5,3,5,6,4,3,4,2
GGCTATGGCGTT_1,7,3,1,3,0,9,2,9,7,0
GGCTATGGCCAG_1,5,0,1,0,9,3,2,9,1,4
CGTGAGTCGTCC_1,6,4,4,6,4,7,3,7,3,8
GGCTATGGCAAC_1,0,9,3,1,0,9,5,5,2,6
GGCTATGGCAGT_1,2,9,3,4,8,2,7,8,5,4
TACTACCGAGAA_1,7,7,5,3,0,6,9,3,1,4
CAGCCAATGGCG_1,4,3,9,3,0,0,4,0,4,5
TTACAAAGTCGA_1,2,2,1,8,9,9,8,1,1,3
CCACATGTATGC_1,7,8,0,3,0,3,6,5,7,5
GGCTATGGCTAA_1,0,8,8,3,7,9,8,5,5,1
AGCGTAGCTTAT_1,1,7,8,3,5,4,8,6,1,4
GCTCGTAACTTA_1,4,7,9,9,3,2,4,5,2,3
TGATTGGGTAAG_1,3,5,9,3,9,5,7,0,7,0
GGGCCTTGAACA_1,8,0,3,0,8,9,9,9,1,5
GGCGTAGCTATT_1,3,8,1,4,9,3,7,9,1,4
GGCGCTAGCCAT_1,4,3,9,3,0,1,4,0,4,2
TCTGGAGCGACG_1,1,1,0,4,9,5,7,3,2,6
TGCTTTACGAGC_1,3,5,7,8,3,8,4,4,8,7
GGCTATGGCTGT_1,1,1,1,4,9,3,7,9,9,4
TTATGAGGAAAC_1,5,6,8,9,5,5,7,3,7,7
TAGTACTTAAGC_1,3,1,0,1,7,0,7,2,7,6
CGCTCCAGACTG_1,2,7,2,2,0,6,9,3,4,3
GTAGATCAGAAA_1,3,9,0,1,2,5,5,5,0,2
AGCTTAATGTAT_1,5,0,8,7,9,9,2,2,0,4
ACAGAGAGTCAA_1,3,5,7,3,3,3,2,0,7,4
TGTATCGCCTTC_1,7,8,8,7,8,9,8,8,1,4
GGGCCTTGAACC_1,5,9,1,9,5,4,5,8,6,5
GGGCCTTGAAGC_1,8,1,1,0,8,2,5,8,6,4
ACAGCCACGGGC_1,4,9,2,0,3,9,8,8,7,3
GGCGTAGCTATA_1,7,9,0,3,9,5,5,8,9,6
ATAGATTGGAGT_1,3,5,7,8,3,8,8,0,7,7
GGGCCTTGAACG_1,8,9,3,4,9,9,5,8,7,5
GGGCCTTGAAGA_1,5,0,1,4,5,0,5,9,5,1
AGCTTTACACCT_1,3,3,5,1,0,6,4,0,2,7
TTGTGAAGAAAC_1,0,9,8,9,1,0,8,4,5,7
GTCCCCTTGTAT_1,5,0,0,2,0,3,2,8,2,2
CGGGGGGGGGGG_1,5,6,1,0,8,4,5,6,1,5
GCACGGCAAATT_1,3,8,6,7,8,9,1,5,0,5
GGCTATGGCCAC_1,7,1,1,1,8,9,5,5,6,6
ACAAGGAATCTT_1,1,5,0,3,7,2,2,5,7,4
TCTGGAGCGAAC_1,1,8,9,4,7,3,2,5,7,4
TCTGGAGCGATG_1,1,1,0,4,9,9,7,6,0,4
AGTATCGACTTC_1,7,8,6,7,5,9,6,5,7,4
GTGATGAGGAGG_1,5,2,2,7,5,3,1,1,5,4
GGGACTGAGCGA_1,4,7,2,5,0,1,0,3,4,3
ACTCGGCCGAGG_1,5,3,9,3,8,6,1,5,7,5
TCTGGAGCGAAT_1,1,1,8,4,9,5,7,6,0,7
TAGTACTTAGAC_1,3,3,7,8,3,8,4,2,5,4
CCAAGGGACAGA_1,4,7,9,1,3,1,4,0,1,0
CCGCCATTGAGA_1,3,5,9,3,3,3,4,4,4,2
CACGCTTCACTG_1,3,5,0,9,7,5,5,5,7,5
CGTGAGTCGTCT_1,3,4,4,6,4,7,3,7,8,8
AATATTACTAGC_1,2,3,8,2,0,2,9,3,4,2
CCCCTAACTGTA_1,0,7,9,2,3,1,8,3,4,3
GAACCCGAGGTG_1,3,5,6,2,8,0,9,9,1,2
GATGGGCAAAGA_1,5,8,1,3,7,6,2,5,9,2
GGGCCTTGAAAG_1,8,8,2,0,9,0,9,9,1,7
GACTACAGCCTT_1,3,0,6,0,3,6,9,4,2,2
TGCTTTACGAGT_1,3,5,7,8,3,8,4,4,8,7
GATGTGAAGGAT_1,2,8,9,1,0,3,4,5,0,0
GGCTATGGCCAA_1,7,8,6,0,8,0,8,5,5,5
GGAACGGGCAGT_1,4,7,5,5,1,2,5,3,5,4
TCTGGAGCGACC_1,5,1,1,4,9,5,7,3,6,4
GGCTATGGCCGA_1,5,0,6,4,5,9,1,4,4,5
GCCTGCAAGCCT_1,3,0,8,1,8,0,5,8,6,5
GGGCCTTGAAAC_1,5,0,3,0,0,3,9,5,1,5
TCTGGAGCGACT_1,1,1,0,4,9,5,7,2,0,4
GGCTATGGCATA_1,3,3,1,0,8,5,7,0,2,7
CCCGGCCTGGCT_1,4,3,5,1,2,0,4,3,0,3
TCTGGAGCGAAA_1,2,1,8,4,9,3,7,4,9,4
CTTCCTCTTTCT_1,1,5,0,1,9,3,2,2,2,6
TATAGCACTAAT_1,3,4,5,6,2,1,0,4,3,9
TTGTAAGGAAAC_1,7,3,0,3,5,5,4,4,2,0
AGCAGCCTGCCC_1,3,3,0,1,2,1,8,0,2,2
AGTGTCGCAGAT_1,1,5,1,1,9,2,1,5,9,6
TAGAGTTTCCGT_1,4,9,5,3,0,1,0,3,4,3
GGTGTCGCAGCT_1,3,5,6,7,8,3,1,8,6,5
TGAGAGCAAGGA_1,3,3,7,8,3,8,4,4,2,7
CTCCGCCAGCCC_1,3,7,9,1,2,1,4,0,4,0
GGCTATGGCCAT_1,1,0,8,4,0,0,8,2,5,0
CTCAACACCTTC_1,0,9,2,7,5,6,8,1,5,0
CATATGCGCCAT_1,4,7,2,3,0,6,9,3,4,3
TGTGTCGCAGAT_1,5,5,0,1,9,5,1,8,5,2
CCGGAGAGTCAA_1,3,8,7,8,3,3,1,4,5,5
CCAAGGTTCGCC_1,7,3,5,1,5,1,4,3,0,6
TCCTCCTCGCGT_1,5,0,3,2,9,5,9,2,2,2
TGCTTACGAGGA_1,3,5,7,8,3,3,4,4,8,0
GACTACCGCCTC_1,3,5,7,2,3,9,8,8,5,7
GATGGGCAAAGC_1,7,0,1,0,7,3,2,5,9,4
GGCTATGGCCTA_1,0,0,6,2,8,0,8,9,5,7
TCTGGAGCGATC_1,5,1,0,4,9,9,1,2,0,4
TCTGGAGCGATT_1,5,1,0,1,9,5,7,4,0,2
GCTAGCAAGTTT_1,3,3,9,2,7,2,4,0,2,4
AGGCCCCGCGGC_1,1,5,9,2,7,6,5,0,0,2
TAAAGCCTTGCC_1,4,7,5,9,9,1,2,3,4,4
CGCCCTGCCTAG_1,4,3,5,4,5,1,7,3,2,7
ACGGAGAGTTAA_1,7,5,6,1,3,8,2,5,0,3
ATGGAGAGTCAA_1,5,5,8,3,3,0,8,0,9,5
GGTCTCGCAGAT_1,2,5,3,7,0,3,9,5,7,0
TGCCAATTAGGG_1,4,3,5,3,0,1,4,0,0,2
ACCGAGAGTCAA_1,5,5,0,3,7,3,2,5,2,4
AAAAATCCCAAC_1,2,7,2,9,0,2,4,3,4,3
TCTGGAGCGACA_1,5,1,1,4,5,5,7,9,5,6
CCCCTAACTATG_1,7,7,5,1,5,2,5,3,4,2
CACGCTTCACTC_1,3,0,6,1,7,9,2,2,2,2
ACAGGATGGGTC_1,5,5,0,3,9,5,1,0,5,6
CCAAATGACAAC_1,3,5,8,3,9,5,1,1,0,4
CAATCTTTTCCA_1,9,5,0,3,3,9,4,5,7,0
CCCCTTTGAGCC_1,3,5,9,1,7,0,4,0,2,2
TGATATCCAGGA_1,5,9,8,9,0,5,5,0,0,3
GAGAATCTAGGC_1,4,9,1,9,0,2,0,8,4,3
CCAGCCACGGCC_1,3,5,1,3,7,3,1,4,9,4
TAAAGCCTTGCA_1,4,9,5,0,2,6,0,3,4,4
GGCTATGGCGTA_1,0,9,6,1,8,0,8,8,4,3
GACTACACCCTC_1,2,8,8,3,7,3,9,5,9,5
TAGCGAATTGTC_1,4,7,5,2,3,6,8,4,4,3
CACCATTGTGAA_1,4,0,1,7,5,0,9,9,2,3
ATACAGTGTAGT_1,4,0,5,7,2,1,0,4,4,2
TTAATTTTCCTT_1,1,0,6,1,9,0,9,2,1,4
CACCGTTATGAA_1,5,8,2,7,5,0,8,3,4,2
AAGCCCTTCTAT_1,7,4,0,6,2,1,0,4,3,9
CACGCTTCACTA_1,3,5,0,1,9,3,1,0,7,2
TACCCTTGCGCG_1,4,7,9,2,2,1,4,3,0,3
AAGCGCAACAAT_1,0,1,1,4,2,5,7,3,0,7
CACGCTTCACTT_1,5,5,0,9,7,2,2,0,7,5
TGGAAGGCGGTA_1,3,0,9,3,5,0,4,0,2,0
TACTTACTCCAA_1,3,5,9,1,2,2,4,4,2,2
TACTATCCGCCA_1,3,3,9,2,2,1,4,0,2,2
AAGCCCTTCTAG_1,4,4,0,6,2,1,0,4,3,9
CAATCTATTCCA_1,3,5,6,2,7,3,9,5,6,5
GAGGCGATTGTG_1,4,7,5,2,3,8,9,4,8,3
CGTAAGCGCTCG_1,7,1,2,4,5,1,7,2,2,6
GGGCCTTGAAAA_1,0,9,1,3,8,9,9,5,6,5
CAAAAATTGCAT_1,5,9,0,0,9,0,5,8,6,2
TCAATATTCCAG_1,3,0,5,1,0,1,8,0,2,2
CCACATCTATGA_1,3,5,0,3,7,3,8,5,9,4
GGCTATGGCCGT_1,5,1,1,4,8,0,5,4,5,7
TGCGTAGCTTAT_1,5,3,9,7,7,9,7,6,9,7
ACGCAGAGTCAA_1,5,5,1,1,9,3,1,0,1,6
ATATTGATCTTC_1,3,5,9,2,2,1,4,0,2,2
CATCAGGTGATC_1,4,7,5,2,0,6,0,4,4,3
AACAATTTGGCA_1,4,3,9,2,2,1,9,4,4,9
GCGCCCCGAACT_1,3,5,9,2,2,1,4,0,2,2
AAGCCCTTCTAC_1,4,4,0,4,2,1,0,4,9,9
CACCGTTGGAAT_1,2,8,9,4,5,0,4,0,2,7
TGCTTACGAGAG_1,3,5,7,8,3,3,4,0,8,2
ATTCACGCGCAT_1,3,5,9,2,0,0,8,0,4,0
GGCGTAGTTTAT_1,1,0,0,4,7,6,9,9,9,4
CTTACCATAGAG_1,7,5,6,1,9,0,1,8,9,2
TACTACTTAGGC_1,3,5,0,3,3,5,8,0,5,4
CCCGCTCCCAAC_1,5,5,0,3,0,9,2,5,2,4
GGTGTCACAGAT_1,2,5,9,2,9,2,1,4,2,5
TGATATCCAGGT_1,8,6,1,2,8,5,7,0,6,3
TCGGCACCCAGC_1,3,0,0,1,0,5,9,2,2,2
TAAAGCCTTGCT_1,4,7,5,1,0,1,2,3,0,3
TCACCATTCCTC_1,4,5,9,2,2,1,8,0,2,2
TCAAGATGGGTC_1,3,5,0,1,7,0,9,0,5,4
AGTCCCAAGTCC_1,4,7,9,1,2,1,4,0,2,3
TGATATCCAGAG_1,5,5,8,2,3,2,5,4,2,0
CCACATGTATGT_1,3,5,0,4,7,0,7,9,2,4
TACATTTGTACG_1,5,5,9,2,5,5,7,5,2,2
TGATATCCAGGC_1,5,5,0,2,8,2,1,0,5,4
ACGGAGACTCAA_1,5,3,8,1,0,0,9,4,2,7
CCGACGCCTATT_1,7,7,9,3,7,2,1,0,9,4
CTGATACGGCCG_1,3,3,7,8,6,8,4,4,8,7
TCTGGAGCGATA_1,1,1,0,4,9,3,1,0,9,4
AGAGTGAGCCGA_1,4,3,9,1,2,1,4,4,0,3
TGTGTGAGGGAG_1,3,8,8,2,7,3,8,5,5,7
CACCATAAAAAA_1,3,3,7,8,6,8,4,4,8,2
CTAGAGACGAGC_1,2,0,5,1,2,1,8,3,2,2
AGACTGTATAGC_1,4,5,9,2,7,2,4,0,2,4
TATGAATTAAAA_1,4,3,9,9,2,1,0,4,4,9
TACATTTGTACC_1,3,5,6,1,9,0,1,4,2,4
CGCACCATAAAT_1,5,5,0,4,9,3,2,4,2,2
GGAATTCCACGT_1,5,3,0,2,2,1,4,0,2,2
TGCACCTAAAAT_1,4,0,9,2,2,1,0,0,9,9
GGTGTCGCACAT_1,0,5,1,1,5,2,1,8,2,5
GGTGTCCCAGAT_1,5,5,0,1,9,3,2,8,5,4
GTAATAGGAAGG_1,4,7,5,1,2,1,0,4,0,9
TAGCCGCGAGTC_1,4,7,5,1,9,1,4,3,2,2
ACGGAGAATCAA_1,3,5,8,9,3,5,7,5,7,0
GAAGCCTTGAGT_1,5,5,9,2,7,2,1,0,0,2
TCCGCTCCCAAA_1,5,0,8,3,0,9,7,0,0,2
GCCCTAATCAAG_1,5,9,9,2,0,6,9,0,2,2
CCCGCTTTCGGT_1,3,5,9,2,2,1,4,4,2,2
GACTACAGCTTC_1,5,3,5,2,0,2,8,4,5,7
