,0,1,2,3,4,5,6,7,8,9
TATGATACCCTA_2,2,2,9,4,0,4,6,1,7,2
GATCGCGGCTTC_2,7,1,0,0,4,5,9,0,5,9
CCGCATTAACGG_2,7,6,9,8,4,0,6,3,1,9
CCCGTCCGATCT_2,5,5,7,9,5,5,8,7,9,5
CAGGGTCGCCAA_2,7,6,9,9,5,5,6,5,8,5
GAAGCATCACGG_2,6,3,4,3,9,6,2,3,1,4
CGTCCTGATAAA_2,3,7,0,2,6,4,3,0,6,9
CCCCACCTCCAG_2,6,7,3,7,6,6,2,6,6,8
ATGCAAGCCACG_2,2,8,3,8,2,5,2,1,1,5
CGTTGTACTACC_2,4,4,7,1,0,8,1,6,7,1
GTTATCAGGCGT_2,6,1,1,5,7,8,3,6,6,7
ACCGTTAAAGCC_2,6,2,1,6,2,4,4,6,5,3
CTTTCAGGGTGA_2,7,7,2,5,6,8,4,7,6,9
CATCTCACGCCA_2,0,5,4,6,7,8,2,3,9,3
CATCTCGGGCTT_2,3,1,0,2,7,2,4,0,2,9
CATCGTCGCTAG_2,7,5,7,3,3,5,6,5,3,5
AGCAATATCAGG_2,0,3,8,6,3,6,5,8,8,5
GGATCAAACTTG_2,6,3,6,6,1,4,5,3,1,4
ATAATCACATTG_2,0,3,3,8,2,6,6,1,1,6
CATTTGGTCGCG_2,0,9,3,0,5,5,8,8,9,2
GGACCCCTGTCT_2,7,8,9,0,1,5,2,1,5,3
TGACGTAAATCC_2,6,8,9,8,3,0,5,4,9,4
GGCTTTCACCAC_2,5,0,2,9,4,5,6,1,7,6
CGGCAAAGCGAG_2,5,8,9,1,4,0,6,6,7,2
GGGTTATTGTTG_2,7,5,1,0,6,5,2,8,8,5
TCGCCATCCAGC_2,0,3,8,6,1,6,2,5,8,7
CAGTATAGGGCT_2,0,0,3,0,3,5,7,5,0,6
GGAATCTAGACT_2,2,8,2,9,1,0,8,1,1,3
TCTGGGGAGAAT_2,6,5,2,8,6,1,1,8,6,6
TCTCACTGAAAG_2,0,5,0,0,8,8,4,6,5,0
CCCCACCTCCAT_2,0,8,3,3,6,2,7,6,8,5
TTACCGTTGACC_2,9,9,7,8,1,6,5,3,9,8
CACCCTTAGGGT_2,0,1,0,5,2,8,9,0,0,9
AAATACATGTTC_2,7,7,0,2,6,1,3,6,5,3
GTAGCCGTCTTG_2,2,9,9,1,3,6,8,3,8,5
GCGACACGCAAG_2,7,5,0,2,6,7,3,9,6,0
ACTAGTTTCCTA_2,9,6,8,3,5,7,2,5,9,7
GCATTGGGATGT_2,7,7,4,3,1,0,5,1,5,6
CACGGATATCGA_2,7,7,8,6,6,1,7,5,1,3
TCCCCCGGCGCC_2,3,1,2,5,4,7,3,0,7,1
CCCCCATACTAT_2,9,8,4,0,1,9,2,8,3,8
CCCCACCTCCAC_2,0,3,4,3,5,2,5,6,6,8
GGCCCAAGATGC_2,4,4,0,2,8,1,1,0,6,9
GGCTGACGATTT_2,4,3,9,4,9,1,0,2,6,7
TTTGCTCATCGC_2,5,3,5,3,5,0,8,6,1,2
AGTTCTACGATC_2,8,3,6,6,0,1,1,4,1,4
CGTCAGATGCAC_2,3,1,0,2,7,2,3,9,5,9
GCTACATTGCAC_2,5,5,0,2,3,0,4,5,5,6
ATTCTAACGCCG_2,2,3,2,3,4,1,1,8,9,8
TGCGTTATCACA_2,4,3,9,6,6,4,7,4,8,5
GTGGCACAGGTC_2,9,5,2,8,1,6,1,8,3,3
GCATTAAGTGGG_2,7,1,8,3,2,1,7,5,9,3
TAGCTCTAAGCA_2,0,8,1,0,1,6,6,8,9,5
CTAAAGCGCGGA_2,7,1,4,6,7,9,3,9,0,9
AGTGACTTATAA_2,5,9,7,9,3,0,6,8,9,7
CATCAACTGGCC_2,8,6,8,6,5,3,1,3,1,4
GTAGCAACGTTT_2,9,8,3,3,0,9,2,8,8,4
TCATTCCCAAGG_2,2,8,1,3,2,0,2,5,5,6
AGACAAAGTAGT_2,9,8,3,3,1,0,7,5,9,6
AATACCAAGAGG_2,6,5,4,0,2,6,5,5,8,9
AGCTCTACCTCA_2,9,9,9,8,2,5,8,5,9,6
GGAGCTTGTTGC_2,2,9,3,9,4,5,6,7,7,7
GAGCGCTCATGC_2,8,2,0,5,2,3,4,9,5,4
CCCAAATAAAGA_2,6,0,8,3,1,4,5,2,1,5
TTCGTTATCAGA_2,0,7,1,5,3,8,9,8,8,6
AGGAGACGGATA_2,6,1,4,2,7,2,4,9,2,3
AGCGATTACTGG_2,2,9,3,0,3,2,8,8,2,3
TGAGAGAGACTG_2,7,8,1,6,7,0,2,1,8,4
GGCCAGGTCTTG_2,7,3,6,3,7,1,7,6,6,3
AAGCTGCAATAT_2,5,4,7,1,4,0,6,2,7,8
ATACAACAACTG_2,6,0,3,6,2,6,8,5,1,7
GGCCAGGTCTTT_2,3,1,6,6,1,1,1,6,8,6
ATTGTGAAAGTG_2,0,8,6,6,1,0,7,8,8,7
GGTCAACCAAAG_2,9,4,7,8,4,8,4,1,7,9
TCCCCCCGCGGA_2,0,3,8,0,1,0,5,8,0,7
CTTGAGACGAAT_2,1,9,7,8,2,0,8,3,1,2
CACACGGTACGG_2,1,1,9,9,7,8,3,0,5,0
CCCAGACTTCGT_2,7,5,1,4,3,0,9,8,9,7
ATGCTTCATTCG_2,7,8,2,8,3,9,8,8,9,6
CCCCACCTCCAA_2,0,4,6,3,9,2,3,7,1,3
AATCCGTATCTC_2,5,9,4,0,3,5,8,8,9,7
CAGACTGGTAGG_2,0,9,3,0,3,5,8,5,3,6
GGCCAGGTCTTC_2,6,1,8,3,2,1,4,7,5,6
GGCTGTCTTGTG_2,0,6,9,4,1,0,8,6,1,3
CTCGGACGTCCG_2,2,9,4,9,5,9,8,5,9,2
ACGAAGTCGCAT_2,2,5,1,3,9,6,5,6,8,8
ACTGCGATCCGC_2,9,0,7,0,2,9,8,3,9,7
TGTACGACGCAT_2,0,1,7,6,3,5,2,8,3,5
GACACGCATCAG_2,4,2,7,7,7,4,4,6,5,1
GCCCTAGAGATG_2,7,1,6,5,6,8,7,9,7,9
TCGCTTACCCAG_2,9,9,4,8,4,9,6,4,8,7
CACGTGAAGGAT_2,7,9,1,3,6,2,5,3,6,5
CCGGGACGGAGC_2,7,8,4,7,5,0,8,7,8,7
CTTTACACGTTG_2,3,3,6,4,6,8,3,6,8,3
TTCACCGTTGGG_2,5,1,8,9,2,7,9,0,2,0
AAGCTGCAATAG_2,2,2,9,7,0,0,6,3,7,2
CTGCAATGGTTG_2,6,3,8,0,3,9,5,5,4,6
GCCAAGAGCATG_2,0,3,3,6,6,8,1,6,8,4
CTTGTATATAGC_2,6,8,4,0,6,4,7,3,5,4
TGGAGATCGCAA_2,9,5,1,9,4,0,1,3,9,3
TCAGGGGAAATT_2,6,9,9,0,0,0,5,6,8,5
CGCCGTGCTCTC_2,8,6,7,1,9,3,4,4,7,4
GCTCCGACACTT_2,7,6,7,0,2,0,8,5,8,6
CTAGAATAGATA_2,7,8,2,5,2,8,6,3,9,3
TTACACCAGCAA_2,3,9,9,9,9,2,5,7,1,4
ACGCCAGCATCC_2,1,8,4,3,5,5,6,5,9,6
CCTCCGTAGTGG_2,0,0,4,8,2,0,1,6,8,6
ACTTCGTATATG_2,3,4,6,6,6,4,1,6,6,8
CCTCAGTGCTCT_2,0,8,7,8,0,0,6,7,3,7
AACTCGAGGCAA_2,4,6,9,7,2,7,0,6,4,4
TTGGCGTGAGAC_2,8,2,6,4,9,4,1,2,8,8
TCGAATTCTGCA_2,1,1,8,9,0,0,8,3,8,6
GCTTATGTCTTT_2,5,0,2,0,3,5,8,1,9,6
CCTAAGTATGCT_2,7,9,1,3,6,6,2,5,9,6
ATAATAGCCACT_2,5,1,2,0,5,8,4,5,9,3
CACTCTAGAACC_2,4,8,1,6,8,2,5,4,7,1
AATAAACTATCG_2,1,2,6,6,0,8,4,9,7,1
CTCCAGTCCGCG_2,1,9,4,8,2,5,8,8,7,6
ATCACCGCGATT_2,4,2,5,6,9,4,9,9,1,8
TCCTCTGAGCGT_2,9,1,4,0,8,7,2,7,2,6
AAGCTGCAATAC_2,5,4,6,7,4,2,8,7,3,2
GGCGGCTGTTCG_2,1,6,4,8,4,6,7,5,3,6
CAAAAGCAGTGT_2,0,6,6,9,3,0,8,4,5,4
AAGACGTAGCAT_2,4,2,5,7,1,3,1,2,4,4
CTGATGGATGGA_2,5,5,7,1,4,9,8,8,9,7
GTTAGGAGCGCA_2,8,9,9,5,9,7,9,3,7,9
AGATTGGAGCCG_2,1,7,2,2,4,1,4,0,6,3
TGTCCTGTCGGC_2,4,6,7,7,8,1,9,7,7,1
TTCGCGAAACGT_2,3,1,0,5,4,7,4,0,5,9
AGCCGTCACAGG_2,7,7,1,2,7,1,3,8,5,9
AATTGAGTTCCC_2,7,8,1,3,2,5,8,1,8,6
TACCGCTAGCAT_2,3,7,9,5,6,7,3,6,6,9
TCGATGCGGAGC_2,8,4,9,5,4,7,4,3,0,0
GCTGCCCTTGCC_2,8,6,6,1,9,3,4,2,7,8
CGACTTATACTG_2,0,6,7,5,6,2,9,0,2,1
CTTAGTATTTTC_2,1,1,1,2,3,1,4,6,1,1
CTACAAGTCGGA_2,6,2,6,1,0,3,1,3,1,7
TGGTATGAACAC_2,3,1,1,5,6,8,9,0,5,9
TCATGCAGAGCG_2,3,5,2,4,5,4,3,6,5,1
ACCTATCCGTTC_2,4,7,8,3,7,1,3,8,6,3
GGATTATAAAAG_2,7,7,9,0,1,5,9,1,8,7
GGCTCGCTCAAG_2,6,9,2,1,1,1,4,3,2,6
TCAATTAGCCGC_2,6,8,1,8,3,9,7,4,1,6
AAGCTGCAATAA_2,8,9,5,8,0,0,8,9,7,4
CACCTTTGTTTC_2,4,2,5,7,0,3,1,4,1,4
CTAGCGGATGAG_2,9,5,2,8,5,1,6,3,3,6
GTAATAGCGCCG_2,3,1,0,5,6,1,4,0,5,9
ACCATACTTAAC_2,7,6,8,6,3,9,2,8,6,9
GGCCAGGTCTTA_2,3,5,0,0,1,1,4,6,2,3
CTCCTACAGTGC_2,6,5,1,6,7,1,9,6,8,0
TATGCCCTAACT_2,0,5,9,0,3,0,7,5,8,7
CCCCCATCGTTA_2,0,9,7,0,3,5,2,8,2,2
CTCGAGGGTGCT_2,8,7,1,7,8,8,5,7,6,3
GCGAGGTAAAGG_2,9,8,2,8,0,1,2,4,0,8
TGTTGCATGAGT_2,9,1,4,7,0,4,5,6,1,7
GAGAACCCTTCG_2,5,0,7,9,3,0,6,1,9,5
CGGATATGAGCG_2,0,0,1,8,2,6,2,4,0,7
GGGCCCAATACC_2,5,0,7,8,4,5,8,5,3,2
GTAGGCGATCCC_2,9,6,2,6,7,8,9,8,1,9
TTGTGCCTAAAT_2,3,4,1,5,8,8,1,3,6,1
GAGACGCGGGGG_2,4,6,9,2,9,2,9,6,5,8
GGTCGCGTAATT_2,9,5,2,0,3,9,7,8,8,5
GCTAACCGGTCC_2,8,9,5,7,4,3,0,2,4,4
CACTATCCCTCT_2,1,7,0,5,9,8,4,9,6,9
TAAAGTCGCGCA_2,8,2,9,4,0,4,0,3,1,8
ACGCCTAGATAT_2,0,8,9,9,3,5,7,5,3,5
GAGACCTCCCCA_2,4,2,6,6,9,3,1,4,1,8
CGTAACGGATCA_2,7,6,1,3,5,5,6,7,5,5
GATTCTGCTCCC_2,7,3,1,8,2,9,6,1,8,5
TCTGGTCGATAG_2,0,7,4,9,1,0,6,5,8,6
CGACGGATAAAC_2,9,8,1,3,1,5,2,8,8,7
CGCAAGCATGCG_2,1,1,0,2,6,2,1,0,2,9
CACAGTTGTCCC_2,0,8,6,6,1,1,7,6,4,3
CCCGGTGCAAGG_2,3,1,0,2,6,8,4,0,6,9
AATGATCACTTT_2,9,8,3,0,2,6,8,5,6,3
GACACGCATCAC_2,4,4,9,5,2,3,1,3,5,3
GACCAATGAATA_2,3,6,7,4,7,8,9,0,5,9
TCATTCCCAAGA_2,6,8,1,3,3,6,7,6,9,5
TCATCAATCTCG_2,4,7,2,5,6,8,2,6,5,1
GCCGATGAAGCC_2,0,9,2,8,5,5,8,3,9,5
TCGCCGACTCAT_2,5,4,2,3,2,8,6,5,2,0
TGCCCTATTCCA_2,1,7,0,5,6,2,4,0,2,0
AGAAACCAATTG_2,4,6,9,4,0,4,1,2,4,4
CGAGGGAACGAT_2,5,5,9,9,3,0,2,4,3,5
TGGGGTCATCTT_2,3,7,0,2,6,1,1,1,5,9
TGGAAACACCTT_2,6,2,5,7,8,8,9,3,5,7
TTCAGGGTTCTC_2,3,7,3,5,6,1,4,3,5,9
TAAACCACAACT_2,0,3,8,9,1,9,8,3,8,6
GTGCAATCGGGC_2,5,9,8,8,3,5,8,5,3,5
CTAACCCTTGCC_2,6,9,3,4,6,0,2,1,1,6
GTACCTGTAATA_2,4,2,1,7,0,3,1,4,1,8
ACTAGCTGCAAG_2,3,4,1,5,8,5,3,0,0,1
TTCAACAAACTC_2,7,7,0,5,7,7,3,0,5,9
GCTAACCATGAG_2,2,6,7,1,2,9,1,1,3,6
TCCGCTTTCAGG_2,7,8,8,0,3,6,7,5,3,2
TCGCCCGGCTAG_2,0,4,3,9,0,4,7,3,9,5
GGAAAGTAGTAA_2,0,8,3,0,2,5,6,5,8,7
CCCTCAAAGTGA_2,1,5,0,2,8,8,3,0,1,0
AGAGACCCTGAA_2,4,3,1,7,9,0,1,3,8,5
TACACCTTAACC_2,4,2,5,7,9,4,5,9,4,8
CGCGTAGTACAC_2,0,0,4,0,5,0,6,3,8,7
GAGGAGCCGATG_2,2,8,3,8,3,0,7,4,7,3
GGACCGGCTAGA_2,8,9,1,0,8,2,9,0,1,1
CGGTTGTAGTAA_2,6,1,9,6,9,1,7,6,1,7
CCATCCCCTAAA_2,4,6,6,4,0,3,0,6,7,8
CCGCTAAAGTGT_2,3,1,0,2,7,7,3,0,0,9
GACACGCATCAT_2,8,2,7,7,9,4,9,6,7,4
TCAGCAAATCAA_2,4,3,9,7,9,1,5,4,6,8
GACTAAAGGTTC_2,9,4,4,3,6,0,2,1,9,6
CTTGACAAACCC_2,1,1,0,5,7,2,3,0,5,0
AACGATCTCCCG_2,1,4,0,5,6,8,9,0,0,1
CGCCTCCTAGCC_2,1,6,0,2,4,8,3,0,2,0
CCGATATGCACT_2,4,6,6,7,0,1,9,9,6,4
GACACGCATCAA_2,4,0,6,1,4,4,4,9,1,2
CTCCATTAGCTG_2,7,8,3,8,9,2,6,7,3,5
AAATGTTAATTA_2,9,0,8,0,3,5,8,1,3,5
TCAGTACTATAA_2,4,2,4,6,9,4,0,2,1,7
AGGAACCACGCC_2,4,2,9,6,0,3,0,2,4,4
GGACTTTACCGG_2,9,8,1,6,2,0,7,4,3,3
TTGCCGCTATCA_2,3,4,0,0,6,8,9,0,2,9
TCATAATACGAA_2,5,8,2,3,8,0,2,3,9,5
GAGAAATGATAG_2,3,7,0,2,7,2,4,3,5,9
TACTGAGAGCTT_2,6,0,3,9,3,5,7,1,6,7
GTTCGTCTGAAC_2,0,4,2,9,9,6,9,4,2,4
GACTTTCGACAG_2,8,7,0,7,4,8,9,6,5,1
CCTCGTCGTCTT_2,3,1,0,5,6,8,4,6,2,1
AGGAACGTTAAA_2,9,5,9,4,1,0,6,7,7,5
CTGGCGTATATA_2,5,1,3,2,8,1,5,3,8,0
TATGCGGAATGG_2,7,8,9,3,3,9,5,1,6,3
TCATTCCCAAGC_2,7,8,3,8,1,5,2,5,9,3
GTCGCGTGAGAG_2,2,1,2,2,7,6,5,0,0,4
CTATACCTCAAC_2,8,4,9,4,8,3,1,2,1,8
TACCACATTAGC_2,4,3,6,7,0,3,0,2,4,8
GTCCAGGCATCG_2,4,2,9,7,0,3,0,2,1,7
GCTCAACACTGC_2,4,2,4,1,0,4,3,7,8,8
CAAGACCCCATC_2,9,5,1,3,3,1,2,7,3,2
TTGTCTGGGGCC_2,0,8,8,0,4,9,5,7,8,5
AATGAGGAGCTC_2,1,4,9,7,2,8,1,7,9,4
GGCATAACTACC_2,3,1,2,2,7,7,4,0,2,9
ACTAGCTGCAAT_2,3,7,0,2,2,0,9,0,5,0
TATCATCCTCAT_2,9,5,8,0,3,2,8,5,9,5
AACGATCTCCCT_2,3,4,0,5,8,7,4,6,2,0
GCCGACGTTCGA_2,3,1,0,2,6,8,4,0,5,1
GGTGGCATAGAG_2,9,0,4,3,1,0,2,1,3,7
TAATCCTAGCAG_2,6,7,9,7,9,2,4,6,5,4
ACTAGCTGCAAC_2,3,4,0,2,2,8,3,0,2,3
GAGGAGCCGATC_2,2,0,3,0,0,5,5,8,9,3
CCGCTGGGCACT_2,3,1,1,2,4,8,3,0,2,0
CCTCATTAGTCG_2,1,6,4,9,4,1,9,1,5,1
CGCGCAACAAGG_2,5,9,4,4,7,0,9,7,0,1
CTGGAAGTCTCT_2,1,9,1,9,4,5,6,7,0,6
AACGATCTCCCC_2,1,4,0,2,8,2,3,0,5,9
GACTTTCGACAT_2,3,7,9,5,2,6,6,9,7,9
GGGGATGATTAG_2,9,4,3,9,3,6,6,8,1,3
GTCGTTAGAAAC_2,9,5,2,1,3,9,7,5,0,2
GATGACAAAACA_2,9,6,9,9,2,5,8,8,6,6
ACATAGTCGGAG_2,5,9,2,8,3,6,9,1,9,5
GTACGTTCCCCC_2,1,0,4,9,1,1,2,7,0,6
GAGGAGCCGATT_2,2,3,7,3,2,6,6,5,1,5
TCAAATAGTGAG_2,7,3,3,8,2,9,2,1,8,6
CGTGGTCGCTTG_2,9,0,5,1,3,5,6,6,3,8
CTGTGAGGCATG_2,2,8,4,9,1,0,6,8,9,8
CCCGAACCCGGG_2,0,0,7,9,4,0,7,8,9,3
TCGGGCCTTATA_2,6,8,6,3,6,6,7,8,9,7
CGCGACGATGTA_2,7,0,7,1,4,0,8,8,3,2
TACAAGTCACGT_2,0,8,8,6,3,5,7,5,8,6
AGGAATTTAAGA_2,3,1,0,5,6,2,4,0,5,1
CATGACGACAAA_2,4,2,4,3,0,4,1,7,4,1
CTATCGGATCGG_2,5,1,7,8,4,2,9,9,2,2
GACTTTCGACAC_2,3,1,4,6,6,8,1,3,5,4
GATGTCTTGACC_2,8,6,0,2,6,2,4,2,5,4
TGCCAGAGACAT_2,6,7,1,6,9,4,5,4,4,8
CCCTTCACGGTT_2,0,9,2,9,4,2,9,7,5,5
GTAACAATAACT_2,3,7,0,5,6,1,9,0,6,1
TTCACGTGTGAC_2,1,8,1,8,1,0,7,9,0,5
AGCAAGCACCCT_2,1,5,2,9,2,6,1,5,7,6
CCAAATTTCTCC_2,3,4,0,5,6,8,3,1,6,9
TAGTAAATGTTG_2,5,5,8,9,3,5,2,5,0,3
GGTCTCTACCCT_2,4,2,6,7,9,4,9,2,7,8
TTCAAAGTTAGT_2,8,7,6,6,9,3,0,2,1,7
CTTCTATGTCGC_2,4,5,1,4,5,2,9,9,4,4
CCGACTGTGGAT_2,4,6,6,6,0,3,1,6,4,4
AGTCATTAAAAC_2,6,5,3,3,3,9,6,5,9,6
CAGGTTGGATAA_2,4,2,6,7,9,3,7,2,1,7
ACATGAATGTAT_2,7,4,0,5,8,8,9,0,2,0
GTCGATCGCTAG_2,2,9,2,8,5,0,6,3,3,2
TCGCCCTTGGCT_2,8,4,6,4,0,8,5,4,4,8
GGATCGACTATA_2,1,1,1,5,4,7,4,0,0,1
CCTAAAATGCCG_2,8,1,4,2,5,3,1,2,7,8
GATCAGTTAATA_2,2,2,5,7,5,1,1,6,1,4
TCAACGGGTCGT_2,4,3,5,4,9,3,1,7,1,1
AAACGATAGCGG_2,0,9,1,8,2,6,6,5,9,3
CAGTTAGGCGTT_2,1,7,3,9,2,8,4,8,5,6
CTCCGAAGGAGA_2,4,2,7,7,3,4,0,9,4,8
AACATATAACGC_2,1,7,0,5,7,7,3,0,2,1
CTGGGCCGGTTT_2,7,5,1,0,6,0,6,1,6,2
ACTAGCTGCAAA_2,1,4,0,2,7,9,3,0,0,1
CCAAGAGACGTT_2,4,3,9,7,8,4,5,6,6,7
CAAGATAGGGAC_2,6,6,9,8,0,6,7,4,0,5
TTTGTCGCCGTG_2,9,8,7,0,3,5,5,1,9,2
AGTGCCACAACC_2,7,7,0,2,6,8,3,0,2,0
CCATAGTTCTTC_2,3,7,0,5,4,7,9,0,0,1
TCCCTCATGGTC_2,0,0,8,0,1,9,2,5,8,5
CGGCGGATAAGG_2,1,7,0,2,6,8,9,0,0,9
CATAAATTCTGC_2,7,7,2,5,2,8,1,7,5,0
AGAACGCTTCGA_2,7,1,9,9,3,6,8,9,3,2
CGTGGTCGCTTC_2,5,9,2,1,5,9,7,4,3,2
AGAATGACGAAT_2,6,3,1,3,2,2,2,6,1,8
GACGTAAATTCG_2,5,5,2,9,1,5,6,5,3,2
TGAGGAAGGTGG_2,6,8,3,6,3,6,2,1,1,5
TTCCGCCACCAC_2,8,0,8,4,1,4,0,7,6,8
TCTAGACATGGA_2,7,8,9,6,6,9,2,8,4,5
GTCACGTTTCGG_2,9,9,9,0,3,5,6,8,9,6
TGAGAGAATTGT_2,0,0,7,8,5,0,7,8,0,5
GACTTTCGACAA_2,5,1,0,2,8,7,3,9,2,0
CGACGAGGTTCG_2,7,6,2,5,4,7,9,9,2,1
ATTCGGCCACAC_2,4,2,6,4,0,3,9,7,4,3
GAGGAGCCGATA_2,2,0,7,8,3,6,8,8,9,3
AACGATCTCCCA_2,1,1,0,2,8,6,4,0,0,9
GAGACCGGTTAT_2,0,9,3,0,2,5,8,5,9,7
ACCTCTTAGCCT_2,5,9,8,9,4,5,6,5,3,3
TTAGATCGCTTA_2,3,3,0,2,6,8,3,8,6,0
GTCTCGCCGATA_2,1,4,4,0,8,6,4,0,0,1
CAGCACTAGTCC_2,5,5,4,9,8,7,9,1,0,6
CGGATAATAGAG_2,6,8,3,9,3,6,8,8,8,6
TCGCCCTTGGCC_2,8,2,5,4,4,4,1,6,4,1
AACCCGCTAAGA_2,4,6,5,4,9,3,4,7,1,9
TTTCTGAACTAC_2,4,6,9,4,1,3,5,7,1,8
TCATTCCCAAGT_2,9,8,4,3,1,9,2,4,8,7
CTGTCGTTATGC_2,1,4,3,2,6,7,4,3,5,3
CTACTTGATTTC_2,6,3,5,3,9,2,0,6,4,8
TAAGATAAGTTG_2,0,3,3,6,1,6,5,8,8,2
GACGAAACGGGA_2,8,4,6,3,1,4,9,4,7,4
GTCAGGGGAGGT_2,6,8,8,6,3,6,7,1,3,7
GCGCTGACCCCG_2,8,2,5,7,8,3,0,4,4,8
GCTCGACGTCGG_2,5,4,7,9,2,5,6,5,3,7
CGACTGACGCTC_2,3,1,1,2,8,8,3,0,0,0
AACTGTACAGTC_2,6,9,7,8,6,9,8,5,8,5
TCGCCCTTGGCG_2,8,4,9,4,1,6,4,6,1,3
TGTTTTGCAACG_2,6,8,4,5,0,7,5,6,5,0
CAGTTACAGAAC_2,3,7,0,2,7,2,3,0,0,0
TCGCTTTAGAAT_2,0,8,9,8,5,6,6,1,8,5
ACTGATCGACCG_2,4,5,8,3,5,9,2,7,3,7
GTAGCTATTGCC_2,1,1,0,5,2,8,3,6,0,3
ACTGCATGCGCA_2,3,1,7,5,2,8,9,0,2,0
ACTCTTTATCGT_2,3,9,1,0,5,8,4,0,5,0
CGCCCGCTAGCA_2,8,6,5,6,9,3,9,2,7,8
AACGCTAGTAAA_2,9,0,4,0,3,0,8,8,9,2
CGTCTAAGATCT_2,4,3,5,7,9,3,0,6,4,8
CTACTTCAATTC_2,1,7,8,2,6,8,3,1,2,9
CAGGATTGACGG_2,0,8,1,0,3,1,5,8,8,5
GAAAAGTTGCAA_2,4,2,6,6,9,1,1,2,1,4
CTAAGCCACATA_2,3,7,1,2,8,7,3,0,0,1
GCAGTCTTGAGG_2,9,5,9,8,5,5,8,5,0,6
TTGCCCCTGAGC_2,1,1,0,5,8,7,3,0,2,0
AGAATGACGAAG_2,6,8,1,3,2,1,5,4,4,5
CGTGGTCGCTTT_2,4,9,9,1,5,5,6,4,3,2
CCTCCTATTGTT_2,9,6,4,0,1,6,6,5,8,3
GTGCGACAGTCG_2,5,8,7,1,8,3,5,3,7,2
AGAATGACGAAC_2,7,4,3,3,6,6,7,3,6,5
TAACCCACGTTA_2,6,8,6,6,0,9,0,2,4,4
GTGCGACAGTCC_2,5,5,2,3,5,3,1,4,4,2
CGTGAGGATAGG_2,3,7,9,2,7,7,3,0,0,1
TCGATAAGCATC_2,9,5,2,6,1,9,5,4,3,5
AGACCGATACGT_2,4,2,5,7,1,4,1,2,4,8
AGCCATCGTTCC_2,6,3,6,4,8,4,5,2,1,1
AGCCATCGTTCG_2,0,0,5,3,9,3,1,4,4,8
GATGAGCGCTTG_2,4,5,5,1,5,5,6,7,3,2
GTCCCGAAGAGC_2,0,8,6,0,3,9,5,5,1,3
TCCGGTGCATCT_2,5,0,7,3,3,0,8,5,3,2
TTGATTTCAGCA_2,1,3,6,7,0,8,4,6,8,4
GCGGCACTTTCG_2,3,3,7,5,3,7,9,1,3,4
GGAGAAAGTAAC_2,7,5,2,6,2,9,2,4,4,5
GACGAAACGGGT_2,3,3,6,5,6,4,2,6,2,4
TCGCCCTTGGCA_2,8,4,6,1,9,4,0,3,6,8
TTACGGGCTAAG_2,0,8,2,8,1,9,7,5,9,3
CGTCTAAGATCC_2,8,2,6,4,1,4,0,2,4,8
ACTAAGGACGCT_2,9,3,8,6,3,6,5,6,6,8
GCTCGACGTCGC_2,9,0,7,1,4,8,8,1,9,7
AAGCTAGGCAGA_2,3,4,0,2,6,8,4,3,6,3
GTGCGACAGTCT_2,2,2,2,8,9,6,7,3,1,2
GATGAGCGCTTC_2,5,2,8,9,4,2,6,7,3,2
CGTCTAAGATCG_2,4,3,6,7,9,4,0,2,1,7
GTCCAATCAAGT_2,6,6,6,7,9,4,1,4,4,4
ACGGCAAATGGC_2,4,4,5,4,0,4,1,2,1,8
AATCCGAGGCTG_2,0,8,3,5,6,7,8,5,3,3
GACTGGCCACTT_2,3,1,0,2,8,7,3,0,2,1
AAGAAAGTACTA_2,8,7,6,7,4,4,7,3,7,7
GACGAAACGGGC_2,4,4,6,4,1,4,3,4,1,1
CGACCATTTTAG_2,0,8,6,8,3,1,5,3,6,4
GTTCAGAGGAAG_2,8,6,5,6,0,4,0,4,7,8
CGTCTAAGATCA_2,6,3,5,7,0,3,0,4,6,8
CGTGGTCGCTTA_2,5,0,2,1,0,0,9,4,3,2
TTCCTATCCGTT_2,1,1,0,4,6,8,9,0,6,0
AGCCATCGTTCT_2,8,2,6,7,9,4,0,6,4,8
TGTTTTGCAACT_2,6,4,9,2,8,7,4,1,2,7
GTACACGCCTCG_2,8,7,9,2,8,4,1,7,5,9
CAGTTGGTGCGA_2,3,7,0,4,8,2,9,8,6,1
TCCAGGGTCTGG_2,4,2,9,1,0,3,0,7,7,8
GCCAAGATGGTT_2,2,0,7,9,5,6,6,8,3,7
ATGTGCAAGTGA_2,9,8,4,8,5,9,7,5,9,5
ACCGGAGGGGAA_2,8,2,1,4,1,3,0,4,7,8
GTATCACTCGCC_2,2,6,4,8,5,9,2,8,9,6
