,0,1,2,3,4,5,6,7,8,9
ATGTATTGTACT_1,2,1,3,2,0,8,3,2,0,4
CGGAGTCGTCGT_1,5,1,8,9,4,4,8,6,4,7
CCCCTGCGAAAT_1,2,9,3,2,0,1,3,2,2,4
CGGAGTCGTCCC_1,5,1,8,9,4,4,8,6,4,7
TCAGGATGGTCC_1,2,9,6,2,0,1,1,0,2,4
GTGATGAGGGAA_1,2,9,6,2,0,1,1,3,2,4
CGGAGTCGTCAG_1,5,1,8,9,4,4,8,6,4,7
CCTTGGCGCAAA_1,2,9,6,2,0,1,1,0,2,4
TGCGGGGGGACC_1,2,8,6,2,0,1,1,3,2,4
CGGAGTCGTCCG_1,5,1,8,9,4,4,8,6,4,7
TCAGGATGGTCA_1,2,8,6,2,0,1,1,0,2,4
ACCCTGGGGGGT_1,2,8,6,2,0,1,3,2,2,4
GTGATGAGGGAC_1,2,9,6,0,0,1,1,0,2,4
TGCGGGGGGACT_1,2,8,6,2,0,1,1,9,2,4
CCCGTCTCGAGA_1,2,8,6,2,0,1,3,5,2,4
CCAGCCCCGGGC_1,1,9,3,2,0,1,1,2,2,4
CCCCTGCGAAAC_1,2,9,6,2,0,1,3,2,2,3
CGGAGTCGTCCT_1,5,1,8,9,4,4,8,6,4,7
CGGAGTCGTCGA_1,5,1,8,9,4,4,8,6,4,7
TAAGAAGGTATC_1,2,9,6,2,0,1,3,0,2,4
GGGCCCCGGGCG_1,2,8,3,2,8,6,3,2,2,4
TGCGGGGGGACA_1,2,8,3,0,0,1,1,3,2,4
ATATCGATCAAG_1,2,9,4,2,0,1,1,6,2,4
CGGAGTCGTCCA_1,5,1,8,9,4,4,8,6,4,7
ATAATTTTCCCT_1,2,9,6,2,0,1,1,0,2,4
GCTCCCTGCAAT_1,1,1,5,2,8,3,3,9,2,3
AATCTGGACCCT_1,4,7,6,2,7,1,1,0,7,8
CGGAGTCGTCAC_1,5,1,8,9,4,4,8,6,4,7
CACAATTCTATG_1,2,8,6,6,0,1,1,0,2,4
GGTGGATCGGCT_1,7,1,5,2,8,8,3,2,2,3
CGGAGTCGTCTT_1,5,1,8,9,4,4,8,6,4,7
CACCGAATAACT_1,2,1,5,2,0,8,3,2,0,3
CCCCTGCGAAAA_1,2,8,5,2,0,8,3,2,2,3
GGGAGGGGAAGA_1,5,1,8,9,4,4,8,6,4,7
CGGAGTCGTCAA_1,5,1,8,9,4,4,8,6,4,7
AATAGAAAAGTG_1,4,9,3,2,0,1,0,0,2,4
GGGAGGGGAAGT_1,5,1,8,9,4,4,8,6,9,3
AGCCTCAGATGT_1,2,9,6,2,0,1,6,5,2,5
ATTCACTCTGCC_1,2,7,6,0,2,1,3,0,0,5
CGGAGTCGTCTC_1,5,1,8,9,4,4,8,6,4,7
CACCGAATAACG_1,3,5,6,2,8,8,3,2,0,3
GCTCGCAGTGGC_1,2,8,2,7,2,3,9,5,2,1
GGTGGATCGGCG_1,1,1,5,2,8,8,3,2,0,3
GGTGGATCGGCC_1,1,1,5,2,8,8,3,2,0,3
CACCGAATAACC_1,1,5,5,2,8,8,3,2,2,3
CGGAGTCGTCTA_1,5,1,8,9,4,4,8,6,4,7
GGGAGGGGAAGC_1,5,1,7,9,4,1,8,6,4,3
ATTCAGGACGAC_1,2,0,6,2,7,8,3,5,2,6
ACACACCCACTT_1,2,9,6,0,0,1,1,0,7,4
GGCTATGGCGGG_1,4,8,3,2,8,1,0,9,2,4
TGGGGGGGGGGG_1,2,1,6,9,0,1,1,6,2,4
GGTGGATCGGCA_1,7,1,5,2,8,8,3,2,0,3
ACAACCCATACC_1,4,8,4,0,0,1,1,0,7,4
CACCGAATAACA_1,3,1,5,2,8,8,6,2,0,3
GGCGCACACCTG_1,8,4,6,5,1,9,1,0,5,1
AAGTACTTAGGC_1,4,8,6,5,0,1,0,0,2,4
TGCTTTACGAGG_1,8,4,0,5,1,9,1,4,8,9
CGAGTGAACGCA_1,4,9,6,6,2,1,9,5,2,6
TATTAGTGATGA_1,4,8,3,6,2,1,9,5,2,6
ACCATAAAAAAG_1,8,4,0,5,1,9,7,4,8,9
TCTGGAGCGAGG_1,3,0,7,1,9,2,4,8,9,0
GGCTATGGCAGG_1,7,9,1,2,5,8,2,9,7,5
GGGCCCCGGGCA_1,3,8,3,4,3,6,6,2,7,8
CCCGGCCTTCAC_1,0,9,2,7,2,3,6,5,7,6
GGTGGATTCCAA_1,0,9,6,6,2,0,1,0,7,5
GGCTATGGCGCG_1,7,0,6,2,8,8,2,2,7,3
GGCTATGGCGGA_1,2,9,1,0,0,1,0,2,2,5
GGCGCACACCTC_1,8,4,0,5,1,9,1,0,5,1
AATCATTTGTAC_1,4,8,6,2,5,1,1,0,2,4
GACGTCCCTTCA_1,6,7,1,8,3,7,4,9,6,8
GCTGAAGCCGAG_1,4,9,2,6,2,3,9,5,3,6
CCGCGGGTCAGT_1,0,8,2,7,2,3,5,5,6,6
GGCTATGGCTGG_1,1,9,3,2,0,1,0,7,6,4
TAATACTTAGGC_1,2,9,1,0,9,0,0,3,2,4
GGGCCTTGAATT_1,2,0,6,2,8,8,3,2,2,1
GATGGGCAAAGT_1,6,7,1,0,3,6,9,9,7,2
AAGAACTGGCGC_1,2,9,6,0,3,1,1,9,2,4
CCTATTACCAAG_1,7,8,2,8,2,8,6,5,0,8
TCGGACGGCGAC_1,1,9,1,6,2,3,3,9,3,6
GGCTATGGCGCT_1,7,9,5,0,5,5,0,3,7,2
CCCGCCACGGGC_1,1,7,4,4,0,3,1,3,6,3
GGCTATGGCGGC_1,1,7,7,1,8,2,6,9,0,5
GGCTATGGCTTC_1,3,7,5,8,8,8,3,2,0,8
CCATCAATTTCG_1,0,8,2,6,2,7,9,5,3,6
GGCTATGGCGAG_1,1,9,1,2,8,2,0,9,9,3
CTCGTATACTCG_1,1,6,5,8,0,0,1,3,5,4
GGCTATGGCTCC_1,4,9,1,1,8,1,3,3,2,2
CCCATCCGCGGG_1,4,0,2,7,2,7,9,5,1,2
AATGATAGCGTC_1,9,6,9,4,3,0,5,8,5,8
GGCTATGGCTTG_1,1,9,1,0,8,8,3,9,0,5
TGTGATGAGGAG_1,9,9,6,2,3,3,1,0,5,4
CGCGTAGCTTAT_1,4,9,1,6,0,1,1,0,2,5
GGCTATGGCGGT_1,1,7,5,4,8,8,3,3,9,3
GGCGCACACCTT_1,8,4,0,5,1,0,1,0,5,1
ATGTGAGGAAAC_1,4,9,6,2,8,1,1,9,7,5
TGTGATGAGGAT_1,9,6,1,4,3,5,1,9,6,2
GGCTATGGCTTT_1,7,7,5,4,8,5,3,2,6,5
GGCTATGGCTCT_1,1,9,7,1,8,2,6,2,0,3
AACTACAGCCTC_1,2,8,6,2,0,6,1,1,2,1
GGCTATGGCCCC_1,1,9,1,4,7,9,2,7,0,9
GGCTATGGCGCA_1,1,5,3,1,5,8,3,3,9,3
GGCGCACACCTA_1,8,4,0,5,1,0,1,4,5,1
GCGGTCGTCGAA_1,4,7,6,6,2,7,9,5,7,6
GGCTATGGCGCC_1,7,7,3,0,5,2,3,2,0,2
GGGCCCCGGGCC_1,2,8,3,4,3,3,3,1,7,3
GGGCCTTGAATC_1,1,9,3,0,7,5,3,9,7,3
TTGTGAGAAAAC_1,9,9,7,2,7,1,1,9,7,1
GAGCGCAGCAAT_1,1,3,3,5,9,3,2,1,3,8
TACTACAGCCTC_1,2,9,6,0,0,9,1,0,6,4
CGTGTCGCAGAT_1,2,0,6,0,0,9,1,0,6,4
TGTGATGAGGAA_1,9,0,3,0,2,7,0,0,7,4
GGCGAGCAATGT_1,0,2,2,7,6,3,9,3,3,6
GGCTATGGCGAT_1,1,9,1,0,7,7,4,7,9,8
ACCATAAAAAAA_1,8,4,0,5,1,9,7,4,8,9
CCCGCCCAACAA_1,0,9,2,7,2,8,9,5,7,6
AAACAGGTTAAT_1,1,9,5,8,2,7,6,3,3,3
GGCTATGGCACC_1,3,7,3,1,8,8,0,7,0,2
GGCTATGGCCCT_1,7,5,1,1,5,7,6,3,7,2
GGCTATGGCTCA_1,1,5,3,3,5,8,0,3,0,9
GGGCCTTGAAGG_1,2,5,6,1,7,5,6,3,0,1
GGCTATGGCATC_1,1,5,3,0,8,8,3,2,7,5
GGCTATGGCAGC_1,4,8,3,2,5,6,0,3,7,2
GAAGGTCAACTA_1,1,4,4,5,9,6,2,4,5,9
GGCTATGGCTGA_1,4,0,1,1,5,2,0,7,6,2
GGGCCTTGAATG_1,4,5,6,3,8,8,3,1,6,5
CTTACTTCGTCT_1,4,8,2,1,2,7,9,5,3,8
GGCTATGGCATT_1,1,6,7,1,5,7,0,3,6,0
TTACAAAGTCGG_1,2,6,6,1,0,2,2,0,7,9
GGCTATGGCCCG_1,6,9,7,1,7,5,2,7,6,2
GGCTATGGCACG_1,4,7,3,0,5,3,0,5,7,5
GGCTATGGCATG_1,1,9,5,2,8,6,3,1,6,3
CGTGAGTCGTCG_1,5,1,8,9,4,4,8,6,4,7
GGGCCCCGGGCT_1,7,3,4,4,9,3,2,7,5,8
ACCATAAAAAAT_1,8,4,0,5,1,9,7,4,8,9
TGACCGCGCATT_1,7,0,0,8,5,7,9,8,3,6
GGCTATGGCGAA_1,6,5,3,8,5,5,0,7,0,2
GGCTATGGCTCG_1,1,9,5,8,5,8,6,7,0,8
CATCACACATAT_1,8,4,0,6,1,9,9,4,8,6
GGCTATGGCACT_1,1,5,1,4,5,2,6,9,0,5
CTGGGGTGACTT_1,4,7,4,1,5,5,2,7,7,5
GGCTATGGCCGC_1,3,0,7,8,7,7,0,2,0,2
AATTTCATCGTC_1,2,0,6,1,2,2,6,5,3,6
GGCTATGGCAGA_1,3,8,5,1,8,6,2,2,6,3
GCTCCGAGCGGC_1,3,3,7,4,9,2,4,8,5,1
GCAGAGTCGCGG_1,3,6,2,5,9,6,2,7,1,8
ATCGATCAGAAC_1,0,7,7,1,9,5,4,8,9,2
CAATTGATGCTT_1,0,9,9,6,2,7,9,5,3,6
GGCTATGGCCTC_1,7,7,5,1,5,5,2,3,7,3
GGCTATGGCAAG_1,2,9,6,0,7,7,6,9,0,2
GGGCCTTGAAAT_1,2,8,4,3,7,1,3,1,6,1
GACTATCATGTG_1,2,8,3,7,2,3,4,5,3,6
GGCTATGGCGTG_1,1,9,3,8,5,8,3,7,9,2
ACCGCTCCCAAA_1,3,7,4,5,3,6,2,7,7,3
GGCTATGGCGTC_1,4,5,3,1,5,5,2,3,6,3
TGATATCCAGGG_1,2,7,9,8,7,6,3,1,0,1
GGCTATGGCCTG_1,3,5,1,1,8,8,0,2,0,3
GGCTATGGCGAC_1,3,0,3,1,7,8,0,7,6,8
GGCGTAGCTATG_1,2,8,1,4,7,7,6,1,0,5
ACCATAAAAAAC_1,8,4,0,5,1,9,7,4,8,9
TCTGGAGCGAGA_1,6,3,7,5,9,2,4,7,5,0
CTGGATCTCCCG_1,0,8,2,7,2,3,9,5,7,6
GCCGCTCCCAAA_1,7,7,3,3,3,3,2,0,7,9
TCGCATCCACGC_1,1,0,1,0,5,7,5,8,6,0
CTGTCCTGGCCC_1,7,7,4,4,2,7,2,1,7,6
GATGGGCAAAGG_1,9,6,1,0,3,7,0,9,6,2
GGCTATGGCCGG_1,7,5,5,8,7,6,5,1,0,2
GGCTATGGCTAG_1,7,9,5,8,3,5,5,9,9,2
TGTGATGAGGAC_1,9,9,4,0,0,1,1,0,6,8
GGCTATGGCTGC_1,7,5,5,8,7,5,3,9,6,5
ATTTTCGCTCGC_1,0,5,2,6,6,3,9,5,3,6
TCTGGAGCGAAG_1,6,3,7,8,7,2,4,8,9,0
GGGCCTTGAACT_1,2,9,5,1,8,5,2,3,0,3
GGGGTCGCAGAT_1,1,7,5,8,3,6,3,1,5,8
GGCTATGGCCTT_1,1,7,3,1,8,8,5,2,7,2
GTAATTTTCCCT_1,1,7,4,8,3,6,1,1,6,8
TTACAAAGTCGT_1,3,8,9,1,0,8,0,7,9,4
GGCTATGGCAAT_1,7,9,1,0,5,2,0,0,1,5
AGTCCGTGCAAG_1,4,7,3,6,2,3,9,5,7,6
ACACATGTATGA_1,4,7,4,5,5,5,2,7,5,5
CCCGCTCTGCAC_1,0,2,2,6,6,7,9,5,3,6
GGGCCTTGAATA_1,4,7,3,1,8,8,3,2,6,5
ATCTTGTCCGCC_1,0,2,2,6,6,7,9,0,3,6
GGGCCTTGAAGT_1,9,5,4,1,5,8,3,2,6,1
AGGGGGGGGGGG_1,2,1,1,2,0,3,3,3,0,4
CACGCTTTCACA_1,9,9,1,4,7,2,0,1,6,2
GGGCAATCCTAC_1,7,5,5,3,9,6,2,3,0,9
TCCTGGTTCACA_1,7,2,7,8,9,2,4,8,9,0
GCTGCATTCTGC_1,0,2,2,7,2,2,6,5,3,6
GGCTATGGCACA_1,1,7,3,1,8,5,2,8,6,5
GCCCCTCTGGGA_1,0,2,2,7,2,7,9,5,3,6
GCCTACAGCCTC_1,1,7,4,4,0,6,3,0,7,9
TAAAGCCTTGCG_1,4,0,6,6,6,7,0,5,3,6
GGCTATGGCAAA_1,7,8,1,8,9,6,5,3,7,5
GGCGTAGCTATC_1,4,5,6,6,2,1,0,0,7,1
GGCTATGGCCCA_1,7,6,7,8,7,5,4,8,1,8
TCACCGCCCATC_1,9,7,2,6,6,2,9,5,3,2
CACGCTTTCACC_1,9,0,1,4,7,0,3,1,0,5
ATTAGAGACGAA_1,0,2,0,7,2,7,9,5,3,6
TCTGGAGCGAGC_1,3,2,7,8,7,2,4,8,9,0
CACGCTTTCACG_1,1,5,1,1,7,0,1,3,6,3
GGCTATGGCTTA_1,4,8,6,1,5,2,6,3,2,2
TCTGGAGCGAGT_1,6,3,7,4,9,3,4,8,9,0
CACCGTTGTAAA_1,1,8,7,7,5,3,9,1,7,1
GGCTATGGCTAT_1,7,7,5,8,5,6,0,2,6,2
GGCTATGGCTAC_1,6,5,3,0,5,7,0,8,6,2
GACCCGCGAAAC_1,1,9,2,6,2,8,9,5,3,6
GGCTATGGCGTT_1,7,5,1,0,5,5,0,3,7,2
GGCTATGGCCAG_1,1,7,2,1,5,8,5,3,9,2
CGTGAGTCGTCC_1,3,1,8,9,4,4,8,6,4,7
GGCTATGGCAAC_1,7,5,2,3,9,2,3,3,0,2
GGCTATGGCAGT_1,7,5,4,1,7,6,2,3,6,8
TACTACCGAGAA_1,3,9,9,1,6,8,9,9,6,8
CAGCCAATGGCG_1,3,8,2,8,6,3,9,3,3,8
TTACAAAGTCGA_1,6,7,4,5,1,9,1,0,0,1
CCACATGTATGC_1,1,8,1,3,9,3,5,1,5,2
GGCTATGGCTAA_1,1,7,3,1,3,5,2,3,7,5
AGCGTAGCTTAT_1,2,0,6,0,0,2,0,9,0,5
GCTCGTAACTTA_1,0,6,9,6,2,7,9,5,3,6
TGATTGGGTAAG_1,9,3,9,8,1,0,5,3,1,1
GGGCCTTGAACA_1,2,5,5,1,7,8,3,3,0,5
GGCGTAGCTATT_1,9,5,1,1,5,1,0,3,5,2
GGCGCTAGCCAT_1,0,2,9,6,6,3,9,5,1,6
TCTGGAGCGACG_1,6,3,7,3,9,2,4,8,9,0
TGCTTTACGAGC_1,8,4,0,5,1,0,5,4,8,9
GGCTATGGCTGT_1,3,5,7,1,9,2,4,7,7,0
TTATGAGGAAAC_1,6,5,7,3,2,3,3,0,9,5
TAGTACTTAAGC_1,6,3,2,1,9,3,4,8,9,5
CGCTCCAGACTG_1,6,0,9,6,2,7,9,5,0,1
GTAGATCAGAAA_1,3,2,9,5,9,0,5,8,9,1
AGCTTAATGTAT_1,9,6,1,4,1,2,2,7,1,2
ACAGAGAGTCAA_1,7,6,2,1,9,0,2,3,5,8
TGTATCGCCTTC_1,1,7,4,4,3,6,2,8,7,3
GGGCCTTGAACC_1,1,7,9,0,7,8,3,9,0,3
GGGCCTTGAAGC_1,1,5,5,8,8,6,3,1,6,3
ACAGCCACGGGC_1,2,0,4,4,5,7,2,7,6,8
GGCGTAGCTATA_1,6,9,3,6,7,3,0,3,9,2
ATAGATTGGAGT_1,9,4,0,4,1,0,1,3,5,9
GGGCCTTGAACG_1,3,5,5,3,7,2,5,1,1,1
GGGCCTTGAAGA_1,7,5,7,1,5,5,6,3,6,1
AGCTTTACACCT_1,0,7,0,6,6,7,5,5,3,2
TTGTGAAGAAAC_1,3,5,7,1,8,6,6,7,7,5
GTCCCCTTGTAT_1,9,6,1,3,7,0,5,8,1,2
CGGGGGGGGGGG_1,4,1,4,9,3,6,3,9,6,1
GCACGGCAAATT_1,3,3,5,4,9,6,6,7,5,8
GGCTATGGCCAC_1,7,7,3,4,5,7,3,8,7,2
ACAAGGAATCTT_1,9,6,1,4,3,0,5,8,5,0
TCTGGAGCGAAC_1,3,5,7,3,5,2,6,8,9,0
TCTGGAGCGATG_1,6,3,4,4,9,2,4,8,9,0
AGTATCGACTTC_1,4,8,4,3,0,6,6,1,7,3
GTGATGAGGAGG_1,2,0,4,3,6,5,2,7,5,8
GGGACTGAGCGA_1,0,8,2,1,2,3,9,5,3,6
ACTCGGCCGAGG_1,7,7,5,3,3,6,5,1,1,8
TCTGGAGCGAAT_1,7,3,7,4,9,2,4,8,9,0
TAGTACTTAGAC_1,9,3,0,5,3,5,4,9,9,5
CCAAGGGACAGA_1,8,6,0,6,6,0,9,5,3,6
CCGCCATTGAGA_1,3,2,9,7,6,3,5,4,5,8
CACGCTTCACTG_1,9,3,2,8,3,3,5,1,9,0
CGTGAGTCGTCT_1,9,1,8,9,4,4,8,6,4,7
AATATTACTAGC_1,7,9,1,8,7,5,0,9,7,2
CCCCTAACTGTA_1,9,8,2,6,6,7,0,0,3,6
GAACCCGAGGTG_1,1,5,3,4,7,0,0,1,6,8
GATGGGCAAAGA_1,1,7,3,0,3,3,0,9,7,2
GGGCCTTGAAAG_1,3,7,4,1,7,8,5,7,6,3
GACTACAGCCTT_1,0,8,3,7,2,0,0,3,1,5
TGCTTTACGAGT_1,8,4,0,5,1,9,5,4,8,9
GATGTGAAGGAT_1,7,9,2,3,6,7,9,7,3,2
GGCTATGGCCAA_1,7,5,3,3,5,5,3,2,7,5
GGAACGGGCAGT_1,2,0,6,1,6,2,0,5,3,6
TCTGGAGCGACC_1,6,9,7,8,5,5,4,9,9,2
GGCTATGGCCGA_1,7,8,5,3,9,6,2,1,1,6
GCCTGCAAGCCT_1,1,5,5,4,7,6,6,1,7,2
GGGCCTTGAAAC_1,1,5,3,8,3,6,5,7,6,1
TCTGGAGCGACT_1,6,3,7,8,9,2,4,8,9,0
GGCTATGGCATA_1,7,5,5,8,9,2,4,8,1,2
CCCGGCCTGGCT_1,0,0,2,6,2,7,9,5,3,5
TCTGGAGCGAAA_1,6,2,7,8,7,2,4,8,9,0
CTTCCTCTTTCT_1,9,3,1,8,9,5,5,8,9,0
TATAGCACTAAT_1,0,2,2,7,6,4,8,8,9,2
TTGTAAGGAAAC_1,3,6,9,1,1,2,6,3,1,5
AGCAGCCTGCCC_1,9,2,2,4,6,0,9,8,1,6
AGTGTCGCAGAT_1,4,0,1,4,7,6,5,5,5,1
TAGAGTTTCCGT_1,0,8,2,6,2,3,6,5,3,6
GGTGTCGCAGCT_1,9,7,4,4,9,6,2,7,6,8
TGAGAGCAAGGA_1,9,3,0,5,1,0,5,8,8,2
CTCCGCCAGCCC_1,9,6,2,6,6,0,9,1,3,6
GGCTATGGCCAT_1,3,7,9,8,9,2,5,3,1,1
CTCAACACCTTC_1,4,0,4,4,0,1,0,7,1,8
CATATGCGCCAT_1,0,2,9,6,2,1,9,5,3,6
TGTGTCGCAGAT_1,6,3,4,3,9,5,2,7,5,5
CCGGAGAGTCAA_1,8,4,4,5,1,6,2,4,5,8
CCAAGGTTCGCC_1,0,7,9,3,2,5,9,5,3,6
TCCTCCTCGCGT_1,7,6,9,4,7,2,6,7,1,2
TGCTTACGAGGA_1,8,4,0,5,1,9,5,4,8,9
GACTACCGCCTC_1,1,4,4,4,9,6,2,1,7,8
GATGGGCAAAGC_1,0,7,1,1,3,3,0,9,7,2
GGCTATGGCCTA_1,4,5,3,1,9,2,6,1,1,8
TCTGGAGCGATC_1,3,3,7,3,9,2,6,7,5,0
TCTGGAGCGATT_1,6,6,2,8,9,3,4,8,9,0
GCTAGCAAGTTT_1,9,0,9,4,6,0,5,8,1,6
AGGCCCCGCGGC_1,7,3,2,4,3,7,9,8,1,8
TAAAGCCTTGCC_1,0,7,2,1,6,2,9,5,9,5
CGCCCTGCCTAG_1,0,7,2,3,6,2,9,7,3,2
ACGGAGAGTTAA_1,0,6,1,7,6,0,5,8,9,9
ATGGAGAGTCAA_1,9,5,3,3,3,6,9,1,1,1
GGTCTCGCAGAT_1,3,4,5,3,1,6,6,3,6,8
TGCCAATTAGGG_1,0,2,2,6,2,3,9,5,3,6
ACCGAGAGTCAA_1,2,6,4,4,9,9,2,8,6,5
AAAAATCCCAAC_1,0,7,9,6,6,7,9,5,3,8
TCTGGAGCGACA_1,3,2,7,3,9,5,6,8,7,0
CCCCTAACTATG_1,4,7,9,6,2,7,9,1,3,6
CACGCTTCACTC_1,1,6,9,4,3,5,6,8,1,2
ACAGGATGGGTC_1,6,6,7,3,9,5,2,9,7,1
CCAAATGACAAC_1,6,8,9,4,3,6,2,0,5,4
CAATCTTTTCCA_1,2,3,7,4,9,5,2,3,1,5
CCCCTTTGAGCC_1,9,6,9,4,6,0,5,8,1,2
TGATATCCAGGA_1,9,7,1,4,6,3,5,5,1,6
GAGAATCTAGGC_1,0,7,9,3,2,3,9,5,7,6
CCAGCCACGGCC_1,9,6,4,4,9,6,2,9,5,5
TAAAGCCTTGCA_1,0,7,2,1,6,7,9,1,9,5
GGCTATGGCGTA_1,1,7,3,7,6,3,2,7,7,2
GACTACACCCTC_1,4,7,4,3,3,6,5,9,7,5
TAGCGAATTGTC_1,0,0,2,4,2,3,9,5,1,6
CACCATTGTGAA_1,4,8,3,6,6,2,9,3,0,1
ATACAGTGTAGT_1,0,2,2,0,2,3,4,9,3,5
TTAATTTTCCTT_1,9,7,4,4,3,3,5,8,9,2
CACCGTTATGAA_1,4,7,3,3,2,5,9,1,1,5
AAGCCCTTCTAT_1,0,2,2,7,9,4,4,8,9,0
CACGCTTCACTA_1,6,8,9,8,6,3,4,8,5,8
TACCCTTGCGCG_1,0,2,2,6,6,5,9,5,3,1
AAGCGCAACAAT_1,3,3,2,8,9,2,6,8,9,0
CACGCTTCACTT_1,9,6,9,4,3,7,5,9,5,2
TGGAAGGCGGTA_1,9,3,4,5,6,2,5,8,1,1
TACTTACTCCAA_1,0,6,9,4,6,0,9,8,1,2
TACTATCCGCCA_1,9,6,2,4,6,0,5,8,1,2
AAGCCCTTCTAG_1,0,2,2,7,9,4,4,8,9,0
CAATCTATTCCA_1,9,2,2,8,7,7,5,8,6,8
GAGGCGATTGTG_1,0,4,0,7,6,9,9,4,3,8
CGTAAGCGCTCG_1,6,2,7,1,9,5,4,8,6,0
GGGCCTTGAAAA_1,3,5,5,8,3,6,6,1,1,1
CAAAAATTGCAT_1,6,5,2,3,9,7,0,3,1,2
TCAATATTCCAG_1,6,2,2,7,6,3,9,8,1,2
CCACATCTATGA_1,4,6,9,3,9,0,6,8,1,5
GGCTATGGCCGT_1,9,6,3,4,9,2,2,2,1,0
TGCGTAGCTTAT_1,4,0,9,6,2,3,4,0,3,6
ACGCAGAGTCAA_1,6,7,4,5,9,6,5,7,5,8
ATATTGATCTTC_1,0,2,2,3,6,0,5,8,1,2
CATCAGGTGATC_1,3,2,9,3,2,6,9,1,3,6
AACAATTTGGCA_1,0,2,2,7,2,3,5,5,1,8
GCGCCCCGAACT_1,9,6,9,3,6,0,5,8,1,2
AAGCCCTTCTAC_1,0,5,7,7,9,3,4,8,9,0
CACCGTTGGAAT_1,6,7,3,3,7,2,0,9,3,2
TGCTTACGAGAG_1,8,4,0,5,1,0,5,4,8,9
ATTCACGCGCAT_1,9,4,2,6,6,7,5,1,3,8
GGCGTAGTTTAT_1,4,7,1,3,9,2,5,8,7,2
CTTACCATAGAG_1,9,6,3,1,7,6,2,1,5,2
TACTACTTAGGC_1,3,6,0,5,1,0,2,0,5,5
CCCGCTCCCAAC_1,3,3,9,3,1,0,2,7,5,5
GGTGTCACAGAT_1,2,0,9,3,7,5,0,0,3,2
TGATATCCAGGT_1,6,7,4,8,5,2,0,1,1,8
TCGGCACCCAGC_1,9,2,2,8,7,3,5,8,1,2
TAAAGCCTTGCT_1,0,7,9,6,2,2,9,5,3,6
TCACCATTCCTC_1,9,2,2,3,6,0,9,8,3,6
TCAAGATGGGTC_1,9,6,9,3,7,5,5,8,1,2
AGTCCCAAGTCC_1,9,7,2,6,2,3,9,5,3,6
TGATATCCAGAG_1,9,6,2,3,1,0,2,1,1,8
CCACATGTATGT_1,9,6,7,3,9,5,5,8,6,2
TACATTTGTACG_1,6,6,4,3,9,5,5,8,1,2
TGATATCCAGGC_1,3,6,7,3,9,6,5,7,5,1
ACGGAGACTCAA_1,9,0,9,4,5,2,5,7,1,2
CCGACGCCTATT_1,4,6,9,6,9,0,5,8,5,0
CTGATACGGCCG_1,8,4,0,5,1,9,7,4,8,8
TCTGGAGCGATA_1,1,3,7,8,3,3,5,8,5,0
AGAGTGAGCCGA_1,0,2,2,7,6,3,9,7,3,6
TGTGTGAGGGAG_1,1,6,9,4,6,0,2,7,1,8
CACCATAAAAAA_1,9,4,0,5,1,9,7,4,8,9
CTAGAGACGAGC_1,4,7,3,3,2,2,9,8,1,2
AGACTGTATAGC_1,9,2,9,4,6,0,9,5,3,2
TATGAATTAAAA_1,0,2,2,7,2,3,9,5,3,6
TACATTTGTACC_1,9,6,9,4,6,9,5,7,5,2
CGCACCATAAAT_1,9,6,9,1,9,5,5,7,6,2
GGAATTCCACGT_1,0,2,2,6,2,3,4,9,3,6
TGCACCTAAAAT_1,0,2,2,7,2,3,9,5,3,6
GGTGTCGCACAT_1,1,5,9,3,7,7,5,1,1,1
GGTGTCCCAGAT_1,9,6,7,3,9,5,4,7,1,5
GTAATAGGAAGG_1,0,2,2,7,2,3,9,5,3,6
TAGCCGCGAGTC_1,0,2,2,6,6,2,9,5,3,6
ACGGAGAATCAA_1,9,3,2,4,1,2,6,8,1,8
GAAGCCTTGAGT_1,9,2,9,3,2,3,5,5,1,1
TCCGCTCCCAAA_1,9,2,3,3,1,0,2,7,6,2
GCCCTAATCAAG_1,9,2,9,3,9,5,9,8,1,8
CCCGCTTTCGGT_1,9,2,9,3,6,0,5,8,1,8
GACTACAGCTTC_1,0,6,9,4,2,0,2,7,6,2
