,0,1,2,3,4,5,6,7,8,9
TTTCTATTACAC_5,4,0,0,6,3,2,6,1,1,9
ACCATTAGCGGA_5,7,6,0,3,4,0,6,4,3,1
TCCGCCTGCGAA_5,7,6,0,6,4,2,7,9,3,7
ATCCCATGATAA_5,7,9,0,3,9,9,9,4,3,7
CTAACGTCCTAC_5,9,1,2,3,2,9,4,1,4,7
ATGTTATTAGGT_5,7,0,1,3,3,9,6,9,6,2
AGATACAAGCCA_5,1,0,0,3,3,2,6,9,5,0
TGCAGTCGCGGG_5,2,0,8,2,3,6,1,9,3,7
TGGGGACGCGTG_5,6,0,8,3,3,2,6,2,3,2
ACGGCCCGGCGA_5,4,6,8,9,3,9,6,9,5,8
GTCGCGGCAGAG_5,6,6,0,1,4,2,6,5,3,0
CTATATGGCAGA_5,7,9,8,3,4,9,7,1,3,2
GTAGTGTCTGAC_5,7,4,6,0,8,0,8,4,9,7
AGTCACATGGAC_5,6,6,0,6,9,5,7,0,0,9
GCCCGCTCTGCG_5,6,0,8,2,3,6,1,2,3,2
CAGACCTTCAAT_5,5,6,4,6,0,0,9,7,8,0
AGCCCTAAATGT_5,6,1,1,3,3,9,6,1,3,2
TTAAAGAGTATT_5,7,0,2,6,3,9,1,2,8,9
GAGGTTAAGGAA_5,8,7,1,2,3,5,6,1,3,3
ACCAAAGTGCGG_5,4,0,8,1,3,6,1,2,3,2
GGAACAGTCATT_5,6,0,1,9,4,9,4,1,7,9
AGCCCGACCTTA_5,4,6,8,6,2,7,7,0,0,9
TCGAATAGCTTA_5,4,1,0,3,1,9,7,1,5,3
ATGTTATTAGGC_5,7,0,8,3,3,9,6,9,3,2
CGGATTGTCCCA_5,7,6,9,2,1,4,6,1,4,7
CATAACAGGAGA_5,7,9,0,1,4,6,7,9,3,2
CAGGGCAGCCGT_5,4,1,0,3,4,9,0,0,6,7
TCCAACCGGTCG_5,6,0,8,3,3,6,1,2,3,2
AGCAATGCAGCC_5,3,8,3,7,5,3,5,3,2,5
CGAGCGACTAAT_5,7,1,0,3,8,6,4,4,3,7
CATCACGTATGC_5,9,2,1,3,1,9,4,4,4,3
TACGGGTCCCGA_5,7,3,1,1,9,7,6,4,8,3
GAAACTCCTAAA_5,7,1,1,9,3,7,6,9,7,1
TTTTCGCGAATC_5,6,0,1,3,3,9,6,4,6,7
GTCCATATAAGT_5,7,1,1,3,1,9,6,1,6,3
ACCAAAGTGCGC_5,6,0,8,3,1,6,1,2,3,2
TCTATATTCTAA_5,7,1,0,3,4,9,2,1,3,7
GACGATCGCGCA_5,6,0,8,1,3,6,1,2,3,2
ACTGCGAGCAAG_5,6,1,8,3,3,2,2,0,3,2
GGACCACGCCAC_5,4,0,8,1,3,7,7,9,0,2
GACGGCCCTCAA_5,4,4,4,4,9,2,9,1,0,9
GCCACGTTCGGT_5,2,6,8,5,4,0,2,7,7,7
CCACTGCCCATT_5,9,7,7,9,4,9,6,1,4,3
TCCAACCGGTCC_5,6,0,8,2,3,2,1,2,3,2
GGACCACGCCAA_5,6,2,8,2,3,2,1,9,8,2
CAACAGGCAGAG_5,2,4,6,5,1,7,8,7,9,6
CTTGCCGACTAA_5,7,5,0,1,2,7,9,4,7,7
TTGGCTTGTCAG_5,4,6,4,6,1,2,7,9,8,9
TTAAAGCGGGTC_5,9,4,9,3,1,4,7,0,6,9
CCCGTATTATCC_5,1,9,0,6,9,9,7,0,5,9
GCTTACGGCAGA_5,6,7,8,2,3,5,1,2,4,8
TCCAACCGGTCT_5,6,0,8,2,3,6,1,2,3,2
GGTTACAGACGC_5,9,7,2,9,3,5,7,9,3,9
CCTCCCTCGTCA_5,5,6,4,6,3,9,7,9,0,7
ACGAATAATCGC_5,7,2,8,3,4,9,4,4,7,4
GAGGCCATACAA_5,4,1,7,9,1,5,4,2,4,3
CAGTCGCAAAGC_5,4,6,9,6,9,1,7,4,8,9
TCTCAACAACGG_5,7,5,0,5,4,9,0,1,7,7
AGTGCTCGGTTT_5,7,6,1,5,3,5,6,1,3,9
GGAGCGCCTTCC_5,8,2,7,2,2,5,4,1,7,8
CTTACTCGTATG_5,7,4,9,3,1,9,0,4,7,1
GACCCTTCATTT_5,5,3,9,6,9,4,0,1,8,0
GAACGCCGCTGT_5,2,0,6,6,7,0,7,0,5,6
AGATAGGAAGCG_5,6,0,8,3,3,2,1,2,3,2
AGGACCATTCTG_5,7,4,1,4,4,0,4,4,0,7
GCGAGGAATTCG_5,7,6,0,3,4,6,2,0,1,7
ACGTGTTACTAT_5,7,4,0,3,2,9,6,0,6,3
AGCGTGGAGCTG_5,6,0,8,3,3,6,1,2,3,2
TTGCCGATCCCT_5,6,0,8,3,1,2,7,2,4,2
AACCGACATAGA_5,3,8,3,7,5,3,5,3,2,5
ACTGCGAGCAAT_5,7,1,0,1,3,9,2,9,3,2
AGGACCATTCTC_5,7,4,2,1,4,0,0,0,7,1
ACTGCGAGCAAC_5,7,1,0,3,1,9,1,9,6,2
TCCAACCGGTCA_5,6,0,8,2,3,6,1,2,3,7
GCCCCCGACTGG_5,2,4,6,3,8,0,8,7,8,6
AACAATTTACTT_5,1,6,4,6,9,2,9,9,0,4
AATATACTAAAG_5,7,3,6,3,1,7,8,9,7,4
AGATAGGAAGCC_5,6,0,8,2,3,6,1,9,3,2
ACTCAAGCGCCG_5,6,1,1,5,9,7,7,9,4,3
CACTCAAAGCAC_5,2,4,8,2,2,0,8,4,0,6
AATAACCCCCCG_5,1,1,2,6,9,1,6,4,1,0
GACGATCGCGGC_5,6,0,8,2,3,6,1,2,3,2
GTCGCGGCAGAA_5,6,6,0,3,3,5,4,1,3,7
GTCGCGGCAGAC_5,7,9,0,1,3,2,1,4,3,3
CCGGCCCGCGAG_5,2,4,6,0,8,0,9,9,7,7
GGTAGACGTATA_5,4,4,2,1,1,9,7,1,7,3
TTGAGTAAGGGG_5,7,5,8,0,4,9,2,4,3,7
CATACCGTCTTA_5,1,3,4,4,0,4,3,5,1,0
TGCAGTCGCGGA_5,4,0,8,2,3,6,1,2,3,2
TTAGTGACCAAT_5,9,6,0,1,4,7,4,1,1,3
TGCCCATCCTAG_5,7,2,8,2,1,7,7,2,3,3
AATATACTAAAT_5,4,4,0,1,9,0,8,9,7,3
TCGAAAACTACG_5,1,1,0,3,0,4,3,9,1,0
TACTCAACGTCT_5,1,6,9,6,0,4,3,1,5,9
CTGTTCTGGTAT_5,5,6,9,6,9,4,7,9,5,9
AGGACCATTCTA_5,7,4,2,0,4,7,0,9,7,3
ATGAGGATGCTT_5,9,1,2,9,4,9,4,8,4,3
GACACGGCCAGG_5,4,6,7,3,4,2,7,9,4,3
AGTAAGTGCAGT_5,4,7,1,2,3,5,1,2,4,2
CGCCACATGGCA_5,9,6,6,3,2,0,9,7,4,3
AGATAGGAAGCA_5,7,0,8,3,3,6,1,2,3,2
ACCCGGCTCAGC_5,4,1,5,9,3,5,6,4,4,8
CTTGTCGGGTGC_5,8,1,7,3,4,2,4,0,4,9
TCCCCGCGCCGT_5,5,3,9,6,9,2,0,1,8,7
GGCGCTTTAATA_5,5,7,4,6,9,1,0,0,1,0
GGACCACGCCAT_5,6,6,8,2,3,2,1,2,8,7
TGCAGTCGCGGC_5,6,0,8,2,3,6,1,2,4,2
GCCAAGTTGGTC_5,7,9,6,1,4,7,8,4,7,1
AACGCGCCGTTC_5,7,1,2,1,3,9,7,9,0,4
TTGTGGAATAGC_5,1,6,2,6,9,1,7,0,1,9
TTGCCGATCCCC_5,4,0,8,2,4,6,1,2,3,2
TTAATATCCTTT_5,7,6,9,1,1,7,4,1,9,1
ATTCGCCGAAAT_5,4,5,8,3,1,6,2,9,4,9
AATATACTAAAC_5,2,4,0,1,4,0,8,9,7,7
TTCACACAGGCA_5,7,8,2,7,2,9,5,3,2,5
TTGCCGATCCCG_5,6,0,0,2,3,6,7,2,0,2
TGCATTAAAGAT_5,6,6,6,3,9,7,7,5,9,6
AGATAGGAAGCT_5,7,0,8,3,4,9,7,2,3,2
CACGGCTTAGCT_5,1,3,0,4,9,1,6,0,0,9
GAGGATTCTGGC_5,7,4,6,0,8,0,8,5,9,6
TGCCCATCCTAC_5,8,7,8,2,3,7,7,0,0,2
TGCCCATCCTAT_5,8,0,7,2,2,6,7,0,7,1
CCCGAGCGGCGT_5,4,3,1,2,0,1,7,1,0,3
CCGATTCATCCA_5,5,2,0,2,4,2,6,9,6,3
TCACAGAGGACG_5,6,2,0,3,3,6,6,2,3,7
CCGACTTGTAAT_5,6,6,8,3,3,6,1,2,3,2
AACGCCCTCAGC_5,7,7,2,6,4,1,9,2,0,7
CTAAACACCCCC_5,1,6,4,6,0,4,3,0,1,0
ACTGCGAGCAAA_5,6,1,9,1,2,9,2,4,6,2
ACCAAAGTGCGA_5,6,0,0,2,3,6,1,2,0,9
TATATCGAAGAT_5,5,0,8,6,9,2,1,2,6,9
CTAGCGTTTCGC_5,3,8,3,7,5,3,5,3,2,5
GTATAGCGCTCT_5,6,7,2,2,2,6,0,9,0,9
ACCAACATCAGC_5,7,0,1,1,3,9,1,1,6,7
ATACAGACCGCA_5,9,7,7,9,6,8,4,8,7,1
GGCGTACTGCTC_5,5,9,9,4,9,7,9,5,0,9
TTTCGGGTTCTG_5,7,4,2,3,2,7,8,0,9,1
GCTCTGCAGGCG_5,4,2,8,1,6,2,7,2,3,9
AGCGTGGAGCTT_5,6,5,8,3,3,6,1,2,6,2
GTCCTGTTCTTC_5,9,2,1,9,2,9,4,4,5,1
ATAAGCGTAAAT_5,8,1,1,6,1,2,7,1,8,9
ACTCTTTAGCCC_5,8,0,1,9,2,5,6,6,5,8
TCAAGACGAAGT_5,1,4,4,8,4,4,9,0,0,9
CTTTTTCCTCGG_5,7,4,6,0,8,0,8,7,9,6
AACGCGCCGTTT_5,7,1,1,5,9,9,6,9,6,7
TTAGTTCAGAAC_5,4,3,4,6,9,0,9,7,1,4
AGCGTGGAGCTC_5,6,0,8,5,3,6,1,2,3,2
CAAGGGCCTTAG_5,0,2,2,9,1,5,4,0,3,1
AGCCAACGCTCT_5,5,6,8,1,9,2,6,9,0,0
GTCGCGGCAGAT_5,5,1,0,4,1,9,6,5,1,7
ATTCGCCGAAAG_5,7,9,0,1,9,0,0,0,8,7
AGGACCATTCTT_5,4,4,0,4,4,7,6,9,7,1
GTTCCCGTGCAA_5,2,4,6,0,8,0,9,7,9,6
GCCCGTCAGTCC_5,1,9,4,8,0,4,3,1,1,8
AGCGTGGAGCTA_5,6,0,8,3,3,6,1,9,3,2
AGCCAACGCTCC_5,7,3,0,1,4,1,1,4,3,7
GCGGGTCAGTTG_5,1,3,4,0,9,4,3,5,1,0
CAGCCGCCTCCG_5,1,6,0,6,0,4,0,7,1,9
AGGAGAAGTTGG_5,8,1,0,4,1,9,4,7,1,3
TCAGACCCCCGC_5,6,7,5,2,0,5,7,4,4,1
TGTCAGTAGGCA_5,0,2,1,6,9,4,6,1,8,1
TCGCAATATACG_5,1,9,0,1,4,1,6,4,4,0
GTAATTCATTGG_5,5,7,1,6,4,7,0,2,4,3
ACCAAAGTGCGT_5,4,0,8,2,3,5,1,2,0,2
ATTCGCCGAAAC_5,7,2,0,1,1,7,6,9,3,4
CCCCAACTCTTG_5,8,7,7,1,6,2,7,0,0,7
TACATACATCAT_5,5,4,4,4,4,7,8,5,7,6
GTTTCCCAGATA_5,9,1,7,9,6,9,4,4,7,7
TGCCCATCCTAA_5,8,5,5,2,6,7,1,0,0,9
GTAGTAATCTCT_5,6,9,1,1,3,5,1,6,6,7
CCCACCAAGTTC_5,2,4,6,0,8,0,8,7,9,6
AGCCAACGCTCG_5,4,6,9,4,3,7,6,9,1,3
TGAATCAGGACG_5,6,6,0,4,3,5,7,9,6,2
CGTGTCAGGACG_5,6,0,8,2,9,6,1,2,3,2
GTTAGTATTCTG_5,2,6,4,3,9,0,7,0,1,4
TCACAGAGGACC_5,7,1,1,3,2,9,2,4,3,9
GTCACCGTACGG_5,3,8,3,7,5,3,5,3,2,5
TTAACCGCGGTA_5,4,5,0,6,3,1,2,4,0,2
TGAATTAGGTGG_5,5,9,1,1,9,4,0,0,0,7
GACCACATTGTA_5,3,8,3,7,5,3,5,3,2,5
TACGTATAGGAG_5,8,1,1,2,4,9,1,9,3,9
CGCGTACAGCAG_5,2,3,6,3,6,0,9,7,3,6
CGACCAGACGCT_5,2,4,7,5,8,7,0,5,7,4
CGGGCGCAGGTG_5,2,4,6,0,8,0,8,7,7,6
TGCCACAAGGCG_5,4,6,2,4,8,6,1,5,8,7
TAGTGGTGGCAT_5,2,4,6,0,8,0,9,7,9,6
TCACTTGGATCG_5,5,3,0,6,8,0,7,9,1,7
ATATTGCAGCGC_5,6,3,8,2,3,4,1,9,0,2
AACGCGCCGTTG_5,9,1,2,5,3,5,6,0,4,7
CCTGTCAACGCC_5,5,3,9,4,4,0,0,5,0,0
TTGCCGATCCCA_5,6,9,8,4,3,6,1,1,0,2
ACTAGAAAACCG_5,4,0,7,1,1,5,1,4,3,7
TTGAGTAAGGGA_5,7,4,9,1,4,2,1,2,6,9
CCGCCTCCAGGA_5,8,5,7,5,1,2,4,8,7,3
ACAGCTCCGTCG_5,1,6,4,4,3,4,3,5,1,9
AACGCGCCGTTA_5,7,1,0,5,1,2,2,9,3,4
TCACAGAGGACA_5,6,1,7,1,2,9,4,4,3,2
AGCGCCTCCCAC_5,8,6,2,5,4,6,2,0,6,7
TACGTTATTGCG_5,5,4,6,0,8,0,8,9,9,0
GCCGTTGGAGGG_5,6,1,0,1,3,5,4,0,3,7
ACGACCGAACAG_5,2,9,8,3,6,6,2,7,3,7
GAAGTCAGGATT_5,9,2,5,2,6,1,0,6,4,8
GTTCAGATCTAC_5,5,6,2,3,9,2,6,1,7,0
GTACCGCCCATG_5,9,6,7,9,6,7,4,1,7,7
ATATTGCAGCGG_5,7,0,0,2,1,2,6,9,7,9
TCAGAAATGCGT_5,5,2,8,9,6,9,7,6,6,9
AATATACTAAAA_5,7,3,0,1,2,0,8,0,5,3
GATCGTTTGAGT_5,0,2,1,2,7,5,7,6,7,8
ACCCAGGTTGGT_5,1,6,9,6,0,4,3,5,8,7
TGCAGTCGCGGT_5,2,0,8,2,7,6,0,4,3,7
CAATCCAAGGGT_5,9,1,2,9,2,8,4,8,7,1
GCGCATTACGTC_5,4,5,7,0,1,6,1,7,0,3
TGAATCAGGACC_5,9,1,7,1,2,7,6,1,5,1
CGCGTACAGCAT_5,2,4,6,5,9,6,9,7,0,3
AAGACCCGCCTT_5,8,2,7,1,6,8,6,8,7,1
AAACACGCCCGA_5,9,9,5,9,6,5,4,8,4,3
TTGGCATGCAGC_5,2,7,1,5,9,6,0,9,7,1
CAAGTCGAGACA_5,1,3,9,6,0,1,0,7,1,9
TCTCCAGACCCG_5,9,1,7,5,6,8,4,8,7,3
AGCCAACGCTCA_5,5,5,0,6,3,7,0,4,7,9
GGAGATACTTAG_5,9,2,2,8,0,4,3,6,5,9
TTTAAGGATAAG_5,2,4,6,0,2,0,8,7,7,6
ATTAGTGATACC_5,2,4,6,0,4,7,8,5,9,6
CTAACTTGGGAC_5,1,6,4,6,9,0,0,4,0,7
CGACCTCCAGTG_5,2,1,8,1,4,2,0,9,3,7
ATCGAAGGGAAG_5,1,6,8,4,3,6,7,2,6,9
CAGAAAAACCAT_5,8,1,7,5,2,9,2,1,7,1
TCGCAATATACA_5,1,9,4,5,4,1,1,1,0,3
CGTGTCAGGACC_5,2,0,0,1,4,6,1,2,0,2
TGTTGCCGGCCA_5,0,2,9,1,0,1,0,6,5,8
CTTAACACCGCT_5,0,3,5,3,6,8,0,1,7,9
CGCCCCAGTACG_5,0,3,9,6,9,0,0,5,1,9
TAGATACTTAGG_5,6,1,0,3,1,2,7,1,5,4
TGAATCAGGACA_5,5,9,8,3,9,7,1,0,1,9
ATCGAAGGGAAT_5,1,6,8,6,9,9,6,1,1,9
AGGACTGACAGC_5,1,3,4,6,0,4,3,5,1,0
TGAGCACCGTCT_5,9,7,5,1,6,8,2,8,7,1
ACGAAAAGTCTG_5,7,1,5,1,3,4,0,4,6,3
GCGAAGCTGCTA_5,1,3,9,4,9,6,0,9,1,9
CGGCATTGGACA_5,2,1,2,3,4,0,2,0,8,6
CCGACTTTAGGA_5,6,1,9,3,4,5,7,4,6,7
AGCAATTCAATG_5,7,3,6,2,1,7,4,4,0,3
TGAATCTATAAA_5,7,0,2,2,4,9,6,1,6,7
AGGCAATTTCTC_5,7,9,1,9,2,9,6,0,6,7
TGTAGTGCCAGA_5,5,5,2,6,9,1,0,9,1,4
TCACAGAGGACT_5,6,7,1,3,3,9,4,6,4,4
AACCACTAGAGC_5,8,7,1,5,2,5,4,0,7,1
AGACCCAGTTTA_5,7,2,1,9,2,9,7,1,6,8
CCAGCTAACCGG_5,5,3,4,4,9,0,0,7,1,9
GGGACCAACCGA_5,0,3,4,4,8,4,9,7,8,4
GTACCGCCCATC_5,9,2,7,5,1,7,0,6,7,1
ATGGATATTGCG_5,3,8,3,7,5,3,5,3,2,5
ATTCGCCGAAAA_5,2,1,2,3,1,1,2,9,7,7
CTCGGTCAATAG_5,5,1,5,3,1,7,8,0,7,1
GGACAGCGCGAA_5,4,1,2,4,7,8,4,8,4,7
ATTATTTACCGT_5,7,1,1,3,4,9,0,1,5,7
ATACCGTTCGGA_5,3,8,3,7,5,3,5,3,2,5
TTCTCAATCACT_5,5,3,2,4,4,1,7,4,1,9
GGTGTCCGCGAT_5,5,3,5,5,9,2,3,0,8,9
TTGAGTAAGGGC_5,7,2,0,6,8,9,4,4,9,9
ATGGATATTGCC_5,3,8,3,7,5,3,5,3,2,5
CGAACTTAAGAA_5,2,4,6,0,8,7,8,7,7,6
TTCTCAATCACG_5,5,3,4,4,0,1,0,9,1,0
AAGCATGCTGAC_5,4,1,2,9,2,9,0,0,8,9
CTCCTAACTAAG_5,9,6,4,8,0,5,3,6,5,8
ACCCCGTTGCAG_5,5,6,9,6,9,1,9,5,1,0
ATTATTTACCGC_5,7,3,1,9,2,4,4,9,6,7
AGCAATTCAATC_5,0,4,6,0,9,0,0,9,9,1
AGGCCAATAAAA_5,0,0,8,2,6,6,7,0,6,2
GTTCTGTACGAC_5,0,1,1,9,6,9,4,8,5,8
TGAATCAGGACT_5,4,2,9,5,9,5,6,2,6,3
CGCGTACAGCAC_5,2,4,6,4,8,0,8,7,9,9
AAAGATTAGCCT_5,4,4,2,3,4,2,4,4,7,1
TCCCGCCTCCGT_5,5,2,1,9,6,5,4,9,5,8
CATCATTGTTGA_5,7,6,1,9,6,5,4,4,5,8
CACGGGTTACAT_5,5,3,4,6,0,4,7,1,8,0
CGTGTCAGGACA_5,2,0,8,3,3,6,1,5,6,2
TGTCGCACAAAT_5,9,9,1,9,2,5,0,4,5,8
ATTGCTAGGCGC_5,0,1,1,9,2,8,4,4,7,3
GGACCGTTCGGC_5,6,6,8,2,7,2,7,6,0,3
ATTATTTACCGA_5,7,5,8,1,4,9,7,0,6,7
CGTGTCAGGACT_5,6,0,8,3,7,6,1,2,0,2
ATGGATATTGCT_5,3,8,3,7,5,3,5,3,2,5
TCAGCCGCCTTA_5,0,1,1,8,6,2,0,6,5,8
TGCTTAGTCCCG_5,6,7,5,5,2,5,6,0,4,1
TTCTCAATCACC_5,5,3,9,6,4,1,7,4,1,9
TCCACAGCGGAA_5,3,8,3,7,5,3,5,3,2,5
ACGAAAAGTCTT_5,9,1,9,1,6,9,0,1,6,2
CTAGTTGTGTAA_5,9,0,8,9,3,6,7,1,6,9
ATTGCTAGGCGG_5,8,5,5,3,1,9,4,8,8,1
AGAATCCTCAAC_5,5,7,4,4,1,1,9,1,1,0
CGAAGTAGCCAA_5,5,7,1,6,6,4,2,0,5,4
TGACCCCGCGGA_5,1,9,4,2,0,4,3,6,0,8
AACGTGCGGCGT_5,5,6,4,8,9,4,0,7,8,9
CGCCGACGACAA_5,6,0,8,1,3,6,1,1,6,2
TATGGCTGCAAT_5,7,7,2,4,7,8,4,8,1,3
TTGCGTAAGCAG_5,2,1,6,2,2,7,2,4,0,3
GCGGAGCCTTGA_5,4,5,4,6,1,2,7,5,0,0
CAGACGTAGTTT_5,5,3,4,6,9,4,0,0,1,0
CGAATGCTCCTT_5,0,9,7,9,2,5,4,6,4,3
GTATTGCATCCA_5,5,3,4,4,0,0,9,0,1,0
CATACATCTAAC_5,5,3,5,4,9,0,2,4,1,3
CCTCTTCCACGA_5,0,9,2,9,0,5,4,0,4,9
TGTAAGACCACA_5,1,6,9,6,9,0,0,7,8,4
TTTAAATGATTG_5,2,9,2,6,4,2,8,7,9,4
GCCCTTTCATCT_5,2,4,6,0,6,7,2,7,8,6
GGCTCCGGCAGG_5,7,9,7,1,7,6,6,1,4,2
ACGGAGGCCGAT_5,8,7,9,9,9,2,7,9,7,8
AAAGATTAGCCG_5,0,5,9,5,9,0,2,5,4,3
ATTGCAACCCTT_5,5,4,6,0,8,7,0,7,9,6
CACTCCGCCTCC_5,5,3,4,1,9,7,0,6,0,1
GCAAATTCATTA_5,0,2,1,6,9,5,7,6,0,8
TTCTCAATCACA_5,5,6,2,4,0,2,0,5,1,0
ATGGATATTGCA_5,3,8,3,7,5,3,5,3,2,5
GGGACGATAGTC_5,3,8,3,7,5,3,5,3,2,5
GCCGTTGGAGGA_5,6,5,5,3,7,1,4,6,4,1
AATGTGCGACAA_5,8,9,1,5,0,5,4,6,5,8
GCCCTTTCATCG_5,2,4,6,0,2,7,7,4,7,3
TGACAGAAGATA_5,2,4,6,0,8,0,8,5,9,6
GAAGACTACCCG_5,8,5,5,4,6,5,2,1,4,4
GCGGGCTAAGAA_5,2,3,6,6,9,2,0,1,1,0
GTACCGCCCATT_5,7,1,5,1,4,2,2,4,4,7
CAACCTACGTAT_5,3,8,3,7,5,3,5,3,2,5
GTACCGCCCATA_5,7,7,0,5,1,8,4,9,7,7
CAAGCTCATAGG_5,5,1,5,4,7,2,0,0,1,1
ATCGAAGGGAAC_5,5,3,0,4,7,4,2,2,5,4
TACGGGTCCGTC_5,1,3,4,6,9,1,7,4,1,9
GAATTCGTACTG_5,2,4,6,0,8,7,8,7,9,6
ACGAAAAGTCTC_5,6,1,7,9,3,5,1,4,6,2
CAATCCGACGGC_5,1,6,2,6,7,1,7,1,9,0
ATCGAAGGGAAA_5,5,7,9,4,7,4,1,2,8,7
TCGCAATATAAG_5,2,4,6,0,8,0,8,5,9,6
CTTATGCGATCC_5,5,3,4,4,8,4,9,7,1,0
TGCTTAGTCCCC_5,6,7,7,5,2,2,7,5,4,7
TGCTTAGTCCCT_5,8,7,1,5,1,7,4,4,4,7
AGACTACGACCT_5,9,9,7,8,0,5,3,1,6,8
GCCCTTTCATCC_5,2,4,6,0,9,7,8,0,7,6
AAAGATTAGCCC_5,0,2,1,9,9,1,9,5,4,4
ATAACGGCCATT_5,1,3,4,4,9,4,3,5,1,0
TAGATACTTAGA_5,4,2,9,5,3,5,6,6,4,9
GCTACCCGGGAC_5,1,1,4,4,0,4,3,1,5,0
TAGCAGTCGGTA_5,0,7,1,9,2,9,7,6,4,8
CTCGAGGCTTTG_5,1,3,9,1,0,1,6,1,1,4
AGTTTTCCCCCT_5,5,6,9,1,0,4,9,5,8,0
TTTCCTCGTGCT_5,3,8,3,7,5,3,5,3,2,5
AACCCGCCTCAC_5,9,5,5,9,7,5,0,1,8,8
TCCCGGATGGCC_5,1,6,9,4,9,1,7,5,1,0
GCCTCAGCGTTG_5,8,0,1,2,7,5,7,6,0,8
TAGATACTTAGC_5,4,9,2,1,7,9,7,6,6,1
GAAAATTCTGAG_5,1,3,4,8,0,4,3,5,1,0
TCGGCCACGTGG_5,2,3,9,5,8,0,9,5,8,0
TTGCGTAAGCAT_5,7,7,6,1,2,7,2,0,8,4
ATATTGCAGCGA_5,7,6,0,5,2,2,1,2,3,2
TGAAGGCATTAT_5,0,3,9,4,0,4,3,1,1,0
ACGCCCTCAGCC_5,4,3,7,1,7,2,2,5,0,7
ACGCCCTCAGCT_5,7,9,2,4,2,2,0,0,0,4
AGCAATTCAATA_5,1,7,1,6,1,0,9,7,7,3
CTTCAAAGGAAA_5,3,8,3,7,2,3,5,3,2,5
CGTAGTCTATAC_5,4,3,9,6,0,2,9,4,1,0
ATTCATTCGATT_5,1,3,9,6,0,4,7,0,5,9
TAACTACGGTCC_5,0,9,0,3,6,7,2,0,0,7
CAGCACTCAGAC_5,3,2,3,5,5,8,2,3,2,5
TTCGAGCATTGG_5,0,1,0,4,1,9,4,5,8,7
TTTGCCTTTTAT_5,5,3,4,6,0,0,0,5,1,0
CCCGCTACAGCG_5,0,3,9,6,6,1,4,0,8,4
GGGGCACGACTG_5,8,7,1,9,7,9,2,6,1,3
ATCAAACTAGCT_5,0,1,5,8,2,8,4,6,7,3
TTACAAGAAGCC_5,9,1,2,8,7,9,4,4,5,8
TTTAAATGATTC_5,5,6,0,0,8,7,0,5,7,4
ACGGGATGAATC_5,9,7,2,5,2,8,4,8,2,5
TAGATACTTAGT_5,8,9,7,3,4,6,1,6,4,4
GATATGAAAGGA_5,2,3,6,2,9,1,7,7,9,6
ATATTGCAGCGT_5,8,3,9,5,2,6,9,1,1,3
ACGAAAAGTCTA_5,4,9,2,1,4,9,1,1,0,7
CTTGATCGTCTT_5,5,0,1,3,6,9,1,1,5,2
CAGTATTTGAGG_5,2,6,6,0,7,2,1,7,0,6
CGAAGTTGTTGG_5,4,3,2,9,1,2,4,4,5,6
GCCGTTGGAGGT_5,2,1,0,5,7,6,4,4,7,9
GAGGGTACATGT_5,6,5,7,2,7,6,1,2,7,2
TTTCCGAGCATA_5,1,9,9,6,9,4,0,5,5,9
AGCAATTCAATT_5,0,7,6,6,9,0,8,0,5,4
TCACTTGCGCCA_5,0,7,4,2,0,1,4,1,8,8
TTGCGTAAGCAC_5,5,4,7,1,8,0,8,0,7,4
CTAATAGATCAA_5,0,7,9,8,6,5,4,8,1,8
TCAGGGTAGGTT_5,2,9,9,1,2,8,2,0,9,9
TTGAGTAAGGGT_5,8,5,9,3,9,6,2,6,9,9
GCGGGGACACCA_5,9,7,5,9,7,1,2,4,7,3
GGCCGGGTGCGA_5,2,5,8,2,7,6,1,2,4,6
CCAAAGGTATGC_5,1,4,9,6,7,1,7,7,1,9
AAGTACCCCCAC_5,0,6,1,5,0,8,7,6,5,8
GTACGCCGACCC_5,8,2,7,5,6,8,4,8,7,1
AATCCGTTCACA_5,3,8,3,7,5,3,5,3,2,5
TACGCTATCCAG_5,8,2,1,9,1,9,6,6,5,8
TTTAAATGATTT_5,2,4,6,0,2,0,8,5,7,3
GCCGTTGGAGGC_5,9,9,5,5,3,2,0,9,7,7
CGCATAAGTATC_5,0,1,1,8,2,5,7,6,5,8
ACCCGTTGAACG_5,0,2,1,5,2,8,4,8,4,1
GGCGATACACGC_5,8,7,9,1,6,9,2,8,7,1
CCCAGGGTCGCG_5,1,5,4,3,0,1,7,5,0,9
GACCATTCATCA_5,0,1,5,9,6,9,2,1,5,1
GTACGTTTTGGT_5,5,3,6,0,8,0,8,7,9,6
CCTATGAGTCTT_5,5,9,5,8,0,9,6,6,5,8
ACGCCCTCAGCG_5,0,7,9,1,6,8,2,5,4,9
ACCGTACAGGCA_5,3,8,3,8,5,1,0,3,5,5
GAGTTATTAATC_5,1,3,4,6,9,4,7,1,5,0
CAGATGGTAAAT_5,8,7,9,2,7,6,4,4,3,7
AAGGACTGATAG_5,8,9,9,4,2,8,8,0,8,3
TCTAGGCTCCGT_5,5,2,4,4,9,1,9,5,1,7
ATCCATTAGTCC_5,9,9,7,5,2,8,2,8,7,1
GTAACTCGTGGG_5,8,5,9,2,1,6,1,2,3,9
GGTCTCACCGGC_5,1,4,0,0,9,1,2,4,5,6
TGCTTAGTCCCA_5,4,6,9,1,4,1,1,6,8,3
ACTACCACCGGG_5,2,4,6,4,7,0,9,5,9,6
TCGTTTCAGCAC_5,0,6,4,6,0,1,3,6,5,9
AAAGATTAGCCA_5,0,2,9,5,9,8,2,9,8,1
GCCCTTTCATCA_5,2,4,6,0,7,0,8,4,7,6
CGTGTTACAATC_5,5,3,4,6,8,4,3,7,0,0
GAATTTCGCATC_5,0,7,1,9,1,9,4,9,4,3
TCTAGGTCGTGT_5,8,1,1,4,7,4,9,6,5,8
CGACCACGGTCC_5,3,8,2,7,5,3,5,3,2,5
TCAGGGTAGGTG_5,8,5,0,1,4,2,2,0,8,4
GGAAACATAGCG_5,1,3,4,6,0,4,3,7,5,0
TCAGGGTAGGTC_5,2,7,9,1,7,7,2,0,8,4
ATCAAACTAGCC_5,0,2,2,9,1,9,4,8,7,1
GCCACACTGCTA_5,3,8,3,2,5,3,5,3,2,5
CTTACAGACTGG_5,5,2,9,6,9,0,9,6,8,6
AAACACCCACCC_5,2,4,6,0,8,0,8,7,9,4
ATTGCTAGGCGA_5,7,2,2,1,2,5,4,4,4,3
GAACTCAGAATT_5,9,7,2,5,2,8,0,8,7,1
ACTGAACCGGGG_5,1,3,9,1,0,1,0,1,1,0
GTCAACTTAGCG_5,2,4,6,0,8,7,9,7,9,6
GGATCATGCGAT_5,9,8,3,8,5,3,2,3,2,5
GTTGCACCGTCC_5,0,2,1,9,6,5,4,6,8,1
GCGACGATGCTG_5,0,2,9,5,6,5,4,6,0,9
GTTTCAGTGCGA_5,0,1,2,5,1,8,2,8,7,1
CTGCTAAGAAAT_5,0,2,2,5,2,8,2,8,4,3
CGAAGTTGTTTT_5,2,5,9,3,7,7,7,2,4,3
GATGTATCGTCA_5,9,5,3,1,7,8,0,8,2,3
GATGTATCGTCC_5,3,2,3,7,5,3,5,3,2,7
CGATAACGACCA_5,1,6,1,4,0,1,6,1,5,8
GTTCAAAGAGGC_5,0,1,5,1,8,8,2,0,4,1
GCAGGTACTGAT_5,8,2,7,1,2,5,4,0,4,1
GATTGAAGACGA_5,4,5,1,5,1,9,4,8,6,1
TAAGTCTGTCGA_5,5,6,4,1,0,0,9,7,8,4
ACCGATAAGGTC_5,0,2,2,5,7,7,2,1,9,9
GTCTGAATGTCA_5,3,8,3,7,5,3,5,3,2,5
AACGTCTTGCAT_5,5,4,6,0,8,0,8,7,9,6
ACGCCCTCAGCA_5,8,7,2,5,2,2,0,4,7,7
CCGGCCCATTGA_5,8,2,1,2,7,1,2,6,4,9
TTGCGTAAGCAA_5,9,6,6,5,7,7,8,6,7,4
CAGATGGTAAAG_5,6,5,9,5,3,6,1,2,4,4
GATGTATCGTCT_5,5,5,3,5,7,8,0,8,6,1
CGCCATCCATAG_5,8,5,7,9,1,9,4,8,7,1
TGTAAATTTTCC_5,8,7,1,9,2,9,6,1,7,8
CACCTGGAAATG_5,9,7,2,8,6,1,4,6,4,3
CGAAGTTGTTTG_5,8,1,0,9,4,2,7,5,6,3
ATCAAACTAGCA_5,9,3,7,9,2,9,4,6,6,7
ATATTCACTTCC_5,8,9,5,2,7,5,1,6,5,8
CCCATACGATCA_5,8,5,7,1,9,9,2,4,4,8
TTCGAGCATTGT_5,0,3,7,4,9,1,3,5,4,7
GGCTCCGGCACG_5,6,5,9,2,7,5,2,4,0,7
AAGACTCAGTCC_5,3,8,3,7,5,3,5,3,2,5
AGGCAGCAACTT_5,9,1,7,9,2,8,4,8,4,3
GGCATATACTGA_5,3,8,2,7,5,8,5,3,2,5
ATCAAACTAGCG_5,9,7,1,9,6,9,4,8,7,7
GTAGAACTGGTG_5,0,0,1,4,2,5,1,6,4,9
AAGGACTGATAT_5,0,1,2,5,2,0,7,7,8,1
GCCATTCATGAC_5,2,4,0,3,2,2,8,0,8,6
ACCGATAAGGTG_5,0,7,9,5,7,8,2,8,4,6
TTTAAATGATTA_5,2,3,9,0,1,2,4,5,9,4
CCTGCCCAGCAA_5,0,7,5,8,6,8,2,8,5,1
TGCGGTGTTAAT_5,0,7,7,5,6,8,4,6,1,8
GGCTCCGGCATG_5,0,6,0,1,3,5,6,6,8,8
CCTATCGAGCGG_5,5,5,8,9,6,1,7,6,5,8
GTGAATTGGAAT_5,1,6,4,6,1,1,7,5,1,9
GAAGCTGGACCC_5,8,7,7,2,6,5,4,8,6,3
CGTCGACAATCC_5,9,1,7,9,6,8,2,8,7,3
GCCATTCATGAT_5,5,3,6,5,2,0,7,8,4,7
CACTGGCTTCTT_5,9,9,5,9,2,8,2,8,7,1
CAGATGGTAAAC_5,4,3,9,5,7,6,1,7,4,2
TCGGCCCGTGGG_5,2,4,4,4,8,7,7,7,9,4
CTGTGGAAGCGC_5,0,5,5,8,0,1,4,6,0,8
CGTGGCCGAATG_5,8,1,1,9,6,9,7,6,6,9
AAGGACTGATAA_5,8,3,7,5,2,2,2,5,1,3
AGGAAACAAGTA_5,0,1,5,8,9,4,7,6,5,8
ACCGATAAGGTA_5,2,7,5,5,7,8,2,1,4,1
ACCGTGTAGGTG_5,0,3,9,8,9,4,3,5,0,0
TAAATCCTCCCG_5,1,2,0,6,8,4,9,5,1,4
ATTGCTAGGCGT_5,9,7,7,9,2,2,2,6,8,4
GTGGCCGGATGG_5,1,3,4,0,9,1,0,5,1,0
TGCCTTTGAAAA_5,0,1,7,8,1,9,6,6,7,8
CAAGCTCATAGT_5,9,7,9,4,2,1,4,8,7,1
GGAGGAGCGAGT_5,2,4,2,0,8,0,8,5,9,6
AGAGCTGCATAG_5,0,7,2,8,1,1,4,6,5,1
TCGTACGCGCCG_5,9,5,7,2,2,7,7,5,0,6
AACGCATACGTA_5,0,2,7,5,5,8,8,8,4,1
CAATTTAAGACC_5,9,1,7,5,8,8,4,8,5,1
