,0,1,2,3,4,5,6,7,8,9
CCCAAGTAAGCC_7,9,1,1,4,3,7,1,1,6,5
TTGCATTTTAAC_7,1,2,0,2,6,8,5,9,7,7
TGTCCCACCTGC_7,7,5,6,3,0,5,3,3,3,8
GCGATCACTTTC_7,6,5,4,3,0,5,3,8,9,2
CGGGGAATCCGG_7,1,1,5,2,2,1,1,6,3,7
GCCGTTGGGTCC_7,3,1,3,3,3,7,8,3,5,5
CGTTTAGGTCTG_7,9,1,1,8,8,7,1,1,5,5
CCACCGCGGCCG_7,6,7,6,5,7,3,8,8,9,0
ATGGCCCCGTTC_7,8,0,7,4,4,4,1,3,2,5
CGCGCGATTGGC_7,0,1,6,9,7,1,2,7,7,9
GACCCGTCGATC_7,9,9,7,1,3,3,9,1,5,4
AGCCCACTCACA_7,1,3,8,9,2,4,6,6,2,9
AACCCCGGCGTA_7,1,6,5,4,8,7,1,3,3,3
CATGGGTGTCCC_7,4,0,5,9,4,4,6,1,9,9
CTCCTATTCTTG_7,8,8,5,4,3,0,6,6,4,5
CGTCACTCTTAA_7,6,9,6,7,9,1,0,5,0,6
GCAAGGCTCTGG_7,9,9,3,3,3,9,7,1,9,0
CGCCGCGAGCAG_7,2,5,1,5,0,5,3,3,3,8
TGATTGGCATTA_7,4,2,9,3,9,3,8,4,9,2
TAATCCTCGTAA_7,6,9,9,7,9,3,0,5,0,6
TAGGGAACGTAG_7,0,2,4,4,2,7,0,6,9,5
GGGCTACGAGCC_7,9,8,6,2,7,4,5,5,6,1
ACAGGTGCGAAA_7,1,5,1,0,1,0,3,4,4,2
ATCCAGCATGTG_7,9,5,2,0,5,6,6,0,4,2
TGCACGACTTCA_7,1,6,1,4,1,0,4,1,4,7
TGTAATAACTTC_7,8,8,1,0,8,7,4,6,3,5
TCGCATGACCAT_7,6,5,6,3,7,9,0,9,0,7
CGCGTAACACAT_7,1,6,5,6,4,4,3,6,9,4
CGATAACGCTAT_7,6,5,3,2,0,8,4,9,0,0
ATCGGTCCTCCT_7,1,0,4,9,4,2,6,0,6,5
CCAGCCCGCGCT_7,9,3,5,8,2,4,2,1,2,4
GGCTAACGCTTA_7,1,4,6,5,0,9,3,7,3,0
TCCGCACTCGTC_7,7,5,4,3,0,5,8,6,9,2
GTTTCCTTTGGG_7,6,9,9,3,9,3,0,8,0,0
TTCGTGGGGCCA_7,0,7,9,7,7,3,0,8,9,6
CAAAACTCGTCC_7,9,4,8,8,1,7,1,1,4,7
GTAGGAGGAGTC_7,0,9,4,7,7,9,0,5,7,6
CGAAACGGGAGC_7,0,9,6,3,2,9,2,4,9,0
GACATGAAGGGA_7,2,1,0,5,2,3,1,8,1,7
TGCCCTCCTGAT_7,4,2,4,3,4,6,0,4,6,8
TGCACAGCCAAA_7,2,4,3,6,0,8,5,9,8,9
GTCCGGCATGCT_7,1,3,2,6,1,4,1,1,3,3
GTGCGACGATTT_7,0,9,9,3,7,3,4,8,0,6
CCCGTATACCGC_7,6,9,6,3,7,5,3,8,1,6
TCGTCCGTCTAC_7,4,1,7,9,3,2,5,4,5,7
CACCCGATACGT_7,9,6,1,2,6,7,5,2,5,1
TTAGGGTCAGGC_7,3,9,0,2,9,3,9,2,1,6
CTACGTCGTAAA_7,6,9,9,7,0,3,0,8,0,6
TGCCGAGGATAT_7,4,0,8,8,1,6,3,4,4,9
TCCCTGCTCCTC_7,9,1,4,0,6,1,2,9,3,4
TTAAGAGGCGGT_7,6,7,9,3,7,3,0,8,8,6
AATACTCGCGCT_7,0,6,2,4,1,7,1,6,2,3
ATCCTGTCAGCC_7,3,5,4,2,6,0,9,9,1,8
GCCCGATAAAGT_7,1,5,1,8,7,5,3,6,3,9
CGGAGAGTCGGA_7,8,1,4,5,2,1,3,3,9,2
ACATAGCCTGGC_7,8,8,5,8,1,4,1,2,4,5
TGGATCGTAATG_7,3,6,1,8,4,7,8,1,2,0
AGAGTAGCCCGT_7,2,9,6,7,0,3,0,7,8,6
CGTCCCAAGTGC_7,0,9,6,3,0,3,0,7,9,4
CAGCCTAAGTTT_7,9,8,2,8,4,7,7,0,6,5
GCAATTCGCTTC_7,3,2,1,4,1,9,6,9,2,1
TGCAAGAAACGG_7,4,4,6,3,5,5,8,4,9,2
ATTCGAAGGCAA_7,4,6,5,3,8,4,6,6,0,8
ATTGGACCAGAC_7,6,7,3,3,0,5,0,8,2,0
TGGAAATCACTC_7,3,8,4,0,8,7,2,0,2,5
GTGATCAGTAGC_7,0,9,9,3,7,3,0,8,0,6
ATTAACATTAAG_7,6,4,4,2,3,3,0,1,1,8
CGGGTTATATTT_7,1,6,1,4,8,3,6,2,1,5
CACTCCTGTCCG_7,2,8,2,4,8,7,1,1,2,5
GATTCCCCAGAA_7,9,6,8,1,3,2,1,2,1,5
CGGGGCCACCTC_7,9,8,8,8,1,7,1,9,3,9
ACGACATCGGCT_7,1,6,1,0,8,0,1,0,4,4
ATCCTGTCAGCT_7,1,5,0,4,6,5,5,9,8,7
TCTCGTTATCCC_7,9,1,1,6,5,6,7,3,4,2
CAGCCGACACGG_7,7,0,0,6,3,0,6,2,5,4
CTAGCGAATTCG_7,9,1,5,4,8,4,2,2,4,5
CTAGTTGCTGCG_7,1,8,5,6,5,5,9,6,3,7
CGCATGAAACTT_7,9,8,1,6,3,2,1,0,6,4
TCCTAGCTCAGT_7,6,9,6,3,2,3,3,8,8,6
CCGGCTATTTTT_7,9,1,5,2,6,2,2,1,2,3
CTGATAGGGCAC_7,6,7,9,7,9,3,0,5,7,6
ATACAAGCGTGA_7,7,6,5,6,1,6,8,6,5,9
CTGGTTTGACAC_7,9,1,3,7,8,1,2,4,1,2
TGCAGTGCGCCG_7,9,3,9,9,9,3,0,8,8,4
GATGAATGCGGT_7,8,6,8,4,1,6,1,0,4,7
CGTCACCTTTCG_7,0,6,3,0,4,0,1,9,2,9
CCGTGCTAGTAG_7,0,4,0,1,6,4,4,8,7,0
AGAAGCCCAGGA_7,1,1,1,9,4,0,8,6,2,9
ACCGACCCTGGG_7,7,0,8,4,3,4,6,6,4,9
CAGTGTGCCCTG_7,1,3,5,8,4,4,1,0,3,4
GTAAGATGGATG_7,8,1,2,8,8,4,5,6,2,4
ATGCATGATCGC_7,1,3,4,4,1,4,2,0,1,9
AGTCCCCTGAAT_7,2,5,4,2,0,8,5,6,0,8
CGTCAGAGGTTG_7,0,7,5,2,2,5,2,8,3,1
CGGCCTTGCAAC_7,1,0,2,6,5,6,8,4,4,9
ACTGAGGTATTG_7,6,9,8,9,3,9,4,2,1,6
ACCACCCCCAGC_7,4,4,7,9,1,7,8,4,5,9
TACAATCGGAGC_7,1,9,3,4,4,3,3,3,8,1
CTGGACACGGAA_7,3,2,1,4,1,4,6,2,7,5
GACGATTCACAT_7,2,0,0,1,6,4,5,9,6,1
TTCACTTGTCGT_7,3,6,5,6,1,7,2,6,2,4
CCACACCCTTGG_7,5,8,1,4,1,4,1,2,4,4
GGGATGAGATTA_7,4,5,1,0,5,4,2,9,2,7
GCGGACCCTATA_7,0,5,6,6,2,5,3,7,3,0
AACGGCTGATCA_7,9,8,3,9,3,7,1,1,3,3
CACAAGATATTC_7,5,2,5,8,4,7,6,3,4,7
CGCCGCGAGCAC_7,7,4,7,2,2,0,3,6,4,8
CAAGGGTTGCCG_7,3,1,5,4,2,5,3,7,6,1
CGGATGTGCCAG_7,8,3,2,4,4,1,3,6,3,9
CCCGGACGGCTG_7,3,9,1,6,7,3,9,3,0,4
TGTCAATCGTAG_7,6,9,8,7,7,1,2,5,7,6
AGCCCGCCGCAT_7,9,1,7,4,1,7,2,0,6,7
TGACTTGGTTCA_7,0,8,6,6,0,4,0,8,0,4
CGAAGGGCGATC_7,1,6,5,1,4,9,1,0,4,5
TATCAACTCGCA_7,5,1,8,2,8,4,1,2,1,5
AGATTGTAGGTA_7,0,9,9,7,7,7,4,2,7,6
TCTTCGCATGAC_7,0,9,9,7,9,3,0,5,0,6
GACGCTGCCCGT_7,6,9,6,7,7,3,3,8,8,6
CCGAGCTCCGAT_7,6,9,6,2,7,9,9,8,0,0
ATACTTCGACTC_7,2,4,6,5,6,9,4,7,0,4
ATGGCGCCGCCC_7,2,7,7,1,7,1,5,9,9,6
TATTGTTAGTCT_7,0,2,0,5,7,3,5,5,7,6
TCGCCATCTTCT_7,6,5,6,2,0,5,4,8,8,2
AGACATCAGTGA_7,8,0,1,4,1,4,7,1,1,9
GGAGATGGCGAC_7,9,1,1,4,1,7,1,1,6,3
GCACTGGCGCAG_7,5,8,1,0,8,2,1,0,2,4
CAAGCGGCCGCA_7,2,5,7,2,7,9,5,9,7,8
CGGTATCGTAGT_7,2,5,3,2,7,5,3,8,9,8
CGTGAATTTAAA_7,4,3,2,0,4,6,6,4,4,2
GCTCAATGCTTC_7,9,0,2,0,2,7,6,0,3,3
CCCCCGTGCCTT_7,9,0,5,6,4,6,7,4,5,9
GCATAACTGCAC_7,9,1,2,0,8,4,1,1,3,9
TAGATTATTAGA_7,7,2,4,9,5,6,7,4,6,2
ACTACGTCATGA_7,2,7,9,5,7,4,9,8,0,6
GGACACTAGGCA_7,9,1,3,6,3,4,4,0,6,4
CGGAGAGTCGGC_7,8,3,1,3,2,5,3,0,2,7
TTAATCCTTACA_7,4,3,3,6,5,5,8,4,9,2
AGGCTAATACGC_7,9,0,2,2,1,7,1,1,4,0
GAGGGTCGCGGA_7,1,4,5,1,4,7,1,6,7,2
TTACCGTTTGCG_7,7,0,1,1,5,7,1,1,6,4
CGAGTACCAAAA_7,9,3,1,8,4,6,7,0,4,9
CGCTAGAGGCAT_7,7,4,0,5,3,0,2,9,7,3
GACTTGGACGAG_7,1,1,8,4,8,0,2,0,7,3
GACATTTGCTCG_7,8,1,5,8,8,4,1,1,4,3
ACTCAAAGATCG_7,1,8,1,0,5,6,6,3,6,1
CAAGTGCGCCAG_7,7,4,3,1,2,0,6,6,1,3
ATCCTGTCAGCA_7,2,5,0,2,3,8,5,1,1,9
ATAACATGGGCG_7,7,9,7,2,0,9,5,2,9,3
CGTCTACGATCT_7,7,7,9,3,9,3,0,8,2,4
GAATCGTTTCGG_7,9,1,1,1,3,4,1,1,5,5
ATTTCTAGTATT_7,7,6,9,7,1,7,9,9,7,7
CAACGATATAAT_7,4,4,7,1,6,0,1,6,6,9
CTTAGAGGAAGC_7,4,1,1,8,5,6,7,3,9,2
GGTCCGGACGAT_7,7,6,8,8,8,4,1,1,4,9
TTAAAGTGACTG_7,6,5,3,9,0,9,3,8,9,0
GCGTTTTTGATC_7,2,5,0,2,0,8,5,9,8,0
CGCCGCGAGCAA_7,2,5,7,0,0,0,3,3,4,8
AATCCTCCTGCT_7,8,1,1,0,8,4,2,2,2,5
GTAGTCGTTACT_7,5,6,5,5,4,2,2,2,6,9
TTAGATCGAGGA_7,0,9,6,7,7,5,3,8,9,0
TTAGCGTTGCGA_7,3,4,1,4,3,3,6,1,4,4
TCGCTAGACCCC_7,2,2,0,5,8,8,5,8,7,8
CATATTCGTGTC_7,8,1,8,1,4,2,1,1,6,5
GCGGTCTACTCA_7,9,1,1,0,8,7,2,1,1,4
TATTTGCAAGGC_7,6,9,9,7,9,3,9,5,0,0
TAGACCTTGAGC_7,7,2,5,4,4,4,6,1,7,5
GTCGGAGAATTT_7,4,8,3,3,6,3,2,3,4,6
GAGTAACTAGTA_7,1,6,0,3,6,4,9,8,8,8
ATAATCGATTGA_7,2,4,7,5,8,1,5,1,1,5
TGGCAAGGACAA_7,7,4,5,0,5,0,1,1,6,4
CGCACGACAGGA_7,9,8,0,6,3,2,2,6,7,9
TGCTATGTTCCT_7,5,0,8,8,3,4,1,2,2,4
CCCTACCCGCTG_7,9,1,5,0,8,7,1,1,6,5
GGCGCCCCAACG_7,8,4,8,4,6,4,3,6,7,2
TTACCAAGATCG_7,3,4,8,6,4,9,9,9,4,2
GTTCTTACGCAA_7,3,6,8,6,3,2,1,2,2,8
GCGCCGCGATGT_7,2,1,7,5,3,7,9,8,7,3
CGCATCCCGTCG_7,1,3,5,0,5,0,9,6,2,9
GTAACGTCCGAT_7,3,9,3,6,1,9,0,9,8,1
GATCGAGGCAGG_7,8,1,2,0,1,1,2,2,3,9
CATGATCGATCC_7,7,6,4,1,1,0,3,3,5,7
CGCCCGGCGCGC_7,6,4,6,5,6,5,3,7,1,3
CGCATCCCGTCC_7,3,3,1,9,5,0,7,3,2,9
AGTACCTCTTTG_7,7,1,4,5,2,2,2,9,1,5
TACCCATCATGC_7,2,5,6,7,7,3,8,8,0,8
GTACAGCAGGTT_7,3,1,9,3,9,3,0,5,9,6
CCCACGGGCCTG_7,6,3,6,2,7,5,5,8,8,6
ATGCGGTCCATG_7,6,4,4,2,2,9,4,8,7,0
CGTGTCCTACTA_7,3,3,8,4,8,4,1,6,6,5
CGAAAGTTAATC_7,9,8,2,0,5,7,7,0,8,7
TCCGCACCATCG_7,2,7,9,7,7,1,0,5,8,6
ACGGTGATCGAC_7,8,3,2,1,8,1,1,2,2,3
GTCCCGTTCCTG_7,6,5,4,3,2,5,3,8,9,0
CCTCCAGCGGAG_7,1,6,8,2,2,0,4,0,3,5
TTTTTGCGCCAA_7,6,3,6,3,9,0,3,7,9,0
TCTCTCTGAGGC_7,7,0,1,9,8,0,9,0,6,4
CTCGGCGATGAG_7,0,9,6,5,0,9,3,8,8,6
TTCTTACCGAAC_7,2,5,4,2,6,9,5,9,8,0
AAGCCCAGGTAA_7,6,5,6,5,7,5,5,9,8,6
TCTCCACCCCAA_7,8,1,1,6,8,4,1,3,4,9
GTTGCTTTTCCG_7,9,1,1,8,5,6,6,4,5,9
GTACCCAGGCGT_7,4,5,7,3,5,6,8,4,5,8
CGCGCGTCCACC_7,2,7,0,3,6,9,3,8,8,4
CCGGGGCCTAAG_7,3,6,4,2,6,2,4,1,2,3
TTCGCATCCGTT_7,7,8,1,1,4,4,1,6,3,3
ATTGACAATCAG_7,9,2,5,9,3,4,2,6,7,7
TTGACGCACATA_7,8,0,5,6,1,7,6,0,4,3
ATTCCGCTCTGC_7,1,6,2,1,8,7,4,1,2,1
CGCCGCGAGCAT_7,6,5,7,5,0,0,3,3,3,8
GACCCGACGTAC_7,5,6,8,4,8,7,2,2,2,3
CCTCATGCGATT_7,6,2,0,2,6,8,5,7,7,1
ATTTAGTCTCCA_7,7,4,6,2,9,4,0,9,8,0
TCGGTGACGTAG_7,8,6,7,0,5,7,3,0,9,1
TCCTTTGCACGC_7,0,9,6,9,0,5,0,8,7,0
CCACCACATTGC_7,5,6,4,9,6,6,8,1,1,8
AAGTACGTAGAA_7,7,7,0,9,2,3,5,1,8,1
CCATGTCGTTGG_7,6,9,6,2,7,5,4,9,1,0
AGTGAATAGCAG_7,4,2,9,3,0,3,7,5,0,6
CAGAGAAGCCAT_7,1,8,5,8,4,7,6,3,1,9
CACCCGATCCCA_7,2,6,7,2,0,8,9,7,7,7
AGACCGTACCCT_7,9,4,5,0,3,0,1,6,6,4
ATTACGTCTCAT_7,3,1,1,0,9,6,1,6,6,5
GTAGACAAGATG_7,8,5,3,8,2,1,2,1,7,7
CCTTTACCTGGT_7,2,5,3,3,0,5,8,4,0,2
ACAACCGCTGTA_7,7,2,5,8,5,6,7,4,4,9
CGGAGAGTCGGT_7,8,8,5,1,2,5,3,3,9,3
CATCTCTCTATT_7,3,2,0,0,0,8,5,2,3,0
ATCCTTTTCGTC_7,0,7,3,7,7,3,0,8,9,6
ATCGTTTGAGGC_7,4,0,4,0,5,6,6,3,4,9
GTTGTAGGTATC_7,9,1,1,6,4,4,6,5,6,4
CACTTGCTGAGG_7,0,7,9,7,9,3,0,5,8,6
CTACCGCTTTAC_7,6,9,9,9,9,3,3,8,0,6
CAACACGTAATC_7,9,1,2,2,4,7,4,6,2,1
CGCCCGTGCCTA_7,6,9,3,5,0,1,3,8,8,0
CCCGGACGGCTC_7,7,9,1,4,4,0,9,8,0,9
GGATATCCACCT_7,6,7,9,7,0,1,0,4,0,6
CGGAGGTCGAGA_7,6,2,4,9,0,4,2,1,7,7
ACCAAACCTCAA_7,2,5,6,3,0,4,3,7,1,0
TAGAAGCGAAGT_7,7,9,1,6,9,6,0,8,9,4
TCAAGAAAATCC_7,6,4,4,2,7,5,3,9,9,8
GCCAAGAGATAG_7,8,4,5,5,0,0,3,9,1,2
CCCCTCTGGAAT_7,4,1,2,9,5,7,7,6,4,8
CGCCCGGATCTA_7,5,0,8,4,8,6,6,0,5,9
CTTCTCAATCTT_7,9,5,2,0,3,6,3,4,2,2
CGCACGACAGGC_7,5,0,2,4,8,4,7,9,3,9
CTACTACGTTCT_7,2,2,7,3,9,9,8,4,0,6
ATACGCACGGAC_7,8,8,8,1,1,0,4,0,5,9
GTACAACCCTAA_7,6,4,7,3,0,5,8,3,9,2
GAGCTCAATCCT_7,5,4,1,8,4,7,6,1,6,4
CCGCGCGGACGC_7,0,1,5,1,2,1,5,9,8,1
GTTGATTTGCAG_7,6,5,9,3,5,1,3,3,9,8
CGCGCAGGATTA_7,7,4,5,6,1,7,2,0,3,9
TGACTATTCGCG_7,5,8,5,6,5,0,2,3,5,8
ATGGATACGCCG_7,1,1,8,0,1,4,2,6,3,1
TTGGTGTCTTAG_7,4,9,9,3,7,6,8,4,9,0
TGTTTTAGGATT_7,3,0,8,4,4,1,1,5,1,9
CCCATAACTCTT_7,0,2,5,0,2,5,3,8,2,0
GCAGCGTTCAGA_7,1,4,4,9,8,1,9,4,2,4
AGACGTGGTCTC_7,2,6,3,2,8,8,5,9,0,4
TCCCATTGGATA_7,9,0,5,0,5,4,6,3,2,2
ACGATACCTTGC_7,1,0,7,9,8,4,2,1,6,7
GATAACCCAAAT_7,9,8,5,2,1,7,2,5,2,5
CTGCGCGCACGC_7,1,1,5,5,2,0,3,7,5,3
AACGACCAGATA_7,6,9,9,3,9,3,2,8,8,5
CTCCTTAGTGGT_7,3,2,4,8,4,8,5,6,1,2
CGCCTCATAGCT_7,7,0,5,6,5,6,1,3,4,9
CAGAGCCCCGGT_7,0,9,3,7,0,1,0,8,0,0
CACAGAGCGGCA_7,2,7,9,7,7,3,0,8,7,6
ACTCCGCTACCC_7,9,8,5,8,8,7,1,2,2,1
AGCTAAATGGCA_7,9,8,3,4,4,4,2,2,2,5
GTCACCTACCAG_7,2,9,3,3,7,1,9,7,8,6
TAGATGAATACA_7,1,9,3,8,4,4,2,5,8,9
CACAAGGGTCGT_7,2,2,0,1,0,4,3,9,1,8
CGCATCCCGTCT_7,5,3,8,6,5,6,4,4,6,9
CCTAACCGAAGT_7,0,2,9,7,9,3,0,8,0,6
TCTCCGCACCTG_7,9,3,9,9,8,7,4,5,1,4
ATTTAATAGCGG_7,1,2,7,2,3,8,9,7,3,4
CTTCGACCAGGA_7,1,1,8,9,5,7,4,1,3,3
GTTAAACGCCCT_7,9,8,5,1,8,7,6,6,7,4
CAGAGCTTTTGC_7,2,9,6,3,0,9,4,7,9,6
TTAAGAGTCTAT_7,0,8,4,6,4,7,4,2,6,8
AGCAGTGCCAGG_7,0,5,4,5,6,5,5,7,1,3
GTCCGCGAGTCG_7,1,0,5,6,1,2,5,3,1,3
TCCCCGATCGAC_7,2,9,3,3,5,6,8,4,5,2
CTTCAAGCTATT_7,0,9,3,9,2,5,9,8,0,0
AGCGCGAGCAAT_7,6,5,6,3,2,5,3,9,0,0
GCCAGGTCAAGT_7,8,2,8,0,4,4,1,7,1,0
TTCGTATATTGA_7,8,1,8,4,8,4,6,9,1,3
AACCATTGTATT_7,6,7,6,7,7,3,0,8,8,6
CCCCAGAACCGC_7,9,8,8,8,3,2,4,6,6,4
GAGCTCAATCCC_7,3,2,2,4,0,8,5,6,7,5
AGAAGCTTATGC_7,6,9,7,3,0,9,4,5,0,0
TGGAGCAGTTAC_7,6,5,6,5,6,5,5,7,8,3
CGGGTCGCGGTC_7,1,3,5,0,1,5,3,1,5,1
AACCATTCTTTC_7,3,8,1,1,3,7,5,1,2,1
GATGCTCATTCC_7,8,0,5,8,5,6,7,6,2,2
TGACCAAAGGTC_7,9,8,1,4,8,4,4,0,2,7
TGGCATACAGTC_7,0,5,3,2,0,8,3,9,8,3
TTATTCGCGATG_7,9,6,8,4,6,2,2,0,7,3
GCTCACGGAGGG_7,6,9,3,5,2,5,7,8,8,0
CCGGCGCCGTTT_7,8,3,5,6,5,4,7,6,4,1
GCCGGTCCGAGG_7,7,3,5,1,5,5,7,0,4,8
CGCATCCCGTCA_7,8,4,2,9,5,0,6,6,6,9
CCTGCATTTCCG_7,5,1,5,2,6,4,2,0,6,4
AAATACATCGTC_7,0,2,4,5,6,8,5,1,0,6
CCGCAGGCGGAT_7,5,8,8,9,8,1,5,0,2,7
CAGGATGGAAGT_7,4,6,4,6,5,6,7,4,5,2
GTTGAGGCCGAG_7,3,3,7,2,8,9,9,0,7,8
TTAACACCCCTG_7,7,8,8,0,4,0,6,6,7,9
ATCACCAGCCTG_7,0,9,3,5,7,3,5,8,8,6
AGAGTCTACCGG_7,7,1,0,8,1,4,8,1,3,7
GACAGTAAACCC_7,6,4,0,2,6,8,5,8,7,3
GCGCGTGAAACT_7,8,6,2,1,8,4,1,3,2,4
AGAGCAATCCGC_7,7,0,5,0,1,6,1,3,9,9
GACGCCTCCCTA_7,9,8,4,4,3,4,6,9,6,1
TCTTTGCTACTA_7,6,7,9,7,7,3,6,8,7,6
CGGGGATTGCCG_7,0,6,6,3,7,9,1,9,1,0
CCGTATAAGCCC_7,2,2,0,5,2,8,4,9,7,7
CCCGGACGGCTT_7,2,9,1,5,9,6,8,2,0,4
GGCGTAGTACCT_7,2,3,6,7,9,9,5,8,5,6
CCCGGTAGTAGA_7,8,3,5,9,1,5,3,9,9,9
AGCCCCAGGCTA_7,2,0,7,4,8,4,9,2,6,7
ACAGGAAATCCG_7,0,1,1,0,3,2,5,5,6,7
GCTCCTTCGTAG_7,9,5,3,2,0,0,3,0,3,8
AGTCGCGCTCGC_7,9,8,2,8,1,4,1,6,4,9
GAGCTCAATCCG_7,2,2,8,0,4,8,6,0,3,8
ACTAAGGCGAAC_7,3,9,9,3,9,3,9,8,0,6
ATTCCTGCCCTG_7,4,8,3,1,1,1,8,9,6,7
AGTCTCCCACAG_7,8,1,3,2,2,0,3,9,2,3
ACCCATTTCATG_7,5,1,1,4,4,4,1,5,2,4
CACCCTGCGGCT_7,2,3,1,0,1,1,9,3,3,9
TATGCATGCAGG_7,8,8,3,9,4,7,2,1,1,3
GACGAGCGGCAC_7,5,0,2,5,1,4,9,6,4,4
GGTGCCGTAAAC_7,4,1,3,8,1,1,9,2,7,4
GAGTCGCGATGT_7,5,1,8,0,1,2,1,2,2,7
GAGGCGGGATGG_7,6,3,6,2,0,9,3,8,1,8
AGCTAGCGGAGG_7,2,9,7,5,7,3,9,8,3,6
GGTAGCCGTAGA_7,2,4,0,2,0,9,3,7,3,3
CGACTTGTCTGT_7,9,0,1,4,3,3,6,5,6,4
TCTCTGTCTCCT_7,6,7,9,7,9,3,0,5,0,0
GGCAGACCGAAG_7,4,0,5,1,5,0,2,6,6,9
ATCCCGATGCGC_7,8,3,6,1,7,1,3,7,8,0
ATCGGCCTGTCT_7,5,1,3,6,3,1,5,9,5,1
CCTACATAAGGA_7,3,0,5,4,8,4,4,2,5,4
GTTACGCTTCTA_7,1,5,0,5,6,8,4,8,7,9
CGCCAATGATAT_7,0,4,7,2,4,7,5,9,6,0
AATTTTCGACGA_7,3,4,2,8,1,7,2,2,7,1
TCCGAGCGCTAG_7,8,0,8,8,1,9,9,0,6,7
CCCGGGCGAGGA_7,0,4,4,1,0,8,5,9,7,0
CATGGCATCGCC_7,9,4,5,0,1,2,2,9,6,7
ACCACGGGCTCC_7,6,9,7,7,0,5,3,4,9,8
GATCAAAATAAT_7,1,2,1,9,8,2,6,0,1,5
GGGAGGACTGTG_7,1,5,0,8,2,0,5,7,2,3
CGCTGACGAAAA_7,4,0,7,8,5,0,8,3,4,1
GCGCGTGAAACG_7,1,8,8,4,2,7,4,2,5,4
TAGGATGAACGA_7,3,7,9,7,7,3,0,5,7,6
CCTCACCCGTTG_7,1,6,7,1,8,2,1,0,2,7
TTTCCATACATG_7,2,5,0,2,6,3,9,9,8,4
TTTAACGCATAA_7,1,6,1,4,1,1,3,1,2,9
GACATCCTCCCT_7,9,6,5,0,3,7,6,1,1,7
TCCCCTACTTAG_7,7,3,8,8,5,8,8,6,5,9
CTCCGATCTGGG_7,8,2,5,8,4,4,6,2,4,1
GACGTCTGACGG_7,5,1,4,1,3,2,1,9,2,1
TGGGCCTATTAG_7,0,7,9,7,9,3,0,5,8,6
CAAAAAACACTT_7,0,9,9,7,9,3,4,5,0,0
GCTCACTGGCGC_7,9,1,8,9,1,1,6,2,4,7
GTGCTTCGACCT_7,5,8,1,9,1,7,6,6,5,9
ACCGGTCTGGAA_7,1,0,0,0,3,7,6,0,4,5
CCCGGACGGCTA_7,7,9,8,1,4,9,1,7,7,7
CGCGTAGATGCG_7,1,0,5,8,3,1,4,2,2,3
ATCCAGGCGCTG_7,5,1,2,8,1,0,2,2,2,3
CTCACTCGTCCT_7,1,4,4,6,6,0,5,6,8,4
GCCCGGAGCACG_7,9,6,5,8,3,0,1,0,4,9
AGTCTTTCACTA_7,9,2,9,0,4,2,9,6,4,1
CACATAATCCGG_7,7,9,9,3,7,1,4,5,9,6
GGTAAGGGCCGC_7,9,4,5,8,1,0,8,3,4,8
ACCCAAGTCGCG_7,5,6,4,8,3,8,5,9,3,1
ACTCACAGCGTG_7,9,5,2,9,3,0,8,9,1,8
GTAATAACAGTC_7,6,9,9,7,9,3,0,5,8,6
CATCTTCATTAC_7,3,5,0,6,0,9,8,4,4,2
CCGTAACGCTTC_7,6,5,4,1,0,3,0,8,0,0
CCGTAACGCTTG_7,3,2,4,2,7,8,4,5,8,9
ATAACCGATGAT_7,7,5,4,3,7,5,7,8,5,4
TAGCGCAGAAGC_7,5,3,5,8,4,1,3,3,5,1
GTTAGGACGAAG_7,9,8,1,6,4,4,2,9,2,9
CGAAAGGTCGTA_7,9,0,8,1,4,7,1,2,2,1
CGAGCGTTCCCC_7,7,6,1,4,1,2,4,2,6,5
AACCGAGCATGT_7,7,9,3,6,2,9,0,9,2,9
GACCATTAAGCA_7,0,2,6,5,0,9,4,9,8,3
TTCTGTCTTAGG_7,7,0,8,0,4,4,6,6,5,7
TTATATTTGCCC_7,9,0,8,1,8,2,6,6,1,9
GCTAAGCAGCAA_7,5,0,8,8,1,4,1,2,4,1
TCCCCTTGCCGT_7,8,5,1,9,3,7,7,9,5,7
CGGCTACTTTGT_7,4,9,9,7,7,3,0,5,0,4
TCAGCGACAGTA_7,1,0,5,8,2,4,1,2,2,7
TACGACGTGTTA_7,2,2,0,1,6,8,5,8,7,8
TACCTTGTGGCA_7,6,9,0,3,9,9,2,8,8,6
AAATTTGCAACG_7,4,3,2,2,2,5,7,9,9,2
CCAGCCAGGACG_7,7,3,5,1,4,1,4,9,3,3
CTAGATTACTGC_7,5,1,5,4,5,6,9,3,4,4
CTCACTCGTCCG_7,5,0,4,8,7,1,3,7,1,1
AATCTTCGAAAT_7,6,7,9,7,9,3,0,5,0,6
CTGACCGTCGGA_7,5,3,3,0,3,4,2,6,6,1
TCGCGCGGCCTG_7,6,7,3,5,7,1,2,7,8,0
ATGTCGTCTGCA_7,8,3,2,0,8,1,3,3,1,2
GCGCGTGAAACC_7,7,0,8,8,1,7,1,2,2,7
TGCCTGTTTAGG_7,4,0,5,6,1,6,6,6,2,5
ACCATACTACAA_7,4,8,8,1,4,6,6,9,5,7
CATCAGAATCGA_7,0,9,9,3,7,3,0,5,8,6
TTGGACAGCAAT_7,5,8,5,8,4,2,6,4,3,4
CCGCGCGGACGA_7,0,1,5,2,6,1,4,7,7,1
TTCGAGCACACA_7,1,1,2,0,5,6,7,4,5,2
TGCTCTGATACT_7,5,8,8,4,4,0,1,2,6,4
GAGCGGACGATG_7,1,4,5,0,6,0,4,7,6,3
ACCACAGGATGC_7,7,4,3,6,0,6,8,4,6,2
GCTGACAGTGAT_7,9,1,5,8,8,7,1,2,5,5
CGTGAAACACGG_7,6,9,3,7,6,3,0,5,0,0
GGATGGGTATCA_7,5,4,8,8,3,8,6,4,5,7
GGCAATAGCCCA_7,2,4,7,9,6,8,5,6,1,3
GGCAAGGATTTG_7,6,9,3,9,9,3,5,8,0,6
CTCACTCGTCCC_7,2,5,3,5,8,1,3,9,7,3
GAGGGGAGTGGT_7,4,9,7,3,6,9,8,4,0,0
GAGCTCAATCCA_7,2,4,5,0,1,8,6,3,7,1
GACTTGCATCCG_7,7,5,7,5,2,1,8,9,1,9
TCTCTGTCTCCC_7,0,2,9,7,4,3,0,5,0,0
CGCTTGCCAACA_7,1,4,8,9,2,0,2,0,4,1
CACTCAATCAGT_7,2,2,4,2,0,8,5,7,1,7
ATCAGTTAGTTC_7,5,6,2,9,4,1,4,6,7,7
GACAGAGGCAAA_7,5,8,1,4,1,4,6,1,6,7
TAAATCCGATTC_7,4,6,7,1,1,4,6,6,5,3
TCGCATTCGGGA_7,8,0,3,4,1,0,2,0,1,9
AGGCACCGACCT_7,4,3,3,6,6,9,9,9,6,1
GACTTGCATCCT_7,0,4,7,3,0,9,3,3,5,8
ATGGATTGCCAA_7,4,5,7,8,2,8,5,1,8,8
TCTCAATTGCGC_7,1,6,8,6,4,2,6,3,2,9
TCTATGGCTTCC_7,1,0,1,0,8,7,6,6,2,9
ACTAGGGCGAAC_7,0,5,0,2,0,8,0,8,8,0
CACCCGGAGCAG_7,8,0,3,1,1,7,2,9,1,1
ACGCAAACGTCG_7,3,8,2,4,8,7,6,2,6,7
CCGTAACGCTTT_7,6,4,6,9,3,3,0,7,0,6
CGTGCCGGTGCG_7,1,3,2,1,1,7,4,6,7,9
TAGGACCGGCCC_7,3,2,5,4,1,2,1,2,1,1
GGGAATAAATAT_7,1,8,1,9,5,5,7,0,4,7
CTATCCTCACTA_7,8,8,1,0,8,7,2,2,6,4
GCCTCAATCCAT_7,9,8,8,8,4,4,6,2,1,1
CGCACACTAGCA_7,2,7,9,3,7,3,0,5,0,4
TACTGCCGCGCT_7,6,4,6,2,3,4,9,9,7,4
AGACCTATCCCC_7,1,0,1,6,1,7,8,9,2,9
AGCCATTAAAGG_7,2,2,7,5,6,9,9,0,3,8
ATGAGAGTGCCG_7,3,4,4,6,0,3,9,8,7,3
AGGTGCACGGTG_7,2,4,0,5,3,8,9,7,7,8
CCTGAACTAATG_7,9,0,5,8,5,0,7,5,1,9
AAATTTGCAACT_7,8,3,2,9,0,5,7,4,8,2
CATAAAGATCCT_7,9,4,4,5,1,8,5,6,6,7
ATGGCATAGCGC_7,5,6,7,2,3,7,5,6,2,7
GGTGCCCGTGTA_7,8,6,0,5,1,0,5,9,5,9
TGATGTGTCTAT_7,7,2,8,8,3,0,2,2,4,5
GATGGGTACATC_7,6,7,9,7,9,9,0,8,8,6
GCGCGTGAAACA_7,5,8,8,0,1,1,1,1,7,9
CCACGACCAATG_7,8,1,2,1,0,2,3,2,1,8
TCGTTACCCCGG_7,3,2,8,8,1,7,1,2,4,5
GTACCGCACAGA_7,4,1,7,1,6,4,4,6,1,1
TCTCTGTCTCCG_7,7,9,9,9,7,3,0,4,5,8
GATCGCCTATGG_7,4,2,7,6,5,6,7,4,5,2
AATCTGGCGTAT_7,2,7,3,2,7,9,5,5,0,6
AGCCGTGGAACA_7,1,0,8,1,5,4,2,7,3,3
CGTGCCCGCCAA_7,1,4,5,8,1,4,1,2,4,4
ACCTCTGGAATA_7,3,8,5,4,2,7,7,7,1,9
ATAATGTTCTAT_7,9,0,8,6,5,6,6,3,6,2
TTACCGGCTCAC_7,5,1,4,0,6,0,3,7,7,3
ATGACTACGTAG_7,4,3,7,5,5,6,8,4,5,2
TGTTTAATTGGC_7,3,8,2,8,4,7,1,0,4,3
GGGCCTCCTGCG_7,0,7,9,9,7,3,0,8,7,6
GTGGAGTGAAGT_7,5,2,1,8,5,0,4,4,5,7
AGTAATCTGGCT_7,4,4,3,1,8,2,5,9,1,1
GCCGAATCGGAC_7,2,5,6,2,7,0,3,8,8,8
CGCACGACAGGT_7,9,8,8,9,3,0,4,6,1,2
GGAGCCCAGACA_7,4,5,6,2,2,5,3,7,5,3
AATAATAGGACG_7,2,2,0,9,8,7,5,2,3,3
ATCGGCATATTC_7,0,9,3,6,7,1,9,5,0,0
GACGCTGATCTG_7,7,5,4,4,5,5,8,7,3,2
CGTAAACACGTT_7,3,0,7,8,4,2,6,1,7,5
CCAATTCCCAGG_7,6,3,4,3,6,3,7,7,1,7
CTTCATGTTGAC_7,9,4,5,8,1,2,2,0,8,5
TGTAGGTAGCTC_7,5,8,2,1,1,8,4,2,6,9
GTGGTTTCGGAG_7,5,4,2,1,5,2,3,1,1,7
TTTGCAAATAGC_7,8,0,8,1,6,2,2,9,5,2
AAATTTGCAACC_7,4,2,2,6,5,4,7,6,9,0
CAGAACGTGTAA_7,2,2,7,9,6,2,9,9,7,7
GACTTGCATCCC_7,3,5,0,6,6,5,8,7,9,1
TGTCGGAATTGC_7,3,7,5,2,0,1,9,7,6,5
CGCGTAATACAG_7,4,5,4,3,0,6,8,4,5,2
GGTACTTCAGGT_7,1,2,7,0,3,2,1,6,7,4
GCGAAGGCGCAA_7,7,4,4,8,1,6,7,3,5,8
CATCCGGTGCTT_7,8,8,2,0,1,7,7,9,4,7
TCTGTCGTTCAG_7,8,8,5,4,4,2,2,0,6,7
CCAGGGCGCCAT_7,2,3,3,9,7,8,4,9,8,0
CCGTTGGGAATC_7,2,2,0,5,0,9,8,9,8,8
CCGGTTCGGTTG_7,2,7,6,6,9,4,4,3,7,0
CACTCCCCACCG_7,8,3,8,0,8,0,4,1,3,3
ACGAACTCCTTT_7,4,2,7,6,5,6,7,4,5,2
CCCGAACCTTGA_7,4,2,8,8,1,4,4,0,4,7
GCTCACTGGCGG_7,5,3,1,1,1,4,2,2,9,9
GGTCCGTTGGTT_7,3,2,8,4,1,2,6,2,7,7
CTAGACCAGTGC_7,5,0,8,0,1,0,4,0,2,4
TCGTGTTGCTAG_7,3,8,0,4,3,7,2,2,2,4
ACTGCATCCACT_7,4,7,0,7,7,9,6,4,9,0
ATGGACTTTCAG_7,5,8,5,6,4,9,6,6,8,3
CGGCGCGTCGGT_7,8,1,7,2,1,7,1,2,6,7
TGGGCTCGCTCG_7,9,6,1,0,2,4,6,6,5,7
CTATTCAGACAC_7,1,4,3,3,6,8,8,1,8,1
CCACGACCAATT_7,5,1,2,9,6,0,9,1,3,0
TCTCCCATTTCA_7,5,8,2,8,8,0,1,0,6,3
TCGCGCCAAAGT_7,2,5,0,2,6,8,5,9,3,3
TGGGTGCACTTC_7,7,5,3,5,6,8,5,9,3,3
CACGTTACTAGA_7,8,1,2,4,6,7,1,1,2,9
TTGGACTCGATT_7,4,9,6,3,1,9,8,4,5,6
CCCTAACCCTGG_7,8,3,5,0,5,6,7,4,4,9
ATGTCCTCCGAG_7,3,4,3,2,6,1,4,9,8,9
GCGCCGGGAGAG_7,2,5,3,2,0,4,5,9,7,4
GGTGCCTGCCAA_7,4,5,5,3,5,5,8,3,9,2
GTATGAAAGCTT_7,7,9,1,0,8,2,4,2,6,3
CCAATCCTGGAT_7,8,2,1,1,3,7,8,3,4,7
TTTAGTTGGGAC_7,3,3,3,5,6,8,2,1,3,3
AATGCCAGCAGG_7,9,4,0,0,4,2,4,1,6,5
ATTTCTCCCTTA_7,5,3,8,8,1,7,1,6,6,4
TCAGAAGTCCTA_7,1,8,5,6,5,6,7,4,4,5
CTGTCCCCACTT_7,8,8,5,0,2,0,7,3,5,2
GAGGCACGCAGG_7,9,8,2,2,5,4,7,6,4,8
TGCCGAATAGAT_7,4,5,2,0,5,6,8,0,5,5
AGCTACCTAGAT_7,9,6,7,0,4,2,6,4,7,7
CCAGTCTTAGCC_7,4,0,5,4,5,6,7,9,4,2
CCAACGTTAGTG_7,2,3,7,5,6,8,5,2,6,4
AAATTTGCAACA_7,5,3,2,9,5,0,2,3,9,0
TAACTAATTAAC_7,3,3,7,3,6,1,9,2,6,3
CCACGACCAATC_7,2,2,7,2,1,2,9,4,6,7
AACCCACTCTGG_7,8,2,5,4,4,4,2,2,7,4
GGACATCGCTGC_7,5,1,2,2,5,0,3,5,1,9
ACACCTAGAGTA_7,6,7,9,7,9,3,0,8,0,6
CCATTTGGTAGC_7,3,2,2,2,5,2,6,0,1,1
TAGCCTCATCAT_7,2,4,5,5,0,8,2,9,7,8
GTAATCTGTGAT_7,3,1,2,9,8,2,1,0,4,5
CACGATACGAAT_7,0,8,4,8,3,8,6,1,7,1
CTACCTCCAAGA_7,9,0,8,0,2,6,7,6,1,8
GTAAGCGGGGTC_7,6,7,6,2,7,8,4,7,7,0
AGTTACAGCTCA_7,2,5,7,2,6,3,9,8,1,3
GCCATTTCATAA_7,9,0,8,8,1,2,9,1,6,5
TCGGTGTGTGAA_7,3,6,1,9,5,1,3,3,1,7
CGAACCCTATCT_7,3,9,3,3,9,3,0,8,8,9
AGACACCACTAC_7,8,6,1,7,4,7,2,5,4,5
AGTAATCTGGCC_7,9,4,4,2,4,8,5,9,2,7
ACCAGCTGACCT_7,5,6,2,1,4,2,1,0,6,7
AACTCCTGAGCC_7,8,6,2,6,5,6,2,1,3,7
ATAGTATCCAAC_7,8,3,1,0,4,6,1,3,4,9
CATCACGCCAGT_7,7,3,6,7,7,9,5,7,0,8
TCTACTTTCCTC_7,3,5,7,5,1,7,5,5,0,7
CCCCATTAAGCT_7,5,8,8,4,3,1,1,2,6,4
GTCCCTAGGTGA_7,1,1,8,8,6,2,1,2,5,9
AATTGAATTTAT_7,7,4,7,6,5,6,7,6,5,2
TAAACTGGCATC_7,9,8,1,4,1,4,1,0,6,4
TAATTCTTTGAC_7,3,8,0,0,4,2,6,6,6,5
TCCTGTCTGACG_7,2,4,0,2,0,8,5,4,8,8
CGTAGGTCTTGC_7,4,3,7,3,7,1,3,7,9,2
GGCTGTCGTGTC_7,9,8,8,4,8,2,4,2,6,5
GGTGCAGCAAGC_7,2,5,2,5,6,8,3,8,4,8
ATTTATTAGCTG_7,2,2,0,3,0,8,5,8,8,6
TCTCACTTGTTC_7,9,2,5,0,8,4,2,2,3,9
GGCGATCGTGGA_7,7,8,5,0,6,4,4,2,2,7
TTTCTGACTGGA_7,7,5,4,4,5,6,7,3,9,2
AGTAATCTGGCG_7,1,1,5,1,8,0,1,0,1,3
TTAGACTATAAA_7,9,6,2,6,1,2,5,1,6,3
TGTGTCTGGTCA_7,5,4,7,1,0,2,4,2,7,1
ACCTGCCCGAAG_7,3,0,2,2,3,7,2,0,1,4
TCCACTTTCTCC_7,7,0,5,6,2,6,4,4,4,1
TTTAAACCCAAC_7,4,8,7,2,1,9,6,4,1,3
CGGGAACAGACT_7,4,0,5,1,0,4,6,0,2,9
TTGCCGAGCTTG_7,8,5,5,9,5,6,7,3,5,9
CTATTTCGTTTC_7,8,0,2,0,5,6,7,6,6,5
GGCGCCGCGTCA_7,1,0,5,6,1,0,2,0,5,3
CATATTGTTTTG_7,4,8,5,6,5,2,7,6,4,5
TGAGATATCATT_7,5,6,2,1,3,1,4,7,7,0
