,0,1,2,3,4,5,6,7,8,9
TAAACGCCTTAT_8,4,1,1,2,6,5,3,8,6,5
GATACACTGAGG_8,8,3,3,5,8,6,1,8,7,8
CTCCACCGTGTC_8,1,4,3,9,1,9,9,0,5,0
GTTTCGCGAGCA_8,7,7,2,8,9,2,0,2,8,4
TGCCTATTCTGA_8,1,2,0,8,5,3,7,4,3,3
GGAATTACTTGT_8,2,5,8,5,2,9,6,5,8,3
AACAGGTCATTC_8,0,5,8,1,2,8,4,9,2,6
AATTTCAGCACG_8,5,9,9,4,9,7,3,4,9,5
CTTGCCGATATC_8,0,8,3,9,2,8,6,7,4,5
TGGAGCCGGCGG_8,9,3,7,9,2,6,4,0,9,9
GGTCCGACCCAG_8,8,9,5,3,7,1,0,3,8,4
CTAATAGTGGAC_8,1,4,4,4,3,5,6,1,4,0
TTTAAACACCCA_8,6,4,9,0,3,9,6,2,6,3
GACCACTAGTGC_8,9,1,8,2,0,8,5,3,5,2
AGGCCAATTTGT_8,4,4,3,2,4,7,9,8,5,8
TGTACTTACCTC_8,9,1,5,6,9,4,8,8,0,0
GATGCATACCGC_8,3,7,1,3,6,4,1,8,9,6
TTTGTCCGTGAA_8,3,9,7,9,9,7,5,4,5,1
GCCATATGCAAC_8,4,7,1,1,1,7,0,1,2,7
ATCGTGTTATCA_8,9,7,3,3,1,0,1,9,9,2
ATGGTGCACACT_8,6,5,4,8,5,0,9,3,4,0
CCCCTCTGCCCG_8,6,4,6,8,0,1,4,4,8,3
TAAGCGGGTAGT_8,6,8,5,7,5,5,6,5,3,3
TTTGCTTATCCG_8,7,7,7,2,5,2,1,8,1,9
TCTCAATTGCGT_8,6,9,6,2,0,0,4,6,3,3
GACACGTCAGTC_8,2,0,1,2,9,9,8,0,5,5
GCAATTCGAATA_8,4,1,7,8,7,3,7,6,8,7
AGCGAGATCCGC_8,8,0,2,9,0,8,0,2,7,3
GGCAAGGCGAAG_8,4,8,9,4,2,1,7,3,3,4
GCCATAAACGCA_8,0,2,4,7,2,3,6,5,1,3
TAACCCTTTCCT_8,6,8,4,4,2,3,5,5,3,1
GGAAATTTCCAG_8,4,5,9,8,0,1,9,3,6,1
ACTCGAGGTTCC_8,4,3,0,8,4,9,8,3,6,2
TCACTAAATTGA_8,3,1,7,2,7,7,5,2,2,6
GCCGGATTCTAC_8,0,4,4,0,5,0,7,4,2,3
CGACTGACTTCA_8,4,6,1,7,6,6,9,8,6,9
AAGACGGATGCG_8,4,6,2,0,4,3,1,8,8,9
GCGTGTAGAGAT_8,7,6,7,3,8,7,0,9,9,8
AACCCCCGACTT_8,0,8,4,7,3,3,6,1,1,0
AGTAGCGAGGTG_8,9,1,5,8,9,2,8,8,1,8
TATCAGAACTAA_8,4,2,7,7,6,1,5,7,4,7
ATAGGAATTAAG_8,0,8,4,9,7,4,7,3,7,8
GTCCTGACATCG_8,7,1,0,3,3,5,8,9,0,8
AGCGTCGGGTAC_8,8,7,9,9,6,4,6,8,3,2
CCCACATTCGAG_8,8,6,7,9,8,2,1,0,9,8
TTCCGGACCTGC_8,3,0,0,9,8,0,9,5,5,3
CCGGCCTCCCGG_8,3,0,0,6,8,1,3,5,7,7
GAAAACCATAAG_8,5,1,2,8,8,2,0,3,1,7
GTCAACCTGGGA_8,1,0,0,1,2,9,8,5,3,3
AACTCAAGTCCT_8,8,2,9,9,7,8,4,6,2,5
AGCCGCTCGTCG_8,5,3,1,3,8,1,2,8,1,8
GCACTTACATTA_8,3,8,0,5,2,6,5,6,6,5
AGTCTGGTGAAG_8,4,6,1,8,9,2,2,0,9,4
GACTCCCATAGA_8,5,5,6,8,2,2,6,9,3,3
GGAAGGCCCTTC_8,4,3,3,3,9,4,1,8,9,8
TCAGACGGAAGG_8,4,7,3,3,1,6,1,8,9,7
ACAGGACGCCTG_8,4,2,9,5,6,7,8,7,5,4
CGCACATGGATA_8,9,3,1,6,8,2,1,0,0,7
GTCATTCAACTA_8,2,9,2,4,0,0,6,4,5,1
GCCGATACTATG_8,2,0,2,7,9,2,9,9,2,3
ACTCTAACCGCC_8,5,0,4,9,5,8,9,4,8,9
CGCCCGCATCCC_8,4,6,3,7,6,4,3,9,2,2
CGTCATTGCACG_8,2,4,8,5,6,7,1,7,6,2
AGAGACTATCTA_8,0,2,5,0,2,3,6,1,3,3
TTCCAGTACGTA_8,4,3,4,4,3,9,5,7,1,9
AAGCCTACCGTA_8,8,6,1,6,4,2,3,8,9,6
CCGACCTCTTTG_8,0,4,8,4,3,0,0,1,1,2
GGCGCTTCGGCA_8,9,1,1,1,4,5,4,1,8,0
GCAATTCATCGG_8,4,2,2,2,1,9,0,3,3,1
ACATTGTACGAG_8,5,4,2,4,7,3,5,7,5,3
ACGCGGCCCCAG_8,8,5,1,1,6,7,9,9,9,5
ATAAATGTCGGT_8,0,2,4,7,3,5,6,1,3,6
CATCGTCGCTCT_8,6,4,2,1,7,4,5,2,5,1
ACGGGTTGGTAA_8,3,7,5,8,9,2,2,0,6,5
ATAGTTTCGTGA_8,0,5,4,4,2,5,4,5,3,0
GAGACGTGGACA_8,5,1,8,7,4,1,3,6,5,9
TACTAGCATACT_8,0,4,5,0,6,7,4,7,3,4
ACGCAAATTCTT_8,1,5,4,9,5,3,7,4,2,5
GCAGAACGAATC_8,3,4,2,1,4,7,4,6,2,3
GCCTAAACGTCG_8,6,8,4,7,9,9,4,4,2,2
GGAATGCGCATC_8,5,4,5,3,9,4,3,9,0,7
CCACCATCACGG_8,2,9,6,4,2,7,8,1,5,2
CCATGGTTATCT_8,4,4,9,6,9,6,0,4,1,7
ATCCACGGAGGC_8,4,5,7,1,6,0,9,7,5,9
TGCCTGTCGCCG_8,6,5,4,5,3,9,7,4,3,3
AGCCCATAGGTC_8,1,4,8,4,9,7,4,2,6,3
AGCCAACACCAT_8,2,5,4,4,3,1,4,3,7,9
TGATGGGTCGCA_8,8,6,7,2,9,2,1,6,8,1
AGCGCCGGGCTC_8,2,2,4,4,5,7,9,7,3,9
CTATGGGATACG_8,1,2,8,9,2,3,9,4,2,5
GCGGCCCCTATC_8,0,3,1,1,0,1,6,7,6,9
CGCAAGTCTCAT_8,4,1,9,3,9,1,8,6,1,4
GCCATGGTACCT_8,6,4,6,4,5,3,5,6,4,9
AGGTCAACCCGA_8,3,6,1,3,0,4,3,3,9,7
CTTAGTATTCAG_8,8,4,9,8,9,7,2,9,5,7
CCGGGCGTTTGA_8,3,3,6,8,0,1,8,3,4,0
TTCATGTAAGGG_8,2,0,0,0,3,0,2,2,5,1
AGGACGTTTCGA_8,2,6,5,4,8,4,3,3,6,4
ACGACAGATTCG_8,0,9,2,9,3,3,9,2,7,2
ATTTCCTGGCGC_8,5,3,7,6,8,2,8,0,9,7
GTTGAAGTAGCT_8,6,9,9,7,7,3,7,1,3,5
CGGCACCCTAGA_8,4,9,6,2,5,3,7,5,8,2
TTGACAGGCTGG_8,5,7,7,3,1,2,1,8,7,6
GAAGAGGACATA_8,2,4,0,2,4,7,1,5,8,1
CACATGCCTCCT_8,0,2,6,4,7,1,6,5,3,1
GCCCGGCAGCGC_8,5,7,3,6,4,2,1,9,1,7
AACGGCAGAAGC_8,8,0,8,7,7,8,8,7,6,5
ATCCTAGGCCTG_8,0,4,8,9,3,5,2,3,5,0
GAGCGCCTTCAT_8,8,1,7,2,8,1,0,8,1,6
CTATTCCTTGTG_8,4,5,3,9,5,2,2,9,9,6
TGCCACGTGCAG_8,4,6,8,8,9,4,2,0,9,2
AGTCTTCTTGGC_8,5,5,1,4,4,2,2,8,0,8
GATGACGCTTGG_8,1,3,3,2,6,0,2,8,7,9
ACACCCTTAAGT_8,2,7,6,2,4,8,0,1,8,9
TGCTCATCTCTC_8,6,8,2,0,3,0,4,4,3,1
AAAGCACTTGGT_8,0,8,9,4,2,7,6,4,3,3
TCGCCACTCCTT_8,1,4,3,7,6,6,3,6,6,4
GGTCGTATAGGT_8,4,4,2,0,7,8,4,1,1,4
CAACAAGATGCC_8,3,7,1,3,1,7,2,8,0,8
GTGCCTGAACTG_8,6,5,4,7,0,9,7,3,2,3
ACAAAGTGATCG_8,8,7,0,2,9,2,2,6,2,2
TAATGCACGGAG_8,6,5,9,8,8,9,4,5,7,1
TAGCGCTCCGAG_8,2,2,9,4,4,9,9,9,2,3
GATCGTACCATG_8,0,9,4,7,7,5,7,7,7,9
TGTCATGGCGAG_8,5,3,1,3,9,4,1,0,0,7
CGTAGATGGATA_8,7,6,1,6,9,0,8,3,9,7
ATTGATTAGCAC_8,4,3,4,8,3,1,1,6,6,7
AAGGGAGTGATT_8,7,9,4,2,6,7,0,1,8,6
CTGCGCCCGGTG_8,9,0,7,3,4,4,1,0,9,7
TCCCCCTTCGCA_8,3,3,0,9,6,8,0,6,9,7
CGCTCACGGTCT_8,1,6,9,1,2,5,6,0,8,5
AAGAATGATTTC_8,0,4,4,2,0,7,9,5,7,1
TCACCGGCCTAA_8,0,1,1,9,4,1,1,1,4,3
ACGTAATCCTCT_8,0,9,4,9,5,5,6,4,3,6
CATCTAATACGT_8,8,8,5,9,5,9,8,5,8,9
TCATCTCATAGA_8,0,2,3,4,7,6,6,4,2,0
CGTGTCTCTATG_8,2,8,4,0,7,0,9,7,7,3
TCTACCGGAACT_8,1,2,5,7,5,5,7,4,7,0
GTGCGCCTATCA_8,4,2,9,9,3,0,2,6,8,1
GTCCGGTAACAT_8,2,5,9,7,2,1,9,1,3,1
GGTACTGTCCGG_8,8,6,3,8,5,2,0,9,8,2
GCAGTCATACTG_8,2,9,5,7,3,4,4,9,8,4
ACGTTAGAGTGA_8,2,2,5,0,3,3,4,6,3,2
GACCACCGGAGA_8,8,8,8,9,0,0,2,2,4,6
TGCCGGTAGCGC_8,3,3,3,3,8,2,8,8,9,6
TGCGATAGTAAC_8,0,9,9,0,7,3,4,6,3,9
GTTAGGGTTACA_8,1,5,5,7,2,3,7,3,2,0
CTTACCTAAAGA_8,8,9,3,6,7,7,8,6,3,2
CACGCCGCCCAT_8,5,6,7,7,5,7,0,2,0,4
CATAATCTTCTT_8,8,8,8,9,7,8,0,1,6,2
GCGGATACAGGT_8,6,8,6,1,2,3,5,2,3,3
TCCCTAGCCCCA_8,0,6,0,9,6,5,7,2,6,1
TAGTCAATCGGT_8,4,0,2,0,4,8,7,5,6,4
CACCTATGTTCT_8,6,5,8,4,4,3,0,4,8,6
GCCTAGACCGAG_8,5,3,1,3,1,4,1,8,9,7
TCCTGTGATCAC_8,7,6,3,9,4,2,4,0,9,6
CACCGATGGACG_8,2,3,7,0,5,8,4,9,8,4
TTAGGCATGCTG_8,2,0,8,6,1,4,4,1,5,7
ATCCCAAGCCAC_8,0,1,2,7,7,8,5,5,2,7
CTCCATTGGCAC_8,4,6,4,8,8,9,9,8,0,8
CGCTGCGATGAG_8,0,3,4,3,3,5,4,0,7,4
CATGACCCCGAA_8,3,3,6,9,4,2,8,2,8,4
ATGGAGTGGGTT_8,3,2,6,9,9,3,0,2,8,9
TGTTCCTTGCAT_8,4,3,3,9,5,8,6,0,9,6
GAATAGAATTCT_8,1,4,9,1,2,3,0,7,7,6
TGTATGACCGAG_8,4,4,8,9,5,9,8,1,3,5
CTTGAGCCTTGT_8,1,5,9,7,0,3,0,7,3,9
CCCGGGTATTTT_8,1,0,2,2,4,3,7,8,7,4
TATGGCCAATCC_8,4,8,9,2,4,8,9,5,1,0
TCCGAGGCTTGG_8,3,7,9,9,5,2,2,0,6,7
CTTCGAGCCACC_8,2,8,3,1,1,2,0,9,2,4
TGCCCCTCAAGT_8,2,5,5,8,6,1,2,3,3,6
TCACTCGTTCGT_8,1,8,6,5,3,1,7,6,6,3
CGCTTTGTCCGC_8,3,6,5,2,9,5,4,2,9,9
ACAAAATTTCCG_8,3,5,8,1,2,0,2,4,7,3
CCAGTACTACGG_8,6,4,2,2,9,8,8,4,2,1
CACGAGGAAGCG_8,1,2,5,8,4,1,7,1,7,1
TAGACATGGCAG_8,4,9,2,4,7,9,6,6,3,3
TACCCGGGACGC_8,5,0,9,7,3,8,1,7,4,5
CGTCACTAATAT_8,4,0,3,3,0,7,4,7,4,2
TAGGGAAAGCAG_8,7,7,3,8,4,4,0,8,6,7
TTTCGCAAGCTA_8,7,8,2,2,5,3,6,1,6,1
CACGCGCGCCCA_8,8,4,1,5,1,8,9,6,6,4
TCTCTTGTGGAC_8,9,6,9,8,0,1,9,9,3,4
GTGAATTTCATC_8,1,1,9,2,2,6,6,3,7,2
GGACAACAGCAA_8,1,5,2,0,3,3,9,6,3,3
CGCCCCTCTATG_8,0,0,4,4,7,3,6,6,3,3
TTTCCCTGCTAT_8,8,3,0,2,4,1,8,2,1,8
CATAACCCATTC_8,1,8,2,0,0,9,7,4,3,3
CATTGGGTAACA_8,4,9,0,9,2,6,9,4,0,3
GCGGGACGGTTC_8,6,1,1,9,8,5,8,5,2,9
CCAGATATCCTC_8,1,8,5,1,2,5,6,9,6,1
CCTCTCCGGTAA_8,3,1,2,8,1,6,4,7,5,5
TTAAGTCATTCA_8,0,8,0,2,5,0,2,2,4,4
ACCTGCCATGCT_8,4,7,0,8,9,1,4,3,7,8
TCGTGACCTCGC_8,1,8,4,1,0,6,5,6,3,3
ATTCCACCGTAC_8,4,8,4,2,5,5,7,6,8,0
GCCGAGCCTGAT_8,2,5,8,7,6,0,4,5,7,0
CGTCCGGCGATC_8,9,7,1,9,9,2,9,6,5,9
CGGAGGCATCGC_8,5,8,5,2,5,8,8,5,6,5
CCCACGCTGGAG_8,7,6,3,6,6,2,3,8,0,7
TATGTCATAATT_8,8,4,5,3,0,7,1,6,7,4
TCACGGCGATAC_8,5,3,1,9,9,2,1,9,9,9
GATTGGAAGTTC_8,8,7,9,1,8,7,9,7,1,4
CTGTATGTCGCT_8,5,6,1,3,6,4,3,3,1,9
CGACCCATGTAG_8,1,4,4,7,7,5,2,2,3,1
GGCCAGCTCGAT_8,5,2,0,7,1,0,9,4,9,7
TCTTTGAATCCC_8,7,3,1,8,5,1,3,3,9,1
AATGGTAACCTA_8,4,8,4,1,0,1,4,0,8,6
TACCTCGAGATG_8,2,6,9,5,9,6,9,3,6,7
GCAGTCCTGCTT_8,9,1,1,9,6,4,4,2,5,7
CTATGCGCTTGA_8,4,3,1,6,3,2,2,7,1,9
ACCAAGAGTATG_8,1,9,9,0,2,5,6,5,3,1
CCCGAAAAGGCA_8,1,9,3,8,5,3,8,6,6,3
TTCTGATAGGGA_8,2,5,2,6,2,0,4,2,0,4
GCCCGGGCTTTG_8,7,6,0,8,1,6,8,7,1,3
ACCACCTCTAAC_8,7,1,1,5,1,4,3,2,5,8
ATTCCCTGGGAT_8,8,8,7,1,0,8,8,3,5,9
GCGTTTGCGAGA_8,4,3,7,6,9,2,0,0,0,4
CCCACGCTGGAT_8,7,6,1,3,9,4,8,0,0,7
GCCGGGACGCAA_8,3,6,1,1,9,4,3,1,1,9
CCTATTGCGCCT_8,9,5,1,0,5,5,4,3,1,5
TTAACAGCAGTC_8,6,8,4,4,2,0,0,4,1,3
TCGAGTTCTTAT_8,0,1,4,5,0,9,6,5,5,3
CCATCATTCTTG_8,0,4,5,1,3,7,9,9,4,5
AGTAGATGACGT_8,7,7,0,8,6,6,8,4,0,2
ATGACGTTCGTA_8,9,7,1,3,0,4,1,7,0,6
CACCACTAAGGT_8,7,2,0,7,2,9,9,1,4,0
CGCCTTAAAGCC_8,8,0,9,1,9,0,5,2,6,7
ACTACCGGGTAG_8,4,3,1,9,4,2,3,8,0,6
GACCGGTCTTTT_8,2,8,6,4,4,8,6,2,8,1
CACGGAGTACGG_8,3,8,9,0,2,1,8,7,6,5
GACACAGATGTC_8,1,4,2,3,9,2,4,3,8,1
CAGAGTCTGGGT_8,4,5,0,5,5,3,5,1,4,6
AGAGAGCGACCG_8,3,3,1,4,1,1,6,6,6,5
GTAACGTGAGGC_8,5,6,0,4,9,7,1,7,2,6
TCCCGACAGATA_8,4,2,4,7,4,4,6,5,4,6
GGGCATCTGTGA_8,6,5,4,4,3,3,0,0,6,9
CCCATATCTGAG_8,1,8,2,9,1,7,7,9,5,9
ACACCTTGATGG_8,8,6,8,8,5,6,0,8,9,4
GGCGTGTGTTTT_8,6,2,6,5,4,7,5,6,5,1
AGTGCCAGCGCC_8,8,8,7,9,9,2,6,3,0,5
CCCGGGCCGTTT_8,0,2,4,2,3,3,8,4,6,1
TGTCCTTCGTGC_8,0,3,1,9,6,2,3,0,9,2
TAGAACTCGAGC_8,6,8,4,1,4,5,8,6,6,6
AGACCCGCGTAA_8,9,6,7,5,6,4,3,3,0,6
TGCACGTTCCAA_8,9,6,5,3,4,0,9,9,7,0
AACTAAGGTGAC_8,4,5,3,0,7,5,2,2,7,9
GTCAGCCCCGGA_8,7,6,1,5,8,4,1,8,9,7
AACTAAGGTGAA_8,8,4,6,8,7,5,9,9,8,0
AAAGCTGGGGAC_8,6,8,6,0,4,6,7,5,3,3
CAGCCACTACCT_8,6,5,4,7,3,3,2,6,3,0
ATTCGTATCTTG_8,5,4,3,8,7,1,5,7,4,2
GCTACTGCCCAT_8,0,0,6,4,2,3,6,2,4,1
TTGCAGTAGGTA_8,6,5,4,4,2,9,7,4,3,3
CCTAACCGGGCC_8,0,9,9,1,6,1,4,1,6,5
GTAGGACGTGCA_8,5,7,7,2,5,2,0,8,5,3
TCAGTGCAGCGA_8,9,7,9,6,1,6,2,8,8,2
TGCGTCCTTCGG_8,1,1,2,1,7,1,0,3,3,7
CGCTCAAGGAAG_8,8,5,4,0,7,0,6,4,3,1
TCCGCCCAGCAG_8,0,5,2,2,3,0,4,7,3,3
GATGGACACCCG_8,3,0,3,2,0,8,6,3,2,8
ATCACGCCCATA_8,7,7,1,6,6,6,0,8,9,6
TCAACTCAGGAC_8,4,2,8,4,7,3,9,4,6,3
CGCCACAGCTGT_8,5,5,6,8,0,8,1,0,5,5
AAGGTGATCAGG_8,2,2,6,4,3,0,6,5,6,7
GAGACGTGGGAG_8,2,3,9,1,4,1,1,0,9,4
CCGCCAGGACCG_8,0,4,8,6,5,9,5,1,6,9
TAATCCGGCGCG_8,5,3,3,3,5,4,3,0,0,7
CGGATCCTCCCA_8,9,6,1,8,9,2,1,8,1,8
CGCATATGCCAA_8,9,4,2,2,7,0,6,9,2,3
GTCGTTCGCGCG_8,3,6,2,8,8,3,8,8,6,6
CCCACGCTGGAC_8,9,6,1,3,9,2,3,0,9,6
AGCGTCACGAAG_8,6,5,2,1,5,1,5,7,5,6
TGAGCCCGGTCG_8,8,3,5,6,9,1,1,7,6,5
CAGATTTCTCGA_8,7,4,5,6,8,2,9,7,0,4
CGATTCTCGCTT_8,0,0,6,8,7,6,7,2,5,8
CCAAAGTTCCAC_8,1,9,6,4,0,7,9,1,5,2
GCCCATGACGTA_8,8,8,9,4,7,7,6,6,1,3
GAAAAGATCTCA_8,1,2,0,2,7,5,2,1,7,1
CCGCTGTTACCC_8,2,5,8,9,9,5,6,4,8,2
CGGCTTGAAGTG_8,9,7,1,3,8,6,3,0,0,6
AACTAAGGTGAT_8,8,2,6,0,3,5,2,3,8,2
CCCCGGCCCCAT_8,9,4,1,8,3,2,3,8,1,0
TTTATTACAGGC_8,1,4,0,8,1,6,0,7,5,4
CTAGAGCCTGGG_8,0,4,6,4,0,9,7,5,2,1
TGTCTGTAGTTG_8,7,7,7,3,8,2,0,8,0,6
GGACGCACTGTC_8,4,0,1,8,0,4,1,9,8,6
GGCAGGGTATGG_8,2,0,0,8,8,2,3,8,7,7
TACTCCGTCGAG_8,4,8,0,4,2,3,4,7,2,8
CGTCACTAATAG_8,2,0,7,0,4,8,5,6,2,5
GAAGACTGTCAT_8,2,9,4,2,0,3,6,6,5,4
CTGTCCCAGCTG_8,4,5,9,8,2,3,6,4,8,1
TTCGCCTTCGCG_8,7,6,1,3,1,2,8,8,9,6
CGATTGTTCACT_8,4,0,8,4,3,8,4,1,4,8
CAGACTAAGTCT_8,7,7,9,3,7,1,0,7,4,5
TCTCGTCACGAT_8,5,5,3,5,0,0,4,4,7,3
CTACCGCATCGA_8,8,3,0,0,5,7,0,0,2,0
CATGATAAGAGG_8,7,5,4,4,0,1,5,0,8,6
TCCCGCGCCAGG_8,9,1,2,1,7,6,2,4,5,5
GAAGTGGATAAA_8,1,5,0,1,7,5,4,3,2,3
CAGAACTAACAC_8,6,9,2,2,7,5,7,4,4,1
AGCGGTTCTTTA_8,8,6,7,2,1,2,8,0,0,7
CCGGCATTCCAT_8,9,3,9,0,2,3,9,8,5,2
GGCGCCCTAGAC_8,7,3,3,3,9,2,3,0,6,8
AACCCATCGCGC_8,4,1,1,9,4,2,2,0,1,7
CCCACGCTGGAA_8,7,3,1,3,9,2,0,0,0,6
AGTAGGGTTGCC_8,6,9,8,4,0,3,9,7,2,3
GCCCGGGCTTTC_8,5,3,5,3,9,8,0,0,1,0
CATGGCTACGGA_8,5,5,9,1,4,1,2,9,9,6
GAGTCGAGGCGA_8,8,0,5,7,0,2,0,9,5,9
GACTCGATCTCT_8,1,5,8,6,1,1,7,4,6,5
CCTATGCACTGC_8,9,3,1,3,9,4,3,8,9,7
AGTCGCCAGTTG_8,3,6,1,2,1,1,6,7,5,4
TTATTCTGAGTT_8,4,5,5,5,0,5,2,3,5,4
CACACGTATCGC_8,7,7,5,1,3,3,7,2,1,5
GTAAAGGGCAAA_8,7,1,1,2,8,1,8,8,7,7
AAAAGAGTGACT_8,7,6,2,9,7,0,2,7,1,7
TCCATGCAGCAG_8,1,7,6,1,7,6,4,1,4,5
GGAGCTGTACAG_8,9,3,1,6,6,2,8,8,2,6
GAAGACTGTCAG_8,4,9,4,5,0,3,6,5,3,3
TAGTCCTATGGC_8,4,8,8,6,1,6,4,3,5,1
AACGAAGAACAC_8,6,9,6,1,4,5,5,4,2,0
CGTCACTAATAC_8,4,5,5,5,1,1,2,8,8,9
CAGATTGAATCG_8,6,2,9,7,0,5,5,8,7,5
GCCCGCCGCTGG_8,9,6,1,6,8,2,9,8,9,8
GACGGTCCTATT_8,0,9,4,8,2,3,9,5,3,9
GCACGGTAAGAG_8,7,6,2,3,6,2,8,0,6,7
TCACCCCAGTAC_8,4,3,5,2,0,7,8,6,2,7
GTAAATGCATCT_8,5,2,5,0,9,6,4,2,5,2
TTTGGCTCTCTT_8,1,4,8,4,3,0,8,6,1,1
GGTCCAGTCCGT_8,0,9,7,1,8,2,9,6,8,9
GTGGTCACGCCC_8,6,4,8,5,0,7,6,5,7,5
CGTAGGCGGATT_8,8,7,1,3,8,2,9,3,6,6
CACGCATACTTA_8,1,0,6,7,2,3,6,2,3,9
ACCCAGGCGTCC_8,1,9,9,5,3,5,6,1,3,6
GCTCGTCGCTGA_8,7,7,7,6,9,4,9,9,0,7
TCCCAATCGCCA_8,1,9,5,4,5,7,0,2,7,1
AACCACTCCCGA_8,1,9,8,6,7,0,6,9,5,3
CGGTCTTAATCA_8,8,9,4,4,2,9,2,6,7,1
TAATCCTATTTT_8,5,7,0,1,5,6,7,7,0,5
GATTAAACCTTG_8,1,4,2,6,7,3,9,9,6,0
CCGCGGCGCGAC_8,5,3,0,6,9,4,3,9,8,8
CAGTTCAATGGA_8,7,3,4,0,7,9,5,2,9,6
GACTGCGGATAC_8,7,3,1,3,8,2,3,0,0,7
GCACAAGCCAGA_8,4,0,4,9,3,1,7,6,8,3
ACGGAAATGGCG_8,7,1,3,4,7,0,8,1,5,9
GAAGACTGTCAC_8,1,4,4,4,2,3,7,4,2,1
GTACTGTGACCG_8,9,0,2,5,2,5,4,5,2,3
GTCAATGAATAT_8,4,6,1,3,8,6,1,8,7,4
CATCGCCCAGCA_8,8,3,7,5,2,7,7,1,1,9
TGGCCTGCCTTC_8,2,5,5,3,1,7,9,7,5,6
GAACATCCCCCA_8,6,4,6,4,3,9,7,4,2,1
ACAACTGGCCAC_8,1,3,0,1,5,6,5,3,2,6
CCTATTACGGAT_8,2,7,7,5,9,3,2,7,5,7
ATCACGAGGTCT_8,1,9,8,0,7,5,7,5,2,0
ATTCCGGCGGTT_8,8,1,3,9,2,0,7,6,0,0
CCTGCAGTACCC_8,9,2,8,7,3,8,9,6,6,6
CTGTTCTCGATG_8,0,4,0,7,2,7,4,6,2,1
TCGCTGACAGCT_8,6,2,5,4,0,3,8,6,3,5
TTATCCATCCTT_8,6,2,4,2,7,9,6,1,7,3
TACATAGGAAGA_8,7,1,5,2,5,0,9,3,4,1
GGTTAACGGGTC_8,4,8,5,5,2,8,4,7,2,5
TCACGGTTAATT_8,1,8,9,5,2,5,6,9,3,1
TATATTGAGACG_8,8,7,6,5,2,2,9,1,4,8
GTGCAACCCGCG_8,5,6,1,2,4,4,3,0,0,6
GCCTCGCGATTC_8,8,2,9,9,3,0,9,1,5,3
CATACGATGACT_8,2,6,1,3,6,1,0,6,0,8
ATTGACAGATGC_8,4,3,1,3,8,2,1,0,7,6
CGTGTCCCCTTC_8,0,8,2,0,4,1,6,3,4,1
AAGAGGCTGGCT_8,5,6,1,3,8,2,1,0,5,8
GCCCGGGCTTTT_8,1,7,9,6,8,5,8,7,8,6
AATCAGATTTCC_8,2,9,2,4,2,9,4,3,0,5
ACAAATCTTGTT_8,1,8,2,0,0,9,6,6,3,1
ATAGCTCGCTAC_8,1,5,4,7,7,0,7,5,3,3
TACAAGCTGAGT_8,4,9,8,9,1,3,0,2,7,4
TAACATCCTATG_8,8,5,2,4,9,8,2,9,2,2
CGGGTACCACTT_8,9,1,4,0,0,0,4,7,8,0
AAGCCGTTCCTT_8,8,4,9,6,6,5,6,5,8,1
TACCTAAGGCGA_8,0,6,3,8,2,2,2,2,2,3
CCGGTCCATCCG_8,3,6,7,3,1,2,3,8,0,6
GATAGCCCTGGA_8,4,8,9,2,6,4,7,2,5,7
TTGACCAATCCA_8,6,9,8,7,2,7,5,5,5,3
TTGAGAGTGATC_8,1,1,2,1,7,3,9,3,3,1
TGCCGTGACATT_8,1,4,9,9,9,5,9,2,9,8
CAAGTGGGACCG_8,9,2,4,7,7,9,7,4,1,2
GCACCTTGGTAT_8,1,8,4,7,4,3,6,4,3,0
GAAAACGGCCTT_8,8,9,8,0,2,7,2,7,6,3
GACCATTCTGCA_8,9,3,5,3,4,8,1,8,8,7
ATCAATGATGCA_8,6,4,5,0,3,1,5,4,5,0
GATACTTTGTAA_8,4,1,8,8,8,9,5,6,5,9
GTCCGGGATGGT_8,8,5,2,1,3,3,7,4,3,1
CTGGCTTGGGCA_8,9,2,1,0,9,5,1,2,9,4
AACAATGTCCCT_8,2,2,8,4,3,8,7,1,8,3
TCATAACACCTC_8,9,7,2,3,1,8,8,6,9,8
GACACTAAGGCT_8,5,3,7,1,6,2,1,7,8,4
AACGAATTACAT_8,7,9,7,6,6,2,3,7,5,6
CACCTCGCCTCC_8,4,2,4,9,1,7,9,1,2,0
CACGCCTGTACT_8,3,1,5,4,1,1,1,2,1,7
ACGCGGTGCTAC_8,5,3,1,3,1,2,1,8,9,8
AAGAAGATAGCG_8,5,1,6,6,3,4,2,3,5,1
ATGGCCACGTAT_8,7,0,5,9,7,7,5,2,5,3
GTTCATCCGACG_8,0,9,4,1,1,0,0,6,4,1
TGTACAGATAAT_8,6,9,4,7,2,5,7,6,3,5
TCCGACAAGTAT_8,6,9,2,5,2,6,4,5,4,9
TGTTCCCCGTCC_8,1,8,0,6,2,1,2,4,2,2
AATCCCATTTGA_8,2,9,4,2,2,3,6,4,6,1
TTACATCGTTAC_8,3,1,5,2,5,7,2,3,8,9
GTGCGTAAAATG_8,9,1,6,8,8,6,7,8,8,7
TTGGCACACCAG_8,1,5,8,5,3,9,6,7,7,1
ATAAGTTTGGCT_8,1,5,6,9,0,1,5,1,4,1
ACCTGTTAGATG_8,4,0,0,2,0,5,6,6,3,4
TACCTCGAGATC_8,4,3,1,3,3,2,3,9,0,7
CACCATGCATCA_8,1,0,4,6,4,6,6,6,6,0
GAACGGAATCGA_8,0,0,9,7,0,8,6,4,2,4
GCTTACGCCGCC_8,7,3,1,1,9,4,3,6,1,8
GTAGTTCGCTGG_8,3,4,5,5,9,3,8,9,4,0
ATACAAACTGGT_8,1,5,6,5,5,3,7,7,3,1
CGTGTTCCTAAT_8,3,7,5,0,5,2,8,2,1,6
AAGCCCGTCAAT_8,8,3,0,8,7,4,0,3,4,7
GCTTCACTATTT_8,8,7,2,5,3,4,9,2,1,7
GCAATGCCAAAT_8,2,9,0,5,4,4,5,7,4,4
CATATTCGTAGT_8,1,0,0,7,2,1,8,2,2,2
GTCAGGCCAAGT_8,6,2,6,4,7,5,0,6,5,4
GACTCTACCATA_8,4,8,3,8,2,0,9,9,3,4
AACGAATTACAG_8,8,3,9,3,4,8,2,0,0,4
CCCGGTAGTGCT_8,2,9,9,9,7,7,4,3,2,9
ACTGTATTTTGG_8,2,8,0,4,5,1,5,1,2,2
TTCCTAGCTGAA_8,7,0,6,7,6,8,6,9,1,6
AAAGGTGTTCAA_8,4,8,4,9,3,3,6,6,4,1
GTGGCGCGCGCA_8,9,6,2,5,9,2,9,9,8,2
ATAGCCTAACTC_8,6,0,3,4,4,1,0,5,8,9
CACGCGCTCGGG_8,3,7,8,0,6,1,8,3,5,0
AGACATGCGGAA_8,0,6,7,7,6,4,0,2,1,6
GCCAAGTACCCG_8,7,3,5,5,8,8,1,0,8,7
ATACTCCAGACT_8,6,9,5,7,7,3,4,4,3,3
GATTCGCGTTAA_8,8,9,7,0,9,0,8,3,9,6
GCTGAGCTTTTT_8,6,8,6,0,3,0,4,2,7,3
GTCGTCGCCGTG_8,9,7,1,3,6,2,1,8,9,7
CTATCAGGTAAG_8,3,0,0,4,5,4,9,6,5,0
CGGTAGTGCGCC_8,8,7,5,8,6,4,1,8,8,7
ATCGCGTAGCGC_8,7,7,1,9,8,4,2,9,9,4
TGATGCTATGTC_8,6,5,5,4,8,8,9,4,4,9
AAGAGTCGCTGT_8,1,4,5,4,0,0,9,2,4,5
GAAGCGAGATCG_8,9,6,1,3,8,2,3,8,9,9
CGAGCCGAGACT_8,2,0,4,7,2,0,8,6,7,0
CGTCACTAATAA_8,4,1,7,7,7,0,2,9,5,6
ATATTGACCGAA_8,0,8,5,4,2,0,9,1,7,3
CGAGATGGTGAA_8,8,0,1,1,3,6,9,5,2,0
GTACTCCGCCTT_8,0,4,5,7,6,3,9,5,2,0
AATATCACGAGC_8,8,4,4,7,0,1,9,5,7,1
GGCCCTAGTGTG_8,3,0,6,2,7,5,6,5,6,3
CGGAAAGGATCG_8,2,3,4,8,6,2,0,8,8,5
AGAACGGGACAG_8,5,6,7,9,9,2,1,8,9,7
TTTTAGCAAGAG_8,2,9,6,7,5,1,6,6,3,1
GCCCGGGCTTTA_8,8,3,5,6,5,2,1,8,5,7
GGTTGCACCTTA_8,2,9,2,6,4,0,9,8,7,8
TAGGCGAGATTC_8,0,5,4,0,7,0,5,7,2,1
GTCGACGCCGAG_8,3,1,7,3,2,5,4,9,7,4
TCCATACGAACC_8,3,0,6,1,4,5,5,1,4,2
TCGCGAAACTAC_8,3,6,7,3,9,4,0,2,0,7
GTGCATCCATCG_8,8,2,8,5,1,6,9,6,4,0
GATTAAACCTTT_8,6,9,0,1,4,5,5,6,2,4
GCAGTCGTACAC_8,9,6,1,8,9,2,1,7,9,8
GGTAGTTGCGCC_8,3,3,1,9,4,4,5,9,1,5
ATATTCAGAGGG_8,3,3,2,3,4,0,1,7,9,4
CCGGAGCCACAT_8,4,4,5,1,2,8,0,9,4,0
TACCCCATACGC_8,4,9,8,5,3,1,5,7,3,4
TTAACTGAACCC_8,2,4,8,8,6,3,2,1,1,8
GAGCCATCCGAT_8,6,9,8,5,2,8,9,1,8,1
CTAGACAGTTAG_8,9,4,3,1,4,1,0,2,2,7
TGCAATGGGGCC_8,6,0,0,5,7,3,4,6,2,2
GAAGACTGTCAA_8,4,9,6,1,7,6,0,6,6,3
TTGGATTTAGTT_8,2,1,5,1,7,1,6,0,7,2
TGGGTGCTACTG_8,9,1,5,3,7,6,3,6,0,8
CGACTTCTTCCG_8,7,1,3,6,5,1,9,7,3,8
CTCCTGCGAGGC_8,3,3,7,3,8,4,3,8,0,7
GTACGATATTTA_8,5,1,6,1,2,9,5,1,1,6
ACAGGATATAAC_8,4,2,8,4,2,8,2,5,2,0
CGAGGGCGCATC_8,6,2,0,8,0,6,6,1,2,2
AAAGCTATGTTG_8,2,5,5,4,7,8,6,5,4,8
GTAGGGAGCGGC_8,9,6,5,1,4,4,9,2,2,3
CGTACTACCGCT_8,7,6,5,8,5,0,8,2,1,2
ATTGTGAGGCGT_8,8,3,1,1,4,0,9,2,4,5
TCCAATTGCTCA_8,2,9,0,4,8,1,6,1,1,8
TTAAGTGCGGGC_8,8,4,0,1,3,6,6,4,5,4
GTCATGAAACTG_8,5,8,0,4,4,7,2,2,5,2
CGAACCGTGAAT_8,6,2,0,8,0,3,5,6,4,3
ACGGCCGACAGA_8,3,2,9,5,1,2,3,7,2,7
GGGGACAGTGAC_8,1,9,6,0,3,8,7,5,7,1
GATAATTATCTG_8,3,0,5,3,8,6,0,9,5,5
ACCCGCGGCGAA_8,4,7,1,3,9,4,2,3,1,5
TACCTCGAGATA_8,8,1,3,5,6,1,3,2,5,2
CAACGGATTTGG_8,0,5,8,7,7,9,5,5,3,9
GATTAAACCTTC_8,1,4,4,1,5,6,6,2,6,1
TGTCTCTCATTC_8,3,0,3,4,0,2,4,2,0,7
TGAGCTAGCTCG_8,2,8,6,2,9,4,8,8,2,7
TATGACGCACAG_8,3,4,8,2,4,6,0,2,1,5
TCACTTCGAGCT_8,6,0,6,0,0,9,4,6,3,5
TTTGCGGGCCGG_8,4,3,9,6,8,2,1,2,0,8
AGCCCAATAGAA_8,0,2,5,1,2,9,4,4,5,5
CACGGATCCGGT_8,8,6,7,2,0,0,3,8,0,9
GGGTCCACCTTC_8,6,8,5,4,0,3,6,5,3,1
GCACTTCTGAAC_8,1,3,9,0,3,0,4,3,0,6
ACCTAAGATCCC_8,0,8,8,0,0,7,4,7,8,3
AGTTGCGGCGGA_8,3,6,7,7,6,3,8,6,1,6
TTCACGGCGGTG_8,4,9,9,6,9,7,9,1,4,8
TGTACGAACCGG_8,2,0,9,4,1,6,9,5,7,0
TATATAACTGAG_8,4,5,0,9,3,7,5,6,2,1
GCTTAGAGTCGA_8,3,8,9,1,7,6,4,8,5,8
AGCACGCGTTAG_8,0,3,3,6,8,2,9,3,3,2
AGATTGATCCAT_8,2,0,2,0,7,5,8,1,6,4
GCAACGTCCGTT_8,3,4,1,3,1,8,9,8,9,8
TCGCAACACTTG_8,1,4,4,5,7,5,6,7,3,4
ACAATCTTGCTA_8,7,1,9,8,9,0,0,8,5,8
GTAGATTGTAAC_8,7,8,7,9,1,0,9,7,4,5
ATCCGTGGTCAG_8,5,9,6,7,4,8,8,1,7,1
TGAAGACAGCGC_8,9,0,1,2,9,4,2,3,0,6
CGTACTACCGCG_8,3,5,1,3,3,2,2,8,5,9
GCTGTGCAACGC_8,7,1,7,6,3,2,1,8,0,8
GCCGCCGGGGAG_8,3,4,7,9,0,1,0,6,0,2
TGTTTGATCCAC_8,4,6,3,3,1,5,3,8,7,4
CGGCACCTGTAT_8,7,8,9,5,7,7,9,9,2,6
ACACCTTGATGA_8,9,3,9,9,9,7,9,9,7,9
CAAGTGGTTACG_8,9,6,7,4,1,5,5,0,2,8
ATATCTTCATAT_8,6,8,9,1,2,0,5,6,3,1
CATGCCTATGGA_8,4,3,9,3,8,4,9,7,2,1
CTTCAGCTACTT_8,7,3,5,3,9,6,1,0,0,7
ATCGACTTAACG_8,0,5,4,7,7,0,4,2,8,8
ACATTCTTTAAC_8,0,8,4,7,7,3,6,4,2,4
GTGGGTTCGTTC_8,3,9,2,8,5,7,2,2,1,5
TTGGCCTAAAGT_8,6,0,6,7,6,1,4,7,3,1
GCAAGCAACTGG_8,5,1,1,6,8,4,1,9,0,7
GTTCATCCGACC_8,6,8,6,0,2,0,2,6,3,1
TGGTATAACCAG_8,2,5,2,8,8,6,3,0,1,2
GCAAGACGTAGT_8,9,9,4,8,3,8,6,6,1,9
TCAGATGCTCAC_8,6,8,6,7,0,5,5,2,2,9
ATAGTCTCGGTG_8,5,1,1,7,2,0,4,5,8,6
TCTGCAGACACT_8,1,9,4,4,7,0,5,5,5,0
TTCGACGTGCCG_8,9,1,0,1,0,4,3,7,0,4
TCTGTCTCTGTT_8,7,4,9,8,2,9,9,3,7,9
GTCCATAAAGTT_8,3,7,5,0,0,7,8,1,1,5
GAAAACCTCGTG_8,4,3,7,3,4,7,7,3,4,8
GGGAAGAAGAGC_8,6,9,2,4,4,8,4,6,6,1
CACGTCCTGGGA_8,5,3,1,1,2,9,4,5,7,0
GTAACCGTCTTG_8,1,5,3,1,5,5,5,5,5,5
AGAGATTCCTGG_8,5,2,7,6,7,4,1,5,1,6
ATAAAATAGCGC_8,1,5,4,0,2,8,4,6,2,9
ACCTCGTGATGC_8,1,2,5,4,3,3,9,3,7,3
GCCCGACTCTAT_8,8,8,3,0,0,1,4,1,3,0
TTCCATCTAAGC_8,8,1,2,6,0,7,9,9,7,5
CCCTTGCTGTAA_8,1,5,4,1,5,8,9,5,2,3
TACAGTGCCTCA_8,3,4,0,6,6,7,8,3,5,7
TGGGATTGGCGC_8,8,9,1,5,1,1,2,9,0,8
CTGGCAGTGCTA_8,5,6,3,3,8,8,3,0,2,8
TACGAATCTGAC_8,8,4,9,8,8,8,8,0,0,2
CAAAACGTAGCC_8,0,8,8,0,7,0,7,7,5,0
TCTCCTACCGCT_8,8,4,1,8,9,8,2,8,0,7
GCTATCCTGCCC_8,1,8,6,5,0,0,0,2,6,5
TTATTCAGCCTG_8,5,9,5,1,0,4,8,8,0,4
AGTTAAGTGTGG_8,2,9,3,1,4,8,0,7,5,5
CCTAAAATGCTT_8,0,2,4,0,2,3,7,5,7,1
CTGGTGCCCCCC_8,6,5,9,9,2,0,4,7,8,0
TCGGCCGGGGCT_8,8,3,0,3,9,7,8,0,9,2
ATAGCATTAACA_8,1,5,5,5,3,0,4,1,1,0
TATGCAGAACGA_8,2,5,4,4,7,9,6,9,5,1
ATGGCACCTGGT_8,6,4,8,7,5,2,0,4,0,7
TTAGAAGCGGAT_8,5,2,8,7,2,3,5,1,1,0
GGGCCAACCTAA_8,1,6,3,7,0,6,9,6,4,9
AGGAAGACCAGG_8,5,4,5,6,7,1,2,5,9,8
TGACAGTACGCT_8,1,4,2,6,3,6,7,2,3,0
ATTAGACAGCGA_8,9,6,3,9,0,7,8,5,8,4
GCCGCCTGAAAT_8,8,3,5,7,3,6,5,3,1,6
ACCCACGAATCG_8,1,4,4,5,5,5,6,3,4,1
CAGTCCGAATTC_8,3,2,1,1,4,1,0,0,6,2
GCCACTATATAT_8,9,0,1,8,8,4,3,1,0,4
CGACCTATCAGC_8,6,2,5,0,6,1,4,7,3,5
AGGCTCAATGCC_8,8,0,1,7,1,1,8,9,0,8
TACCTCGAGATT_8,7,3,1,5,6,2,1,1,1,7
GTATGGTGTACA_8,4,4,9,2,4,3,1,2,5,9
GTTCATCCGACA_8,4,2,5,5,2,3,4,4,5,3
CCTATATACCAA_8,2,4,5,0,7,3,0,4,8,1
GATATATCACTA_8,1,4,7,7,0,1,5,7,2,2
TTAATGCATGTT_8,2,5,9,8,2,5,9,7,6,2
GAGCGCACCTAA_8,8,5,0,9,9,2,1,2,4,5
CCAGAGTCATCC_8,4,3,2,9,0,9,0,9,9,1
CGTACTACCGCC_8,8,3,5,9,9,2,9,0,5,4
AACGAATTACAC_8,9,6,5,3,1,2,2,3,0,8
GTAAATGATTTC_8,5,7,1,5,4,8,9,9,9,0
AACCATTTAGCC_8,7,7,7,8,4,6,3,0,7,2
GCTCTAATATTA_8,1,0,6,5,3,7,6,5,6,1
TCCATAGAGACG_8,2,7,7,3,4,2,1,8,9,8
ACACCTTGATGC_8,3,6,7,5,9,3,3,0,8,6
CTATTAAGCTCG_8,2,0,3,5,2,7,5,6,2,0
AGTCACGGACGC_8,5,7,9,6,9,3,2,9,5,7
AATTGGCTGCTC_8,7,7,7,8,9,4,0,7,0,6
TTTCGCTACTGA_8,9,3,3,6,6,0,0,8,8,4
GCTTCGTCTAAA_8,5,7,1,3,9,1,0,9,0,7
GTAGCTATTTGA_8,4,0,8,0,5,7,4,6,6,5
AAGGCGGTAAGC_8,7,4,1,5,0,6,2,2,2,2
GTATTGTGTTTG_8,2,1,9,1,8,8,9,3,3,5
GTTTGAATTTCT_8,1,8,6,7,7,5,5,5,6,0
TCTGTCCACACG_8,9,6,2,3,8,5,1,1,1,7
AGAAACTAAGTA_8,7,7,7,3,8,2,1,8,1,1
GTTCATCCGACT_8,4,2,4,9,3,5,5,6,2,5
GTCACGGCCTGT_8,8,4,2,0,2,5,2,9,5,2
ATTCCGGCACAG_8,4,5,6,9,5,0,4,9,4,5
ATGCAGGTACCA_8,2,2,6,4,3,9,6,6,4,3
TAGACGTGTGTG_8,7,6,1,3,4,2,9,0,0,6
TTAGACAAACGC_8,8,9,2,0,2,9,6,5,3,1
ACTTTGGTGTGA_8,5,6,3,3,8,6,2,9,0,2
TCCCGCGCCAGA_8,3,7,0,3,1,8,4,1,1,4
CCTAGGCCGTAG_8,5,1,0,3,8,0,2,3,0,4
GTGCAGTTGATT_8,3,9,1,3,4,6,8,1,1,7
AGCAATCTACTG_8,0,5,6,7,2,5,5,3,4,1
CTCCCAGTATAG_8,9,6,7,3,9,4,9,0,9,6
TGCCTCTCTAGG_8,1,4,2,4,2,5,6,6,3,0
CGGCTTGAAGTA_8,5,1,7,3,9,2,3,8,9,8
GCAAGCAACTGT_8,8,7,8,6,9,4,2,7,8,8
GTTTATTCAAGC_8,7,6,1,3,8,4,0,8,7,6
CGTCAGTTAGCC_8,1,5,4,1,7,6,6,4,6,0
AATACTAGCACT_8,7,6,5,8,8,8,0,9,7,8
GAATACACCTAC_8,1,0,9,1,5,3,2,2,6,5
GCATCCCGGTAA_8,9,7,9,6,8,2,0,8,5,2
GCTACCGCTGGC_8,3,7,0,8,0,4,5,9,0,5
CGGACACTAGGA_8,5,1,3,5,1,1,1,9,7,2
CGCGTGAGGTGT_8,1,7,0,0,5,3,9,1,5,2
CGGCTTGAAGTC_8,5,6,3,3,6,2,3,8,7,6
CGGGCCGCAGTG_8,5,6,7,5,1,8,8,2,0,2
CGATCGGATGCA_8,4,1,5,3,4,6,0,4,1,4
GATTCGCCTACT_8,7,8,8,2,7,7,5,2,6,9
ATATTATCTATT_8,5,1,8,5,1,5,8,2,0,8
TTGATTGGTCAA_8,9,0,5,2,0,8,9,6,4,9
TTGGAGTTATAG_8,2,8,6,6,1,1,5,9,5,1
TTCCTGATACAA_8,6,1,9,5,4,7,2,6,2,3
ACTATGCAGCTC_8,4,8,0,5,7,1,5,6,1,5
GCAGCCGTATAC_8,1,8,5,5,7,5,4,1,4,2
CTAATTTGTTGT_8,2,8,8,4,7,0,2,7,8,0
CGGCACCTGTAG_8,2,4,7,7,0,1,7,7,8,0
TTTACCTACGGA_8,6,1,8,4,6,0,5,9,1,6
TACAACTCGTAT_8,0,2,9,0,3,5,4,6,6,0
ACGCTCGTGTGC_8,8,3,3,2,1,4,1,9,8,4
CTAACCCCGAGG_8,6,5,8,0,9,5,7,3,6,3
AAAACTAGAAGA_8,1,9,0,8,9,3,0,7,9,9
CGAAGGCCTTGC_8,5,5,9,7,3,3,3,1,4,9
GTCAGGGTGGTA_8,6,1,0,4,2,3,5,7,1,4
GCCGCCTAATTG_8,2,6,1,2,5,8,8,6,2,7
AGTCCATCCAAA_8,4,2,0,0,2,5,6,6,2,3
CAAAATGTCGTT_8,2,5,6,2,0,9,5,4,2,5
ACACCTTGATGT_8,8,7,9,1,8,7,9,3,2,6
GGCGTCCTCTAC_8,7,6,8,8,9,1,0,7,5,9
GTGCATCTGGGG_8,6,8,4,0,2,0,4,5,7,0
CCTCGCGTTGCA_8,9,3,7,6,9,9,0,9,1,7
CGGCTTGAAGTT_8,9,3,7,3,6,2,3,9,0,8
CTGGCAGTACAA_8,3,4,9,3,4,2,3,0,8,2
GATACCGACCAA_8,7,3,3,9,4,4,3,9,1,2
GTACCTCACCGG_8,6,9,6,7,6,7,6,4,6,0
CGGCCGGCATAC_8,4,5,9,4,4,7,4,2,1,0
ATATCTGCCGTC_8,6,4,4,9,3,1,0,5,4,5
GATTAAACCTTA_8,2,9,4,5,3,6,9,5,3,1
GCCGAGATCGGT_8,9,3,1,6,9,2,3,0,9,8
GTTGCAAGATTC_8,7,6,7,3,6,4,3,0,0,8
CGCAGGCAGTGT_8,2,9,0,4,7,5,4,2,6,8
CGGAGTGCCTTT_8,7,7,7,5,4,8,3,3,7,0
