,0,1,2,3,4,5,6,7,8,9
CCCAAGTAAGCC_7,1,2,8,0,7,0,9,7,7,2
TTGCATTTTAAC_7,2,5,7,7,6,1,6,1,7,3
TGTCCCACCTGC_7,3,1,7,5,3,9,8,4,2,1
GCGATCACTTTC_7,6,7,4,2,3,9,5,8,9,1
CGGGGAATCCGG_7,0,0,5,7,7,8,9,2,5,2
GCCGTTGGGTCC_7,6,9,2,6,9,3,3,0,1,9
CGTTTAGGTCTG_7,2,4,5,0,8,5,4,1,4,0
CCACCGCGGCCG_7,3,7,6,2,3,8,7,3,3,8
ATGGCCCCGTTC_7,2,0,8,6,7,3,4,4,5,7
CGCGCGATTGGC_7,7,0,4,1,7,3,9,0,7,1
GACCCGTCGATC_7,5,3,7,7,6,7,6,1,4,8
AGCCCACTCACA_7,8,3,1,4,2,5,9,1,7,2
AACCCCGGCGTA_7,8,4,1,5,8,3,9,7,8,5
CATGGGTGTCCC_7,2,4,2,7,2,0,4,4,4,6
CTCCTATTCTTG_7,2,4,8,7,6,7,5,9,5,7
CGTCACTCTTAA_7,7,7,3,9,4,5,7,3,3,8
GCAAGGCTCTGG_7,2,0,5,7,3,4,7,8,7,1
CGCCGCGAGCAG_7,4,5,7,7,0,8,8,4,9,5
TGATTGGCATTA_7,2,7,8,6,4,6,3,5,2,8
TAATCCTCGTAA_7,7,8,6,9,4,6,7,5,3,8
TAGGGAACGTAG_7,4,3,9,7,9,2,0,0,8,7
GGGCTACGAGCC_7,9,3,1,8,9,4,0,3,1,6
ACAGGTGCGAAA_7,4,0,7,3,2,4,4,0,2,6
ATCCAGCATGTG_7,2,3,5,4,7,2,4,7,5,2
TGCACGACTTCA_7,1,0,9,0,6,2,2,7,1,7
TGTAATAACTTC_7,2,4,1,0,9,7,0,9,8,7
TCGCATGACCAT_7,5,7,7,9,9,7,4,0,7,0
CGCGTAACACAT_7,0,3,4,4,3,1,1,7,5,2
CGATAACGCTAT_7,9,7,7,2,3,4,6,8,3,7
ATCGGTCCTCCT_7,2,4,5,5,2,2,4,2,4,7
CCAGCCCGCGCT_7,0,3,8,0,8,1,6,1,7,6
GGCTAACGCTTA_7,3,5,0,7,4,3,8,0,0,2
TCCGCACTCGTC_7,6,9,7,3,3,9,3,4,5,1
GTTTCCTTTGGG_7,7,8,3,9,4,6,7,5,3,3
TTCGTGGGGCCA_7,7,8,3,1,5,6,7,5,9,8
CAAAACTCGTCC_7,0,0,9,7,8,2,9,2,1,6
GTAGGAGGAGTC_7,3,8,3,9,4,6,7,9,7,7
CGAAACGGGAGC_7,7,7,3,5,1,1,9,9,7,7
GACATGAAGGGA_7,7,8,3,9,3,5,0,0,7,2
TGCCCTCCTGAT_7,3,4,6,7,8,0,5,5,8,0
TGCACAGCCAAA_7,8,1,7,3,0,7,8,9,9,3
GTCCGGCATGCT_7,6,6,5,5,8,1,1,1,8,7
GTGCGACGATTT_7,7,7,6,9,4,4,7,5,3,7
CCCGTATACCGC_7,3,7,0,2,3,6,7,8,7,7
TCGTCCGTCTAC_7,1,2,8,6,8,4,3,1,2,0
CACCCGATACGT_7,2,0,8,7,7,3,9,2,1,0
TTAGGGTCAGGC_7,3,7,0,3,9,4,8,3,7,3
CTACGTCGTAAA_7,7,7,6,9,1,6,7,3,3,1
TGCCGAGGATAT_7,2,9,4,5,7,9,9,4,9,5
TCCCTGCTCCTC_7,5,6,5,5,2,8,9,3,1,6
TTAAGAGGCGGT_7,3,7,3,3,7,6,9,5,3,8
AATACTCGCGCT_7,5,0,5,7,2,3,3,0,8,5
ATCCTGTCAGCC_7,5,5,7,7,6,1,0,8,9,1
GCCCGATAAAGT_7,0,1,5,2,0,9,6,6,9,1
CGGAGAGTCGGA_7,6,9,5,5,2,9,9,8,2,5
ACATAGCCTGGC_7,6,3,8,7,2,3,4,0,8,0
TGGATCGTAATG_7,3,9,2,0,1,0,5,7,1,6
AGAGTAGCCCGT_7,7,8,0,5,8,5,7,5,7,7
CGTCCCAAGTGC_7,3,8,3,9,1,6,7,8,3,8
CAGCCTAAGTTT_7,2,0,8,8,8,4,5,7,5,0
GCAATTCGCTTC_7,0,4,9,4,2,7,9,0,8,6
TGCAAGAAACGG_7,6,9,4,3,5,9,3,4,2,1
ATTCGAAGGCAA_7,4,8,8,8,8,5,4,5,2,0
ATTGGACCAGAC_7,3,6,3,9,3,6,5,5,3,8
TGGAAATCACTC_7,8,3,8,6,7,1,9,1,8,7
GTGATCAGTAGC_7,7,8,0,3,4,5,7,3,3,8
ATTAACATTAAG_7,3,8,7,9,3,4,8,9,0,5
CGGGTTATATTT_7,4,0,3,8,7,3,1,9,3,0
CACTCCTGTCCG_7,2,4,8,7,9,1,2,9,6,6
GATTCCCCAGAA_7,2,0,2,6,7,1,1,2,4,4
CGGGGCCACCTC_7,8,4,8,5,1,1,2,2,6,2
ACGACATCGGCT_7,9,0,8,8,0,3,6,9,4,2
ATCCTGTCAGCT_7,6,5,8,7,9,7,8,0,9,5
TCTCGTTATCCC_7,1,9,2,3,2,0,6,7,5,9
CAGCCGACACGG_7,2,3,6,9,9,7,0,3,8,3
CTAGCGAATTCG_7,2,6,5,1,9,2,4,3,8,0
CTAGTTGCTGCG_7,1,9,1,0,0,0,4,7,2,4
CGCATGAAACTT_7,8,0,8,0,7,1,9,9,4,0
TCCTAGCTCAGT_7,3,1,7,9,4,8,8,8,9,7
CCGGCTATTTTT_7,9,3,1,5,7,4,5,9,5,6
CTGATAGGGCAC_7,7,8,6,9,4,6,7,3,0,8
ATACAAGCGTGA_7,1,9,5,5,2,0,3,4,2,2
CTGGTTTGACAC_7,1,0,4,7,3,7,6,4,7,1
TGCAGTGCGCCG_7,3,8,3,1,1,6,7,5,7,8
GATGAATGCGGT_7,0,4,5,4,2,3,6,4,2,2
CGTCACCTTTCG_7,4,1,2,7,8,1,6,2,7,4
CCGTGCTAGTAG_7,3,6,7,0,1,8,0,8,8,8
AGAAGCCCAGGA_7,0,3,8,8,0,3,6,6,1,2
ACCGACCCTGGG_7,2,3,9,3,9,0,4,2,2,9
CAGTGTGCCCTG_7,1,0,2,0,7,3,2,1,8,2
GTAAGATGGATG_7,8,0,9,6,7,4,2,6,8,3
ATGCATGATCGC_7,2,4,4,7,7,3,3,1,2,4
AGTCCCCTGAAT_7,6,2,7,7,6,7,0,9,0,3
CGTCAGAGGTTG_7,3,1,0,4,7,3,6,8,6,6
CGGCCTTGCAAC_7,1,1,2,7,2,2,6,4,5,1
ACTGAGGTATTG_7,1,0,6,1,4,3,2,9,7,3
ACCACCCCCAGC_7,9,5,1,7,9,3,3,7,6,4
TACAATCGGAGC_7,8,6,8,3,2,3,9,2,2,5
CTGGACACGGAA_7,0,4,8,0,2,3,2,1,8,2
GACGATTCACAT_7,5,5,7,0,9,7,8,6,6,6
TTCACTTGTCGT_7,4,0,5,8,8,1,4,2,4,7
CCACACCCTTGG_7,5,1,2,6,9,1,4,2,7,3
GGGATGAGATTA_7,2,3,8,0,2,4,4,2,5,9
GCGGACCCTATA_7,3,5,4,2,5,9,8,8,9,1
AACGGCTGATCA_7,6,3,8,8,0,1,2,1,4,6
CACAAGATATTC_7,1,2,8,0,8,0,5,2,6,2
CGCCGCGAGCAC_7,1,5,7,3,3,8,4,4,2,5
CAAGGGTTGCCG_7,1,0,5,5,3,1,9,6,4,9
CGGATGTGCCAG_7,6,9,5,2,2,3,9,7,5,2
CCCGGACGGCTG_7,1,6,3,3,7,5,7,5,2,8
TGTCAATCGTAG_7,4,2,5,3,4,8,6,3,8,3
AGCCCGCCGCAT_7,6,0,2,0,8,0,9,7,6,3
TGACTTGGTTCA_7,3,8,3,1,4,5,7,3,3,8
CGAAGGGCGATC_7,0,4,5,4,2,5,2,2,8,6
TATCAACTCGCA_7,9,3,5,8,9,0,2,1,8,7
AGATTGTAGGTA_7,7,2,6,3,4,3,7,3,3,8
TCTTCGCATGAC_7,7,7,6,8,4,6,7,3,3,7
GACGCTGCCCGT_7,3,7,7,9,3,6,7,8,9,8
CCGAGCTCCGAT_7,9,8,3,8,5,8,7,8,3,7
ATACTTCGACTC_7,3,6,0,9,5,4,8,8,3,4
ATGGCGCCGCCC_7,3,8,0,9,4,8,8,8,0,8
TATTGTTAGTCT_7,3,8,6,8,4,4,0,5,3,3
TCGCCATCTTCT_7,4,1,0,4,3,8,8,8,9,6
AGACATCAGTGA_7,8,3,2,7,2,2,4,1,7,0
GGAGATGGCGAC_7,0,0,0,8,7,1,9,2,5,0
GCACTGGCGCAG_7,0,4,9,5,2,0,4,2,1,0
CAAGCGGCCGCA_7,4,5,0,1,6,7,8,4,0,1
CGGTATCGTAGT_7,6,1,7,2,3,4,5,8,9,5
CGTGAATTTAAA_7,1,9,2,3,5,3,5,6,5,5
GCTCAATGCTTC_7,6,3,9,8,2,2,1,6,4,2
CCCCCGTGCCTT_7,8,3,8,6,0,3,5,0,2,4
GCATAACTGCAC_7,2,0,8,5,8,1,2,7,1,5
TAGATTATTAGA_7,2,9,2,3,0,1,5,4,5,4
ACTACGTCATGA_7,3,6,0,9,9,8,5,5,3,2
GGACACTAGGCA_7,0,0,9,1,7,7,4,6,7,2
CGGAGAGTCGGC_7,0,9,5,5,2,8,6,6,5,1
TTAATCCTTACA_7,3,1,3,3,1,2,5,4,9,1
AGGCTAATACGC_7,6,0,2,0,9,3,9,1,1,2
GAGGGTCGCGGA_7,0,9,5,7,3,4,1,0,8,5
TTACCGTTTGCG_7,0,6,9,0,9,0,5,1,1,5
CGAGTACCAAAA_7,2,9,2,4,0,1,1,2,5,5
CGCTAGAGGCAT_7,4,5,2,7,6,7,6,9,1,1
GACTTGGACGAG_7,1,4,9,5,8,3,1,0,5,1
GACATTTGCTCG_7,4,0,9,5,7,3,4,1,2,5
ACTCAAAGATCG_7,1,2,2,8,0,2,5,7,4,2
CAAGTGCGCCAG_7,1,1,2,8,9,8,6,2,4,5
ATCCTGTCAGCA_7,3,6,4,5,9,4,6,9,1,5
ATAACATGGGCG_7,5,5,5,8,7,7,0,8,2,2
CGTCTACGATCT_7,7,8,6,5,4,3,7,5,3,7
GAATCGTTTCGG_7,0,3,2,0,2,1,2,0,8,2
ATTTCTAGTATT_7,9,2,3,6,8,8,9,1,3,7
CAACGATATAAT_7,0,6,9,0,7,7,2,2,1,4
CTTAGAGGAAGC_7,1,9,4,6,2,9,6,6,9,9
GGTCCGGACGAT_7,8,0,8,0,8,0,4,6,8,2
TTAAAGTGACTG_7,1,2,5,3,0,6,5,4,9,2
GCGTTTTTGATC_7,9,5,7,9,3,8,8,8,3,1
CGCCGCGAGCAA_7,4,5,7,3,9,4,4,4,9,5
AATCCTCCTGCT_7,5,2,8,8,7,0,9,1,1,0
GTAGTCGTTACT_7,8,1,4,5,3,4,3,9,9,4
TTAGATCGAGGA_7,3,7,3,2,5,5,3,3,0,7
TTAGCGTTGCGA_7,9,2,1,1,6,4,4,0,1,7
TCGCTAGACCCC_7,9,5,7,8,9,5,0,9,0,3
CATATTCGTGTC_7,2,0,9,6,9,3,2,1,4,0
GCGGTCTACTCA_7,0,4,9,7,9,1,4,1,8,6
TATTTGCAAGGC_7,7,8,6,9,4,6,7,9,3,7
TAGACCTTGAGC_7,5,4,8,6,6,0,6,1,8,7
GTCGGAGAATTT_7,3,6,4,3,5,5,9,3,0,2
GAGTAACTAGTA_7,3,8,1,3,1,8,6,1,9,6
ATAATCGATTGA_7,9,5,0,7,8,7,8,9,3,0
TGGCAAGGACAA_7,0,1,2,4,0,9,6,7,5,5
CGCACGACAGGA_7,0,0,2,8,0,3,6,1,9,6
TGCTATGTTCCT_7,8,0,9,0,8,0,9,0,4,0
CCCTACCCGCTG_7,8,4,5,1,8,1,4,2,4,0
GGCGCCCCAACG_7,6,9,7,2,3,9,9,1,9,1
TTACCAAGATCG_7,9,2,3,9,3,7,0,4,5,0
GTTCTTACGCAA_7,2,4,8,0,1,1,2,1,1,7
GCGCCGCGATGT_7,5,1,3,6,6,4,8,9,1,4
CGCATCCCGTCG_7,2,9,5,7,2,3,4,4,5,2
GTAACGTCCGAT_7,5,7,7,3,1,3,9,8,0,5
GATCGAGGCAGG_7,1,6,3,0,0,0,9,0,4,5
CATGATCGATCC_7,2,0,1,4,5,1,9,6,5,6
CGCCCGGCGCGC_7,3,5,4,2,3,9,8,8,6,1
CGCATCCCGTCC_7,1,6,5,7,2,0,6,6,9,5
AGTACCTCTTTG_7,5,1,1,6,6,4,1,0,4,3
TACCCATCATGC_7,4,6,6,9,0,4,8,4,0,1
GTACAGCAGGTT_7,7,8,6,3,5,6,7,3,2,8
CCCACGGGCCTG_7,3,1,0,4,3,4,0,8,3,1
ATGCGGTCCATG_7,5,5,0,2,0,4,0,9,9,1
CGTGTCCTACTA_7,8,0,9,0,8,4,2,2,6,6
CGAAAGTTAATC_7,0,6,8,6,9,2,9,7,8,9
TCCGCACCATCG_7,7,8,3,9,1,6,7,5,3,7
ACGGTGATCGAC_7,8,4,8,6,7,3,4,3,5,5
GTCCCGTTCCTG_7,3,7,7,3,1,9,8,4,9,5
CCTCCAGCGGAG_7,0,9,1,7,8,1,1,7,5,4
TTTTTGCGCCAA_7,6,9,4,3,1,8,5,8,2,8
TCTCTCTGAGGC_7,0,2,9,7,7,2,1,0,4,2
CTCGGCGATGAG_7,3,7,0,2,1,5,7,8,3,5
TTCTTACCGAAC_7,5,5,0,5,9,4,8,8,0,6
AAGCCCAGGTAA_7,5,6,4,5,1,8,0,8,0,7
TCTCCACCCCAA_7,2,0,8,6,6,3,3,0,8,0
GTTGCTTTTCCG_7,1,3,9,1,2,5,5,1,5,9
GTACCCAGGCGT_7,6,9,4,3,5,2,5,4,2,3
CGCGCGTCCACC_7,3,5,4,2,5,8,0,8,2,2
CCGGGGCCTAAG_7,5,5,0,2,8,3,6,4,0,4
TTCGCATCCGTT_7,2,2,1,6,8,0,2,7,7,1
ATTGACAATCAG_7,9,2,6,1,6,7,1,1,6,6
TTGACGCACATA_7,0,3,9,1,7,3,1,2,8,5
ATTCCGCTCTGC_7,5,2,8,1,9,4,1,1,1,6
CGCCGCGAGCAT_7,3,5,7,4,3,3,8,8,2,2
GACCCGACGTAC_7,0,2,9,4,7,5,1,6,6,2
CCTCATGCGATT_7,4,5,0,2,6,7,8,8,0,1
ATTTAGTCTCCA_7,7,2,3,9,1,6,0,8,7,0
TCGGTGACGTAG_7,4,0,1,5,2,1,6,7,2,9
TCCTTTGCACGC_7,3,8,6,3,3,7,8,3,6,7
CCACCACATTGC_7,9,1,4,5,9,4,3,2,2,9
AAGTACGTAGAA_7,5,8,6,0,4,3,0,1,0,8
CCATGTCGTTGG_7,9,5,0,5,4,8,8,8,4,7
AGTGAATAGCAG_7,7,7,6,4,4,6,0,5,7,7
CAGAGAAGCCAT_7,2,1,8,6,8,4,2,1,7,3
CACCCGATCCCA_7,4,5,0,8,6,4,8,4,3,7
AGACCGTACCCT_7,4,0,8,0,7,4,4,2,4,0
ATTACGTCTCAT_7,9,4,8,8,5,2,2,9,7,0
GTAGACAAGATG_7,6,9,4,7,6,4,3,2,4,5
CCTTTACCTGGT_7,6,5,4,4,0,7,3,4,9,4
ACAACCGCTGTA_7,1,1,2,7,0,1,5,7,2,5
CGGAGAGTCGGT_7,6,5,4,1,1,9,3,4,9,2
CATCTCTCTATT_7,8,2,8,8,6,7,0,9,2,3
ATCCTTTTCGTC_7,7,8,6,3,1,6,7,3,3,3
ATCGTTTGAGGC_7,0,9,8,0,2,4,2,6,5,9
GTTGTAGGTATC_7,8,4,2,7,9,0,2,7,4,3
CACTTGCTGAGG_7,7,7,6,9,4,5,7,3,3,7
CTACCGCTTTAC_7,7,8,6,9,4,6,7,3,3,3
CAACACGTAATC_7,9,0,2,4,8,1,1,1,4,2
CGCCCGTGCCTA_7,3,9,3,2,1,6,7,5,7,1
CCCGGACGGCTC_7,2,6,0,6,5,8,1,5,8,2
GGATATCCACCT_7,7,8,6,3,1,6,7,3,7,8
CGGAGGTCGAGA_7,4,5,0,5,8,4,1,0,6,2
ACCAAACCTCAA_7,9,7,6,2,5,6,8,9,0,3
TAGAAGCGAAGT_7,1,8,3,6,1,6,3,5,9,8
TCAAGAAAATCC_7,3,5,7,3,1,9,8,8,9,1
GCCAAGAGATAG_7,0,9,7,4,3,8,3,7,9,1
CCCCTCTGGAAT_7,6,4,4,7,0,0,2,7,8,2
CGCCCGGATCTA_7,2,0,1,8,2,5,9,0,2,0
CTTCTCAATCTT_7,2,9,4,4,0,3,9,4,8,4
CGCACGACAGGC_7,1,3,2,5,3,0,9,0,2,0
CTACTACGTTCT_7,6,3,0,3,7,7,3,9,3,4
ATACGCACGGAC_7,0,2,4,5,3,2,6,1,2,2
GTACAACCCTAA_7,6,1,4,2,3,9,5,6,5,1
GAGCTCAATCCT_7,8,3,8,6,8,3,1,4,5,6
CCGCGCGGACGC_7,6,5,9,2,1,8,9,8,1,6
GTTGATTTGCAG_7,7,7,3,1,5,2,9,8,7,2
CGCGCAGGATTA_7,0,2,1,0,9,4,9,1,1,6
TGACTATTCGCG_7,1,9,2,6,2,3,5,7,5,4
ATGGATACGCCG_7,0,6,9,3,9,3,4,1,1,1
TTGGTGTCTTAG_7,5,8,0,3,5,9,9,5,9,2
TGTTTTAGGATT_7,9,2,0,6,5,1,2,2,4,7
CCCATAACTCTT_7,3,1,3,9,4,5,7,8,0,3
GCAGCGTTCAGA_7,0,9,7,5,0,4,8,7,1,9
AGACGTGGTCTC_7,5,5,6,3,4,1,0,9,6,7
TCCCATTGGATA_7,8,3,9,8,0,1,1,0,8,2
ACGATACCTTGC_7,8,4,8,6,2,2,1,1,1,6
GATAACCCAAAT_7,9,3,8,6,7,8,9,2,8,0
CTGCGCGCACGC_7,6,9,4,2,0,9,9,0,6,6
AACGACCAGATA_7,9,8,6,6,1,6,7,5,3,3
CTCCTTAGTGGT_7,5,9,9,9,6,7,8,1,5,0
CGCCTCATAGCT_7,1,9,2,6,3,9,9,7,2,1
CAGAGCCCCGGT_7,7,8,4,1,4,6,7,5,7,9
CACAGAGCGGCA_7,7,8,6,9,4,5,7,3,3,7
ACTCCGCTACCC_7,9,4,2,0,1,1,4,1,6,0
AGCTAAATGGCA_7,5,0,8,0,9,1,2,2,8,0
GTCACCTACCAG_7,8,7,3,9,5,7,0,9,7,3
TAGATGAATACA_7,7,8,8,5,9,5,9,5,7,3
CACAAGGGTCGT_7,6,1,7,2,3,7,0,9,6,4
CGCATCCCGTCT_7,0,2,5,7,5,2,9,7,5,9
CCTAACCGAAGT_7,7,7,6,3,4,6,7,3,3,0
TCTCCGCACCTG_7,4,4,6,0,8,2,5,9,5,0
ATTTAATAGCGG_7,9,5,4,9,9,5,0,6,7,3
CTTCGACCAGGA_7,6,1,4,0,2,1,4,6,1,0
GTTAAACGCCCT_7,5,4,8,7,2,1,9,2,5,2
CAGAGCTTTTGC_7,3,7,3,5,3,5,9,5,2,7
TTAAGAGTCTAT_7,5,0,5,0,8,7,4,1,5,6
AGCAGTGCCAGG_7,3,1,7,2,3,7,8,8,9,1
GTCCGCGAGTCG_7,2,2,5,6,7,2,3,0,6,4
TCCCCGATCGAC_7,2,9,4,3,2,8,5,5,2,9
CTTCAAGCTATT_7,3,6,4,8,1,6,5,3,9,8
AGCGCGAGCAAT_7,5,7,7,9,0,8,8,8,9,8
GCCAGGTCAAGT_7,2,3,1,1,8,0,4,0,8,1
TTCGTATATTGA_7,0,9,9,8,7,3,9,7,5,6
AACCATTGTATT_7,7,8,6,9,1,5,7,3,3,8
CCCCAGAACCGC_7,8,2,8,5,1,1,4,0,4,0
GAGCTCAATCCC_7,5,0,5,0,0,3,2,7,8,2
AGAAGCTTATGC_7,7,7,4,1,1,5,5,5,9,7
TGGAGCAGTTAC_7,3,5,0,2,3,9,6,8,0,6
CGGGTCGCGGTC_7,5,3,4,4,5,2,9,6,6,7
AACCATTCTTTC_7,5,1,1,6,8,0,4,9,8,4
GATGCTCATTCC_7,8,9,9,4,2,0,6,4,8,2
TGACCAAAGGTC_7,0,3,8,8,7,3,4,0,6,6
TGGCATACAGTC_7,7,5,0,2,3,4,6,9,7,6
TTATTCGCGATG_7,1,1,0,7,2,1,5,6,4,4
GCTCACGGAGGG_7,3,7,3,9,3,9,8,8,0,1
CCGGCGCCGTTT_7,1,2,1,4,2,5,5,0,7,5
GCCGGTCCGAGG_7,6,9,9,6,0,2,1,1,2,9
CGCATCCCGTCA_7,2,6,9,6,2,0,9,5,2,2
CCTGCATTTCCG_7,0,5,1,8,8,0,9,7,2,5
AAATACATCGTC_7,4,7,0,9,6,7,8,9,3,0
CCGCAGGCGGAT_7,6,2,1,0,6,2,2,7,4,6
CAGGATGGAAGT_7,6,9,2,7,0,2,3,4,2,9
GTTGAGGCCGAG_7,4,5,6,9,6,5,8,8,0,7
TTAACACCCCTG_7,8,0,9,4,7,0,2,4,2,0
ATCACCAGCCTG_7,9,7,6,9,1,4,8,5,3,7
AGAGTCTACCGG_7,1,4,2,3,2,1,2,7,4,2
GACAGTAAACCC_7,4,5,0,9,3,9,6,8,0,4
GCGCGTGAAACT_7,6,6,5,7,8,1,9,2,6,0
AGAGCAATCCGC_7,1,9,5,5,2,0,9,6,2,6
GACGCCTCCCTA_7,8,6,2,4,7,4,2,1,1,0
TCTTTGCTACTA_7,7,8,6,9,4,4,5,3,3,8
CGGGGATTGCCG_7,0,9,3,8,3,9,7,2,7,8
CCGTATAAGCCC_7,5,5,7,7,6,7,0,6,0,4
CCCGGACGGCTT_7,7,8,3,6,1,2,9,5,1,8
GGCGTAGTACCT_7,7,8,3,9,1,6,4,5,0,0
CCCGGTAGTAGA_7,6,5,7,2,5,9,0,0,9,1
AGCCCCAGGCTA_7,2,4,8,1,9,7,4,2,8,5
ACAGGAAATCCG_7,9,1,8,7,8,4,6,9,8,4
GCTCCTTCGTAG_7,6,1,7,1,3,9,6,8,7,1
AGTCGCGCTCGC_7,5,6,2,0,8,4,1,6,1,9
GAGCTCAATCCG_7,8,4,2,8,7,2,0,7,1,0
ACTAAGGCGAAC_7,7,7,6,9,4,6,7,3,3,7
ATTCCTGCCCTG_7,6,9,4,2,5,1,9,6,4,0
AGTCTCCCACAG_7,5,1,4,8,3,0,6,6,2,9
ACCCATTTCATG_7,8,3,8,8,7,0,4,2,1,2
CACCCTGCGGCT_7,0,8,4,4,8,3,4,3,1,2
TATGCATGCAGG_7,5,2,8,1,7,3,2,0,5,0
GACGAGCGGCAC_7,8,0,9,0,9,3,9,1,4,2
GGTGCCGTAAAC_7,7,0,9,8,4,5,4,7,7,8
GAGTCGCGATGT_7,0,4,2,6,9,1,9,1,6,7
GAGGCGGGATGG_7,7,9,0,2,2,5,7,8,2,8
AGCTAGCGGAGG_7,8,5,6,5,5,8,8,9,0,0
GGTAGCCGTAGA_7,3,5,7,2,3,9,8,8,2,9
CGACTTGTCTGT_7,9,2,8,8,8,3,2,7,8,3
TCTCTGTCTCCT_7,9,8,6,4,1,6,7,9,3,8
GGCAGACCGAAG_7,5,0,2,4,2,0,2,6,8,2
ATCCCGATGCGC_7,6,5,4,2,3,8,8,8,9,1
ATCGGCCTGTCT_7,2,4,1,6,7,2,4,2,6,4
CCTACATAAGGA_7,2,0,5,0,7,3,4,0,8,2
GTTACGCTTCTA_7,5,5,8,5,5,8,0,9,6,4
CGCCAATGATAT_7,5,3,2,8,8,7,8,0,8,7
AATTTTCGACGA_7,8,3,2,0,9,5,9,7,4,1
TCCGAGCGCTAG_7,8,3,8,4,9,1,9,2,8,0
CCCGGGCGAGGA_7,5,5,7,3,3,4,8,8,0,3
CATGGCATCGCC_7,4,2,2,0,7,4,1,6,4,1
ACCACGGGCTCC_7,3,8,7,2,3,5,8,8,0,1
GATCAAAATAAT_7,5,4,8,5,8,2,2,6,8,2
GGGAGGACTGTG_7,6,5,7,7,6,4,1,0,9,6
CGCTGACGAAAA_7,6,3,4,7,2,0,4,7,4,1
GCGCGTGAAACG_7,2,3,5,4,2,3,1,0,4,6
TAGGATGAACGA_7,7,7,3,9,4,6,7,5,7,7
CCTCACCCGTTG_7,8,0,2,0,8,2,2,6,6,6
TTTCCATACATG_7,2,5,6,9,6,8,0,8,3,7
TTTAACGCATAA_7,2,4,8,2,8,1,2,6,4,4
GACATCCTCCCT_7,4,2,1,6,9,0,5,7,4,3
TCCCCTACTTAG_7,4,1,4,7,3,2,1,7,6,4
CTCCGATCTGGG_7,2,4,8,1,7,2,4,2,4,0
GACGTCTGACGG_7,5,3,1,6,6,1,9,1,4,6
TGGGCCTATTAG_7,7,7,0,9,1,6,7,5,3,7
CAAAAAACACTT_7,5,7,6,3,4,5,7,9,3,3
GCTCACTGGCGC_7,9,3,2,1,8,2,4,2,5,9
GTGCTTCGACCT_7,8,9,8,7,2,2,1,7,6,5
ACCGGTCTGGAA_7,4,6,8,8,7,5,2,2,6,2
CCCGGACGGCTA_7,7,2,3,6,8,3,7,5,2,8
CGCGTAGATGCG_7,5,6,2,5,3,4,1,2,5,6
ATCCAGGCGCTG_7,0,0,9,5,7,1,9,0,4,6
CTCACTCGTCCT_7,5,4,8,6,9,4,2,1,1,1
GCCCGGAGCACG_7,8,3,2,4,8,5,2,2,1,6
AGTCTTTCACTA_7,2,3,8,1,0,8,2,7,5,2
CACATAATCCGG_7,3,0,0,8,4,6,7,3,7,7
GGTAAGGGCCGC_7,5,3,9,7,7,2,4,4,7,9
ACCCAAGTCGCG_7,5,1,0,4,0,9,8,3,1,1
ACTCACAGCGTG_7,4,4,1,1,8,7,6,0,0,4
GTAATAACAGTC_7,7,8,6,4,4,5,7,3,3,8
CATCTTCATTAC_7,6,1,7,9,6,4,8,4,2,5
CCGTAACGCTTC_7,9,2,7,9,9,7,0,9,3,4
CCGTAACGCTTG_7,3,1,0,3,4,7,0,9,3,8
ATAACCGATGAT_7,3,7,0,2,1,6,7,8,7,7
TAGCGCAGAAGC_7,1,9,4,1,8,1,2,2,4,6
GTTAGGACGAAG_7,0,6,4,6,9,4,1,0,4,6
CGAAAGGTCGTA_7,4,3,8,0,9,3,2,3,8,0
CGAGCGTTCCCC_7,8,0,1,0,0,0,6,7,1,3
AACCGAGCATGT_7,3,0,4,2,0,6,9,2,7,1
GACCATTAAGCA_7,3,5,0,1,3,7,6,8,0,4
TTCTGTCTTAGG_7,2,4,1,7,2,2,9,0,6,0
TTATATTTGCCC_7,9,0,0,8,9,0,6,0,8,0
GCTAAGCAGCAA_7,8,3,9,5,8,3,1,2,5,7
TCCCCTTGCCGT_7,0,3,4,5,8,1,4,2,5,9
CGGCTACTTTGT_7,3,1,0,9,4,2,9,5,3,6
TCAGCGACAGTA_7,6,0,8,0,7,1,4,1,1,5
TACGACGTGTTA_7,9,5,0,9,5,8,0,9,0,7
TACCTTGTGGCA_7,9,7,6,9,7,3,0,8,0,8
AAATTTGCAACG_7,3,6,2,2,0,6,5,4,0,8
CCAGCCAGGACG_7,6,3,1,4,5,1,6,0,1,4
CTAGATTACTGC_7,8,3,5,7,2,2,1,7,8,0
CTCACTCGTCCG_7,5,5,2,2,0,7,1,7,2,9
AATCTTCGAAAT_7,7,7,6,9,4,5,7,3,3,7
CTGACCGTCGGA_7,1,2,5,8,7,1,4,3,6,6
TCGCGCGGCCTG_7,3,5,3,2,1,8,7,3,6,6
ATGTCGTCTGCA_7,1,6,5,7,2,1,1,6,9,5
GCGCGTGAAACC_7,8,4,8,4,2,2,4,7,4,6
TGCCTGTTTAGG_7,1,4,8,8,0,1,2,6,4,5
ACCATACTACAA_7,2,9,8,6,1,2,3,4,7,9
CATCAGAATCGA_7,9,8,3,4,4,6,7,5,7,8
TTGGACAGCAAT_7,6,9,1,2,0,5,1,6,8,5
CCGCGCGGACGA_7,3,1,9,2,1,1,9,2,6,6
TTCGAGCACACA_7,1,9,2,5,2,2,5,0,9,9
TGCTCTGATACT_7,8,4,8,4,9,1,9,6,8,1
GAGCGGACGATG_7,5,1,1,2,8,1,1,1,1,6
ACCACAGGATGC_7,1,9,4,8,2,9,3,4,5,9
GCTGACAGTGAT_7,8,2,8,4,7,1,9,0,4,4
CGTGAAACACGG_7,7,8,3,9,1,5,7,3,7,6
GGATGGGTATCA_7,6,4,1,5,8,2,2,6,2,9
GGCAATAGCCCA_7,9,8,0,9,6,2,0,1,0,2
GGCAAGGATTTG_7,3,7,6,9,3,5,0,3,0,7
CTCACTCGTCCC_7,5,1,3,7,6,4,9,9,2,8
GAGGGGAGTGGT_7,7,8,3,1,5,5,3,8,9,4
GAGCTCAATCCA_7,2,3,0,5,0,2,4,9,1,0
GACTTGCATCCG_7,6,5,7,3,1,8,3,4,5,1
TCTCTGTCTCCC_7,7,7,6,6,4,6,5,5,3,7
CGCTTGCCAACA_7,1,9,2,6,0,2,1,1,2,1
CACTCAATCAGT_7,4,5,7,1,5,7,0,4,0,4
ATCAGTTAGTTC_7,6,3,1,7,7,7,2,1,5,6
GACAGAGGCAAA_7,8,3,8,6,8,1,4,1,8,3
TAAATCCGATTC_7,5,3,9,0,6,7,1,9,6,1
TCGCATTCGGGA_7,5,1,4,5,0,1,1,2,1,4
AGGCACCGACCT_7,9,8,4,9,1,2,7,6,4,6
GACTTGCATCCT_7,6,6,0,3,5,9,5,4,2,9
ATGGATTGCCAA_7,6,5,4,6,9,7,0,1,0,3
TCTCAATTGCGC_7,0,4,8,5,7,3,1,0,6,2
TCTATGGCTTCC_7,8,2,1,0,9,7,4,6,5,3
ACTAGGGCGAAC_7,9,7,6,1,5,7,0,8,0,7
CACCCGGAGCAG_7,5,3,4,0,7,1,4,2,5,1
ACGCAAACGTCG_7,9,0,8,4,7,0,2,1,8,5
CCGTAACGCTTT_7,3,7,6,1,6,3,8,9,0,4
CGTGCCGGTGCG_7,8,4,2,0,9,3,1,0,5,2
TAGGACCGGCCC_7,5,4,8,7,7,3,2,7,4,6
GGGAATAAATAT_7,4,1,1,4,2,8,5,6,8,9
CTATCCTCACTA_7,8,2,9,0,1,3,1,6,5,7
GCCTCAATCCAT_7,2,0,8,6,9,7,1,1,1,3
CGCACACTAGCA_7,7,8,6,1,4,6,9,8,3,2
TACTGCCGCGCT_7,0,2,5,6,3,1,0,9,8,2
AGACCTATCCCC_7,2,3,8,0,0,0,1,1,5,9
AGCCATTAAAGG_7,3,5,7,3,9,9,8,8,0,4
ATGAGAGTGCCG_7,4,8,0,5,1,7,0,9,7,7
AGGTGCACGGTG_7,4,5,0,4,1,7,0,9,0,3
CCTGAACTAATG_7,1,9,2,1,2,2,1,2,7,9
AAATTTGCAACT_7,1,9,7,1,5,8,1,0,7,5
CATAAAGATCCT_7,4,6,0,7,9,4,5,6,1,6
ATGGCATAGCGC_7,5,3,3,7,6,1,3,1,1,4
GGTGCCCGTGTA_7,0,9,2,7,7,8,8,0,2,6
TGATGTGTCTAT_7,8,0,9,6,8,1,1,0,4,0
GATGGGTACATC_7,8,8,0,9,1,6,7,3,0,0
GCGCGTGAAACA_7,6,0,1,5,3,3,2,7,4,6
CCACGACCAATG_7,1,4,1,8,5,2,8,4,2,5
TCGTTACCCCGG_7,9,0,1,4,7,1,2,6,1,0
GTACCGCACAGA_7,5,1,4,6,7,2,3,4,6,4
TCTCTGTCTCCG_7,9,7,0,9,4,6,5,5,3,2
GATCGCCTATGG_7,1,9,5,6,0,2,3,4,2,2
AATCTGGCGTAT_7,7,7,3,9,4,5,5,5,7,7
AGCCGTGGAACA_7,6,1,2,5,5,9,6,6,2,1
CGTGCCCGCCAA_7,1,4,5,8,7,3,2,6,6,6
ACCTCTGGAATA_7,2,1,4,4,1,1,9,0,4,6
ATAATGTTCTAT_7,0,0,2,8,0,0,3,7,5,9
TTACCGGCTCAC_7,3,6,9,5,0,9,0,6,8,1
ATGACTACGTAG_7,6,9,2,6,2,3,3,4,2,4
TGTTTAATTGGC_7,2,0,5,4,2,1,1,7,1,5
GGGCCTCCTGCG_7,3,8,6,5,9,6,5,3,7,8
GTGGAGTGAAGT_7,8,3,2,7,6,3,4,1,5,9
AGTAATCTGGCT_7,9,4,9,5,9,2,2,7,5,6
GCCGAATCGGAC_7,1,7,4,4,3,8,6,7,7,9
CGCACGACAGGT_7,1,3,9,7,0,1,1,4,2,7
GGAGCCCAGACA_7,3,6,0,2,3,8,8,8,9,5
AATAATAGGACG_7,5,1,9,8,6,8,8,7,5,7
ATCGGCATATTC_7,7,7,4,1,1,6,5,9,0,8
GACGCTGATCTG_7,1,6,9,5,3,2,5,4,2,9
CGTAAACACGTT_7,0,2,5,6,2,2,1,1,1,4
CCAATTCCCAGG_7,3,9,3,8,5,6,9,9,7,9
CTTCATGTTGAC_7,0,2,1,8,8,5,2,2,4,6
TGTAGGTAGCTC_7,8,3,1,1,0,5,9,2,6,4
GTGGTTTCGGAG_7,0,6,2,4,6,2,6,2,5,5
TTTGCAAATAGC_7,6,6,4,2,0,4,6,7,2,9
AAATTTGCAACC_7,3,0,4,5,0,9,5,2,0,5
CAGAACGTGTAA_7,8,4,1,9,5,7,0,9,6,4
GACTTGCATCCC_7,3,5,0,5,1,9,6,4,2,1
TGTCGGAATTGC_7,0,6,0,1,3,4,3,0,7,7
CGCGTAATACAG_7,3,6,4,6,5,9,3,4,2,2
GGTACTTCAGGT_7,8,4,8,0,7,4,1,2,4,4
GCGAAGGCGCAA_7,6,6,2,6,0,9,8,4,2,1
CATCCGGTGCTT_7,1,9,2,8,0,5,6,0,5,4
TCTGTCGTTCAG_7,9,3,1,0,7,5,1,7,8,2
CCAGGGCGCCAT_7,5,3,0,1,8,7,6,9,6,4
CCGTTGGGAATC_7,5,1,7,3,3,4,3,4,9,3
CCGGTTCGGTTG_7,9,8,7,5,8,8,1,3,3,8
CACTCCCCACCG_7,0,2,2,5,6,2,1,2,2,9
ACGAACTCCTTT_7,1,9,4,7,6,2,3,4,2,1
CCCGAACCTTGA_7,1,3,1,8,2,5,4,2,5,9
GCTCACTGGCGG_7,4,2,2,1,9,1,2,7,1,1
GGTCCGTTGGTT_7,5,1,1,0,8,1,1,6,8,6
CTAGACCAGTGC_7,0,3,1,4,2,8,9,0,8,6
TCGTGTTGCTAG_7,5,4,8,8,6,2,4,1,6,0
ACTGCATCCACT_7,3,9,4,3,1,6,3,9,0,8
ATGGACTTTCAG_7,8,0,5,4,9,4,2,7,1,0
CGGCGCGTCGGT_7,8,4,2,5,1,5,1,0,1,6
TGGGCTCGCTCG_7,1,2,9,0,1,5,1,6,5,5
CTATTCAGACAC_7,6,6,4,2,5,9,9,7,6,9
CCACGACCAATT_7,1,2,7,5,9,3,6,1,9,5
TCTCCCATTTCA_7,2,3,9,8,6,3,9,3,4,0
TCGCGCCAAAGT_7,6,5,6,5,5,7,8,0,0,4
TGGGTGCACTTC_7,9,5,0,9,6,7,6,0,6,6
CACGTTACTAGA_7,9,4,9,6,7,1,1,0,4,5
TTGGACTCGATT_7,7,6,0,9,5,2,5,5,0,4
CCCTAACCCTGG_7,0,9,2,6,3,1,5,7,2,2
ATGTCCTCCGAG_7,5,1,4,3,8,7,6,6,6,3
GCGCCGGGAGAG_7,4,5,0,4,9,8,6,9,2,0
GGTGCCTGCCAA_7,6,1,4,5,0,9,9,6,5,1
GTATGAAAGCTT_7,9,6,8,7,7,4,9,2,4,0
CCAATCCTGGAT_7,8,4,2,5,8,2,1,6,5,9
TTTAGTTGGGAC_7,6,5,4,2,0,2,2,1,1,4
AATGCCAGCAGG_7,9,4,9,1,9,1,2,2,4,2
ATTTCTCCCTTA_7,8,4,2,6,8,0,2,1,2,0
TCAGAAGTCCTA_7,2,0,2,1,0,0,1,4,5,3
CTGTCCCCACTT_7,0,6,2,8,2,3,3,2,4,4
GAGGCACGCAGG_7,1,2,2,6,0,2,6,7,4,6
TGCCGAATAGAT_7,1,0,2,0,2,1,4,6,1,4
AGCTACCTAGAT_7,9,4,1,6,0,0,4,6,5,3
CCAGTCTTAGCC_7,1,2,8,7,0,0,9,0,5,9
CCAACGTTAGTG_7,6,1,0,6,6,4,0,0,1,4
AAATTTGCAACA_7,6,9,7,2,2,2,9,8,7,1
TAACTAATTAAC_7,7,8,3,8,5,5,9,6,5,7
CCACGACCAATC_7,5,2,9,8,5,7,6,4,6,6
AACCCACTCTGG_7,0,4,9,6,7,0,1,7,6,6
GGACATCGCTGC_7,2,9,3,1,3,0,6,2,2,1
ACACCTAGAGTA_7,7,7,6,9,4,6,7,3,3,7
CCATTTGGTAGC_7,4,4,1,4,7,4,4,2,5,9
TAGCCTCATCAT_7,4,1,1,7,6,4,8,9,8,6
GTAATCTGTGAT_7,9,4,1,1,6,1,1,2,4,9
CACGATACGAAT_7,9,3,8,4,8,4,2,1,6,0
CTACCTCCAAGA_7,4,3,2,0,2,1,4,6,8,9
GTAAGCGGGGTC_7,5,8,0,9,9,7,0,9,3,7
AGTTACAGCTCA_7,4,7,0,1,4,7,6,9,0,8
GCCATTTCATAA_7,8,4,1,7,7,1,2,2,8,6
TCGGTGTGTGAA_7,8,6,2,1,8,5,9,6,2,4
CGAACCCTATCT_7,9,7,0,4,4,6,0,3,3,3
AGACACCACTAC_7,2,4,8,4,7,3,2,5,5,2
AGTAATCTGGCC_7,5,1,9,5,8,2,6,6,4,6
ACCAGCTGACCT_7,4,2,2,4,9,3,1,2,6,2
AACTCCTGAGCC_7,9,4,6,8,6,1,2,2,1,9
ATAGTATCCAAC_7,1,4,5,0,4,3,2,1,4,5
CATCACGCCAGT_7,8,9,3,9,5,6,5,3,1,3
TCTACTTTCCTC_7,4,5,5,1,8,4,6,4,8,7
CCCCATTAAGCT_7,8,4,5,7,7,5,1,9,4,4
GTCCCTAGGTGA_7,9,3,5,8,8,1,9,6,6,4
AATTGAATTTAT_7,6,1,2,7,6,2,3,2,2,9
TAAACTGGCATC_7,9,4,9,6,7,7,4,7,5,2
TAATTCTTTGAC_7,9,0,9,6,6,2,0,2,8,0
TCCTGTCTGACG_7,4,1,0,9,5,4,0,9,9,3
CGTAGGTCTTGC_7,7,6,3,3,5,9,3,5,7,6
GGCTGTCGTGTC_7,9,3,9,6,7,1,2,1,1,6
GGTGCAGCAAGC_7,4,5,7,2,3,9,8,8,9,5
ATTTATTAGCTG_7,5,7,0,9,4,7,8,9,3,7
TCTCACTTGTTC_7,9,4,8,6,8,2,9,1,4,4
GGCGATCGTGGA_7,1,4,5,6,8,0,2,0,8,6
TTTCTGACTGGA_7,6,1,7,3,0,5,3,4,5,9
AGTAATCTGGCG_7,4,1,1,0,1,2,1,6,5,6
TTAGACTATAAA_7,1,2,9,8,8,3,2,7,1,0
TGTGTCTGGTCA_7,8,1,4,5,3,3,8,7,6,9
ACCTGCCCGAAG_7,8,4,8,0,2,3,4,0,5,6
TCCACTTTCTCC_7,5,1,1,6,8,4,1,2,5,9
TTTAAACCCAAC_7,6,3,4,6,6,2,2,1,1,4
CGGGAACAGACT_7,8,3,4,1,9,4,4,6,7,9
TTGCCGAGCTTG_7,1,6,2,5,2,2,6,7,5,9
CTATTTCGTTTC_7,1,4,2,0,7,0,9,4,8,5
GGCGCCGCGTCA_7,1,3,4,1,5,5,9,6,2,2
CATATTGTTTTG_7,2,3,8,8,9,2,2,6,8,4
TGAGATATCATT_7,1,9,4,5,7,4,0,6,6,3
