,0,1,2,3,4,5,6,7,8,9
TTTCTATTACAC_5,6,7,1,8,4,7,1,5,5,6
ACCATTAGCGGA_5,5,9,3,4,7,7,6,7,3,0
TCCGCCTGCGAA_5,8,5,2,4,3,9,1,0,5,6
ATCCCATGATAA_5,2,9,1,1,2,7,2,7,2,9
CTAACGTCCTAC_5,5,9,4,1,3,5,9,7,2,5
ATGTTATTAGGT_5,5,9,8,8,1,2,1,3,3,6
AGATACAAGCCA_5,5,5,8,8,3,2,2,7,5,0
TGCAGTCGCGGG_5,0,7,5,5,1,9,3,7,2,9
TGGGGACGCGTG_5,0,3,2,1,1,9,3,3,0,6
ACGGCCCGGCGA_5,8,6,3,8,1,2,2,5,5,6
GTCGCGGCAGAG_5,5,3,8,4,1,2,2,3,5,9
CTATATGGCAGA_5,0,9,2,8,1,7,6,9,3,9
GTAGTGTCTGAC_5,3,8,1,0,8,1,5,2,2,9
AGTCACATGGAC_5,3,6,0,8,2,9,6,5,3,6
GCCCGCTCTGCG_5,0,3,2,5,1,2,4,9,0,6
CAGACCTTCAAT_5,6,5,1,6,8,6,2,5,5,8
AGCCCTAAATGT_5,5,9,0,8,4,7,2,3,9,6
TTAAAGAGTATT_5,0,7,2,8,1,7,2,3,0,5
GAGGTTAAGGAA_5,0,9,2,1,2,5,6,0,2,5
ACCAAAGTGCGG_5,0,7,2,5,1,2,4,7,0,6
GGAACAGTCATT_5,5,9,0,8,3,9,9,9,3,5
AGCCCGACCTTA_5,2,5,1,3,8,6,2,5,3,9
TCGAATAGCTTA_5,8,9,0,4,3,7,1,5,3,0
ATGTTATTAGGC_5,5,3,2,1,1,9,2,3,2,0
CGGATTGTCCCA_5,8,5,1,6,4,9,7,5,2,5
CATAACAGGAGA_5,1,3,1,3,3,0,3,7,2,6
CAGGGCAGCCGT_5,5,9,0,4,1,6,1,7,9,1
TCCAACCGGTCG_5,0,7,5,5,1,9,3,7,2,6
AGCAATGCAGCC_5,1,4,7,9,9,0,8,8,7,4
CGAGCGACTAAT_5,0,8,1,4,1,2,3,4,2,6
CATCACGTATGC_5,0,9,3,8,2,7,9,0,2,5
TACGGGTCCCGA_5,3,6,0,5,4,7,1,5,3,0
GAAACTCCTAAA_5,8,9,0,8,3,2,9,0,3,5
TTTTCGCGAATC_5,5,7,5,8,1,2,6,7,3,6
GTCCATATAAGT_5,8,9,0,8,3,5,9,9,3,0
ACCAAAGTGCGC_5,0,7,2,3,1,9,6,7,0,6
TCTATATTCTAA_5,3,3,0,1,3,7,1,7,3,0
GACGATCGCGCA_5,0,9,2,5,1,9,4,3,0,9
ACTGCGAGCAAG_5,5,3,4,3,1,2,6,9,3,9
GGACCACGCCAC_5,0,7,4,4,1,7,6,4,2,9
GACGGCCCTCAA_5,6,5,0,6,2,3,2,4,5,8
GCCACGTTCGGT_5,7,6,2,5,3,2,6,0,4,9
CCACTGCCCATT_5,8,1,6,1,2,5,6,0,2,5
TCCAACCGGTCC_5,0,7,2,5,1,2,3,7,2,6
GGACCACGCCAA_5,0,9,5,5,2,7,2,4,9,6
CAACAGGCAGAG_5,7,6,9,0,8,1,5,2,4,7
CTTGCCGACTAA_5,2,9,3,3,3,2,1,5,2,0
TTGGCTTGTCAG_5,5,6,8,4,8,3,5,4,2,7
TTAAAGCGGGTC_5,8,9,0,4,4,6,6,5,3,8
CCCGTATTATCC_5,3,5,8,1,1,6,1,4,5,9
GCTTACGGCAGA_5,8,6,2,8,4,3,1,7,2,9
TCCAACCGGTCT_5,0,7,5,5,1,9,3,7,2,6
GGTTACAGACGC_5,8,1,3,3,3,5,1,7,2,5
CCTCCCTCGTCA_5,6,5,8,6,3,6,2,5,3,8
ACGAATAATCGC_5,5,9,0,3,7,7,6,2,3,0
GAGGCCATACAA_5,8,9,3,5,3,5,6,7,2,5
CAGTCGCAAAGC_5,9,0,6,1,7,2,7,5,5,6
TCTCAACAACGG_5,5,7,4,8,1,9,1,7,3,5
AGTGCTCGGTTT_5,9,9,3,1,3,7,6,5,3,5
GGAGCGCCTTCC_5,8,7,6,8,4,2,6,7,2,5
CTTACTCGTATG_5,2,9,0,4,4,5,1,2,3,0
GACCCTTCATTT_5,2,0,8,6,1,6,2,5,5,8
GAACGCCGCTGT_5,7,5,3,3,4,2,5,7,9,1
AGATAGGAAGCG_5,0,3,2,8,1,9,6,3,0,6
AGGACCATTCTG_5,3,8,0,4,2,7,6,5,1,0
GCGAGGAATTCG_5,2,9,4,8,3,2,1,4,8,9
ACGTGTTACTAT_5,3,9,0,0,3,5,2,7,9,0
AGCGTGGAGCTG_5,0,3,3,5,1,2,6,7,0,6
TTGCCGATCCCT_5,0,7,5,5,2,2,3,7,2,6
AACCGACATAGA_5,1,4,7,9,9,0,8,8,7,4
ACTGCGAGCAAT_5,0,7,0,1,3,2,6,3,3,9
AGGACCATTCTC_5,3,8,4,4,8,1,2,2,3,5
ACTGCGAGCAAC_5,5,7,2,1,4,2,1,9,3,9
TCCAACCGGTCA_5,0,7,5,5,1,2,3,7,2,6
GCCCCCGACTGG_5,7,8,9,0,7,1,5,2,4,7
AACAATTTACTT_5,6,5,8,6,3,6,2,5,3,8
AATATACTAAAG_5,5,9,1,1,7,9,1,2,3,9
AGATAGGAAGCC_5,0,3,5,5,1,9,3,7,0,6
ACTCAAGCGCCG_5,9,7,4,8,3,9,3,7,9,6
CACTCAAAGCAC_5,7,8,5,5,2,1,3,7,2,7
AATAACCCCCCG_5,6,6,4,4,3,6,3,5,5,8
GACGATCGCGGC_5,0,3,5,5,1,9,4,3,0,9
GTCGCGGCAGAA_5,9,7,2,5,2,9,2,4,3,6
GTCGCGGCAGAC_5,3,5,8,4,7,3,4,3,9,9
CCGGCCCGCGAG_5,5,8,4,0,7,1,5,4,2,7
GGTAGACGTATA_5,3,2,4,4,5,7,2,7,5,5
TTGAGTAAGGGG_5,5,9,0,1,3,9,2,4,3,0
CATACCGTCTTA_5,6,6,8,6,0,4,2,6,5,8
TGCAGTCGCGGA_5,0,7,5,1,1,9,3,7,2,9
TTAGTGACCAAT_5,8,9,8,1,3,7,1,5,3,0
TGCCCATCCTAG_5,0,7,2,3,2,9,1,7,2,5
AATATACTAAAT_5,3,9,4,1,8,7,3,2,3,9
TCGAAAACTACG_5,9,9,0,6,2,5,2,4,5,0
TACTCAACGTCT_5,6,6,8,4,2,6,2,5,5,8
CTGTTCTGGTAT_5,6,5,1,6,4,6,2,3,3,8
AGGACCATTCTA_5,3,9,1,4,3,7,6,7,3,5
ATGAGGATGCTT_5,8,9,6,2,3,5,1,1,3,5
GACACGGCCAGG_5,9,7,4,4,3,5,1,2,2,6
AGTAAGTGCAGT_5,4,9,2,8,4,9,9,7,2,5
CGCCACATGGCA_5,8,2,3,1,2,2,7,0,4,5
AGATAGGAAGCA_5,0,7,2,5,1,9,4,3,0,6
ACCCGGCTCAGC_5,8,1,0,5,4,7,6,7,6,5
CTTGTCGGGTGC_5,2,9,5,3,3,2,9,7,9,5
TCCCCGCGCCGT_5,3,6,8,4,8,6,2,5,5,8
GGCGCTTTAATA_5,3,9,4,6,3,3,2,4,8,3
GGACCACGCCAT_5,2,9,2,5,8,2,2,7,2,5
TGCAGTCGCGGC_5,0,7,5,5,2,9,3,7,9,9
GCCAAGTTGGTC_5,8,8,9,0,7,1,5,2,9,7
AACGCGCCGTTC_5,9,7,1,8,2,5,2,7,3,0
TTGTGGAATAGC_5,2,6,4,1,3,7,2,5,5,5
TTGCCGATCCCC_5,0,7,2,5,1,7,3,3,2,6
TTAATATCCTTT_5,8,9,0,3,3,2,6,2,3,0
ATTCGCCGAAAT_5,5,9,1,4,2,1,3,7,8,5
AATATACTAAAC_5,8,9,0,1,3,7,2,4,3,0
TTCACACAGGCA_5,1,4,0,4,4,7,7,0,3,0
TTGCCGATCCCG_5,2,7,5,5,1,9,3,3,0,6
TGCATTAAAGAT_5,7,6,1,0,8,7,7,3,4,7
AGATAGGAAGCT_5,0,7,5,1,1,9,4,7,0,6
CACGGCTTAGCT_5,3,1,4,6,4,7,1,5,8,1
GAGGATTCTGGC_5,3,8,1,0,7,1,5,2,4,7
TGCCCATCCTAC_5,0,1,4,1,3,3,9,6,2,6
TGCCCATCCTAT_5,2,7,2,5,3,3,1,7,2,6
CCCGAGCGGCGT_5,8,3,8,1,3,3,7,5,5,8
CCGATTCATCCA_5,8,9,2,5,2,2,9,4,1,6
TCACAGAGGACG_5,0,9,4,5,1,7,6,3,9,0
CCGACTTGTAAT_5,0,7,5,5,1,2,3,7,1,6
AACGCCCTCAGC_5,5,6,4,1,3,5,2,5,9,5
CTAAACACCCCC_5,6,5,8,6,0,4,1,5,5,8
ACTGCGAGCAAA_5,8,9,0,1,3,7,4,9,3,9
ACCAAAGTGCGA_5,0,7,2,3,1,9,4,7,0,9
TATATCGAAGAT_5,5,6,2,1,1,6,2,7,0,6
CTAGCGTTTCGC_5,1,4,7,9,9,0,8,8,7,4
GTATAGCGCTCT_5,2,1,3,5,3,2,1,4,1,6
ACCAACATCAGC_5,5,3,2,8,0,9,4,9,0,1
ATACAGACCGCA_5,2,1,0,8,5,7,1,1,9,2
GGCGTACTGCTC_5,9,6,1,6,8,9,2,7,8,6
TTTCGGGTTCTG_5,3,9,1,4,8,1,7,2,3,0
GCTCTGCAGGCG_5,0,3,5,1,1,3,1,0,2,6
AGCGTGGAGCTT_5,0,7,2,5,1,2,3,0,0,6
GTCCTGTTCTTC_5,5,9,6,1,3,5,9,9,9,0
ATAAGCGTAAAT_5,8,9,0,6,4,2,1,4,5,3
ACTCTTTAGCCC_5,0,2,0,8,3,2,6,6,3,1
TCAAGACGAAGT_5,3,5,8,6,3,1,3,4,2,5
CTTTTTCCTCGG_5,7,8,9,0,8,1,5,2,4,7
AACGCGCCGTTT_5,5,9,4,1,3,8,3,7,9,0
TTAGTTCAGAAC_5,6,6,8,6,8,4,7,7,5,6
AGCGTGGAGCTC_5,0,7,3,5,2,7,6,7,0,9
CAAGGGCCTTAG_5,8,9,0,8,3,7,6,7,9,5
AGCCAACGCTCT_5,6,6,8,6,7,2,3,5,5,8
GTCGCGGCAGAT_5,5,5,2,1,1,9,3,7,2,9
ATTCGCCGAAAG_5,3,9,2,3,4,2,3,4,9,9
AGGACCATTCTT_5,8,8,1,3,7,7,5,5,3,0
GTTCCCGTGCAA_5,7,8,9,0,8,1,3,4,4,7
GCCCGTCAGTCC_5,4,3,8,7,0,4,5,3,7,4
AGCGTGGAGCTA_5,0,7,2,3,1,2,3,7,0,6
AGCCAACGCTCC_5,2,5,1,6,7,9,2,7,2,6
GCGGGTCAGTTG_5,6,5,8,4,0,4,5,6,5,8
CAGCCGCCTCCG_5,6,6,8,6,7,6,2,4,5,1
AGGAGAAGTTGG_5,8,0,6,5,3,3,1,0,9,1
TCAGACCCCCGC_5,0,9,2,8,6,9,4,9,2,3
TGTCAGTAGGCA_5,8,0,8,6,3,3,2,5,5,0
TCGCAATATACG_5,6,5,8,5,3,2,3,3,2,8
GTAATTCATTGG_5,9,3,3,6,8,3,2,7,1,0
ACCAAAGTGCGT_5,0,3,5,3,1,2,7,0,1,6
ATTCGCCGAAAC_5,8,2,1,1,8,8,3,2,3,9
CCCCAACTCTTG_5,9,1,6,3,5,5,0,3,9,5
TACATACATCAT_5,7,8,9,6,8,1,6,4,4,7
GTTTCCCAGATA_5,5,1,0,8,6,5,9,0,3,0
TGCCCATCCTAA_5,2,7,3,3,2,2,1,7,2,5
GTAGTAATCTCT_5,0,9,2,1,4,2,4,3,0,9
CCCACCAAGTTC_5,7,8,9,0,7,1,5,2,4,7
AGCCAACGCTCG_5,9,5,8,6,3,9,6,5,1,8
TGAATCAGGACG_5,5,9,2,8,3,5,1,5,2,9
CGTGTCAGGACG_5,0,7,2,3,1,2,3,9,0,9
GTTAGTATTCTG_5,5,5,8,3,8,4,9,5,5,2
TCACAGAGGACC_5,0,9,2,5,1,7,1,3,1,9
GTCACCGTACGG_5,1,4,7,9,9,0,8,8,7,4
TTAACCGCGGTA_5,9,6,3,3,2,7,3,7,0,6
TGAATTAGGTGG_5,5,9,8,1,3,9,1,5,3,5
GACCACATTGTA_5,1,4,7,9,9,0,8,8,7,4
TACGTATAGGAG_5,5,9,4,1,4,7,4,3,3,9
CGCGTACAGCAG_5,7,8,1,3,7,9,6,7,4,7
CGACCAGACGCT_5,5,2,4,4,3,2,3,2,2,2
CGGGCGCAGGTG_5,7,8,9,0,8,1,5,2,4,7
TGCCACAAGGCG_5,9,6,4,4,3,9,1,0,8,9
TAGTGGTGGCAT_5,7,6,9,0,8,1,5,2,4,7
TCACTTGGATCG_5,8,8,4,4,7,3,2,4,2,9
ATATTGCAGCGC_5,9,7,2,1,4,9,4,7,2,6
AACGCGCCGTTG_5,8,9,2,8,4,5,7,3,8,9
CCTGTCAACGCC_5,2,5,1,4,8,9,2,4,5,7
TTGCCGATCCCA_5,5,9,2,8,1,2,0,7,1,6
ACTAGAAAACCG_5,0,7,3,5,2,7,3,0,2,6
TTGAGTAAGGGA_5,3,9,9,5,8,9,2,2,3,9
CCGCCTCCAGGA_5,2,1,6,1,2,8,6,1,6,5
ACAGCTCCGTCG_5,6,5,8,7,0,4,4,3,5,8
AACGCGCCGTTA_5,9,7,0,4,3,3,6,7,3,0
TCACAGAGGACA_5,9,7,3,1,2,2,6,7,2,9
AGCGCCTCCCAC_5,8,6,4,5,6,7,4,2,9,9
TACGTTATTGCG_5,7,8,9,3,2,1,7,4,4,7
GCCGTTGGAGGG_5,5,9,3,3,2,9,6,7,9,6
ACGACCGAACAG_5,0,7,1,4,7,2,5,7,8,9
GAAGTCAGGATT_5,5,1,3,8,2,8,1,1,2,5
GTTCAGATCTAC_5,9,9,1,4,3,5,2,5,9,3
GTACCGCCCATG_5,3,9,6,3,2,7,1,0,3,5
ATATTGCAGCGG_5,9,7,4,8,2,9,1,5,9,9
TCAGAAATGCGT_5,5,3,0,8,4,5,4,9,2,1
AATATACTAAAA_5,3,6,1,1,7,2,2,5,2,9
GATCGTTTGAGT_5,4,1,4,2,6,3,7,4,6,5
ACCCAGGTTGGT_5,6,6,1,6,8,3,2,5,0,1
TGCAGTCGCGGT_5,0,7,5,5,1,9,3,7,4,9
CAATCCAAGGGT_5,8,1,6,3,5,5,1,1,9,2
GCGCATTACGTC_5,0,3,9,5,7,1,5,7,9,6
TGAATCAGGACC_5,9,1,2,1,4,2,0,4,1,9
CGCGTACAGCAT_5,7,7,9,3,7,1,7,4,4,7
AAGACCCGCCTT_5,4,1,4,1,5,8,9,1,8,2
AAACACGCCCGA_5,4,0,0,3,3,3,9,0,2,2
TTGGCATGCAGC_5,7,0,6,3,7,7,0,3,1,9
CAAGTCGAGACA_5,6,5,8,6,8,6,1,5,1,1
TCTCCAGACCCG_5,4,9,4,2,4,5,9,1,6,5
AGCCAACGCTCA_5,3,5,1,6,2,7,2,5,9,8
GGAGATACTTAG_5,8,6,8,8,0,8,4,5,5,5
TTTAAGGATAAG_5,7,2,9,0,8,1,5,2,4,7
ATTAGTGATACC_5,7,6,1,5,8,1,5,6,4,7
CTAACTTGGGAC_5,2,7,2,6,4,6,1,3,2,1
CGACCTCCAGTG_5,2,9,2,1,1,9,5,0,8,9
ATCGAAGGGAAG_5,2,6,5,5,2,2,1,7,1,9
CAGAAAAACCAT_5,9,1,6,1,4,5,1,7,2,0
TCGCAATATACA_5,9,5,3,6,4,7,2,7,5,5
CGTGTCAGGACC_5,7,3,5,5,7,9,3,3,0,7
TGTTGCCGGCCA_5,8,0,3,2,6,3,1,0,9,3
CTTAACACCGCT_5,8,0,4,1,2,5,1,5,9,0
CGCCCCAGTACG_5,6,0,8,6,3,6,2,4,2,3
TAGATACTTAGG_5,5,9,2,5,4,7,1,3,2,6
TGAATCAGGACA_5,5,7,8,8,2,2,1,3,0,0
ATCGAAGGGAAT_5,2,6,3,4,3,3,6,7,1,9
AGGACTGACAGC_5,6,6,8,6,8,6,1,6,5,8
TGAGCACCGTCT_5,8,1,6,2,5,5,7,0,8,5
ACGAAAAGTCTG_5,0,3,3,3,4,2,4,7,1,5
GCGAAGCTGCTA_5,6,6,8,6,2,3,1,4,2,1
CGGCATTGGACA_5,9,8,1,5,8,5,6,4,9,7
CCGACTTTAGGA_5,0,3,2,8,6,2,4,3,0,9
AGCAATTCAATG_5,2,8,0,4,4,5,6,2,3,9
TGAATCTATAAA_5,4,3,3,8,4,3,4,3,3,1
AGGCAATTTCTC_5,8,1,0,1,6,7,2,9,9,0
TGTAGTGCCAGA_5,2,6,8,6,2,4,1,5,3,8
TCACAGAGGACT_5,9,1,8,1,7,7,4,7,2,9
AACCACTAGAGC_5,4,1,3,8,3,8,6,1,9,2
AGACCCAGTTTA_5,3,3,0,1,3,5,9,9,2,9
CCAGCTAACCGG_5,2,6,1,6,2,9,0,5,5,8
GGGACCAACCGA_5,2,0,9,6,7,4,5,5,8,1
GTACCGCCCATC_5,3,9,6,4,3,7,9,3,1,5
ATGGATATTGCG_5,1,4,7,9,9,0,8,8,7,4
ATTCGCCGAAAA_5,3,1,0,1,3,7,5,1,8,7
CTCGGTCAATAG_5,9,9,0,1,5,7,7,1,9,1
GGACAGCGCGAA_5,9,0,4,5,5,9,3,1,8,5
ATTATTTACCGT_5,8,2,0,8,7,5,2,9,3,0
ATACCGTTCGGA_5,1,4,7,9,9,0,8,8,7,4
TTCTCAATCACT_5,2,6,1,6,8,6,2,6,5,8
GGTGTCCGCGAT_5,8,6,4,6,2,3,0,5,8,8
TTGAGTAAGGGC_5,3,9,4,3,7,9,4,0,8,9
ATGGATATTGCC_5,1,4,7,9,9,0,8,8,7,4
CGAACTTAAGAA_5,7,8,9,0,8,1,5,2,4,7
TTCTCAATCACG_5,8,6,8,6,8,6,1,6,5,8
AAGCATGCTGAC_5,8,9,0,8,4,8,9,0,9,0
CTCCTAACTAAG_5,4,2,8,7,0,4,8,6,7,1
ACCCCGTTGCAG_5,6,2,1,6,2,4,2,6,2,8
ATTATTTACCGC_5,2,2,4,1,8,2,7,9,9,0
AGCAATTCAATC_5,3,8,0,3,3,7,5,2,3,7
AGGCCAATAAAA_5,5,3,5,3,1,9,4,9,0,3
GTTCTGTACGAC_5,5,7,6,8,3,7,9,1,8,3
TGAATCAGGACT_5,4,3,4,5,4,9,9,3,9,1
CGCGTACAGCAC_5,6,8,9,4,8,1,2,5,8,7
AAAGATTAGCCT_5,6,9,0,6,8,4,0,3,3,1
TCCCGCCTCCGT_5,5,9,0,8,4,5,9,9,3,2
CATCATTGTTGA_5,8,0,0,1,6,5,9,5,3,5
CACGGGTTACAT_5,6,0,8,6,4,4,1,6,5,1
CGTGTCAGGACA_5,7,3,5,3,1,9,3,3,0,6
TGTCGCACAAAT_5,4,6,3,8,6,4,2,9,5,1
ATTGCTAGGCGC_5,9,1,6,8,5,5,9,0,9,0
GGACCGTTCGGC_5,0,5,3,8,1,3,7,7,2,3
ATTATTTACCGA_5,8,3,0,1,7,8,1,0,3,0
CGTGTCAGGACT_5,7,3,0,3,1,2,4,4,0,9
ATGGATATTGCT_5,1,4,7,9,9,0,8,8,7,4
TCAGCCGCCTTA_5,4,1,0,8,3,2,9,0,1,3
TGCTTAGTCCCG_5,2,1,2,3,4,5,0,3,9,0
TTCTCAATCACC_5,3,9,4,8,2,6,2,5,5,1
TCCACAGCGGAA_5,1,4,7,9,9,0,8,8,7,4
ACGAAAAGTCTT_5,0,3,2,5,4,7,4,0,0,3
CTAGTTGTGTAA_5,5,7,5,3,6,9,2,9,2,6
ATTGCTAGGCGG_5,8,1,0,2,5,8,0,1,3,5
AGAATCCTCAAC_5,9,2,8,1,2,4,0,4,8,5
CGAAGTAGCCAA_5,6,2,1,4,8,6,2,2,5,1
TGACCCCGCGGA_5,4,6,2,7,0,4,4,9,7,1
AACGTGCGGCGT_5,6,2,8,4,2,4,2,4,5,1
CGCCGACGACAA_5,0,3,5,8,1,9,4,9,0,9
TATGGCTGCAAT_5,4,1,4,2,3,9,3,1,8,6
TTGCGTAAGCAG_5,8,8,9,0,8,1,9,2,8,7
GCGGAGCCTTGA_5,2,6,3,6,2,6,2,5,1,1
CAGACGTAGTTT_5,6,6,8,6,8,6,1,5,5,3
CGAATGCTCCTT_5,4,0,6,2,2,8,6,1,6,2
GTATTGCATCCA_5,6,6,8,6,8,4,2,5,5,8
CATACATCTAAC_5,5,5,0,8,6,6,5,6,9,1
CCTCTTCCACGA_5,4,2,0,8,3,2,9,1,3,5
TGTAAGACCACA_5,6,2,1,4,8,2,2,5,2,8
TTTAAATGATTG_5,3,0,9,0,7,8,7,3,3,7
GCCCTTTCATCT_5,7,8,9,0,7,1,5,2,4,7
GGCTCCGGCAGG_5,8,9,5,3,6,6,4,3,2,6
ACGGAGGCCGAT_5,4,6,6,8,2,8,9,6,9,3
AAAGATTAGCCG_5,5,9,4,1,4,3,5,7,3,5
ATTGCAACCCTT_5,2,2,9,0,8,1,2,4,4,7
CACTCCGCCTCC_5,3,2,4,3,4,2,6,6,6,1
GCAAATTCATTA_5,9,3,5,8,3,8,9,9,9,0
TTCTCAATCACA_5,6,7,8,6,2,6,5,5,2,8
ATGGATATTGCA_5,1,4,7,9,9,0,8,8,7,4
GGGACGATAGTC_5,1,4,7,9,9,0,8,8,7,4
GCCGTTGGAGGA_5,0,7,4,5,7,3,6,7,9,9
AATGTGCGACAA_5,8,2,4,8,4,5,1,5,6,2
GCCCTTTCATCG_5,7,8,9,0,2,1,9,2,4,7
TGACAGAAGATA_5,7,8,1,0,7,1,7,2,4,7
GAAGACTACCCG_5,2,7,6,2,2,3,1,0,1,2
GCGGGCTAAGAA_5,7,0,4,4,7,4,2,6,4,1
GTACCGCCCATT_5,9,9,0,4,2,5,1,2,8,5
CAACCTACGTAT_5,1,4,7,9,9,0,8,8,7,4
GTACCGCCCATA_5,5,1,6,2,5,8,9,0,8,5
CAAGCTCATAGG_5,5,7,0,5,3,2,5,1,1,2
ATCGAAGGGAAC_5,9,0,3,5,4,8,1,5,1,1
TACGGGTCCGTC_5,2,6,1,6,3,6,0,5,2,3
GAATTCGTACTG_5,7,8,9,0,7,1,5,2,4,7
ACGAAAAGTCTC_5,2,3,2,5,4,9,6,7,1,0
CAATCCGACGGC_5,6,6,8,4,7,3,3,4,0,8
ATCGAAGGGAAA_5,5,3,5,3,3,5,7,7,2,1
TCGCAATATAAG_5,7,8,9,0,8,1,7,2,4,7
CTTATGCGATCC_5,6,5,1,6,7,4,1,6,8,8
TGCTTAGTCCCC_5,9,3,3,3,3,7,0,2,2,6
TGCTTAGTCCCT_5,9,5,0,1,4,3,1,3,3,2
AGACTACGACCT_5,4,5,8,7,0,4,4,6,8,2
GCCCTTTCATCC_5,7,8,9,0,7,1,6,4,4,9
AAAGATTAGCCC_5,6,0,4,4,2,8,7,6,3,1
ATAACGGCCATT_5,6,5,8,7,0,4,3,6,7,8
TAGATACTTAGA_5,5,3,5,3,1,5,4,3,2,3
GCTACCCGGGAC_5,3,6,4,6,4,4,2,5,5,8
TAGCAGTCGGTA_5,9,2,0,2,6,2,9,5,6,3
CTCGAGGCTTTG_5,9,6,4,8,8,3,7,6,6,8
AGTTTTCCCCCT_5,6,2,8,6,8,6,2,4,5,3
TTTCCTCGTGCT_5,1,4,7,9,9,0,8,8,7,4
AACCCGCCTCAC_5,0,7,3,8,3,3,0,9,6,5
TCCCGGATGGCC_5,6,6,8,6,8,4,0,6,5,8
GCCTCAGCGTTG_5,9,1,5,8,3,3,6,6,6,3
TAGATACTTAGC_5,0,9,4,1,1,5,4,4,2,5
GAAAATTCTGAG_5,4,6,8,7,0,4,0,6,5,8
TCGGCCACGTGG_5,3,5,9,4,8,1,2,2,6,2
TTGCGTAAGCAT_5,3,6,9,0,8,8,4,2,8,7
ATATTGCAGCGA_5,5,2,5,3,2,8,7,7,0,3
TGAAGGCATTAT_5,6,0,1,6,3,4,2,5,5,1
ACGCCCTCAGCC_5,9,6,6,2,3,2,4,4,8,2
ACGCCCTCAGCT_5,2,6,1,1,5,8,7,4,8,3
AGCAATTCAATA_5,2,2,9,1,2,7,2,2,4,9
CTTCAAAGGAAA_5,1,4,7,9,9,0,1,8,8,4
CGTAGTCTATAC_5,9,6,8,6,8,3,1,5,1,8
ATTCATTCGATT_5,6,5,1,6,8,6,5,4,5,8
TAACTACGGTCC_5,3,2,4,1,6,7,9,4,8,1
CAGCACTCAGAC_5,1,4,7,9,2,0,0,8,9,2
TTCGAGCATTGG_5,9,2,1,4,4,3,1,0,3,0
TTTGCCTTTTAT_5,6,5,8,6,3,4,5,5,5,1
CCCGCTACAGCG_5,4,9,4,2,6,1,5,0,8,2
GGGGCACGACTG_5,4,1,6,2,6,5,6,1,8,2
ATCAAACTAGCT_5,8,1,4,2,7,5,0,1,9,5
TTACAAGAAGCC_5,9,1,0,2,4,5,7,0,2,2
TTTAAATGATTC_5,5,2,4,0,7,8,7,4,2,7
ACGGGATGAATC_5,1,4,4,2,5,5,0,1,8,2
TAGATACTTAGT_5,3,0,2,1,2,3,6,3,3,2
GATATGAAAGGA_5,7,6,9,0,6,1,5,4,4,7
ATATTGCAGCGT_5,9,0,2,5,7,6,1,5,3,6
ACGAAAAGTCTA_5,8,7,4,2,4,3,0,7,1,5
CTTGATCGTCTT_5,4,3,2,7,4,9,4,9,0,3
CAGTATTTGAGG_5,7,5,5,3,8,1,3,6,0,8
CGAAGTTGTTGG_5,5,2,0,4,8,1,7,5,6,5
GCCGTTGGAGGT_5,5,7,3,3,4,2,5,3,0,9
GAGGGTACATGT_5,2,7,6,5,1,2,4,7,1,9
TTTCCGAGCATA_5,6,5,8,6,4,6,7,6,5,8
AGCAATTCAATT_5,5,2,9,0,2,1,2,2,8,2
TCACTTGCGCCA_5,9,2,3,8,3,3,4,6,8,5
TTGCGTAAGCAC_5,5,9,1,0,8,5,6,2,8,7
CTAATAGATCAA_5,8,1,0,8,6,3,9,6,3,1
TCAGGGTAGGTT_5,3,2,4,1,6,5,3,7,8,5
TTGAGTAAGGGT_5,3,7,4,3,6,1,5,9,6,1
GCGGGGACACCA_5,4,3,3,5,2,3,0,0,1,2
GGCCGGGTGCGA_5,0,7,5,5,1,9,7,7,0,6
CCAAAGGTATGC_5,5,6,1,3,3,4,5,6,8,8
AAGTACCCCCAC_5,4,0,8,8,6,7,7,0,6,3
GTACGCCGACCC_5,2,1,6,2,5,7,9,1,9,5
AATCCGTTCACA_5,1,4,7,9,9,0,8,8,7,4
TACGCTATCCAG_5,8,9,4,1,3,3,9,9,6,5
TTTAAATGATTT_5,5,6,1,0,7,1,5,2,4,7
GCCGTTGGAGGC_5,0,7,3,5,7,8,4,7,0,1
CGCATAAGTATC_5,4,2,0,8,6,8,6,6,2,9
ACCCGTTGAACG_5,8,2,6,2,3,3,9,1,8,5
GGCGATACACGC_5,9,1,4,3,6,5,6,0,1,1
CCCAGGGTCGCG_5,6,5,8,1,2,8,1,0,1,1
GACCATTCATCA_5,4,1,6,2,6,5,0,6,6,3
GTACGTTTTGGT_5,7,8,1,0,7,1,5,4,4,7
CCTATGAGTCTT_5,4,6,0,7,6,4,7,0,5,1
ACGCCCTCAGCG_5,2,0,6,2,3,5,9,6,1,2
ACCGTACAGGCA_5,4,4,8,9,0,4,8,5,7,4
GAGTTATTAATC_5,9,0,1,6,4,6,1,6,5,8
CAGATGGTAAAT_5,0,6,2,5,2,9,4,7,9,9
AAGGACTGATAG_5,9,1,6,8,2,7,1,1,8,0
TCTAGGCTCCGT_5,2,0,1,6,8,3,0,7,5,8
ATCCATTAGTCC_5,8,2,6,1,5,8,0,4,8,2
GTAACTCGTGGG_5,5,9,4,3,1,3,4,3,1,3
GGTCTCACCGGC_5,3,2,9,0,6,5,7,2,5,1
TGCTTAGTCCCA_5,9,6,5,4,2,8,0,0,2,3
ACTACCACCGGG_5,7,2,1,0,8,1,5,2,4,7
TCGTTTCAGCAC_5,6,2,8,2,6,3,4,6,6,1
AAAGATTAGCCA_5,4,0,9,1,8,5,2,4,6,1
GCCCTTTCATCA_5,7,8,9,0,7,1,7,2,4,9
CGTGTTACAATC_5,6,5,8,6,2,4,1,6,5,3
GAATTTCGCATC_5,8,0,0,2,6,7,6,7,0,5
TCTAGGTCGTGT_5,4,0,6,2,2,2,5,1,1,2
CGACCACGGTCC_5,1,4,7,9,9,5,8,8,7,4
TCAGGGTAGGTG_5,5,9,1,3,7,3,9,2,6,9
GGAAACATAGCG_5,6,5,8,6,8,4,2,5,5,8
TCAGGGTAGGTC_5,9,2,4,5,4,9,4,3,0,1
ATCAAACTAGCC_5,2,0,4,3,5,7,9,0,1,9
GCCACACTGCTA_5,1,4,7,9,9,0,8,8,7,4
CTTACAGACTGG_5,6,8,1,0,7,3,2,4,3,7
AAACACCCACCC_5,7,8,1,0,8,1,2,2,4,7
ATTGCTAGGCGA_5,5,2,6,2,4,7,9,1,6,5
GAACTCAGAATT_5,9,1,6,0,5,8,1,1,8,0
ACTGAACCGGGG_5,6,6,8,8,3,4,7,5,5,8
GTCAACTTAGCG_5,3,2,9,4,7,6,3,4,4,7
GGATCATGCGAT_5,1,4,7,7,0,4,8,8,7,4
GTTGCACCGTCC_5,9,0,0,1,3,2,2,0,3,1
GCGACGATGCTG_5,4,9,0,2,4,3,6,6,6,1
GTTTCAGTGCGA_5,8,9,6,2,5,9,0,0,8,5
CTGCTAAGAAAT_5,4,1,6,2,4,5,7,1,6,0
CGAAGTTGTTTT_5,4,9,4,2,4,5,0,2,1,3
GATGTATCGTCA_5,5,3,6,1,8,3,0,1,3,6
GATGTATCGTCC_5,1,4,7,1,4,0,8,1,8,4
CGATAACGACCA_5,2,6,1,1,2,4,7,6,6,8
GTTCAAAGAGGC_5,8,0,6,2,6,5,0,0,8,2
GCAGGTACTGAT_5,9,1,5,2,3,8,0,0,1,3
GATTGAAGACGA_5,2,1,6,1,5,5,0,0,8,0
TAAGTCTGTCGA_5,6,6,9,4,2,3,2,5,1,1
ACCGATAAGGTC_5,8,9,6,8,2,3,6,1,2,2
GTCTGAATGTCA_5,1,4,7,9,9,0,8,8,8,0
AACGTCTTGCAT_5,5,2,9,0,7,1,7,2,4,7
ACGCCCTCAGCA_5,0,0,6,4,3,6,7,1,1,1
CCGGCCCATTGA_5,4,2,4,2,4,3,9,6,6,3
TTGCGTAAGCAA_5,7,8,9,0,8,5,7,2,8,2
CAGATGGTAAAG_5,0,7,4,5,4,8,4,9,0,3
GATGTATCGTCT_5,2,6,4,1,4,3,5,1,8,2
CGCCATCCATAG_5,8,1,6,8,5,7,0,4,1,0
TGTAAATTTTCC_5,8,2,0,8,6,5,6,1,6,3
CACCTGGAAATG_5,4,2,4,2,3,8,9,1,6,3
CGAAGTTGTTTG_5,5,0,0,3,2,2,5,7,3,2
ATCAAACTAGCA_5,0,3,6,2,6,8,0,1,3,5
ATATTCACTTCC_5,4,0,5,8,6,8,6,9,6,1
CCCATACGATCA_5,9,0,4,1,6,5,4,0,3,9
TTCGAGCATTGT_5,9,2,3,4,3,5,2,1,1,0
GGCTCCGGCACG_5,4,3,5,4,4,5,4,0,0,1
AAGACTCAGTCC_5,1,4,7,9,9,0,8,8,8,4
AGGCAGCAACTT_5,2,1,6,8,5,5,9,4,1,5
GGCATATACTGA_5,1,4,7,9,5,8,2,1,8,0
ATCAAACTAGCG_5,8,1,4,2,3,5,0,1,6,3
GTAGAACTGGTG_5,5,3,3,1,3,2,5,6,2,3
AAGGACTGATAT_5,8,9,6,5,5,2,7,4,1,0
GCCATTCATGAC_5,7,1,1,0,8,5,7,1,9,7
ACCGATAAGGTG_5,8,1,3,2,6,8,9,1,6,2
TTTAAATGATTA_5,3,0,0,0,7,9,7,5,8,2
CCTGCCCAGCAA_5,4,2,3,2,6,3,9,3,8,1
TGCGGTGTTAAT_5,2,2,6,2,6,8,7,1,8,1
GGCTCCGGCATG_5,4,3,4,1,7,2,5,3,0,2
CCTATCGAGCGG_5,4,2,3,3,3,3,2,6,1,3
GTGAATTGGAAT_5,9,5,1,6,8,5,2,6,5,1
GAAGCTGGACCC_5,4,1,4,8,5,8,9,6,9,2
CGTCGACAATCC_5,2,1,6,3,8,7,0,1,8,2
GCCATTCATGAT_5,3,2,0,4,4,2,7,2,8,9
CACTGGCTTCTT_5,8,1,4,2,5,5,9,0,6,5
CAGATGGTAAAC_5,4,3,3,5,4,3,4,0,0,3
TCGGCCCGTGGG_5,3,2,9,0,7,3,1,2,8,7
CTGTGGAAGCGC_5,4,0,0,2,6,8,5,6,6,1
CGTGGCCGAATG_5,4,9,0,8,6,5,2,9,6,1
AAGGACTGATAA_5,9,1,6,3,4,7,1,0,9,0
AGGAAACAAGTA_5,5,2,6,2,6,3,2,0,6,3
ACCGATAAGGTA_5,0,1,4,3,4,3,5,4,6,1
ACCGTGTAGGTG_5,6,6,8,6,4,4,2,6,1,8
TAAATCCTCCCG_5,9,6,1,4,7,6,7,0,5,8
ATTGCTAGGCGT_5,4,9,6,2,5,8,6,0,8,5
GTGGCCGGATGG_5,9,8,1,1,8,3,5,6,5,8
TGCCTTTGAAAA_5,5,1,0,2,5,5,9,0,8,1
CAAGCTCATAGT_5,9,5,4,2,8,6,5,2,1,2
GGAGGAGCGAGT_5,7,6,9,0,7,1,5,2,4,7
AGAGCTGCATAG_5,8,2,4,7,6,3,7,6,6,3
TCGTACGCGCCG_5,2,0,9,5,2,3,0,7,6,2
AACGCATACGTA_5,1,1,6,2,5,8,1,1,8,0
CAATTTAAGACC_5,4,1,6,2,6,8,5,1,8,2
