,0,1,2,3,4,5,6,7,8,9
CTAGAAGTCCAA_9,6,2,0,1,1,1,9,1,9,8
CTAAAGACTCGG_9,2,8,5,1,6,1,7,8,5,8
AGGACATTAATA_9,2,2,1,1,1,4,6,8,3,8
CGTAACAACGAA_9,2,8,5,1,1,1,9,8,5,8
GCTGTGGAAAAT_9,2,8,1,1,1,2,4,1,9,8
ACGCTTTTGCTG_9,6,2,7,7,6,2,7,1,5,8
AACCCTTGACAC_9,2,8,9,4,1,7,4,8,1,3
GACGGCAGTGGA_9,9,2,1,1,1,7,9,2,5,3
GCTTTGAAACCC_9,9,8,0,1,1,1,7,8,9,1
TAAGGCTCTAGT_9,6,2,1,1,1,4,4,1,9,0
CCCACTAGTACA_9,6,2,0,5,6,2,9,1,3,8
TTAGAAGCACAA_9,6,8,1,1,1,7,6,5,5,0
TAACGTCGAAAT_9,2,2,5,4,1,1,9,8,9,1
ATTGGATTAGCT_9,6,8,0,1,7,2,6,1,2,1
AGTCCGTGCAAT_9,2,8,5,1,7,4,4,5,3,8
CAAGTATGTGTG_9,2,2,5,4,1,2,9,2,9,8
CGCGGCTTACGG_9,6,2,5,4,7,7,6,8,5,8
CACGTGACCTCG_9,9,8,5,4,1,1,7,1,9,8
AGGGCTGGCCCG_9,6,8,5,5,6,7,6,1,5,8
AGGGCTGGCCCC_9,8,8,5,1,6,4,7,2,9,8
ATTGAATACTCC_9,9,8,5,4,6,1,6,8,9,2
CACGTGACCTCT_9,9,2,1,1,6,1,6,2,9,8
TATTGCCTGTAA_9,8,8,5,4,1,1,9,1,5,8
CACGTGACCTCC_9,6,8,5,4,1,4,9,5,5,0
CTCCCCTCCTAA_9,9,8,0,4,8,9,9,8,9,8
CGGCAGGCCGGT_9,8,2,3,4,6,1,7,8,9,0
TGATCTCGTGTG_9,8,8,5,7,7,4,7,5,9,8
GCGTTCGCGATT_9,8,8,5,7,1,6,9,5,5,0
CCCACCCTACTC_9,6,8,1,5,6,7,7,1,9,8
GCTCTTACCCTT_9,8,2,5,1,1,1,4,1,5,0
GATTGCGGTGTA_9,8,7,5,1,7,4,3,1,9,0
ACAGTCCAGTGC_9,6,8,5,7,6,4,9,5,9,1
TAACCGTGGACA_9,9,8,5,1,7,4,4,1,5,8
GAATTGGTGAAA_9,9,2,1,1,1,7,7,1,5,8
AATGTGTGACTT_9,9,5,3,4,8,2,7,2,5,1
GGTGAGATCGTT_9,8,8,5,1,1,7,4,1,9,0
TATTGCCTGTAT_9,2,8,3,4,6,7,6,7,5,0
CCGTTATAGCAT_9,9,2,0,1,1,7,6,2,5,8
TATTGCCTGTAC_9,2,8,5,1,1,1,4,5,5,0
CCCACCCTACTA_9,6,2,1,5,1,4,4,8,9,0
CCCACCCTACTT_9,2,8,5,4,6,2,4,1,5,0
ATGTCTAAGCTG_9,9,8,1,1,1,7,7,2,9,0
CTTAGGATCGTG_9,9,8,5,5,1,2,9,8,5,0
TATGTTGAGCAG_9,7,2,0,4,8,0,6,8,9,1
ATACCCCTGAGT_9,6,2,0,1,1,1,4,2,9,8
GGGCGCTACCCG_9,8,8,5,1,1,7,4,1,9,8
GCTCTTACCCTC_9,2,2,1,4,6,1,9,2,5,0
GCGTGTGATTGA_9,8,2,5,4,7,0,9,5,9,3
GACACTGAGGTA_9,6,8,5,1,1,4,4,5,5,0
AGGGCTGGCCCT_9,6,8,1,5,1,4,4,5,2,0
GTTAACACCGGT_9,6,2,5,1,6,7,6,5,2,8
TGATCTCGTGTC_9,2,2,5,4,1,1,4,5,4,3
CTAGTAGGGATG_9,2,8,5,1,7,4,6,1,5,1
CTTCTACTCGGA_9,6,8,3,1,1,7,9,1,9,8
CCTCTCCAGGGT_9,8,2,5,4,1,0,4,2,2,0
TTGGAGTGCACG_9,6,1,0,4,1,7,7,1,5,3
CACGTGACCTCA_9,9,2,5,4,6,4,6,5,5,0
GCTCTTACCCTG_9,2,2,0,1,7,7,9,1,5,8
TATCTATGAAGT_9,9,6,1,5,6,7,6,1,5,8
TAGTCTGACAGT_9,9,8,3,4,1,2,4,8,9,0
TCGCATCTACGG_9,6,4,1,1,6,2,6,2,3,3
CCGCGGTCGGGG_9,6,7,1,4,7,1,4,2,9,8
AGGGCTGGCCCA_9,9,2,5,7,1,2,9,1,9,8
TGATCTCGTGTT_9,2,2,1,1,7,2,4,1,9,8
CCGGAAGCGCGT_9,2,8,5,4,9,1,4,1,3,0
GGGCGCTACCCC_9,8,8,5,5,1,7,4,1,9,3
TGAGCCGCTCAT_9,2,8,7,1,6,7,9,7,1,0
TATCAGGCTCCA_9,0,4,2,9,2,5,2,6,4,7
ACTTTATAGGCA_9,9,5,0,4,8,7,6,9,5,8
GGGCGCTACCCA_9,2,8,5,4,1,1,4,1,9,0
ATAAAATCCCGA_9,9,4,1,7,6,7,6,8,9,1
GTGTACGGTACG_9,2,8,1,4,1,4,9,1,9,0
TGAGCCATTAAT_9,6,2,3,4,6,7,4,1,9,8
CTAGTAGGGATT_9,9,2,1,7,1,7,7,1,9,0
ATACTAAGGCCG_9,9,2,5,1,1,7,9,1,9,8
GTTAGTCTTAGC_9,2,2,4,5,3,0,7,5,0,0
GAAAGCCACTAA_9,7,5,0,1,6,1,6,9,2,2
TGATCTCGTGTA_9,3,4,1,1,7,4,7,1,5,8
GCTCTTACCCTA_9,2,8,5,7,9,2,7,8,9,8
GTGTACGGTACC_9,2,4,5,4,1,7,4,5,5,8
GTAGCTTGTACG_9,6,8,5,1,1,0,4,2,5,0
CAACACTTGCTA_9,1,7,2,2,7,4,2,1,7,7
GGAGACCACAAG_9,6,2,5,1,6,2,9,0,2,1
CGCAATAAGATG_9,7,2,5,1,7,1,7,2,5,2
TGAGCCATTAAG_9,6,2,5,4,9,7,9,1,9,0
GGGCGCTACCCT_9,6,8,5,4,1,6,7,7,1,0
TACCCCATCCAA_9,6,8,5,1,6,4,6,8,9,0
GTGTACGGTACT_9,9,8,5,4,1,0,6,5,9,0
TTACACCACTGG_9,8,2,5,5,7,2,9,8,9,8
CTAGTAGGGATA_9,2,2,3,7,6,7,9,1,5,0
CTTCTACTCGGC_9,8,8,5,5,7,1,7,1,5,1
CTAGTAGGGATC_9,6,8,5,1,6,7,6,8,9,0
TGAGCCATTAAC_9,8,8,1,1,1,7,7,5,9,3
ACGGAAGCGATA_9,2,8,1,1,6,1,9,1,1,3
CCTCCCGAACGC_9,0,0,2,9,1,5,2,5,1,7
GACGAGAACGTG_9,8,8,1,4,6,7,9,1,9,8
CCGCGGTCGGGA_9,6,1,5,2,1,1,9,0,9,4
AGCTAACCAAGG_9,2,2,0,1,1,0,7,2,4,1
AAACGATACCAG_9,9,2,3,4,8,4,5,2,5,2
CTTCTACTCGGT_9,9,2,3,5,7,2,9,8,9,1
TCCTTTTTGCGT_9,8,2,0,4,6,2,9,0,6,2
GGTGGAAGATCT_9,9,5,0,1,8,7,7,1,9,2
GGTGGTTAGAGG_9,8,8,1,1,9,4,6,5,5,6
TGCCTAGATACC_9,6,2,1,7,1,1,7,8,5,0
GTGTACGGTACA_9,2,2,5,1,1,4,7,1,9,8
TCGCATCTACGC_9,4,5,5,4,6,4,4,8,5,3
TACGTAGTCGCG_9,0,3,4,9,2,6,2,5,3,7
GGACCCACGCAT_9,0,4,2,9,7,5,2,6,3,7
ATTGTACGACAA_9,0,7,2,9,2,5,2,6,7,3
AGACGTATGGGA_9,9,6,3,1,1,4,6,8,5,0
CCGCGGTCGGGC_9,2,8,1,4,1,4,7,2,3,0
CAGGCAGCTCAG_9,2,8,5,4,9,1,6,0,5,0
AGGACGCCTTCC_9,1,7,2,0,2,6,2,7,7,3
TCCTTCTGGATT_9,7,2,5,7,1,0,4,9,9,8
TGTCCTTCCGAA_9,0,7,2,9,1,5,2,0,5,1
TCCTTCTGGATG_9,9,2,0,1,9,7,9,8,9,2
CGTCTCAGCATT_9,0,7,2,9,2,5,2,5,3,7
CCGCACGAGCGT_9,6,8,5,4,6,3,4,5,0,3
TCGCATCTACGT_9,6,2,8,4,4,1,6,9,9,8
GACAATTACTGG_9,5,6,2,9,2,5,2,7,3,7
GCTCTGGGGCTC_9,2,7,1,9,7,7,4,5,1,7
AAACGATACCAT_9,8,5,8,4,6,9,6,2,3,4
AAGTTTACGACG_9,8,2,1,1,9,6,4,0,3,1
CCCGTCCACAAG_9,1,2,4,5,1,6,2,7,7,0
TCCTTCTGGATC_9,9,2,3,5,7,1,6,1,5,2
TGAGCCATTAAA_9,8,2,5,4,1,2,7,1,9,0
TCGCATCTACGA_9,8,3,5,2,1,7,6,8,4,0
ACCCCTTCACGG_9,2,2,9,9,1,1,6,9,9,7
GGGGCCGACAGG_9,2,8,5,5,6,7,4,1,0,0
AACGAATCTCCT_9,2,8,5,4,6,4,6,8,5,0
TCTCGATAAAGG_9,6,5,0,1,6,7,4,2,5,8
GGCTGGCTCTTT_9,8,2,1,1,6,1,4,1,9,8
GGAGACCACAAC_9,6,2,5,3,7,7,6,9,2,8
CTATATCCCTAG_9,6,4,1,7,1,1,6,8,5,1
GGAGACCACAAT_9,2,8,5,1,6,2,6,2,5,2
GTTCCATTGGAT_9,0,9,2,9,7,6,2,6,4,7
ATCCAAGTATAT_9,9,8,8,8,1,1,9,0,9,1
GTAGCTTGTACC_9,2,1,5,1,1,1,4,5,5,0
GTATCCATAGGG_9,2,8,0,1,1,4,9,8,4,2
CCCCAGACTATC_9,0,6,2,9,7,7,2,7,2,3
TGTTTATAGGTC_9,7,5,0,5,8,9,7,9,2,2
GACGAGAACGTT_9,2,8,5,7,6,2,6,8,5,2
GCGCCTTCGCCG_9,6,4,3,9,1,5,9,7,5,3
GGCTGGCTCTTC_9,9,8,1,4,9,4,9,1,9,0
TGACGTCTAAGC_9,7,5,5,7,6,8,5,1,4,1
TTACACCACTGT_9,2,2,1,4,6,0,7,8,9,6
GTAGCTTGTACA_9,6,8,6,1,9,2,4,2,0,8
GGAGACCACAAA_9,6,7,5,5,1,9,6,0,5,2
AACCGGTATGTG_9,3,9,8,3,6,4,9,0,3,0
TGACGTCTAAGA_9,9,6,5,8,3,4,6,2,9,2
GCGGAGTGGCTA_9,1,7,2,9,2,5,2,0,4,4
ATCCAAGTATAG_9,9,5,3,3,1,4,9,2,2,8
AAGTTTACGACC_9,2,1,8,1,6,0,9,2,4,9
CGCGCTTCATCC_9,4,3,1,8,2,2,8,4,2,2
TGGCCAAATGAA_9,1,4,9,9,4,5,2,2,3,3
CCGCGGTCGGGT_9,7,1,6,4,6,4,9,9,9,4
AAACGATACCAA_9,6,4,7,5,3,4,9,0,5,4
GACGAGAACGTC_9,6,8,5,1,6,7,7,1,2,8
CCATCCATCGGG_9,9,4,5,4,1,1,6,1,9,3
AAGTTTACGACT_9,1,1,5,1,1,0,4,2,9,1
AAGTTTACGACA_9,2,1,1,7,6,0,8,8,0,0
GGCTGGCTCTTG_9,8,4,1,5,6,7,4,1,0,0
AATAGAAGTGAT_9,8,5,5,7,1,4,6,8,9,0
GTATCCATAGGT_9,9,2,3,5,6,4,6,8,9,1
AATAGAAGTGAG_9,2,1,5,7,7,4,6,0,5,2
CGACTCACACCA_9,6,4,2,1,3,5,7,0,1,3
AACGAATCTCCC_9,8,9,1,4,7,4,6,1,1,8
AACCGGTATGTT_9,2,9,1,8,4,1,3,0,5,3
CAAAGGCGTTCA_9,2,7,3,9,2,6,2,7,4,3
TACTTTCAGAGT_9,0,4,9,2,2,5,2,7,4,3
TCGGACCACGGC_9,3,8,5,3,9,8,5,5,3,0
CGGCCACAGAGT_9,5,9,9,0,4,6,2,1,9,7
TTACACCACTGA_9,2,8,0,5,1,9,1,0,2,0
CTATATCCCTAC_9,9,5,5,5,1,4,7,9,2,2
GTTGTTATCGGT_9,0,7,2,2,2,2,2,7,4,7
CTCTCCTGATCA_9,0,3,6,5,4,6,6,9,4,0
GACGAGAACGTA_9,2,2,1,1,9,7,7,2,9,0
AACGAATCTCCG_9,2,4,5,5,7,4,4,2,3,4
CTATATCCCTAT_9,6,8,3,1,1,4,9,2,9,1
TTAACAGGATGG_9,9,5,8,3,6,1,5,9,9,2
GCTCACTGTAAT_9,9,8,5,5,1,1,4,1,9,0
GGCACTTTCACA_9,5,7,8,8,5,0,3,2,0,0
AACCGGTATGTC_9,6,0,7,3,9,2,0,4,8,5
GTTGGTCGTGAG_9,0,7,2,9,2,5,2,6,4,7
GTAGCTTGTACT_9,8,1,6,1,1,2,9,1,1,0
TCCTTCTGGATA_9,6,4,0,4,7,2,5,1,9,0
CGCGCTGAAAGT_9,1,7,2,4,2,5,2,7,1,6
AGCTAACCAAGA_9,6,8,5,2,1,9,1,2,9,3
CAGGCAGCTCAC_9,6,2,5,7,6,7,6,1,9,4
AATAGAAGTGAC_9,6,6,8,2,1,1,7,8,6,2
GGCTGGCTCTTA_9,6,2,1,1,7,4,4,5,0,9
TTATGGGCGATT_9,6,7,8,7,4,7,9,8,4,3
TCCCGCCTCGGC_9,8,6,9,3,9,6,4,1,2,9
AGCTAACCAAGT_9,6,1,7,3,8,9,7,9,1,1
TTATGGGCGATG_9,9,2,8,4,3,1,9,7,1,8
CTATATCCCTAA_9,9,2,7,7,8,4,9,1,2,1
GGGGCCGACACG_9,8,1,5,8,9,0,4,4,5,9
TTATGGGCGATC_9,8,3,8,4,3,2,7,0,9,2
ATCCAAGTATAA_9,7,5,0,3,7,1,9,2,3,8
TGGACGTGCAAT_9,2,5,1,4,6,0,9,2,9,0
TGGACGTGCAAC_9,5,8,5,5,1,7,9,8,4,0
GGGGCCGACAGA_9,2,8,1,5,9,8,9,7,0,0
GGCCTTCGGATA_9,6,3,6,8,3,2,5,7,4,6
GGTGGTTAGAGA_9,9,8,7,4,8,2,5,5,1,0
GGTGGTTAGAGT_9,9,6,1,3,1,1,6,4,5,8
ATGCCTACTGCT_9,0,7,9,9,2,6,2,7,3,0
TATACCCCTTGG_9,4,6,8,3,5,8,0,5,0,9
ACGGGAACGGCG_9,9,5,0,4,3,4,9,8,6,6
CCCTCGTTGAGG_9,0,7,2,5,2,5,1,7,4,3
CACCTTCCGACC_9,7,8,5,8,0,2,6,9,6,2
AATAGAAGTGAA_9,6,2,8,5,0,4,7,0,6,8
GCATGTAGGCGG_9,0,7,2,5,2,5,8,6,7,7
CCTAGCCTCCGA_9,9,2,8,8,1,2,9,2,5,6
CCACGCGCGAAA_9,1,9,1,6,3,0,2,6,1,5
GGTGGTTAGAGC_9,9,6,8,4,8,9,7,2,5,8
AGCTAACCAAGC_9,3,4,6,7,6,2,0,7,5,0
ACCGCGATCGGA_9,0,6,2,0,9,8,2,0,7,3
CGACGTCGCTGG_9,6,5,0,3,8,0,9,0,9,2
GTTGCCTCGCAC_9,1,8,1,8,3,6,8,8,1,7
AACGAATCTCCA_9,6,6,1,5,1,1,0,0,5,1
GCATAAGAGTAG_9,2,2,1,4,1,0,9,8,1,6
GGGGCCGACATG_9,6,2,5,5,7,1,8,1,0,8
GGAAGGGGCACT_9,7,5,7,5,8,1,5,9,3,2
GGGGCCGACAGC_9,8,8,6,1,1,7,0,7,0,0
ATCCAAGTATAC_9,9,2,0,5,5,7,9,9,5,8
CGCTATATGCTA_9,1,9,2,8,2,8,2,7,7,3
CGTGTGATAAGT_9,1,7,2,9,2,5,1,6,4,7
AAACGATACCAC_9,9,5,0,5,6,2,5,9,5,4
GGCTTGCGTGGC_9,8,9,4,5,5,3,2,2,2,6
ACACCTTATAAC_9,7,5,0,3,8,2,0,2,6,2
CAGGCAGCTCAA_9,2,1,7,7,9,3,4,8,0,8
TGGACGTGCAAA_9,9,4,1,2,8,7,6,7,9,9
TGCTCCTTACAC_9,3,9,4,1,0,2,7,8,8,3
CCGGGACTGCAG_9,2,4,5,4,6,8,5,0,0,7
CGTGCCGTCACC_9,5,1,6,3,9,0,2,4,7,9
CAGGCAGCTCAT_9,7,1,3,5,1,4,1,5,1,7
CTAATAAAGATG_9,1,7,3,9,8,5,2,7,2,1
CAACCATCGCTA_9,0,0,1,9,3,7,2,5,4,7
CCTCGCAGGTGC_9,0,9,2,1,9,6,2,5,2,5
GGGCCGCGGGGT_9,0,7,2,9,2,7,2,7,7,7
TCCGAAAGTACG_9,1,7,2,9,2,6,2,4,7,3
CCGGGACTGCAC_9,6,6,1,2,1,2,9,0,3,3
TGTGCGTTCTCT_9,6,3,8,2,7,1,3,7,6,4
CCGGTCATCTTT_9,9,2,2,5,9,4,8,3,4,3
CCATCCATCGGC_9,7,4,0,3,6,1,5,9,9,2
CCTTCTACTCGG_9,9,5,1,7,4,9,0,8,5,5
ATACATTGGCTG_9,7,9,0,3,1,9,9,9,2,2
ATTCCGGGAGAG_9,1,6,8,0,2,5,2,7,3,3
GGGGCCGACAAG_9,8,4,4,7,9,0,4,1,3,6
CGTCCATATCAT_9,4,2,7,5,2,1,6,8,2,9
GTATCCATAGGA_9,9,8,8,7,7,9,9,1,8,0
CCCCCCCCCACC_9,1,9,5,5,9,3,4,7,9,8
CCTAGCCTCCGC_9,2,7,9,2,0,1,6,5,0,6
TCTCGATAAAGA_9,6,2,1,7,4,1,1,1,5,8
GTATCCATAGGC_9,7,5,3,1,7,3,4,9,4,0
CGTACAAGATCC_9,0,4,3,9,2,5,2,6,7,2
GGGGCCGACAGT_9,8,1,5,5,9,3,4,4,0,6
CCATCCATCGGT_9,7,5,0,5,1,0,1,2,9,1
TCTCGATAAAGT_9,5,4,8,6,4,0,5,2,6,1
CGGCGACAGGTT_9,0,7,9,1,5,6,8,3,7,7
CCATCCATCGGA_9,6,1,1,5,6,1,7,1,9,4
GCTCCCAGTGCA_9,1,1,8,4,6,6,3,3,1,5
AACCGGTATGTA_9,6,4,1,8,9,0,5,4,4,9
ACCGATTGTAAA_9,0,4,2,6,2,6,2,6,7,3
CCGGGACTGCAT_9,2,7,5,3,1,4,5,8,1,6
TGCGAGCAGGCT_9,4,7,9,9,2,5,2,7,2,5
GGGGCCGACACC_9,2,9,5,5,6,4,4,0,8,6
CCTTAACGTGCC_9,6,9,0,3,3,4,5,3,8,4
CACCGACAGCAT_9,1,6,9,6,5,3,9,4,8,6
TTAACAGGATGA_9,5,9,7,7,3,1,5,8,2,2
AGGGCCGTTTAG_9,5,1,3,3,6,3,0,9,4,2
GTGACTTGTTTG_9,3,7,4,2,4,4,1,5,1,7
TTATGGGCGATA_9,3,8,0,7,3,9,5,1,8,2
CGCTGTCTCACG_9,0,7,2,0,2,0,2,9,3,7
CCCGTGTGCACC_9,0,4,1,2,2,6,8,6,3,7
GGGGCCGACATC_9,5,1,7,2,7,0,9,5,1,9
CCTTAACGTGCG_9,9,8,0,7,5,8,5,5,8,8
CCGGGACTGCAA_9,5,3,0,2,3,0,2,2,3,3
CCTTTTTTCGGG_9,4,6,1,4,4,9,0,0,3,5
GGGGCCGACATT_9,7,6,6,7,3,3,4,0,1,0
TCTCGATAAAGC_9,6,9,7,7,8,0,6,0,9,1
GGGGCCGACACA_9,4,1,9,2,7,3,4,5,0,9
TCACCGTCTCGG_9,4,4,4,2,0,4,4,2,5,0
ACCACATGGAGC_9,6,0,3,6,1,0,3,3,8,9
TCCGCAGGGTGG_9,9,0,7,1,8,2,0,9,6,2
TTTCGAGCTTGG_9,5,3,4,7,3,8,0,9,3,6
CGCTGTCTCACT_9,0,1,9,0,2,6,2,7,3,7
CCGCCAGCAATA_9,3,0,0,3,0,8,0,3,8,0
CCCCAATTTTTT_9,0,6,9,9,2,5,0,9,2,5
GGACGTCACGGG_9,3,3,8,5,0,2,6,0,8,1
CCCCACTAGCAT_9,5,8,8,6,5,6,3,4,7,2
CCTTAACGTGCT_9,3,7,0,2,5,7,5,2,8,4
AGTCATAGCGGC_9,8,1,4,0,5,3,8,8,0,6
TATCTATGTTTG_9,7,5,0,3,8,9,5,9,8,8
AGGGCCGTTTAA_9,1,9,4,4,4,4,8,7,8,9
AACCCCCGACGA_9,0,1,6,2,3,3,8,4,0,9
GCATAAGAGTAT_9,4,3,0,7,0,2,3,8,3,1
CATGGTGGCCCG_9,6,1,5,2,3,0,3,4,6,2
TAGCGTAACCTC_9,0,7,8,9,2,9,2,0,4,4
GGGGCCGACACT_9,8,1,3,7,7,3,9,5,0,6
TAGGCCGGCAAG_9,3,1,1,7,5,0,8,4,2,2
CGACGTCGCTGC_9,4,0,5,6,3,9,5,0,4,2
TCATCGGTCCTT_9,5,5,0,5,8,2,0,8,6,2
GATTTAAACAGT_9,1,3,8,6,7,9,1,8,4,3
CCTTGTCAGTAC_9,7,1,8,2,9,8,8,4,2,5
CGCAAGTAAGAT_9,4,3,0,4,0,2,1,9,4,1
GCTCGGAACCGC_9,3,6,7,6,9,3,4,4,7,6
AGGTACTCCTAT_9,6,7,1,2,3,2,0,4,6,4
CGACGTCGCTGT_9,3,5,5,6,6,9,0,9,6,9
CTATCAGCCATA_9,4,0,9,9,0,3,7,2,1,3
GGCCCTTAGCCG_9,8,1,4,6,5,0,1,7,0,9
TTAACAGGATGT_9,2,8,7,6,8,8,7,8,8,2
TCATCGGTCCTC_9,9,9,0,8,5,0,0,8,2,2
CCTTTTTTCGGA_9,7,2,7,1,7,9,6,0,8,1
CGCTGTCTCACC_9,1,9,2,9,2,5,8,6,2,5
TTGGGGACGTTG_9,5,3,7,5,8,9,5,9,9,9
AGCGTAACGGTT_9,7,9,4,4,3,3,0,0,1,6
GCATAAGAGTAA_9,7,8,1,7,0,7,8,8,3,4
CAAACGCAGAGA_9,7,3,0,8,8,9,9,9,6,4
TACGGCGAAGGC_9,8,1,9,0,1,8,9,7,8,9
TAGGACTAATCC_9,1,9,8,0,2,5,2,5,4,4
TTACACCACTGC_9,2,5,7,8,3,0,8,1,6,0
GGGGCCGACAAT_9,1,8,6,0,3,3,7,5,8,9
AATCAGGCCCTG_9,5,0,7,3,5,9,8,0,6,1
ACATGTTTTCGC_9,1,4,1,2,9,8,4,5,8,6
CTATTGTCGCCT_9,1,7,9,0,2,5,2,6,7,7
CGCCTTGCTGAG_9,0,7,9,9,2,7,1,6,2,4
GTACCATGCTAT_9,1,2,4,3,5,0,6,2,3,4
CAGATTATCGAC_9,0,7,6,8,2,6,1,6,7,5
TGGCCCCCCATA_9,3,1,7,0,9,3,1,4,0,6
GGGGCCGACATA_9,1,7,7,7,9,0,9,7,2,5
TGGACAGTTCGC_9,6,6,7,7,9,0,4,0,8,6
GCCGGTCGACCC_9,7,0,7,5,5,3,9,0,8,2
ACAGAAGGCTCA_9,2,4,5,5,0,4,5,2,0,8
CTCCCGCTCCCG_9,2,0,6,8,5,0,4,0,0,9
GGGGCCGACAAC_9,8,7,6,5,9,9,4,5,0,9
TCTAGCCTTGTT_9,5,1,3,5,2,3,3,3,7,5
CATGGTGGCCCC_9,7,4,4,3,3,1,0,9,0,4
CGACGTCGCTGA_9,4,5,3,3,8,3,0,8,6,5
TTGTTTTGTGAG_9,0,7,4,2,4,8,2,6,7,3
ATTAATCCGTCG_9,3,5,7,7,3,2,0,3,5,6
CCTTAACGTGCA_9,6,5,0,3,6,8,5,0,6,2
GCGCGTTACTTC_9,2,1,4,3,9,3,4,4,1,3
ATTCTTGGAACA_9,4,1,4,3,8,3,0,3,7,5
CTTCTGTCTAAC_9,8,0,7,2,5,3,3,0,2,9
TTGGGGACGTTA_9,9,3,9,9,3,8,5,9,8,1
TTGGGGACGTTC_9,6,4,7,3,8,9,0,3,9,5
CCCAGCCCTCGC_9,1,9,4,0,3,5,2,6,4,7
ATCGTCGGCCCC_9,1,0,4,2,5,3,1,0,1,5
CCGCCGGGGCGT_9,0,1,6,0,5,6,8,0,8,9
CCGAAGCGCGTG_9,8,6,6,6,4,0,2,4,0,6
TGGACCAGAATA_9,4,1,6,6,4,8,0,2,8,2
ACGGGAACGGCC_9,8,0,0,3,0,8,0,8,2,2
GTCACTATACCC_9,3,6,6,6,4,0,1,3,3,4
ACTTGCCATCAC_9,6,3,8,2,5,6,0,3,6,2
GTACCATGCTAG_9,5,5,6,6,3,8,1,3,4,4
AAAGCCTTCGGG_9,3,9,6,2,5,3,0,2,8,0
ATGAAGTGATAG_9,0,9,9,9,2,5,2,6,7,5
TTGGATACCCTA_9,1,9,4,8,2,5,2,6,3,4
TCACCGTCTCGC_9,1,9,7,8,4,4,0,5,4,1
ACGGGAACGGCA_9,5,6,1,4,1,9,7,2,6,2
AGACACCCGTCA_9,6,1,9,6,7,0,2,3,7,1
TGCTCAAGCAGC_9,1,6,9,9,3,8,2,7,1,6
TCCGCGATGACC_9,0,6,9,0,2,5,3,3,6,7
GACGTGTGCATG_9,5,3,7,7,0,2,8,0,0,4
CCTAGCCTCCGT_9,1,3,7,5,1,8,8,9,2,1
AGGTACTCCTAG_9,5,1,4,7,3,9,5,8,6,1
CACCTTCATTCC_9,5,6,8,2,4,0,1,9,1,3
ACCGCTCCATTT_9,3,0,7,0,9,3,8,3,1,3
TTAACAGGATGC_9,7,5,0,3,0,9,3,9,5,5
GGCTTTCCCACA_9,4,1,3,6,5,2,8,9,8,1
TTCCCGACCTCG_9,5,1,4,0,5,6,3,4,7,4
CAGTAAGGTGGC_9,4,9,8,6,5,5,5,6,2,7
CTACCTAGTACT_9,0,7,3,9,2,5,2,6,7,7
AGGGCCGTTTAC_9,1,9,4,0,5,9,3,4,2,9
GCTACCATCATC_9,6,0,6,8,0,8,1,5,3,3
ACAGCTGAACAC_9,4,3,9,9,2,5,3,3,3,5
CCTGCTGAGCAC_9,4,0,4,2,0,8,3,4,0,9
AACCAAATTAGG_9,5,7,2,8,2,6,2,6,3,7
GCATCCGAACTA_9,3,0,4,2,5,3,8,3,3,6
CCTTTTTTCGGC_9,5,2,3,1,8,2,3,9,3,1
GTACCATGCTAC_9,5,3,6,8,8,9,5,3,3,6
GGTCACTTTTTA_9,4,6,7,3,2,8,2,9,7,5
TTTACGCGCCCA_9,1,9,2,2,2,8,1,7,7,7
CTCGCTCTCGGA_9,3,9,7,3,6,3,5,2,8,4
TTCCCCCTGATC_9,2,1,4,2,5,2,1,3,8,9
GGCACTCATAGC_9,1,1,4,0,9,6,4,4,0,3
CGACAATTATGA_9,5,7,8,3,8,9,8,4,8,0
GCCGCCCGCCCC_9,3,6,4,2,9,0,8,0,3,6
GCCGATACGAGT_9,6,1,8,2,7,2,1,4,8,9
CGCTGTCTCACA_9,0,0,9,0,2,8,3,6,7,5
GACACACGAAAT_9,0,9,2,9,2,5,2,4,7,3
CTTATAGGCTTG_9,4,7,8,6,3,0,5,3,1,7
GGCAAGACCCTC_9,5,9,9,8,0,2,3,3,8,5
CCGTGTGACATG_9,5,7,6,8,5,9,1,4,6,5
AGCGTATCGCGT_9,1,6,4,8,9,3,0,4,8,7
CATGGTGGCCCT_9,4,4,8,8,3,3,2,9,6,2
CCTGTGTGGGAG_9,0,0,6,2,5,9,3,3,6,4
GCCCGACCCAGA_9,3,3,1,9,9,9,2,1,8,6
GGAGGGGCACTG_9,4,5,0,6,6,2,7,9,6,1
CTAAAGCATTCT_9,5,7,6,3,4,9,8,7,8,4
TCACCGTCTCGT_9,4,4,7,4,5,8,8,4,1,9
CCTTTTTTCGGT_9,5,7,7,6,8,9,7,9,2,4
GAGATTTAGAGA_9,4,9,6,0,0,3,4,5,2,4
GACACCCTCTGG_9,4,0,7,8,3,2,3,9,8,6
TATCTATGTTTC_9,5,5,0,5,8,7,1,9,6,4
TGAGAGCCTTAG_9,4,0,2,0,4,5,2,6,7,5
AAGCCCCCTCCT_9,3,6,4,0,5,3,0,4,0,6
TGAGAGCCTTAT_9,4,6,4,6,4,6,8,8,4,4
TAATTCTGTGCA_9,1,6,6,2,4,6,2,7,7,3
CAATAGTCTTGC_9,0,1,4,2,5,2,8,0,3,9
GGGGCCGACAAA_9,6,4,6,7,9,1,4,5,1,0
ACGCACCCGCCT_9,4,1,1,2,9,6,8,7,7,6
GCTCACCCTCTT_9,8,6,9,3,3,3,1,4,8,2
TGCGACCCACGG_9,7,0,6,4,7,8,8,0,8,3
ACCTAGACGAGG_9,1,0,1,7,9,3,8,4,7,5
AGGTACTCCTAC_9,3,5,4,6,4,3,3,4,8,6
TCATCGGTCCTA_9,9,1,3,3,8,2,0,9,8,2
ATACATTGGCTA_9,9,9,0,7,3,9,5,9,1,8
TTGTGAAGTCAA_9,4,0,9,9,2,3,2,8,6,4
AGGGCCGTTTAT_9,6,9,6,6,5,3,9,3,1,7
CGTCCCACCATC_9,1,1,6,9,5,3,3,4,6,9
AACCACGGCCTC_9,3,6,6,0,5,8,1,3,7,5
CCTCGGCTAAGC_9,1,1,9,7,9,3,8,4,0,6
GAACATGCGCGC_9,6,1,4,2,0,0,1,5,7,5
CGACCTGCTCCT_9,5,3,4,8,4,9,8,3,8,9
CCCAATCCTCAT_9,3,7,0,6,0,7,9,0,2,5
TGTCTCCGCAGC_9,5,3,0,8,0,9,8,2,9,5
AACTAGGAAAGG_9,3,5,7,6,3,0,1,1,4,5
TACAACTCCCAG_9,6,0,4,2,3,2,5,0,0,6
AGCCCACAGATC_9,3,3,6,2,2,8,8,4,0,3
GCATAAGAGTAC_9,7,0,3,0,4,0,5,3,1,6
CGCTAATAGCCC_9,7,9,1,3,4,8,0,3,1,2
ATACATTGGCTC_9,4,5,7,8,3,9,5,9,9,4
TACACTAGGCGC_9,1,1,8,0,9,6,3,4,0,6
CGTTTGTTCATT_9,8,0,9,6,4,6,3,0,6,5
GGGCAGTCTGCT_9,3,6,8,0,9,8,2,4,8,5
GCGGCAATACTG_9,5,7,2,9,2,5,1,6,4,3
GGAAATTGAACG_9,3,4,4,1,5,8,4,5,2,9
CTCTACTGACCG_9,7,5,7,8,8,9,8,9,2,2
TGGTTAATGTTG_9,5,0,4,8,3,5,3,3,0,5
CCTTTTAATCTC_9,5,1,8,3,5,1,1,4,0,9
GGCTTGCCCCCC_9,1,6,4,0,9,0,8,4,3,5
GCCGGGGCCAAA_9,3,0,6,2,0,8,1,4,8,9
ATACATTGGCTT_9,7,3,3,5,7,9,6,0,8,2
CAAACTGTGAAG_9,3,0,4,6,4,9,1,3,8,5
GTTATTATGCTA_9,0,0,9,0,4,5,3,8,6,7
AGCCCCGAGGCC_9,1,0,6,3,5,8,8,5,1,5
GAGGACTCATGC_9,0,7,2,2,2,8,2,6,7,3
CCGAAGCGCGTT_9,3,1,6,6,9,9,1,4,3,5
CCGGAATGTTGG_9,4,9,3,9,0,8,2,9,1,7
ACTCCGCCATCA_9,5,0,6,5,5,8,8,3,2,4
GTGAGTCTTCCA_9,5,1,2,9,2,9,3,0,4,4
GTACCATGCTAA_9,3,3,6,3,3,3,0,3,1,5
ATCATTCGCTGC_9,1,0,4,8,2,3,8,5,7,9
TTGACATACACT_9,8,6,3,6,0,2,8,7,3,9
CAAGCGAAACAG_9,3,6,6,3,3,9,8,3,8,2
ACGGGAACGGCT_9,4,3,0,6,0,9,3,0,1,1
TGAGAGCCTTAC_9,5,9,8,9,0,8,2,7,2,4
CAGCTGAGCGTG_9,4,3,7,8,4,1,3,3,8,3
GGAAATTGAACT_9,8,6,7,4,6,8,3,5,4,6
AGGTCTTAGTCG_9,7,0,7,8,3,9,1,3,7,6
TCGTCAAGGGTC_9,3,7,4,8,4,0,3,5,1,5
CTTATAGGCTTC_9,6,8,8,9,3,8,3,0,1,4
CGCGCTGTAAAT_9,3,0,7,6,5,3,3,3,8,9
AAATATCAGAGC_9,4,5,7,6,5,8,7,9,8,1
AGGTACTCCTAA_9,3,1,6,3,6,8,0,4,0,6
CTCCGACTATGC_9,5,9,6,6,4,3,1,4,1,6
GCCCATCGCCGG_9,1,1,6,6,9,0,1,4,7,9
TACCGGATACGG_9,5,0,4,0,2,3,2,5,7,5
AAGATTCTTCGC_9,1,4,4,2,0,6,3,3,3,5
GCGAGCAATAAA_9,0,6,4,0,4,6,0,3,4,5
TGTTTCGGGTGG_9,7,4,8,9,3,5,3,9,3,4
TCTGCCGGCCCC_9,3,6,9,2,0,0,8,4,0,9
CGCGAATTATCA_9,1,6,8,7,5,6,1,4,8,6
CGGGCCGCCCCG_9,1,1,7,8,9,6,3,5,3,6
GGAGGGGCACTT_9,7,5,7,6,4,2,0,9,6,2
CTAGCCAGCAAC_9,7,6,0,6,8,4,0,9,8,7
TTAGTTGTGTTC_9,4,5,0,4,8,2,0,0,2,2
AATTCGGCTCTC_9,5,1,7,8,9,3,6,0,9,9
GTAGCGGTCTTA_9,5,7,4,6,9,8,0,4,7,6
CCCGAGGTGCGA_9,1,6,4,3,9,3,3,5,0,9
CAGGTCGGGCTG_9,0,1,9,9,4,6,2,6,7,3
GGCTACCAGAGG_9,5,9,8,6,3,4,8,0,1,7
ACAGCGTTAGAC_9,0,7,4,8,2,6,2,3,3,7
TCACCGTCTCGA_9,4,4,4,8,4,8,8,4,9,9
CTATGGACGCTA_9,8,7,6,0,0,8,0,5,1,3
AGGCTAATAAGC_9,4,7,8,2,7,8,8,6,8,7
TCCGCAGGGTGA_9,3,3,1,2,5,2,0,2,6,1
TCCCGAAAGGAG_9,5,1,2,8,5,3,3,3,1,9
TGTTTTGCATTT_9,4,9,8,7,7,9,0,0,0,5
CCAGCACAGTGG_9,1,0,4,0,4,3,8,4,7,6
ATGGGTGGCACA_9,5,6,6,6,0,8,8,3,8,3
AATGCCGGGCGT_9,1,1,4,2,2,3,4,4,0,5
GCTTTTTTCCGT_9,5,0,4,8,9,6,8,0,2,5
AGCCGTGACAGT_9,3,1,6,3,0,8,0,4,3,2
TTTCGAGCTTGC_9,1,1,7,0,4,3,3,3,0,5
GCCCTGATCCTA_9,4,1,4,8,4,9,0,3,3,2
CTCGACGCACGA_9,1,9,6,8,9,8,8,4,7,6
CGGCTTAGGTCA_9,1,0,6,2,5,8,8,4,7,5
TTTCGAGCTTGA_9,3,1,8,6,5,3,3,3,1,7
GCGGGGGTCGGA_9,7,0,6,3,4,4,3,4,6,1
GTGACCGGGATC_9,1,1,2,6,0,6,8,4,3,6
CATGGTGGCCCA_9,7,5,7,3,4,8,8,3,6,4
CATACCGCCGTA_9,3,0,4,2,9,9,0,3,4,1
TATCTATGTTTT_9,4,5,0,8,8,9,1,2,6,2
CTCTTCATTCGA_9,4,9,7,3,9,0,8,0,7,5
