,0,1,2,3,4,5,6,7,8,9
TTTCTATTACAC_5,5,1,4,6,6,1,5,4,7,2
ACCATTAGCGGA_5,9,5,9,5,0,1,5,0,5,3
TCCGCCTGCGAA_5,5,5,7,5,6,9,7,4,7,3
ATCCCATGATAA_5,9,6,7,9,0,2,9,1,1,9
CTAACGTCCTAC_5,9,6,4,9,2,4,0,2,0,3
ATGTTATTAGGT_5,9,8,0,5,7,1,0,4,0,2
AGATACAAGCCA_5,9,5,7,3,0,7,5,4,5,2
TGCAGTCGCGGG_5,3,8,7,5,3,3,2,7,3,2
TGGGGACGCGTG_5,3,8,3,2,3,3,8,7,3,2
ACGGCCCGGCGA_5,3,2,4,2,2,1,8,4,1,2
GTCGCGGCAGAG_5,9,2,9,5,9,6,4,7,1,3
CTATATGGCAGA_5,3,2,9,5,3,1,7,4,0,6
GTAGTGTCTGAC_5,7,5,0,2,0,1,9,5,5,9
AGTCACATGGAC_5,5,8,0,3,0,6,8,7,7,0
GCCCGCTCTGCG_5,3,8,3,5,7,3,2,4,3,2
CAGACCTTCAAT_5,5,5,0,3,0,1,9,3,7,0
AGCCCTAAATGT_5,9,2,3,2,7,3,5,4,0,2
TTAAAGAGTATT_5,5,1,9,2,0,7,1,7,0,2
GAGGTTAAGGAA_5,3,8,4,2,2,3,5,7,1,2
ACCAAAGTGCGG_5,5,1,9,2,3,3,8,7,3,2
GGAACAGTCATT_5,9,2,4,5,7,3,9,4,1,2
AGCCCGACCTTA_5,9,1,0,5,0,7,5,0,5,2
TCGAATAGCTTA_5,9,5,9,0,6,7,1,4,0,2
ATGTTATTAGGC_5,9,2,0,5,7,3,5,7,3,3
CGGATTGTCCCA_5,9,5,7,2,0,1,4,3,8,9
CATAACAGGAGA_5,0,3,7,8,9,5,5,9,0,3
CAGGGCAGCCGT_5,3,5,4,9,0,2,9,0,0,1
TCCAACCGGTCG_5,3,8,3,5,3,3,2,7,3,2
AGCAATGCAGCC_5,0,4,6,4,4,5,3,9,2,7
CGAGCGACTAAT_5,9,6,0,5,3,2,1,7,3,1
CATCACGTATGC_5,6,8,4,2,2,9,5,4,0,2
TACGGGTCCCGA_5,9,5,9,9,9,9,9,7,5,3
GAAACTCCTAAA_5,6,6,8,0,8,1,0,4,0,3
TTTTCGCGAATC_5,3,8,7,2,1,3,8,7,3,3
GTCCATATAAGT_5,9,2,4,9,8,1,9,4,0,3
ACCAAAGTGCGC_5,7,8,9,2,7,3,2,4,3,3
TCTATATTCTAA_5,9,6,8,9,0,2,9,2,0,0
GACGATCGCGCA_5,3,8,3,5,7,3,2,7,3,2
ACTGCGAGCAAG_5,3,6,9,0,7,3,2,0,0,3
GGACCACGCCAC_5,3,1,9,6,0,3,2,7,8,2
GACGGCCCTCAA_5,7,1,2,3,1,1,4,0,7,9
GCCACGTTCGGT_5,4,5,3,6,3,2,2,5,3,3
CCACTGCCCATT_5,9,9,4,9,3,1,8,4,1,5
TCCAACCGGTCC_5,3,8,3,2,3,3,2,7,3,0
GGACCACGCCAA_5,9,8,8,2,7,3,8,7,3,2
CAACAGGCAGAG_5,2,8,0,1,3,2,6,5,9,0
CTTGCCGACTAA_5,6,6,4,0,1,1,9,8,1,3
TTGGCTTGTCAG_5,9,9,0,3,0,7,9,5,5,0
TTAAAGCGGGTC_5,9,1,1,3,8,7,9,3,0,3
CCCGTATTATCC_5,8,5,7,5,6,1,9,3,7,0
GCTTACGGCAGA_5,6,8,4,2,2,0,7,4,0,3
TCCAACCGGTCT_5,5,8,3,2,3,3,8,7,3,2
GGTTACAGACGC_5,6,8,7,2,2,2,0,4,0,5
CCTCCCTCGTCA_5,9,1,2,5,9,1,5,3,7,9
ACGAATAATCGC_5,9,6,9,5,7,2,0,7,0,3
GAGGCCATACAA_5,5,8,9,2,7,4,8,4,5,6
CAGTCGCAAAGC_5,5,9,7,6,1,4,4,4,7,3
TCTCAACAACGG_5,3,5,4,5,8,9,1,0,1,3
AGTGCTCGGTTT_5,6,5,4,2,7,6,0,7,0,6
GGAGCGCCTTCC_5,6,2,7,2,8,4,5,4,1,2
CTTACTCGTATG_5,9,5,7,0,0,1,9,0,5,4
GACCCTTCATTT_5,5,5,9,3,0,7,9,3,7,0
GAACGCCGCTGT_5,7,9,0,2,7,3,5,5,5,0
AGATAGGAAGCG_5,3,8,3,2,3,3,2,7,3,2
AGGACCATTCTG_5,9,5,7,0,6,0,0,2,0,0
GCGAGGAATTCG_5,9,8,5,0,2,1,9,2,8,3
ACGTGTTACTAT_5,2,1,9,9,0,2,9,0,1,1
AGCGTGGAGCTG_5,3,8,3,2,3,3,8,7,3,2
TTGCCGATCCCT_5,5,8,4,2,1,3,2,7,3,2
AACCGACATAGA_5,0,4,6,4,4,5,3,9,2,7
ACTGCGAGCAAT_5,9,8,7,1,2,1,7,2,0,3
AGGACCATTCTC_5,9,1,7,0,6,2,9,0,0,3
ACTGCGAGCAAC_5,6,8,7,0,2,3,5,4,3,2
TCCAACCGGTCA_5,3,8,3,2,3,3,8,7,3,2
GCCCCCGACTGG_5,2,9,0,1,5,2,6,5,5,4
AACAATTTACTT_5,9,1,4,3,6,7,5,3,7,0
AATATACTAAAG_5,9,5,9,5,0,2,7,5,7,0
AGATAGGAAGCC_5,9,8,3,5,7,3,2,7,3,2
ACTCAAGCGCCG_5,3,8,9,5,2,2,1,4,1,0
CACTCAAAGCAC_5,7,9,8,2,3,0,6,4,3,0
AATAACCCCCCG_5,9,1,2,3,0,7,1,3,7,3
GACGATCGCGGC_5,3,8,9,5,7,3,8,7,3,0
GTCGCGGCAGAA_5,1,1,9,3,0,9,7,7,8,3
GTCGCGGCAGAC_5,9,2,4,5,7,3,5,0,8,3
CCGGCCCGCGAG_5,7,5,8,1,0,4,7,0,6,9
GGTAGACGTATA_5,7,6,4,9,7,6,0,0,5,0
TTGAGTAAGGGG_5,9,8,9,1,7,1,2,2,0,2
CATACCGTCTTA_5,8,3,6,8,9,7,4,6,4,8
TGCAGTCGCGGA_5,4,8,3,6,3,3,2,7,3,0
TTAGTGACCAAT_5,9,1,0,9,7,7,7,0,5,9
TGCCCATCCTAG_5,3,9,8,5,8,6,5,1,0,0
AATATACTAAAT_5,9,6,9,0,0,1,9,0,6,4
TCGAAAACTACG_5,5,5,2,3,9,7,4,3,7,3
TACTCAACGTCT_5,7,1,2,3,6,7,4,3,7,0
CTGTTCTGGTAT_5,5,5,0,3,6,7,9,3,7,0
AGGACCATTCTA_5,9,5,0,3,6,1,0,0,0,0
ATGAGGATGCTT_5,6,0,4,9,8,0,0,8,1,3
GACACGGCCAGG_5,3,1,4,2,2,6,5,4,1,3
AGTAAGTGCAGT_5,6,8,3,2,2,3,7,4,8,2
CGCCACATGGCA_5,4,1,9,1,2,1,0,5,9,5
AGATAGGAAGCA_5,3,8,3,5,3,3,2,7,3,2
ACCCGGCTCAGC_5,6,6,4,2,8,4,0,1,1,3
CTTGTCGGGTGC_5,3,2,3,2,7,4,0,4,0,3
TCCCCGCGCCGT_5,2,3,8,6,6,8,1,3,7,6
GGCGCTTTAATA_5,2,9,7,2,0,2,5,3,5,9
GGACCACGCCAT_5,3,5,3,1,7,2,2,7,5,2
TGCAGTCGCGGC_5,3,8,3,2,3,2,7,1,3,0
GCCAAGTTGGTC_5,2,5,9,1,7,4,8,1,9,0
AACGCGCCGTTC_5,1,2,9,5,2,1,8,0,5,3
TTGTGGAATAGC_5,4,9,9,3,6,6,4,0,5,0
TTGCCGATCCCC_5,3,8,7,2,1,3,2,4,3,2
TTAATATCCTTT_5,9,6,4,0,7,4,0,2,0,3
ATTCGCCGAAAT_5,9,1,0,5,3,2,2,7,6,0
AATATACTAAAC_5,2,5,7,3,0,1,8,2,9,4
TTCACACAGGCA_5,1,4,8,9,8,5,3,8,6,7
TTGCCGATCCCG_5,3,9,3,5,3,0,2,4,5,2
TGCATTAAAGAT_5,7,8,8,5,5,8,0,5,9,1
AGATAGGAAGCT_5,3,8,3,5,3,0,2,7,3,2
CACGGCTTAGCT_5,7,9,9,2,0,7,5,0,0,0
GAGGATTCTGGC_5,2,5,0,1,5,2,1,5,5,0
TGCCCATCCTAC_5,3,8,7,2,1,7,8,4,0,1
TGCCCATCCTAT_5,5,7,8,2,3,4,1,1,0,2
CCCGAGCGGCGT_5,5,8,1,3,8,7,5,3,0,0
CCGATTCATCCA_5,9,5,4,9,1,4,1,7,1,2
TCACAGAGGACG_5,9,6,9,9,2,4,8,7,0,1
CCGACTTGTAAT_5,3,8,3,2,3,3,2,7,0,2
AACGCCCTCAGC_5,3,5,7,9,1,6,9,0,8,4
CTAAACACCCCC_5,8,2,2,3,6,7,5,3,4,8
ACTGCGAGCAAA_5,9,6,0,5,7,2,2,4,0,2
ACCAAAGTGCGA_5,3,8,3,2,7,3,2,4,3,2
TATATCGAAGAT_5,5,8,3,0,3,2,2,4,3,2
CTAGCGTTTCGC_5,0,4,6,4,4,5,3,9,2,7
GTATAGCGCTCT_5,5,5,1,6,6,2,1,1,5,3
ACCAACATCAGC_5,6,2,3,2,7,3,2,7,3,2
ATACAGACCGCA_5,1,6,4,9,8,4,9,2,1,5
GGCGTACTGCTC_5,7,5,9,6,6,8,9,3,7,0
TTTCGGGTTCTG_5,2,6,9,1,7,1,5,2,6,4
GCTCTGCAGGCG_5,3,1,3,2,8,9,7,4,7,0
AGCGTGGAGCTT_5,3,8,3,2,7,3,2,7,3,2
GTCCTGTTCTTC_5,4,1,9,0,2,4,1,1,1,3
ATAAGCGTAAAT_5,4,8,2,3,6,8,5,3,0,3
ACTCTTTAGCCC_5,3,2,3,0,2,4,5,4,0,3
TCAAGACGAAGT_5,2,3,0,3,5,6,4,6,9,9
CTTTTTCCTCGG_5,2,5,0,1,5,2,6,5,9,4
AACGCGCCGTTT_5,2,6,4,2,9,4,1,7,8,1
TTAGTTCAGAAC_5,7,5,2,6,9,8,5,3,5,0
AGCGTGGAGCTC_5,3,8,3,5,7,3,8,7,3,0
CAAGGGCCTTAG_5,3,2,9,0,8,4,9,4,0,3
AGCCAACGCTCT_5,9,5,7,3,6,7,7,3,5,0
GTCGCGGCAGAT_5,9,1,3,5,0,2,5,0,8,3
ATTCGCCGAAAG_5,7,6,8,0,7,2,5,7,9,1
AGGACCATTCTT_5,9,6,0,7,1,7,9,2,5,6
GTTCCCGTGCAA_5,7,6,0,1,5,2,6,5,9,5
GCCCGTCAGTCC_5,8,2,6,8,9,1,4,6,4,8
AGCGTGGAGCTA_5,3,8,7,5,3,3,2,7,8,2
AGCCAACGCTCC_5,3,5,7,2,6,4,4,7,6,3
GCGGGTCAGTTG_5,8,3,6,8,0,7,4,6,4,8
CAGCCGCCTCCG_5,5,1,9,3,0,7,1,3,7,0
AGGAGAAGTTGG_5,2,8,9,9,0,7,8,1,5,6
TCAGACCCCCGC_5,5,2,3,2,2,0,8,4,1,6
TGTCAGTAGGCA_5,5,6,9,0,1,1,9,1,0,5
TCGCAATATACG_5,9,3,7,5,9,6,4,7,1,8
GTAATTCATTGG_5,2,5,7,6,1,4,7,8,6,6
ACCAAAGTGCGT_5,5,8,8,5,3,3,2,7,3,6
ATTCGCCGAAAC_5,2,9,5,1,0,2,0,0,5,3
CCCCAACTCTTG_5,5,8,8,2,1,4,8,1,1,0
TACATACATCAT_5,9,6,0,0,5,2,7,5,5,9
GTTTCCCAGATA_5,4,0,7,0,2,4,0,8,1,3
TGCCCATCCTAA_5,3,8,7,5,8,2,5,7,1,5
GTAGTAATCTCT_5,4,2,3,7,2,0,2,1,8,2
CCCACCAAGTTC_5,2,9,0,1,5,2,6,5,9,4
AGCCAACGCTCG_5,9,3,9,5,6,7,4,3,7,2
TGAATCAGGACG_5,9,1,4,5,6,4,9,7,8,2
CGTGTCAGGACG_5,3,5,3,5,5,3,2,7,3,2
GTTAGTATTCTG_5,7,3,7,5,0,8,8,5,7,6
TCACAGAGGACC_5,4,8,9,2,2,4,7,1,0,6
GTCACCGTACGG_5,0,4,6,4,4,5,3,9,2,7
TTAACCGCGGTA_5,5,3,5,5,1,0,1,3,0,6
TGAATTAGGTGG_5,4,1,8,6,8,1,4,0,7,0
GACCACATTGTA_5,0,4,6,4,4,5,3,9,2,7
TACGTATAGGAG_5,9,2,8,9,2,1,9,4,0,3
CGCGTACAGCAG_5,2,3,9,6,5,2,2,5,5,0
CGACCAGACGCT_5,4,6,8,2,3,0,1,5,8,1
CGGGCGCAGGTG_5,2,5,9,1,5,2,6,5,5,4
TGCCACAAGGCG_5,0,7,8,2,1,2,7,7,5,1
TAGTGGTGGCAT_5,7,5,0,1,5,8,6,5,9,9
TCACTTGGATCG_5,7,5,9,3,0,7,1,3,9,9
ATATTGCAGCGC_5,9,1,7,2,7,7,2,7,3,2
AACGCGCCGTTG_5,3,5,4,3,8,9,9,8,0,3
CCTGTCAACGCC_5,5,3,7,6,0,8,5,1,7,1
TTGCCGATCCCA_5,5,5,3,5,3,3,2,7,3,2
ACTAGAAAACCG_5,4,8,8,9,0,2,7,7,3,1
TTGAGTAAGGGA_5,7,8,7,9,1,8,7,0,5,1
CCGCCTCCAGGA_5,1,6,1,0,8,6,0,2,1,1
ACAGCTCCGTCG_5,8,3,2,8,9,7,4,6,4,8
AACGCGCCGTTA_5,3,6,7,9,1,2,1,2,5,5
TCACAGAGGACA_5,3,8,4,9,3,1,9,2,0,2
AGCGCCTCCCAC_5,3,6,7,5,7,4,7,2,3,0
TACGTTATTGCG_5,2,3,0,1,0,2,6,5,9,0
GCCGTTGGAGGG_5,3,8,3,2,1,3,8,4,8,5
ACGACCGAACAG_5,2,9,7,5,3,9,7,1,3,3
GAAGTCAGGATT_5,6,0,4,7,1,9,5,4,1,6
GTTCAGATCTAC_5,4,3,1,9,0,1,1,1,8,1
GTACCGCCCATG_5,4,9,4,0,8,6,7,4,6,9
ATATTGCAGCGG_5,7,8,0,5,1,1,5,7,1,2
TCAGAAATGCGT_5,6,2,3,0,7,3,2,4,0,6
AATATACTAAAA_5,1,5,9,6,1,1,1,0,5,3
GATCGTTTGAGT_5,6,0,4,2,2,6,9,8,1,5
ACCCAGGTTGGT_5,7,1,2,6,5,6,4,3,7,6
TGCAGTCGCGGT_5,3,8,3,9,3,4,8,5,8,0
CAATCCAAGGGT_5,2,0,5,7,8,4,0,8,1,5
GCGCATTACGTC_5,2,8,9,6,7,0,8,7,3,6
TGAATCAGGACC_5,4,1,7,5,1,2,1,0,1,3
CGCGTACAGCAT_5,2,9,0,3,3,6,6,5,9,0
AAGACCCGCCTT_5,1,0,7,0,2,4,0,2,6,5
AAACACGCCCGA_5,6,8,4,9,3,6,7,1,1,3
TTGGCATGCAGC_5,4,6,5,5,7,6,8,5,8,6
CAAGTCGAGACA_5,5,3,1,6,6,1,9,3,7,0
TCTCCAGACCCG_5,6,0,4,0,2,2,1,8,6,3
AGCCAACGCTCA_5,9,1,7,3,6,7,9,0,7,0
GGAGATACTTAG_5,8,9,2,8,9,1,5,6,1,8
TTTAAGGATAAG_5,2,5,7,1,5,2,6,0,9,4
ATTAGTGATACC_5,2,1,9,6,5,2,6,5,5,4
CTAACTTGGGAC_5,2,8,2,2,0,7,1,1,7,1
CGACCTCCAGTG_5,2,1,7,6,0,2,8,2,3,1
ATCGAAGGGAAG_5,4,8,3,2,6,7,1,7,7,6
CAGAAAAACCAT_5,6,6,7,0,8,6,8,2,1,3
TCGCAATATACA_5,4,3,4,5,0,0,9,3,0,0
CGTGTCAGGACC_5,2,8,9,5,3,3,2,7,3,1
TGTTGCCGGCCA_5,5,2,8,7,8,6,1,1,7,5
CTTAACACCGCT_5,1,6,4,9,0,1,9,0,7,9
CGCCCCAGTACG_5,5,1,1,3,0,8,1,3,7,4
TAGATACTTAGG_5,5,6,8,9,8,9,9,1,0,1
TGAATCAGGACA_5,6,6,7,0,1,2,5,1,0,3
ATCGAAGGGAAT_5,5,5,4,3,0,7,8,7,5,1
AGGACTGACAGC_5,7,5,1,6,6,7,1,3,7,0
TGAGCACCGTCT_5,2,0,4,0,8,4,8,2,6,3
ACGAAAAGTCTG_5,6,7,3,2,1,9,8,0,3,0
GCGAAGCTGCTA_5,9,1,7,6,3,8,1,3,7,0
CGGCATTGGACA_5,5,5,7,1,6,8,1,1,8,0
CCGACTTTAGGA_5,4,2,8,0,7,3,7,2,3,1
AGCAATTCAATG_5,1,6,1,1,7,1,8,2,5,0
TGAATCTATAAA_5,6,2,3,5,7,3,2,7,1,2
AGGCAATTTCTC_5,6,1,8,9,1,9,7,2,6,3
TGTAGTGCCAGA_5,1,5,4,0,1,1,1,2,7,9
TCACAGAGGACT_5,3,9,4,5,0,9,8,1,8,0
AACCACTAGAGC_5,4,9,7,0,1,9,0,1,1,3
AGACCCAGTTTA_5,4,2,8,0,8,4,1,8,1,2
CCAGCTAACCGG_5,5,8,9,6,0,7,4,3,7,2
GGGACCAACCGA_5,7,5,2,6,0,8,1,3,8,9
GTACCGCCCATC_5,4,6,7,0,1,6,9,4,1,3
ATGGATATTGCG_5,0,4,6,4,4,5,3,9,2,7
ATTCGCCGAAAA_5,2,6,0,1,7,8,7,2,9,1
CTCGGTCAATAG_5,9,6,1,9,0,4,1,8,7,9
GGACAGCGCGAA_5,3,7,7,7,2,0,7,1,1,5
ATTATTTACCGT_5,9,2,8,0,0,1,9,0,0,4
ATACCGTTCGGA_5,0,4,6,4,4,5,3,9,2,7
TTCTCAATCACT_5,8,1,4,0,1,7,4,3,7,9
GGTGTCCGCGAT_5,5,1,1,6,6,6,1,3,7,1
TTGAGTAAGGGC_5,2,5,0,7,8,9,0,2,0,3
ATGGATATTGCC_5,0,4,7,4,4,5,3,9,2,7
CGAACTTAAGAA_5,7,3,9,1,5,0,6,5,9,9
TTCTCAATCACG_5,8,5,2,3,0,7,5,3,7,0
AAGCATGCTGAC_5,9,6,7,9,8,2,9,0,0,5
CTCCTAACTAAG_5,8,2,6,8,9,6,4,6,4,8
ACCCCGTTGCAG_5,5,1,2,3,1,8,5,3,7,9
ATTATTTACCGC_5,9,6,0,0,1,1,8,1,1,5
AGCAATTCAATC_5,2,5,0,1,7,1,8,8,5,9
AGGCCAATAAAA_5,5,2,3,8,1,3,2,4,3,2
GTTCTGTACGAC_5,6,0,4,7,2,6,1,4,0,8
TGAATCAGGACT_5,4,2,4,2,3,7,0,4,5,2
CGCGTACAGCAC_5,7,3,0,5,5,6,6,5,9,0
AAAGATTAGCCT_5,5,6,0,3,1,1,0,0,0,9
TCCCGCCTCCGT_5,6,2,4,6,7,7,5,4,0,2
CATCATTGTTGA_5,6,6,4,0,7,1,9,1,7,3
CACGGGTTACAT_5,9,5,2,3,6,7,4,3,7,0
CGTGTCAGGACA_5,7,8,3,5,5,3,2,7,3,2
TGTCGCACAAAT_5,5,2,8,7,9,9,5,4,1,8
ATTGCTAGGCGC_5,6,6,5,9,1,9,7,1,8,3
GGACCGTTCGGC_5,4,7,8,6,2,3,1,4,8,9
ATTATTTACCGA_5,2,5,8,0,0,1,9,0,6,4
CGTGTCAGGACT_5,3,5,3,1,3,3,8,7,9,0
ATGGATATTGCT_5,0,4,6,4,4,5,3,9,2,7
TCAGCCGCCTTA_5,5,5,4,7,2,1,5,4,1,4
TGCTTAGTCCCG_5,4,1,7,7,6,4,0,0,8,6
TTCTCAATCACC_5,2,1,7,3,0,7,5,3,7,0
TCCACAGCGGAA_5,0,4,6,4,4,5,3,9,2,7
ACGAAAAGTCTT_5,9,8,5,6,0,3,4,7,3,1
CTAGTTGTGTAA_5,3,2,3,2,7,0,2,4,3,6
ATTGCTAGGCGG_5,1,6,5,0,8,6,0,4,8,5
AGAATCCTCAAC_5,5,1,2,6,9,6,5,0,7,0
CGAAGTAGCCAA_5,5,1,4,3,0,1,5,3,7,0
TGACCCCGCGGA_5,8,9,2,8,9,1,4,6,4,8
AACGTGCGGCGT_5,2,3,8,7,0,2,5,3,9,0
CGCCGACGACAA_5,3,2,3,2,7,3,2,1,3,6
TATGGCTGCAAT_5,4,7,4,5,8,0,8,2,8,5
TTGCGTAAGCAG_5,1,0,5,9,0,0,6,2,9,0
GCGGAGCCTTGA_5,5,3,7,6,0,1,4,6,7,9
CAGACGTAGTTT_5,5,5,1,6,6,7,9,6,7,2
CGAATGCTCCTT_5,4,0,4,7,8,6,8,4,1,1
GTATTGCATCCA_5,8,3,2,3,6,6,5,3,7,4
CATACATCTAAC_5,5,5,0,7,6,1,5,1,6,1
CCTCTTCCACGA_5,6,2,4,7,7,6,5,0,0,5
TGTAAGACCACA_5,5,1,4,3,0,1,5,3,4,0
TTTAAATGATTG_5,2,3,9,9,5,0,1,5,9,4
GCCCTTTCATCT_5,2,5,8,1,5,4,6,5,9,4
GGCTCCGGCAGG_5,3,8,7,9,1,1,7,0,0,2
ACGGAGGCCGAT_5,6,9,8,2,2,6,8,1,8,2
AAAGATTAGCCG_5,1,3,1,1,2,1,5,8,1,6
ATTGCAACCCTT_5,2,5,0,6,0,8,6,0,9,0
CACTCCGCCTCC_5,7,3,7,3,1,2,0,0,7,4
GCAAATTCATTA_5,4,2,8,2,7,3,1,4,1,3
TTCTCAATCACA_5,8,9,1,7,6,7,4,3,5,1
ATGGATATTGCA_5,0,4,7,4,4,5,3,9,2,7
GGGACGATAGTC_5,0,4,6,4,4,5,3,9,2,7
GCCGTTGGAGGA_5,3,1,5,5,8,0,0,8,8,1
AATGTGCGACAA_5,5,7,9,0,2,7,1,3,0,0
GCCCTTTCATCG_5,2,0,0,1,1,4,6,5,9,4
TGACAGAAGATA_5,2,3,0,1,5,8,6,0,9,4
GAAGACTACCCG_5,6,9,5,7,1,4,5,1,8,6
GCGGGCTAAGAA_5,7,3,2,6,0,2,5,8,7,9
GTACCGCCCATT_5,6,6,5,7,2,9,8,1,6,5
CAACCTACGTAT_5,0,4,6,4,4,5,3,9,2,7
GTACCGCCCATA_5,4,9,1,0,8,9,0,8,6,0
CAAGCTCATAGG_5,4,9,7,7,1,8,1,2,1,9
ATCGAAGGGAAC_5,9,3,1,6,0,7,4,0,8,5
TACGGGTCCGTC_5,7,3,2,3,6,8,1,3,7,0
GAATTCGTACTG_5,2,9,0,6,5,8,6,5,9,9
ACGAAAAGTCTC_5,3,8,8,2,1,3,7,1,8,0
CAATCCGACGGC_5,5,3,2,6,1,2,1,3,7,0
ATCGAAGGGAAA_5,4,7,7,0,6,7,7,2,1,9
TCGCAATATAAG_5,2,7,7,6,5,0,6,5,9,4
CTTATGCGATCC_5,2,5,2,6,6,8,4,3,7,6
TGCTTAGTCCCC_5,4,8,7,2,1,4,1,0,0,1
TGCTTAGTCCCT_5,1,8,4,0,8,4,5,0,0,1
AGACTACGACCT_5,8,2,2,8,9,6,4,6,4,8
GCCCTTTCATCC_5,2,6,0,1,0,4,8,5,5,9
AAAGATTAGCCC_5,5,0,1,6,1,8,7,3,1,0
ATAACGGCCATT_5,8,3,6,8,9,7,4,6,4,8
TAGATACTTAGA_5,4,8,1,5,2,9,7,4,8,1
GCTACCCGGGAC_5,5,1,2,6,6,7,4,3,7,4
TAGCAGTCGGTA_5,6,1,4,7,8,6,9,4,1,6
CTCGAGGCTTTG_5,4,6,1,6,9,8,0,3,1,6
AGTTTTCCCCCT_5,8,1,1,6,5,6,4,3,7,6
TTTCCTCGTGCT_5,0,4,6,4,4,5,3,9,2,7
AACCCGCCTCAC_5,5,8,8,2,2,6,9,8,1,6
TCCCGGATGGCC_5,2,1,1,3,0,8,5,3,7,9
GCCTCAGCGTTG_5,8,2,3,2,7,3,2,4,1,5
TAGATACTTAGC_5,4,9,4,5,6,1,7,4,1,1
GAAAATTCTGAG_5,8,3,6,8,9,7,4,6,4,8
TCGGCCACGTGG_5,7,3,2,6,5,1,1,5,5,9
TTGCGTAAGCAT_5,2,9,8,9,7,4,1,0,6,4
ATATTGCAGCGA_5,4,8,4,5,8,0,8,4,8,9
TGAAGGCATTAT_5,8,1,2,3,6,6,5,3,4,9
ACGCCCTCAGCC_5,1,0,7,9,2,9,1,1,8,0
ACGCCCTCAGCT_5,4,6,1,9,2,8,0,2,8,3
AGCAATTCAATA_5,4,9,9,7,0,2,6,8,6,3
CTTCAAAGGAAA_5,1,4,5,5,4,9,3,8,2,7
CGTAGTCTATAC_5,7,3,7,6,6,8,1,3,7,1
ATTCATTCGATT_5,7,5,2,7,6,1,5,3,5,4
TAACTACGGTCC_5,2,0,5,7,0,6,1,0,1,5
CAGCACTCAGAC_5,6,0,5,9,4,9,3,1,2,7
TTCGAGCATTGG_5,1,5,5,0,6,9,1,8,0,1
TTTGCCTTTTAT_5,7,7,2,7,5,8,4,3,7,4
CCCGCTACAGCG_5,4,0,8,0,8,8,9,1,8,5
GGGGCACGACTG_5,4,8,4,0,8,4,7,1,0,6
ATCAAACTAGCT_5,6,6,7,0,2,4,0,2,0,5
TTACAAGAAGCC_5,1,7,7,0,2,6,8,8,8,3
TTTAAATGATTC_5,2,5,8,0,7,9,1,2,9,4
ACGGGATGAATC_5,1,0,5,7,4,9,3,8,6,7
TAGATACTTAGT_5,4,8,4,5,8,3,0,2,8,1
GATATGAAAGGA_5,2,7,0,6,5,8,7,5,9,5
ATATTGCAGCGT_5,3,7,3,8,2,0,7,3,8,0
ACGAAAAGTCTA_5,3,8,7,2,1,8,8,1,1,1
CTTGATCGTCTT_5,5,2,3,5,7,3,2,4,1,2
CAGTATTTGAGG_5,8,7,9,6,9,0,6,0,9,9
CGAAGTTGTTGG_5,2,9,0,2,3,2,7,5,5,3
GCCGTTGGAGGT_5,3,7,7,0,2,8,1,2,8,5
GAGGGTACATGT_5,4,1,3,2,1,3,1,8,8,3
TTTCCGAGCATA_5,5,1,2,3,0,8,1,3,7,0
AGCAATTCAATT_5,2,9,7,9,7,8,5,2,9,5
TCACTTGCGCCA_5,5,2,2,7,1,6,7,1,4,5
TTGCGTAAGCAC_5,1,0,5,9,1,9,9,0,9,1
CTAATAGATCAA_5,4,2,1,9,2,1,5,8,7,6
TCAGGGTAGGTT_5,4,5,8,9,9,1,7,0,0,9
TTGAGTAAGGGT_5,2,8,8,7,7,6,1,2,9,0
GCGGGGACACCA_5,4,7,5,0,2,6,1,1,8,3
GGCCGGGTGCGA_5,3,8,3,2,3,3,8,5,3,0
CCAAAGGTATGC_5,5,1,7,7,2,6,1,3,7,1
AAGTACCCCCAC_5,4,2,1,9,2,6,0,0,7,4
GTACGCCGACCC_5,6,9,4,9,3,4,0,2,6,5
AATCCGTTCACA_5,0,4,6,4,4,5,3,9,2,7
TACGCTATCCAG_5,6,2,7,7,8,4,7,4,1,2
TTTAAATGATTT_5,7,6,7,9,0,6,7,2,9,4
GCCGTTGGAGGC_5,6,7,9,2,1,4,1,4,8,5
CGCATAAGTATC_5,3,2,1,0,8,4,7,1,0,3
ACCCGTTGAACG_5,6,0,4,0,8,4,0,1,6,5
GGCGATACACGC_5,4,7,4,7,2,6,7,8,8,3
CCCAGGGTCGCG_5,5,8,5,6,6,2,5,3,8,1
GACCATTCATCA_5,1,2,1,7,8,1,9,8,1,4
GTACGTTTTGGT_5,2,9,2,6,0,8,6,5,5,9
CCTATGAGTCTT_5,8,2,1,8,9,7,5,8,1,8
ACGCCCTCAGCG_5,4,5,7,6,2,8,1,4,8,9
ACCGTACAGGCA_5,8,3,6,8,4,5,4,6,7,8
GAGTTATTAATC_5,8,8,9,3,6,7,4,3,0,0
CAGATGGTAAAT_5,5,1,3,0,3,3,7,7,1,2
AAGGACTGATAG_5,6,1,8,0,1,4,7,1,8,5
TCTAGGCTCCGT_5,5,5,2,3,6,7,5,3,7,6
ATCCATTAGTCC_5,1,0,4,0,1,4,0,8,6,5
GTAACTCGTGGG_5,3,6,3,9,3,0,8,7,1,1
GGTCTCACCGGC_5,7,6,9,7,5,2,9,0,5,4
TGCTTAGTCCCA_5,5,5,7,2,8,0,7,1,0,5
ACTACCACCGGG_5,7,5,8,1,5,8,6,5,9,4
TCGTTTCAGCAC_5,8,2,2,3,6,1,1,3,1,6
AAAGATTAGCCA_5,2,3,0,7,2,1,8,1,1,0
GCCCTTTCATCA_5,2,9,0,1,5,4,6,2,5,4
CGTGTTACAATC_5,8,7,1,3,9,8,1,3,7,6
GAATTTCGCATC_5,5,6,2,0,8,8,8,1,1,6
TCTAGGTCGTGT_5,6,7,8,7,2,6,0,8,8,8
CGACCACGGTCC_5,1,4,5,4,4,9,3,2,2,7
TCAGGGTAGGTG_5,4,6,0,6,7,1,9,7,8,3
GGAAACATAGCG_5,5,5,1,3,1,7,4,3,7,6
TCAGGGTAGGTC_5,4,9,1,3,7,1,1,2,7,0
ATCAAACTAGCC_5,1,0,4,0,1,4,7,0,8,5
GCCACACTGCTA_5,0,4,6,4,4,5,3,9,2,7
CTTACAGACTGG_5,7,5,1,6,5,1,5,0,9,4
AAACACCCACCC_5,7,6,2,1,0,8,6,0,5,4
ATTGCTAGGCGA_5,5,9,5,0,2,4,8,2,1,5
GAACTCAGAATT_5,1,0,5,9,1,4,0,0,6,1
ACTGAACCGGGG_5,9,6,2,3,9,7,4,3,4,9
GTCAACTTAGCG_5,7,5,0,6,5,8,6,5,9,9
GGATCATGCGAT_5,8,4,6,4,4,0,4,6,7,8
GTTGCACCGTCC_5,6,2,8,7,3,4,1,4,1,5
GCGACGATGCTG_5,6,3,1,7,2,6,0,8,1,5
GTTTCAGTGCGA_5,1,1,5,9,8,9,3,8,6,5
CTGCTAAGAAAT_5,1,6,1,9,8,9,3,2,6,1
CGAAGTTGTTTT_5,2,9,7,0,3,7,7,8,7,3
GATGTATCGTCA_5,1,6,5,5,2,0,9,0,2,7
GATGTATCGTCC_5,1,4,1,4,0,5,3,7,2,7
CGATAACGACCA_5,6,1,1,6,6,1,1,3,7,5
GTTCAAAGAGGC_5,1,0,5,7,8,9,1,2,8,5
GCAGGTACTGAT_5,6,7,8,0,2,9,1,1,8,1
GATTGAAGACGA_5,6,7,5,9,7,4,0,1,6,5
TAAGTCTGTCGA_5,8,7,0,6,5,1,5,3,8,6
ACCGATAAGGTC_5,4,9,7,6,3,8,0,8,5,4
GTCTGAATGTCA_5,1,4,5,4,4,5,3,9,2,7
AACGTCTTGCAT_5,2,0,9,1,5,6,6,0,9,4
ACGCCCTCAGCA_5,4,3,3,0,1,9,9,8,6,1
CCGGCCCATTGA_5,6,7,1,7,2,6,1,8,1,6
TTGCGTAAGCAA_5,1,6,0,1,5,2,6,0,9,1
CAGATGGTAAAG_5,4,8,3,0,7,0,7,2,3,0
GATGTATCGTCT_5,1,7,7,9,0,1,5,5,6,1
CGCCATCCATAG_5,6,8,5,7,1,0,7,2,8,3
TGTAAATTTTCC_5,4,0,1,0,8,6,8,1,1,4
CACCTGGAAATG_5,6,6,5,0,2,9,7,8,1,5
CGAAGTTGTTTG_5,2,3,2,3,2,8,8,0,9,0
ATCAAACTAGCA_5,1,5,7,0,1,4,5,1,1,5
ATATTCACTTCC_5,8,8,2,2,2,0,7,4,8,6
CCCATACGATCA_5,4,2,5,7,3,0,1,1,8,5
TTCGAGCATTGT_5,1,9,2,0,1,1,1,3,6,9
GGCTCCGGCACG_5,4,7,1,8,7,3,2,4,8,6
AAGACTCAGTCC_5,1,4,6,4,4,5,3,9,2,7
AGGCAGCAACTT_5,1,0,5,0,1,4,0,8,6,3
GGCATATACTGA_5,1,4,5,4,4,9,3,8,2,7
ATCAAACTAGCG_5,6,0,8,7,2,4,7,2,8,5
GTAGAACTGGTG_5,6,8,3,2,3,9,1,7,1,5
AAGGACTGATAT_5,1,6,8,0,6,2,1,1,8,4
GCCATTCATGAC_5,2,0,8,9,7,8,7,5,5,3
ACCGATAAGGTG_5,6,6,7,1,2,2,0,5,8,5
TTTAAATGATTA_5,1,7,5,6,7,2,9,5,5,4
CCTGCCCAGCAA_5,6,1,5,0,2,6,0,1,1,6
TGCGGTGTTAAT_5,1,6,1,7,8,6,0,2,8,5
GGCTCCGGCATG_5,4,9,3,0,1,7,5,1,0,6
CCTATCGAGCGG_5,6,7,1,6,2,2,7,8,1,8
GTGAATTGGAAT_5,5,3,1,6,2,8,5,3,7,0
GAAGCTGGACCC_5,5,6,5,2,1,6,0,2,8,3
CGTCGACAATCC_5,1,0,5,7,9,9,9,8,6,1
GCCATTCATGAT_5,1,0,8,1,7,0,7,2,9,1
CACTGGCTTCTT_5,1,6,4,0,2,2,0,8,6,3
CAGATGGTAAAC_5,3,7,3,2,3,8,8,2,3,5
TCGGCCCGTGGG_5,2,1,2,1,6,7,1,5,6,9
CTGTGGAAGCGC_5,5,2,9,0,7,8,8,4,4,6
CGTGGCCGAATG_5,6,6,4,7,7,1,7,4,0,6
AAGGACTGATAA_5,4,6,1,7,2,4,0,8,6,1
AGGAAACAAGTA_5,6,2,8,0,7,6,5,0,1,6
ACCGATAAGGTA_5,4,7,1,7,1,8,4,8,5,6
ACCGTGTAGGTG_5,5,3,1,3,6,8,1,3,7,0
TAAATCCTCCCG_5,2,1,2,3,0,7,5,3,8,4
ATTGCTAGGCGT_5,1,2,8,0,1,4,8,1,6,5
GTGGCCGGATGG_5,7,5,2,0,5,6,4,5,9,6
TGCCTTTGAAAA_5,1,0,5,9,2,9,5,2,1,5
CAAGCTCATAGT_5,1,6,7,3,8,8,9,1,0,1
GGAGGAGCGAGT_5,2,5,0,7,5,0,6,5,9,9
AGAGCTGCATAG_5,5,7,1,6,2,1,5,1,1,8
TCGTACGCGCCG_5,4,9,4,0,1,4,1,2,8,9
AACGCATACGTA_5,4,0,5,9,1,4,3,2,1,5
CAATTTAAGACC_5,1,0,5,7,2,8,0,1,6,9
