,0,1,2,3,4,5,6,7,8,9
CTAGAAGTCCAA_9,3,8,4,3,5,1,0,7,5,9
CTAAAGACTCGG_9,2,2,4,2,0,7,8,3,1,9
AGGACATTAATA_9,1,2,3,3,5,7,8,3,5,9
CGTAACAACGAA_9,3,2,1,2,5,1,0,3,1,5
GCTGTGGAAAAT_9,2,2,4,3,0,7,8,7,7,0
ACGCTTTTGCTG_9,1,2,4,2,5,7,6,3,7,3
AACCCTTGACAC_9,1,2,1,2,5,0,8,7,7,9
GACGGCAGTGGA_9,1,2,4,2,0,1,6,3,7,5
GCTTTGAAACCC_9,3,2,4,2,5,1,1,7,7,9
TAAGGCTCTAGT_9,2,2,3,3,2,0,8,7,7,9
CCCACTAGTACA_9,3,2,1,6,5,1,1,7,5,9
TTAGAAGCACAA_9,1,2,4,3,0,0,8,7,1,9
TAACGTCGAAAT_9,1,2,6,0,9,1,1,7,5,9
ATTGGATTAGCT_9,1,2,1,3,5,1,3,7,7,9
AGTCCGTGCAAT_9,3,2,4,2,0,7,0,9,1,9
CAAGTATGTGTG_9,3,2,1,2,0,1,0,7,1,5
CGCGGCTTACGG_9,1,8,4,0,0,0,0,3,1,5
CACGTGACCTCG_9,2,2,4,3,5,7,8,7,7,9
AGGGCTGGCCCG_9,1,2,3,6,5,0,8,7,5,5
AGGGCTGGCCCC_9,1,1,4,0,5,1,8,3,1,9
ATTGAATACTCC_9,3,8,4,6,5,1,0,7,1,9
CACGTGACCTCT_9,3,2,4,2,9,0,8,0,1,9
TATTGCCTGTAA_9,3,2,3,3,0,7,8,3,7,8
CACGTGACCTCC_9,1,2,1,3,0,1,8,7,1,9
CTCCCCTCCTAA_9,9,2,6,6,9,7,0,7,5,9
CGGCAGGCCGGT_9,1,8,4,3,5,1,0,8,1,5
TGATCTCGTGTG_9,3,1,3,3,0,0,0,7,7,9
GCGTTCGCGATT_9,1,1,3,0,5,1,8,7,7,9
CCCACCCTACTC_9,2,2,1,2,0,4,0,3,7,9
GCTCTTACCCTT_9,1,2,6,0,5,1,0,7,1,5
GATTGCGGTGTA_9,3,1,4,3,0,1,0,3,7,9
ACAGTCCAGTGC_9,3,2,1,2,5,1,8,7,7,9
TAACCGTGGACA_9,1,2,6,2,5,7,8,0,1,9
GAATTGGTGAAA_9,2,2,4,2,5,1,0,7,8,9
AATGTGTGACTT_9,1,8,6,3,5,1,8,7,1,3
GGTGAGATCGTT_9,9,2,4,2,0,1,8,7,5,9
TATTGCCTGTAT_9,2,8,1,2,0,1,8,3,7,9
CCGTTATAGCAT_9,9,2,1,2,5,1,8,7,5,9
TATTGCCTGTAC_9,3,2,3,0,0,1,0,7,1,5
CCCACCCTACTA_9,1,2,4,2,0,1,8,3,1,8
CCCACCCTACTT_9,1,2,3,2,0,1,0,3,1,9
ATGTCTAAGCTG_9,1,2,1,6,5,1,8,3,1,9
CTTAGGATCGTG_9,9,9,1,6,9,1,8,7,7,9
TATGTTGAGCAG_9,9,2,4,6,9,7,0,0,5,3
ATACCCCTGAGT_9,2,2,4,2,5,7,1,3,5,9
GGGCGCTACCCG_9,2,8,4,2,0,1,0,3,7,9
GCTCTTACCCTC_9,3,8,4,3,5,7,0,7,7,9
GCGTGTGATTGA_9,3,2,4,2,2,7,0,8,1,9
GACACTGAGGTA_9,3,1,1,2,5,0,0,8,7,5
AGGGCTGGCCCT_9,2,2,4,3,2,7,8,7,1,9
GTTAACACCGGT_9,2,2,3,7,2,7,6,7,8,5
TGATCTCGTGTC_9,2,6,4,3,5,7,8,3,5,9
CTAGTAGGGATG_9,3,6,4,2,5,1,8,7,1,5
CTTCTACTCGGA_9,3,2,6,3,5,1,8,7,8,8
CCTCTCCAGGGT_9,2,2,4,3,0,1,8,6,7,9
TTGGAGTGCACG_9,0,8,1,3,5,7,8,7,5,5
CACGTGACCTCA_9,1,2,4,2,5,1,0,7,5,9
GCTCTTACCCTG_9,2,8,4,0,5,1,0,3,7,5
TATCTATGAAGT_9,1,2,6,2,5,1,8,3,5,3
TAGTCTGACAGT_9,1,2,4,6,5,4,0,3,5,9
TCGCATCTACGG_9,3,2,4,2,5,1,0,3,5,5
CCGCGGTCGGGG_9,1,8,3,0,2,0,0,8,1,8
AGGGCTGGCCCA_9,3,2,1,3,0,0,8,7,7,9
TGATCTCGTGTT_9,2,1,4,0,5,1,8,8,1,9
CCGGAAGCGCGT_9,1,8,4,2,2,1,8,7,7,5
GGGCGCTACCCC_9,3,2,4,2,0,0,8,3,1,5
TGAGCCGCTCAT_9,3,1,3,3,5,0,1,7,8,5
TATCAGGCTCCA_9,5,4,7,8,4,3,2,1,1,4
ACTTTATAGGCA_9,9,2,5,2,9,5,1,3,0,3
GGGCGCTACCCA_9,1,2,4,3,2,1,0,8,7,1
ATAAAATCCCGA_9,1,2,5,6,5,1,1,3,5,9
GTGTACGGTACG_9,3,2,4,3,0,0,8,8,7,5
TGAGCCATTAAT_9,3,2,4,3,5,7,8,8,8,9
CTAGTAGGGATT_9,1,2,4,6,5,7,8,7,1,9
ATACTAAGGCCG_9,1,2,4,2,0,0,8,2,5,9
GTTAGTCTTAGC_9,7,2,3,3,5,1,8,0,8,9
GAAAGCCACTAA_9,9,7,1,3,9,7,6,2,5,3
TGATCTCGTGTA_9,7,1,4,2,5,0,8,7,7,5
GCTCTTACCCTA_9,1,8,4,2,2,1,0,7,7,8
GTGTACGGTACC_9,3,7,1,2,0,1,5,7,1,9
GTAGCTTGTACG_9,3,8,4,2,5,1,8,3,7,5
CAACACTTGCTA_9,7,1,7,8,4,0,2,1,7,6
GGAGACCACAAG_9,3,8,1,2,0,7,8,7,8,9
CGCAATAAGATG_9,3,2,3,2,9,1,6,2,1,9
TGAGCCATTAAG_9,7,2,4,3,0,1,8,7,7,9
GGGCGCTACCCT_9,1,2,4,2,0,1,0,7,7,8
TACCCCATCCAA_9,1,1,4,2,0,0,0,3,8,9
GTGTACGGTACT_9,3,8,4,4,5,0,6,8,8,9
TTACACCACTGG_9,3,6,4,4,7,7,1,7,8,9
CTAGTAGGGATA_9,1,2,4,2,5,7,1,7,8,5
CTTCTACTCGGC_9,3,8,4,2,3,1,8,7,5,9
CTAGTAGGGATC_9,7,2,3,3,5,1,6,8,7,9
TGAGCCATTAAC_9,3,1,3,0,0,1,8,7,8,5
ACGGAAGCGATA_9,3,2,3,2,5,7,8,4,8,1
CCTCCCGAACGC_9,2,4,3,8,4,2,2,9,2,6
GACGAGAACGTG_9,7,2,1,0,0,4,1,8,5,5
CCGCGGTCGGGA_9,6,8,4,0,2,7,8,0,7,9
AGCTAACCAAGG_9,3,2,6,3,5,1,0,2,7,0
AAACGATACCAG_9,3,6,3,2,3,7,5,3,0,9
CTTCTACTCGGT_9,3,9,6,6,9,7,0,2,7,9
TCCTTTTTGCGT_9,0,8,5,4,9,1,6,3,5,3
GGTGGAAGATCT_9,1,0,3,2,5,1,1,6,1,2
GGTGGTTAGAGG_9,2,2,6,0,5,1,8,7,1,9
TGCCTAGATACC_9,3,2,1,9,0,7,8,7,7,3
GTGTACGGTACA_9,3,9,4,0,5,7,6,8,7,5
TCGCATCTACGC_9,1,2,7,3,5,7,1,3,1,5
TACGTAGTCGCG_9,2,2,7,0,4,0,2,9,2,5
GGACCCACGCAT_9,5,4,0,8,4,2,2,1,2,4
ATTGTACGACAA_9,5,4,7,8,4,3,2,1,2,4
AGACGTATGGGA_9,1,9,4,2,5,1,8,0,7,9
CCGCGGTCGGGC_9,9,2,1,2,7,1,3,3,7,0
CAGGCAGCTCAG_9,8,8,4,2,0,1,8,3,1,9
AGGACGCCTTCC_9,5,4,3,8,4,6,2,1,2,4
TCCTTCTGGATT_9,3,2,4,3,5,0,6,3,5,1
TGTCCTTCCGAA_9,5,8,3,2,4,6,2,1,7,8
TCCTTCTGGATG_9,1,2,6,2,0,0,0,7,7,9
CGTCTCAGCATT_9,5,4,7,8,4,0,2,1,2,4
CCGCACGAGCGT_9,1,8,4,2,2,1,8,3,7,9
TCGCATCTACGT_9,3,2,4,2,5,3,0,0,5,3
GACAATTACTGG_9,5,4,7,8,4,6,3,1,2,4
GCTCTGGGGCTC_9,4,6,0,8,0,8,1,1,7,4
AAACGATACCAT_9,9,1,1,0,9,7,1,7,1,3
AAGTTTACGACG_9,1,8,1,2,5,1,0,0,5,9
CCCGTCCACAAG_9,4,1,7,8,0,0,2,6,6,6
TCCTTCTGGATC_9,1,2,6,2,9,7,1,7,0,7
TGAGCCATTAAA_9,2,2,4,2,5,0,4,7,7,8
TCGCATCTACGA_9,2,6,1,8,0,1,1,7,0,5
ACCCCTTCACGG_9,5,4,3,8,4,2,1,3,1,9
GGGGCCGACAGG_9,2,1,4,2,0,0,9,8,7,8
AACGAATCTCCT_9,3,1,2,2,0,4,0,7,7,8
TCTCGATAAAGG_9,3,9,4,2,9,1,5,3,5,5
GGCTGGCTCTTT_9,2,2,4,7,0,1,0,7,5,9
GGAGACCACAAC_9,9,2,1,5,0,4,3,8,0,1
CTATATCCCTAG_9,7,2,6,4,3,7,0,7,7,9
GGAGACCACAAT_9,3,8,4,2,8,7,3,6,8,9
GTTCCATTGGAT_9,5,4,7,8,4,3,2,9,2,6
ATCCAAGTATAT_9,6,9,4,3,5,7,5,3,5,5
GTAGCTTGTACC_9,2,1,4,2,1,0,8,3,8,5
GTATCCATAGGG_9,9,2,1,3,5,0,1,3,1,9
CCCCAGACTATC_9,3,2,3,3,4,1,1,6,2,1
TGTTTATAGGTC_9,6,8,5,3,9,4,3,2,5,3
GACGAGAACGTT_9,1,8,1,2,2,4,8,0,8,9
GCGCCTTCGCCG_9,9,8,6,8,5,7,2,1,7,3
GGCTGGCTCTTC_9,1,8,1,2,7,1,1,7,7,9
TGACGTCTAAGC_9,3,9,3,0,5,7,6,3,5,9
TTACACCACTGT_9,6,2,6,0,5,7,0,8,5,5
GTAGCTTGTACA_9,2,2,4,2,6,0,4,3,8,8
GGAGACCACAAA_9,3,2,4,2,7,4,1,7,1,2
AACCGGTATGTG_9,8,2,6,9,1,0,4,3,1,5
TGACGTCTAAGA_9,8,2,6,7,5,1,8,7,8,0
GCGGAGTGGCTA_9,5,4,6,6,2,2,2,9,1,4
ATCCAAGTATAG_9,3,9,1,0,5,7,8,2,5,3
AAGTTTACGACC_9,3,8,6,2,2,1,8,7,7,5
CGCGCTTCATCC_9,9,0,3,2,7,8,9,4,4,1
TGGCCAAATGAA_9,4,5,6,0,4,3,2,3,2,5
CCGCGGTCGGGT_9,8,6,4,2,0,9,6,3,1,4
AAACGATACCAA_9,0,2,1,2,3,4,5,2,1,1
GACGAGAACGTC_9,1,2,6,6,5,0,0,7,7,9
CCATCCATCGGG_9,1,2,6,6,5,1,5,2,7,2
AAGTTTACGACT_9,2,7,1,0,5,0,8,3,7,5
AAGTTTACGACA_9,3,8,3,0,5,1,8,4,7,8
GGCTGGCTCTTG_9,1,1,4,6,0,1,8,7,1,9
AATAGAAGTGAT_9,3,6,6,2,5,4,8,0,5,2
GTATCCATAGGT_9,3,2,6,4,5,7,0,2,1,3
AATAGAAGTGAG_9,9,8,5,6,1,4,0,3,8,9
CGACTCACACCA_9,5,1,6,0,4,8,4,0,7,6
AACGAATCTCCC_9,2,8,4,3,5,7,4,0,5,5
AACCGGTATGTT_9,1,7,0,3,5,7,8,8,8,5
CAAAGGCGTTCA_9,7,1,0,8,4,8,2,9,2,6
TACTTTCAGAGT_9,5,9,5,0,4,3,1,9,0,3
TCGGACCACGGC_9,7,1,7,5,6,6,0,8,5,8
CGGCCACAGAGT_9,7,9,7,8,3,8,4,6,7,9
TTACACCACTGA_9,6,8,3,6,7,7,1,0,5,8
CTATATCCCTAC_9,9,2,9,6,9,2,6,0,1,9
GTTGTTATCGGT_9,5,4,3,0,4,3,2,9,7,4
CTCTCCTGATCA_9,0,4,9,0,4,7,1,4,6,4
GACGAGAACGTA_9,1,2,4,3,3,7,0,7,5,0
AACGAATCTCCG_9,7,8,9,3,6,7,8,7,1,5
CTATATCCCTAT_9,5,8,8,6,0,4,1,3,7,9
TTAACAGGATGG_9,8,6,4,6,5,2,1,0,1,3
GCTCACTGTAAT_9,1,2,4,3,2,0,8,7,8,0
GGCACTTTCACA_9,7,2,9,7,2,5,3,0,7,2
AACCGGTATGTC_9,8,7,3,2,8,7,3,7,4,5
GTTGGTCGTGAG_9,5,4,7,8,4,3,2,9,6,4
GTAGCTTGTACT_9,3,8,0,2,5,4,1,8,1,7
TCCTTCTGGATA_9,3,1,6,2,6,0,1,3,1,7
CGCGCTGAAAGT_9,4,4,7,8,4,8,6,9,7,4
AGCTAACCAAGA_9,3,2,3,7,0,7,1,7,0,8
CAGGCAGCTCAC_9,3,9,3,0,5,1,0,3,7,0
AATAGAAGTGAC_9,6,6,3,4,5,6,6,2,0,3
GGCTGGCTCTTA_9,3,2,4,0,2,0,8,7,7,9
TTATGGGCGATT_9,1,1,9,8,3,7,8,6,4,3
TCCCGCCTCGGC_9,7,6,0,2,2,8,4,5,6,7
AGCTAACCAAGT_9,1,5,2,4,5,0,1,2,1,8
TTATGGGCGATG_9,8,6,1,2,1,8,8,3,8,9
CTATATCCCTAA_9,9,2,8,3,3,7,3,6,1,8
GGGGCCGACACG_9,7,1,4,0,3,1,8,3,8,1
TTATGGGCGATC_9,4,0,6,4,5,7,0,4,5,2
ATCCAAGTATAA_9,6,3,1,1,6,1,1,2,5,2
TGGACGTGCAAT_9,6,2,4,6,5,2,0,8,7,9
TGGACGTGCAAC_9,1,2,6,9,7,0,0,3,5,2
GGGGCCGACAGA_9,4,8,4,6,2,1,0,7,4,8
GGCCTTCGGATA_9,8,3,8,9,2,4,1,8,4,2
GGTGGTTAGAGA_9,9,2,2,6,5,1,8,0,8,8
GGTGGTTAGAGT_9,3,2,2,6,0,0,0,2,5,5
ATGCCTACTGCT_9,5,6,7,8,4,0,2,1,2,8
TATACCCCTTGG_9,8,8,6,9,3,0,4,4,8,7
ACGGGAACGGCG_9,0,7,6,6,9,2,9,2,0,2
CCCTCGTTGAGG_9,5,4,7,1,4,2,6,9,6,6
CACCTTCCGACC_9,5,3,8,1,0,2,6,7,5,0
AATAGAAGTGAA_9,9,8,6,2,5,0,0,3,5,5
GCATGTAGGCGG_9,5,4,7,8,4,8,5,1,6,4
CCTAGCCTCCGA_9,2,9,6,9,7,4,8,7,1,2
CCACGCGCGAAA_9,6,0,7,1,4,6,1,9,6,8
GGTGGTTAGAGC_9,1,8,2,3,0,2,5,0,7,5
AGCTAACCAAGC_9,1,2,5,2,0,0,1,3,8,0
ACCGCGATCGGA_9,4,1,7,8,4,8,2,9,7,5
CGACGTCGCTGG_9,7,3,6,6,6,1,6,3,1,7
GTTGCCTCGCAC_9,2,0,0,7,5,3,2,4,6,4
AACGAATCTCCA_9,2,8,6,3,0,7,0,0,5,5
GCATAAGAGTAG_9,1,2,6,4,6,9,8,3,5,5
GGGGCCGACATG_9,1,7,3,0,8,7,8,8,7,9
GGAAGGGGCACT_9,6,8,5,2,9,1,1,2,5,1
GGGGCCGACAGC_9,3,2,8,0,6,7,0,5,5,2
ATCCAAGTATAC_9,8,2,1,2,3,3,4,2,1,7
CGCTATATGCTA_9,7,1,7,6,3,4,6,9,8,6
CGTGTGATAAGT_9,5,4,7,8,4,3,2,9,2,4
AAACGATACCAC_9,6,8,9,9,6,9,1,3,9,3
GGCTTGCGTGGC_9,0,1,0,5,7,2,4,9,6,0
ACACCTTATAAC_9,6,9,8,2,6,2,3,2,8,6
CAGGCAGCTCAA_9,2,2,7,6,1,7,0,2,5,8
TGGACGTGCAAA_9,1,2,1,0,5,2,1,6,0,5
TGCTCCTTACAC_9,0,0,2,1,6,5,3,0,0,8
CCGGGACTGCAG_9,2,2,2,5,2,7,4,0,1,0
CGTGCCGTCACC_9,7,1,7,0,8,9,9,4,6,7
CAGGCAGCTCAT_9,8,4,4,4,8,5,0,3,8,5
CTAATAAAGATG_9,5,4,6,8,4,4,2,6,5,4
CAACCATCGCTA_9,4,1,7,7,8,2,2,3,4,5
CCTCGCAGGTGC_9,4,1,0,0,1,8,8,9,7,4
GGGCCGCGGGGT_9,5,1,7,8,4,2,6,1,7,4
TCCGAAAGTACG_9,2,4,7,9,7,8,4,1,4,7
CCGGGACTGCAC_9,2,5,2,1,7,0,6,6,5,2
TGTGCGTTCTCT_9,6,5,3,4,2,7,4,6,0,5
CCGGTCATCTTT_9,6,0,6,1,5,7,5,0,5,7
CCATCCATCGGC_9,1,9,3,2,5,4,6,0,5,1
CCTTCTACTCGG_9,6,3,6,4,2,4,0,2,1,9
ATACATTGGCTG_9,0,8,9,9,3,7,8,2,0,3
ATTCCGGGAGAG_9,7,4,7,8,4,7,5,6,2,6
GGGGCCGACAAG_9,2,0,2,3,2,8,8,7,7,8
CGTCCATATCAT_9,5,9,9,0,1,2,6,3,5,3
GTATCCATAGGA_9,7,7,6,6,7,5,3,0,8,9
CCCCCCCCCACC_9,1,2,6,2,2,1,9,7,4,0
CCTAGCCTCCGC_9,2,3,4,0,7,0,5,1,7,5
TCTCGATAAAGA_9,4,9,3,6,0,0,0,7,1,9
GTATCCATAGGC_9,7,9,8,3,3,0,6,0,7,2
CGTACAAGATCC_9,3,4,1,8,2,7,3,9,6,2
GGGGCCGACAGT_9,7,7,9,0,0,1,2,8,8,5
CCATCCATCGGT_9,0,8,9,6,9,4,6,2,0,0
TCTCGATAAAGT_9,3,3,1,2,2,1,1,2,4,3
CGGCGACAGGTT_9,6,4,7,0,3,9,5,9,8,4
CCATCCATCGGA_9,9,8,6,2,6,0,2,4,7,8
GCTCCCAGTGCA_9,9,3,2,5,2,7,4,8,6,0
AACCGGTATGTA_9,7,3,1,2,1,7,4,8,7,8
ACCGATTGTAAA_9,6,6,9,8,4,6,2,9,0,1
CCGGGACTGCAT_9,9,5,5,6,3,4,0,9,8,7
TGCGAGCAGGCT_9,8,4,0,8,4,4,5,1,2,4
GGGGCCGACACC_9,2,3,9,2,8,7,8,7,7,0
CCTTAACGTGCC_9,8,3,5,6,0,1,3,2,4,0
CACCGACAGCAT_9,5,9,2,2,8,2,0,8,6,0
TTAACAGGATGA_9,9,7,5,6,9,7,1,5,1,7
AGGGCCGTTTAG_9,6,9,6,5,1,6,5,5,6,1
GTGACTTGTTTG_9,8,6,3,2,1,0,6,0,8,1
TTATGGGCGATA_9,6,7,6,3,5,1,4,7,8,2
CGCTGTCTCACG_9,7,1,7,7,0,8,1,4,2,2
CCCGTGTGCACC_9,0,5,7,8,4,1,5,9,4,6
GGGGCCGACATC_9,1,1,3,6,2,4,8,9,6,5
CCTTAACGTGCG_9,8,3,1,0,1,9,0,6,8,0
CCGGGACTGCAA_9,6,6,3,9,1,3,2,0,6,0
CCTTTTTTCGGG_9,4,0,6,9,9,6,1,5,0,1
GGGGCCGACATT_9,2,1,0,0,8,0,9,5,6,8
TCTCGATAAAGC_9,4,8,6,9,9,4,5,0,5,8
GGGGCCGACACA_9,4,1,2,0,1,2,8,5,7,7
TCACCGTCTCGG_9,1,9,8,3,0,4,6,2,0,0
ACCACATGGAGC_9,0,9,2,1,7,9,7,5,0,5
TCCGCAGGGTGG_9,0,9,2,4,2,9,1,2,9,2
TTTCGAGCTTGG_9,4,8,8,4,3,1,7,4,9,3
CGCTGTCTCACT_9,5,6,7,0,4,9,2,9,2,6
CCGCCAGCAATA_9,9,7,2,9,3,8,6,2,9,5
CCCCAATTTTTT_9,5,6,8,8,4,2,2,9,2,6
GGACGTCACGGG_9,0,7,9,6,9,7,1,3,0,1
CCCCACTAGCAT_9,8,8,9,9,1,9,7,5,7,2
CCTTAACGTGCT_9,9,7,6,6,9,4,5,6,8,3
AGTCATAGCGGC_9,0,1,0,5,8,5,4,5,8,7
TATCTATGTTTG_9,6,9,5,2,9,4,1,3,0,3
AGGGCCGTTTAA_9,8,0,1,3,3,6,6,4,0,2
AACCCCCGACGA_9,2,1,0,7,7,1,6,8,9,2
GCATAAGAGTAT_9,0,9,2,9,3,5,9,6,1,1
CATGGTGGCCCG_9,2,6,8,5,1,2,9,6,4,7
TAGCGTAACCTC_9,5,6,2,4,4,5,2,1,2,4
GGGGCCGACACT_9,7,8,3,7,2,8,0,4,6,5
TAGGCCGGCAAG_9,6,9,2,5,3,6,9,8,6,7
CGACGTCGCTGC_9,8,7,8,6,5,4,3,6,0,5
TCATCGGTCCTT_9,9,7,1,5,6,4,3,4,3,3
GATTTAAACAGT_9,0,6,9,9,8,3,4,6,4,1
CCTTGTCAGTAC_9,8,7,1,3,1,8,6,8,6,7
CGCAAGTAAGAT_9,5,7,9,6,3,9,6,2,3,9
GCTCGGAACCGC_9,4,7,9,5,8,0,4,5,6,8
AGGTACTCCTAT_9,8,6,8,9,8,7,2,3,0,6
CGACGTCGCTGT_9,4,2,6,4,5,4,8,0,4,7
CTATCAGCCATA_9,3,7,6,8,1,1,3,1,6,6
GGCCCTTAGCCG_9,7,1,7,2,2,6,9,0,7,2
TTAACAGGATGT_9,0,9,6,7,3,7,1,7,4,5
TCATCGGTCCTC_9,8,0,8,6,5,4,3,4,3,0
CCTTTTTTCGGA_9,3,2,6,0,9,5,5,0,5,7
CGCTGTCTCACC_9,5,4,0,8,2,3,3,9,2,4
TTGGGGACGTTG_9,0,7,1,6,2,4,6,5,4,5
AGCGTAACGGTT_9,0,3,3,1,3,6,5,8,7,5
GCATAAGAGTAA_9,6,7,1,3,3,6,6,2,3,0
CAAACGCAGAGA_9,9,9,5,1,1,7,6,6,5,3
TACGGCGAAGGC_9,9,9,8,0,8,2,3,8,0,7
TAGGACTAATCC_9,5,6,8,4,1,6,7,9,2,3
TTACACCACTGC_9,4,3,6,6,3,7,6,1,4,2
GGGGCCGACAAT_9,4,8,0,2,0,0,8,8,8,5
AATCAGGCCCTG_9,8,6,1,4,3,8,5,4,3,5
ACATGTTTTCGC_9,0,3,0,5,1,9,7,5,8,0
CTATTGTCGCCT_9,7,4,7,8,1,2,7,0,4,6
CGCCTTGCTGAG_9,5,4,9,8,4,2,2,1,2,4
GTACCATGCTAT_9,0,5,6,9,1,6,0,8,9,0
CAGATTATCGAC_9,2,4,8,8,4,7,2,9,6,6
TGGCCCCCCATA_9,4,5,7,5,8,2,4,5,6,7
GGGGCCGACATA_9,7,5,6,8,2,9,9,7,4,8
TGGACAGTTCGC_9,3,0,0,5,7,7,4,5,4,5
GCCGGTCGACCC_9,9,0,6,3,5,9,8,7,1,5
ACAGAAGGCTCA_9,2,0,1,0,7,0,8,8,5,1
CTCCCGCTCCCG_9,7,3,0,9,3,2,5,8,9,2
GGGGCCGACAAC_9,4,2,2,0,7,5,8,8,7,5
TCTAGCCTTGTT_9,4,1,7,7,2,9,2,9,4,0
CATGGTGGCCCC_9,8,5,8,4,3,5,3,0,6,0
CGACGTCGCTGA_9,6,5,5,4,9,9,0,0,3,1
TTGTTTTGTGAG_9,2,6,7,9,1,6,1,9,2,6
ATTAATCCGTCG_9,0,3,9,9,1,7,5,0,9,2
CCTTAACGTGCA_9,9,5,5,2,6,5,6,2,0,3
GCGCGTTACTTC_9,0,7,9,7,8,5,4,5,6,0
ATTCTTGGAACA_9,7,3,0,9,0,8,4,7,8,7
CTTCTGTCTAAC_9,8,3,9,7,7,6,4,5,6,2
TTGGGGACGTTA_9,1,5,8,6,9,7,7,2,4,5
TTGGGGACGTTC_9,0,7,9,6,9,3,1,2,3,0
CCCAGCCCTCGC_9,5,6,3,5,4,2,2,1,2,6
ATCGTCGGCCCC_9,4,5,3,8,1,2,9,6,6,7
CCGCCGGGGCGT_9,0,7,0,5,2,2,9,4,7,4
CCGAAGCGCGTG_9,3,7,0,7,3,2,5,6,9,8
TGGACCAGAATA_9,7,0,5,2,1,6,7,4,9,5
ACGGGAACGGCC_9,8,9,2,9,1,2,3,4,9,8
GTCACTATACCC_9,4,3,0,7,6,8,4,6,6,7
ACTTGCCATCAC_9,0,0,2,7,3,4,7,7,3,7
GTACCATGCTAG_9,0,9,6,9,1,7,5,5,0,3
AAAGCCTTCGGG_9,1,6,9,5,6,9,3,5,5,0
ATGAAGTGATAG_9,5,6,2,8,4,9,2,9,2,6
TTGGATACCCTA_9,2,6,7,8,1,6,7,9,4,4
TCACCGTCTCGC_9,9,9,0,9,6,9,8,3,6,3
ACGGGAACGGCA_9,4,7,5,7,9,5,3,6,9,0
AGACACCCGTCA_9,9,7,0,2,8,8,9,4,3,6
TGCTCAAGCAGC_9,4,8,7,7,0,0,2,3,5,8
TCCGCGATGACC_9,5,4,8,1,4,3,2,1,3,6
GACGTGTGCATG_9,4,3,3,5,2,5,9,5,7,0
CCTAGCCTCCGT_9,0,0,2,9,3,4,2,2,6,7
AGGTACTCCTAG_9,8,5,8,1,6,2,6,4,6,0
CACCTTCATTCC_9,2,7,9,3,1,5,6,0,9,0
ACCGCTCCATTT_9,2,0,3,9,8,5,7,4,8,7
TTAACAGGATGC_9,0,9,2,1,5,3,5,3,0,3
GGCTTTCCCACA_9,0,9,0,5,1,6,4,6,3,2
TTCCCGACCTCG_9,4,3,6,8,4,6,7,8,9,0
CAGTAAGGTGGC_9,5,4,3,9,4,3,5,6,0,5
CTACCTAGTACT_9,5,4,7,8,4,2,1,1,2,4
AGGGCCGTTTAC_9,0,0,8,5,2,2,5,8,0,7
GCTACCATCATC_9,8,0,2,5,8,2,9,5,9,3
ACAGCTGAACAC_9,5,6,9,8,4,8,6,1,9,1
CCTGCTGAGCAC_9,7,8,0,9,6,3,9,4,4,2
AACCAAATTAGG_9,9,5,8,8,4,2,1,1,2,2
GCATCCGAACTA_9,0,5,8,1,8,9,7,8,4,2
CCTTTTTTCGGC_9,4,6,5,5,5,9,1,3,9,0
GTACCATGCTAC_9,8,3,8,4,8,1,0,5,3,2
GGTCACTTTTTA_9,7,3,9,5,6,9,5,6,0,2
TTTACGCGCCCA_9,4,4,8,8,4,8,2,1,2,6
CTCGCTCTCGGA_9,0,5,9,7,7,6,4,3,4,3
TTCCCCCTGATC_9,0,1,7,3,3,6,0,6,2,6
GGCACTCATAGC_9,0,9,7,7,8,5,3,5,8,6
CGACAATTATGA_9,4,0,5,4,3,2,3,8,0,0
GCCGCCCGCCCC_9,4,1,2,0,7,8,4,9,6,1
GCCGATACGAGT_9,7,0,7,0,8,0,4,8,6,2
CGCTGTCTCACA_9,7,4,9,7,2,9,7,1,2,6
GACACACGAAAT_9,4,6,7,0,4,8,2,1,6,6
CTTATAGGCTTG_9,9,6,0,0,6,2,9,3,3,7
GGCAAGACCCTC_9,4,5,8,6,7,3,5,6,9,5
CCGTGTGACATG_9,0,5,0,4,2,2,6,4,9,7
AGCGTATCGCGT_9,7,3,9,8,7,5,3,4,9,0
CATGGTGGCCCT_9,9,9,8,4,7,8,6,6,3,2
CCTGTGTGGGAG_9,4,6,0,7,8,9,9,2,8,7
GCCCGACCCAGA_9,4,5,3,3,7,5,7,0,4,2
GGAGGGGCACTG_9,0,6,5,1,9,4,3,2,3,2
CTAAAGCATTCT_9,9,7,9,1,6,3,7,6,0,7
TCACCGTCTCGT_9,9,8,6,7,2,0,5,2,3,3
CCTTTTTTCGGT_9,0,3,8,6,3,9,5,2,3,1
GAGATTTAGAGA_9,0,8,7,7,8,4,4,4,9,2
GACACCCTCTGG_9,0,1,2,4,1,9,4,6,3,7
TATCTATGTTTC_9,6,5,6,1,9,9,1,6,4,3
TGAGAGCCTTAG_9,5,6,6,1,4,3,1,4,2,4
AAGCCCCCTCCT_9,4,3,0,5,7,8,4,4,9,1
TGAGAGCCTTAT_9,0,6,8,9,8,5,5,1,1,6
TAATTCTGTGCA_9,5,4,9,5,4,0,2,6,7,6
CAATAGTCTTGC_9,8,7,8,4,8,3,9,4,6,1
GGGGCCGACAAA_9,2,2,4,6,2,5,6,8,4,8
ACGCACCCGCCT_9,2,0,0,7,1,2,3,4,7,1
GCTCACCCTCTT_9,4,5,0,9,6,2,9,3,4,1
TGCGACCCACGG_9,0,5,2,9,6,5,9,4,0,1
ACCTAGACGAGG_9,7,5,8,5,6,5,7,5,5,5
AGGTACTCCTAC_9,6,5,0,5,1,4,4,5,4,1
TCATCGGTCCTA_9,8,3,8,9,3,5,5,0,9,2
ATACATTGGCTA_9,9,6,5,9,3,4,5,2,3,1
TTGTGAAGTCAA_9,5,4,2,9,4,2,6,2,2,3
AGGGCCGTTTAT_9,6,5,8,3,1,7,3,8,8,4
CGTCCCACCATC_9,0,8,6,7,1,8,3,0,7,7
AACCACGGCCTC_9,9,9,2,8,7,9,9,9,6,2
CCTCGGCTAAGC_9,7,9,0,4,8,4,0,5,7,2
GAACATGCGCGC_9,2,0,0,5,1,9,4,8,7,0
CGACCTGCTCCT_9,6,5,8,1,6,5,7,9,0,1
CCCAATCCTCAT_9,8,6,9,9,6,5,5,2,3,7
TGTCTCCGCAGC_9,4,3,9,7,8,5,9,4,4,2
AACTAGGAAAGG_9,9,0,2,6,6,1,0,9,0,3
TACAACTCCCAG_9,0,9,2,4,2,7,3,1,8,9
AGCCCACAGATC_9,4,1,0,5,2,5,4,5,8,8
GCATAAGAGTAC_9,7,7,2,2,3,6,5,4,8,3
CGCTAATAGCCC_9,8,7,5,5,7,3,5,5,9,2
ATACATTGGCTC_9,0,5,5,6,9,0,5,4,0,3
TACACTAGGCGC_9,2,7,8,7,1,2,9,5,8,1
CGTTTGTTCATT_9,0,9,8,7,8,2,5,0,9,1
GGGCAGTCTGCT_9,2,0,7,9,2,4,9,7,8,0
GCGGCAATACTG_9,5,4,7,7,4,5,2,1,2,6
GGAAATTGAACG_9,4,0,8,5,6,8,0,5,6,7
CTCTACTGACCG_9,7,0,2,4,3,9,9,2,9,1
TGGTTAATGTTG_9,2,0,1,7,1,3,3,4,9,5
CCTTTTAATCTC_9,7,7,8,7,2,4,3,4,3,7
GGCTTGCCCCCC_9,8,7,0,5,8,8,9,0,4,8
GCCGGGGCCAAA_9,4,5,3,5,8,5,9,5,9,7
ATACATTGGCTT_9,0,5,5,1,9,3,1,2,0,3
CAAACTGTGAAG_9,4,1,3,7,7,6,4,6,3,1
GTTATTATGCTA_9,4,4,7,8,2,3,2,1,3,8
AGCCCCGAGGCC_9,4,7,9,5,6,7,9,8,4,6
GAGGACTCATGC_9,4,4,7,0,4,8,6,1,9,6
CCGAAGCGCGTT_9,4,6,2,5,2,8,6,5,3,5
CCGGAATGTTGG_9,6,4,5,6,4,2,5,1,9,3
ACTCCGCCATCA_9,0,0,7,1,3,5,5,6,3,7
GTGAGTCTTCCA_9,0,6,7,5,4,3,4,9,2,1
GTACCATGCTAA_9,0,3,6,9,6,4,3,5,0,3
ATCATTCGCTGC_9,8,0,8,4,3,0,3,4,9,5
TTGACATACACT_9,4,7,5,5,8,3,9,6,4,0
CAAGCGAAACAG_9,4,9,0,5,1,5,9,8,3,0
ACGGGAACGGCT_9,9,0,2,1,1,4,0,2,3,1
TGAGAGCCTTAC_9,5,4,0,5,4,3,2,9,4,4
CAGCTGAGCGTG_9,4,5,8,5,3,3,3,0,9,0
GGAAATTGAACT_9,0,3,5,0,1,0,3,8,3,2
AGGTCTTAGTCG_9,4,5,6,9,7,5,6,8,4,7
TCGTCAAGGGTC_9,7,1,0,4,3,9,4,5,3,7
CTTATAGGCTTC_9,9,5,0,5,7,4,4,6,9,8
CGCGCTGTAAAT_9,0,5,2,4,8,9,4,6,6,2
AAATATCAGAGC_9,0,0,8,4,3,4,6,3,1,7
AGGTACTCCTAA_9,7,5,0,4,8,4,7,6,6,7
CTCCGACTATGC_9,7,9,0,4,1,5,3,6,8,7
GCCCATCGCCGG_9,4,1,7,5,1,8,9,4,4,1
TACCGGATACGG_9,4,3,8,7,4,9,2,4,6,6
AAGATTCTTCGC_9,0,3,0,7,7,8,9,9,4,1
GCGAGCAATAAA_9,7,2,6,8,8,6,6,9,6,2
TGTTTCGGGTGG_9,5,4,0,9,6,3,1,9,0,0
TCTGCCGGCCCC_9,2,0,0,7,3,6,4,5,4,1
CGCGAATTATCA_9,0,3,5,7,2,7,3,8,8,5
CGGGCCGCCCCG_9,2,1,0,5,7,6,4,8,4,0
GGAGGGGCACTT_9,9,6,5,9,9,4,5,2,3,1
CTAGCCAGCAAC_9,5,5,5,1,3,7,6,1,6,3
TTAGTTGTGTTC_9,0,3,6,6,3,5,5,4,3,0
AATTCGGCTCTC_9,9,5,9,9,7,3,3,4,9,2
GTAGCGGTCTTA_9,7,0,9,5,7,8,3,5,9,1
CCCGAGGTGCGA_9,7,7,0,5,2,9,5,0,7,7
CAGGTCGGGCTG_9,7,4,0,8,4,8,2,1,2,4
GGCTACCAGAGG_9,7,9,9,1,7,8,6,5,9,6
ACAGCGTTAGAC_9,7,9,0,5,3,9,6,4,9,7
TCACCGTCTCGA_9,8,1,2,5,7,5,6,4,3,5
CTATGGACGCTA_9,7,6,9,9,7,3,3,5,6,2
AGGCTAATAAGC_9,4,3,8,7,3,5,5,8,3,4
TCCGCAGGGTGA_9,0,8,5,1,2,4,9,2,3,2
TCCCGAAAGGAG_9,7,7,0,7,8,9,4,5,4,1
TGTTTTGCATTT_9,8,0,8,4,3,9,0,9,8,2
CCAGCACAGTGG_9,4,9,3,6,8,5,3,9,5,2
ATGGGTGGCACA_9,0,6,6,9,6,9,9,6,6,2
AATGCCGGGCGT_9,4,5,2,9,1,8,4,1,8,8
GCTTTTTTCCGT_9,4,3,9,7,6,3,4,5,9,8
AGCCGTGACAGT_9,0,8,2,5,1,9,4,6,0,0
TTTCGAGCTTGC_9,8,1,8,4,1,9,7,8,8,0
GCCCTGATCCTA_9,0,5,0,9,3,6,7,0,0,2
CTCGACGCACGA_9,7,9,2,5,8,5,7,8,2,0
CGGCTTAGGTCA_9,4,6,8,5,3,8,4,6,9,2
TTTCGAGCTTGA_9,8,9,0,4,3,2,3,6,3,0
GCGGGGGTCGGA_9,4,0,9,1,7,5,5,5,4,2
GTGACCGGGATC_9,0,8,0,4,1,6,9,0,4,2
CATGGTGGCCCA_9,8,5,2,4,6,2,4,6,3,0
CATACCGCCGTA_9,2,0,6,5,3,9,6,0,9,2
TATCTATGTTTT_9,5,3,6,1,6,6,1,6,0,3
CTCTTCATTCGA_9,7,3,2,1,2,6,1,5,6,2
