,0,1,2,3,4,5,6,7,8,9
TAAACGCCTTAT_8,2,8,2,0,5,4,3,8,4,3
GATACACTGAGG_8,0,2,6,2,6,5,1,8,2,3
CTCCACCGTGTC_8,2,6,8,0,6,3,5,6,3,4
GTTTCGCGAGCA_8,0,5,6,7,4,8,0,7,6,7
TGCCTATTCTGA_8,1,9,7,4,8,0,8,0,3,7
GGAATTACTTGT_8,4,1,5,4,6,4,6,4,3,2
AACAGGTCATTC_8,6,3,7,1,6,0,0,2,3,2
AATTTCAGCACG_8,6,6,0,9,8,0,5,0,9,8
CTTGCCGATATC_8,7,8,1,0,8,1,6,1,4,3
TGGAGCCGGCGG_8,1,2,2,3,5,8,4,3,2,3
GGTCCGACCCAG_8,3,9,1,1,8,7,5,3,0,8
CTAATAGTGGAC_8,4,8,3,4,7,8,6,4,9,5
TTTAAACACCCA_8,6,6,2,6,7,1,7,2,8,8
GACCACTAGTGC_8,8,1,1,2,0,7,3,9,5,7
AGGCCAATTTGT_8,8,1,0,0,6,9,1,1,8,4
TGTACTTACCTC_8,1,5,0,8,7,5,1,9,2,0
GATGCATACCGC_8,3,5,8,7,4,6,9,3,6,0
TTTGTCCGTGAA_8,2,0,9,5,8,9,7,4,8,5
GCCATATGCAAC_8,5,1,8,2,7,8,4,7,7,2
ATCGTGTTATCA_8,3,9,4,0,1,9,9,6,8,8
ATGGTGCACACT_8,8,6,2,6,0,1,7,6,7,1
CCCCTCTGCCCG_8,4,9,9,6,2,0,8,5,4,6
TAAGCGGGTAGT_8,1,8,4,4,2,3,7,5,0,6
TTTGCTTATCCG_8,0,1,6,7,4,5,0,7,5,0
TCTCAATTGCGT_8,3,3,2,5,2,1,9,0,4,6
GACACGTCAGTC_8,0,9,1,2,4,6,3,9,6,6
GCAATTCGAATA_8,5,9,5,7,6,7,9,1,3,4
AGCGAGATCCGC_8,5,0,6,5,3,7,8,9,0,2
GGCAAGGCGAAG_8,2,9,5,0,7,0,3,5,7,8
GCCATAAACGCA_8,1,7,8,6,2,4,0,4,2,7
TAACCCTTTCCT_8,2,9,9,6,0,0,7,5,0,5
GGAAATTTCCAG_8,4,5,4,3,9,8,0,6,4,5
ACTCGAGGTTCC_8,3,6,6,7,7,4,4,1,8,2
TCACTAAATTGA_8,6,7,5,8,2,7,4,7,0,3
GCCGGATTCTAC_8,9,7,9,5,1,4,7,6,9,1
CGACTGACTTCA_8,1,2,5,1,9,1,0,4,9,3
AAGACGGATGCG_8,2,9,8,7,1,8,0,9,7,7
GCGTGTAGAGAT_8,6,0,2,8,5,9,1,9,4,7
AACCCCCGACTT_8,5,6,2,0,2,7,6,2,2,1
AGTAGCGAGGTG_8,7,0,5,3,5,6,4,9,5,5
TATCAGAACTAA_8,7,6,5,4,4,8,7,6,3,3
ATAGGAATTAAG_8,1,7,2,7,1,0,1,2,7,5
GTCCTGACATCG_8,5,7,6,2,7,6,3,5,0,7
AGCGTCGGGTAC_8,2,0,8,0,8,4,4,2,7,4
CCCACATTCGAG_8,8,0,0,2,4,6,1,8,6,4
TTCCGGACCTGC_8,3,1,7,5,0,1,7,4,0,1
CCGGCCTCCCGG_8,2,5,8,3,2,8,4,9,7,9
GAAAACCATAAG_8,8,1,1,0,7,9,1,9,6,3
GTCAACCTGGGA_8,2,8,2,0,2,7,9,4,3,9
AACTCAAGTCCT_8,1,8,3,0,3,4,9,6,8,8
AGCCGCTCGTCG_8,3,1,3,0,1,8,5,9,6,0
GCACTTACATTA_8,6,8,4,8,2,5,0,2,1,2
AGTCTGGTGAAG_8,8,1,5,3,4,1,9,1,5,4
GACTCCCATAGA_8,1,8,0,8,3,1,9,5,8,5
GGAAGGCCCTTC_8,0,1,8,7,9,6,1,1,1,5
TCAGACGGAAGG_8,8,0,0,7,5,5,1,1,5,7
ACAGGACGCCTG_8,8,9,5,8,9,8,3,6,0,8
CGCACATGGATA_8,0,4,1,7,4,6,5,1,6,0
GTCATTCAACTA_8,2,3,7,9,9,3,7,2,8,8
GCCGATACTATG_8,3,8,3,5,5,4,8,5,9,2
ACTCTAACCGCC_8,5,7,2,4,2,3,2,9,9,2
CGCCCGCATCCC_8,0,5,5,3,1,4,6,4,5,2
CGTCATTGCACG_8,1,9,6,2,0,0,5,0,0,8
AGAGACTATCTA_8,4,8,2,4,2,3,2,9,2,5
TTCCAGTACGTA_8,1,3,0,1,2,9,2,3,4,2
AAGCCTACCGTA_8,0,4,3,3,7,6,1,9,5,3
CCGACCTCTTTG_8,2,9,2,4,3,3,7,4,3,1
GGCGCTTCGGCA_8,3,8,5,1,2,6,4,4,0,7
GCAATTCATCGG_8,3,1,0,4,6,3,0,6,8,5
ACATTGTACGAG_8,7,9,9,6,3,7,6,2,2,2
ACGCGGCCCCAG_8,0,5,8,2,4,5,5,2,9,7
ATAAATGTCGGT_8,4,3,4,1,9,0,2,6,4,8
CATCGTCGCTCT_8,1,7,5,4,9,0,8,8,3,8
ACGGGTTGGTAA_8,3,9,7,2,8,5,5,1,1,0
ATAGTTTCGTGA_8,4,6,2,4,8,7,8,6,3,8
GAGACGTGGACA_8,6,1,3,7,1,7,4,8,9,0
TACTAGCATACT_8,6,8,9,3,2,0,8,2,3,9
ACGCAAATTCTT_8,4,8,0,9,2,7,0,6,3,1
GCAGAACGAATC_8,2,6,1,3,0,5,1,1,1,9
GCCTAAACGTCG_8,1,7,7,9,6,0,4,2,0,6
GGAATGCGCATC_8,3,5,6,7,4,7,1,7,9,7
CCACCATCACGG_8,8,1,2,6,2,3,7,3,4,4
CCATGGTTATCT_8,5,2,1,8,2,9,5,4,5,8
ATCCACGGAGGC_8,0,9,8,0,7,7,6,2,5,3
TGCCTGTCGCCG_8,4,7,2,5,2,3,6,6,2,8
AGCCCATAGGTC_8,4,5,4,3,2,0,4,3,9,4
AGCCAACACCAT_8,1,6,9,0,9,7,2,6,8,4
TGATGGGTCGCA_8,3,4,5,3,0,7,9,3,0,2
AGCGCCGGGCTC_8,3,9,8,1,2,8,2,6,7,5
CTATGGGATACG_8,1,6,7,9,0,1,5,6,9,9
GCGGCCCCTATC_8,6,6,3,8,3,4,9,4,8,8
CGCAAGTCTCAT_8,8,4,5,9,9,7,4,8,1,5
GCCATGGTACCT_8,4,7,2,6,7,3,7,4,8,1
AGGTCAACCCGA_8,3,4,6,2,1,6,4,7,5,7
CTTAGTATTCAG_8,6,5,3,1,8,8,6,9,0,4
CCGGGCGTTTGA_8,1,9,2,5,9,1,2,6,2,8
TTCATGTAAGGG_8,2,6,9,9,2,3,9,2,2,2
AGGACGTTTCGA_8,3,4,3,0,1,4,1,7,7,0
ACGACAGATTCG_8,4,8,2,4,1,6,8,6,2,3
ATTTCCTGGCGC_8,0,0,8,8,5,5,3,3,6,5
GTTGAAGTAGCT_8,1,8,2,4,3,4,8,4,3,9
CGGCACCCTAGA_8,9,0,6,3,1,4,3,5,4,2
TTGACAGGCTGG_8,3,0,6,2,5,6,1,7,6,0
GAAGAGGACATA_8,5,6,7,9,9,0,4,4,0,3
CACATGCCTCCT_8,4,8,2,4,6,3,8,4,4,6
GCCCGGCAGCGC_8,3,5,8,9,4,5,1,8,5,5
AACGGCAGAAGC_8,1,7,5,8,3,9,0,9,7,3
ATCCTAGGCCTG_8,7,1,2,8,2,1,5,0,4,4
GAGCGCCTTCAT_8,8,5,0,5,9,5,0,8,5,0
CTATTCCTTGTG_8,0,0,7,3,1,8,0,9,9,4
TGCCACGTGCAG_8,0,7,0,2,5,6,4,8,9,0
AGTCTTCTTGGC_8,8,0,6,8,4,8,5,2,5,3
GATGACGCTTGG_8,0,2,3,4,9,7,8,0,7,6
ACACCCTTAAGT_8,6,9,3,3,2,0,2,1,9,4
TGCTCATCTCTC_8,4,8,9,1,2,7,7,4,9,6
AAAGCACTTGGT_8,1,7,9,9,9,1,2,5,7,1
TCGCCACTCCTT_8,8,6,6,5,7,5,7,5,5,2
GGTCGTATAGGT_8,2,9,1,5,8,1,8,2,2,2
CAACAAGATGCC_8,3,0,0,0,4,9,4,8,6,7
GTGCCTGAACTG_8,7,9,5,4,2,7,2,2,0,8
ACAAAGTGATCG_8,3,4,6,8,1,4,4,1,6,4
TAATGCACGGAG_8,2,8,5,4,2,1,0,0,8,8
TAGCGCTCCGAG_8,8,6,3,1,0,4,8,3,0,4
GATCGTACCATG_8,4,8,4,4,6,7,7,5,3,9
TGTCATGGCGAG_8,0,5,0,7,1,6,9,7,6,7
CGTAGATGGATA_8,8,0,7,3,4,5,3,8,5,0
ATTGATTAGCAC_8,6,7,8,0,5,6,4,1,6,9
AAGGGAGTGATT_8,5,7,3,9,1,2,7,8,3,7
CTGCGCCCGGTG_8,0,0,6,2,5,8,4,1,6,0
TCCCCCTTCGCA_8,5,5,4,1,1,1,3,8,6,4
CGCTCACGGTCT_8,7,8,1,2,0,4,9,9,2,7
AAGAATGATTTC_8,9,7,2,8,8,1,0,5,9,7
TCACCGGCCTAA_8,6,3,9,9,8,3,3,5,0,2
ACGTAATCCTCT_8,5,9,4,6,2,3,8,6,2,6
CATCTAATACGT_8,9,9,1,5,7,1,0,7,2,2
TCATCTCATAGA_8,2,9,2,6,6,1,8,4,2,6
CGTGTCTCTATG_8,4,0,7,1,7,1,6,9,0,6
TCTACCGGAACT_8,4,3,4,6,0,2,2,2,4,7
GTGCGCCTATCA_8,6,2,6,5,4,3,0,5,4,1
GTCCGGTAACAT_8,4,1,3,3,1,3,8,2,9,9
GGTACTGTCCGG_8,8,0,5,5,2,5,8,8,1,8
GCAGTCATACTG_8,3,7,7,0,2,1,9,2,4,7
ACGTTAGAGTGA_8,9,3,1,4,7,3,8,2,0,6
GACCACCGGAGA_8,4,1,6,3,1,2,0,7,0,4
TGCCGGTAGCGC_8,0,2,0,7,5,5,1,1,6,0
TGCGATAGTAAC_8,6,3,5,9,2,2,6,3,8,1
GTTAGGGTTACA_8,2,1,1,6,7,9,8,6,4,3
CTTACCTAAAGA_8,6,1,8,6,8,3,7,9,4,1
CACGCCGCCCAT_8,0,5,3,2,1,2,0,1,7,9
CATAATCTTCTT_8,4,1,3,4,9,6,6,5,7,7
GCGGATACAGGT_8,9,9,2,8,3,3,0,2,8,8
TCCCTAGCCCCA_8,8,9,3,0,7,1,7,2,3,9
TAGTCAATCGGT_8,1,4,0,2,4,8,2,3,2,2
CACCTATGTTCT_8,9,8,4,8,2,0,7,9,9,1
GCCTAGACCGAG_8,0,4,0,2,9,6,1,8,5,0
TCCTGTGATCAC_8,0,0,5,1,7,1,5,9,2,0
CACCGATGGACG_8,3,4,4,8,9,0,3,3,6,8
TTAGGCATGCTG_8,3,7,7,3,9,7,2,8,6,3
ATCCCAAGCCAC_8,7,5,1,9,2,7,2,5,2,5
CTCCATTGGCAC_8,2,5,6,8,5,4,0,9,5,7
CGCTGCGATGAG_8,8,1,2,5,7,9,6,7,7,3
CATGACCCCGAA_8,7,8,1,7,8,6,3,1,0,1
ATGGAGTGGGTT_8,2,9,7,6,2,3,6,1,8,8
TGTTCCTTGCAT_8,9,5,3,5,4,9,0,7,7,9
GAATAGAATTCT_8,8,9,0,8,9,3,9,4,4,1
TGTATGACCGAG_8,1,1,7,3,8,0,6,9,3,1
CTTGAGCCTTGT_8,1,8,7,5,8,7,8,0,2,6
CCCGGGTATTTT_8,8,8,7,4,6,3,8,3,9,3
TATGGCCAATCC_8,8,7,1,1,3,7,8,9,0,6
TCCGAGGCTTGG_8,3,1,4,3,5,8,1,7,6,7
CTTCGAGCCACC_8,6,1,8,8,4,5,4,5,4,9
TGCCCCTCAAGT_8,1,7,8,8,8,4,0,5,3,3
TCACTCGTTCGT_8,2,6,2,5,2,7,2,2,4,1
CGCTTTGTCCGC_8,7,8,7,3,0,8,6,9,9,2
ACAAAATTTCCG_8,6,7,9,9,7,0,0,9,3,5
CCAGTACTACGG_8,9,9,2,1,3,9,0,5,0,8
CACGAGGAAGCG_8,2,6,5,0,0,6,6,4,4,2
TAGACATGGCAG_8,4,8,7,4,2,0,7,6,0,8
TACCCGGGACGC_8,6,9,3,5,1,0,5,6,5,8
CGTCACTAATAT_8,1,2,5,0,9,0,7,5,1,1
TAGGGAAAGCAG_8,6,2,1,7,1,6,4,1,6,5
TTTCGCAAGCTA_8,9,1,9,4,1,1,5,5,8,8
CACGCGCGCCCA_8,0,3,4,0,7,7,4,9,7,8
TCTCTTGTGGAC_8,6,4,0,2,7,3,8,8,0,5
GTGAATTTCATC_8,4,1,0,4,7,2,8,6,3,6
GGACAACAGCAA_8,6,3,1,0,3,0,7,2,0,6
CGCCCCTCTATG_8,4,8,4,5,0,7,7,4,3,1
TTTCCCTGCTAT_8,8,7,5,9,5,5,5,9,2,2
CATAACCCATTC_8,2,8,3,4,6,3,8,0,2,1
CATTGGGTAACA_8,2,0,7,0,0,4,9,8,6,2
GCGGGACGGTTC_8,3,0,6,3,2,8,4,9,0,2
CCAGATATCCTC_8,6,3,7,9,0,7,8,6,9,6
CCTCTCCGGTAA_8,8,3,0,3,8,9,8,7,9,7
TTAAGTCATTCA_8,2,5,2,9,6,1,8,3,2,9
ACCTGCCATGCT_8,9,7,9,4,7,0,0,8,4,4
TCGTGACCTCGC_8,5,6,7,6,5,9,6,3,9,9
ATTCCACCGTAC_8,9,9,1,6,9,9,5,8,4,1
GCCGAGCCTGAT_8,9,3,4,5,3,3,8,6,0,1
CGTCCGGCGATC_8,0,0,6,1,4,9,4,8,5,0
CGGAGGCATCGC_8,2,5,9,0,8,4,3,2,2,5
CCCACGCTGGAG_8,0,5,0,7,5,6,5,7,6,0
TATGTCATAATT_8,5,5,6,8,5,8,1,9,5,5
TCACGGCGATAC_8,6,0,1,7,5,4,4,2,1,0
GATTGGAAGTTC_8,9,3,5,8,5,5,9,4,6,0
CTGTATGTCGCT_8,7,4,0,8,5,5,3,7,6,0
CGACCCATGTAG_8,4,9,2,6,3,0,9,4,2,8
GGCCAGCTCGAT_8,3,5,4,8,7,4,1,3,5,0
TCTTTGAATCCC_8,0,2,6,7,4,4,5,1,5,7
AATGGTAACCTA_8,5,1,7,9,7,0,6,0,7,3
TACCTCGAGATG_8,2,2,6,1,4,4,6,1,5,0
GCAGTCCTGCTT_8,8,1,0,3,1,9,1,7,6,4
CTATGCGCTTGA_8,2,1,6,0,4,5,5,1,5,0
ACCAAGAGTATG_8,2,8,2,6,0,0,0,4,8,6
CCCGAAAAGGCA_8,9,9,7,1,2,0,5,6,4,9
TTCTGATAGGGA_8,6,1,1,1,6,8,6,4,4,4
GCCCGGGCTTTG_8,5,9,1,9,8,7,6,7,0,8
ACCACCTCTAAC_8,3,4,6,1,5,4,9,8,5,7
ATTCCCTGGGAT_8,8,1,3,7,0,7,9,4,1,4
GCGTTTGCGAGA_8,0,2,6,2,9,5,9,1,5,7
CCCACGCTGGAT_8,0,0,0,3,5,5,1,9,6,4
GCCGGGACGCAA_8,6,5,4,7,5,6,4,8,8,2
CCTATTGCGCCT_8,8,5,9,4,9,3,8,6,4,6
TTAACAGCAGTC_8,5,1,5,6,3,7,2,2,2,9
TCGAGTTCTTAT_8,8,6,3,6,2,1,9,6,0,6
CCATCATTCTTG_8,4,9,3,0,3,7,9,4,2,7
AGTAGATGACGT_8,8,0,4,0,4,6,9,2,9,4
ATGACGTTCGTA_8,0,4,0,8,4,5,3,1,6,0
CACCACTAAGGT_8,6,3,3,9,2,0,9,9,8,9
CGCCTTAAAGCC_8,9,5,4,7,5,9,1,9,5,7
ACTACCGGGTAG_8,0,2,5,2,8,4,3,3,5,0
GACCGGTCTTTT_8,7,9,7,9,9,7,0,6,4,4
CACGGAGTACGG_8,1,5,4,1,0,4,7,3,2,3
GACACAGATGTC_8,5,8,1,8,1,8,2,5,2,8
CAGAGTCTGGGT_8,1,3,1,5,2,9,0,4,9,4
AGAGAGCGACCG_8,2,0,0,8,8,6,3,8,8,6
GTAACGTGAGGC_8,8,5,5,9,7,5,9,9,9,4
TCCCGACAGATA_8,6,0,8,6,0,4,3,3,2,6
GGGCATCTGTGA_8,0,1,5,6,9,5,2,9,2,1
CCCATATCTGAG_8,1,9,9,5,8,7,8,5,2,8
ACACCTTGATGG_8,5,0,7,3,7,5,1,3,6,0
GGCGTGTGTTTT_8,8,0,2,6,7,1,0,2,5,9
AGTGCCAGCGCC_8,2,4,3,2,4,8,6,9,6,2
CCCGGGCCGTTT_8,2,3,2,5,3,3,8,2,2,9
TGTCCTTCGTGC_8,0,0,9,0,0,8,1,8,1,9
TAGAACTCGAGC_8,9,9,9,6,0,7,0,0,7,1
AGACCCGCGTAA_8,4,5,3,3,5,8,4,7,5,0
TGCACGTTCCAA_8,0,5,1,7,9,9,4,1,5,7
AACTAAGGTGAC_8,1,8,2,1,9,3,8,2,0,5
GTCAGCCCCGGA_8,0,2,5,3,4,2,1,8,5,7
AACTAAGGTGAA_8,9,7,9,1,9,3,3,5,0,8
AAAGCTGGGGAC_8,9,9,7,6,2,7,0,6,2,2
CAGCCACTACCT_8,6,1,3,6,5,4,4,4,3,2
ATTCGTATCTTG_8,6,1,1,9,6,4,0,1,9,6
GCTACTGCCCAT_8,1,7,2,6,3,2,6,4,8,1
TTGCAGTAGGTA_8,4,3,3,0,9,9,7,2,2,8
CCTAACCGGGCC_8,3,7,8,9,9,0,9,4,9,8
GTAGGACGTGCA_8,7,0,7,3,5,5,5,9,9,8
TCAGTGCAGCGA_8,8,1,8,1,0,9,3,9,8,0
TGCGTCCTTCGG_8,1,6,1,8,7,6,9,2,7,1
CGCTCAAGGAAG_8,2,9,7,4,2,3,2,5,4,3
TCCGCCCAGCAG_8,2,8,9,0,2,0,6,0,3,1
GATGGACACCCG_8,1,4,3,7,0,5,9,5,5,5
ATCACGCCCATA_8,0,4,0,2,5,5,5,8,6,3
TCAACTCAGGAC_8,4,8,2,9,6,6,2,5,4,9
CGCCACAGCTGT_8,7,0,6,4,2,9,3,4,2,5
AAGGTGATCAGG_8,7,9,7,5,5,1,6,5,3,1
GAGACGTGGGAG_8,0,4,6,1,7,5,0,7,1,4
CCGCCAGGACCG_8,5,4,4,5,0,4,6,4,1,5
TAATCCGGCGCG_8,3,0,0,7,1,8,1,3,5,4
CGGATCCTCCCA_8,0,4,8,8,7,5,9,7,1,0
CGCATATGCCAA_8,7,1,8,1,1,6,0,6,0,8
GTCGTTCGCGCG_8,6,2,6,7,5,4,4,3,6,5
CCCACGCTGGAC_8,0,0,3,2,1,6,4,7,6,0
AGCGTCACGAAG_8,4,3,7,9,0,8,4,9,3,8
TGAGCCCGGTCG_8,6,9,7,0,4,1,5,9,1,0
CAGATTTCTCGA_8,0,0,1,3,0,7,4,8,5,9
CGATTCTCGCTT_8,7,6,4,5,5,1,1,2,3,6
CCAAAGTTCCAC_8,2,8,0,9,3,8,5,3,1,5
GCCCATGACGTA_8,8,7,5,4,2,0,2,6,2,2
GAAAAGATCTCA_8,2,7,2,0,2,3,7,5,8,2
CCGCTGTTACCC_8,2,6,1,6,9,0,1,3,4,8
CGGCTTGAAGTG_8,0,2,6,7,5,6,1,3,6,0
AACTAAGGTGAT_8,5,1,7,4,7,9,2,5,0,2
CCCCGGCCCCAT_8,8,5,0,7,7,8,4,7,4,4
TTTATTACAGGC_8,6,8,8,1,9,8,9,6,1,8
CTAGAGCCTGGG_8,2,3,3,4,0,2,7,2,8,1
TGTCTGTAGTTG_8,0,4,6,0,5,8,9,8,6,0
GGACGCACTGTC_8,8,0,6,8,7,5,9,7,6,3
GGCAGGGTATGG_8,7,1,6,1,7,7,3,9,7,4
TACTCCGTCGAG_8,1,7,7,9,8,1,4,1,7,7
CGTCACTAATAG_8,7,2,9,3,3,4,0,2,7,3
GAAGACTGTCAT_8,4,8,2,4,0,0,6,9,4,2
CTGTCCCAGCTG_8,5,7,3,1,9,7,4,3,8,8
TTCGCCTTCGCG_8,5,4,5,3,4,5,4,1,5,0
CGATTGTTCACT_8,5,5,8,5,3,2,7,5,9,5
CAGACTAAGTCT_8,3,0,8,3,1,4,5,7,6,2
TCTCGTCACGAT_8,4,1,5,0,2,4,0,9,4,7
CTACCGCATCGA_8,5,8,3,6,0,1,3,3,9,3
CATGATAAGAGG_8,7,9,4,1,9,9,9,3,4,7
TCCCGCGCCAGG_8,7,4,8,9,1,9,9,9,0,5
GAAGTGGATAAA_8,9,1,2,9,9,4,8,6,3,8
CAGAACTAACAC_8,2,6,2,6,2,1,7,6,2,2
AGCGGTTCTTTA_8,3,5,0,3,9,8,1,3,5,3
CCGGCATTCCAT_8,5,3,8,0,3,2,0,2,4,8
GGCGCCCTAGAC_8,2,2,7,3,5,4,4,8,5,5
AACCCATCGCGC_8,2,7,7,7,6,5,9,9,2,9
CCCACGCTGGAA_8,0,2,0,7,4,6,1,7,5,0
AGTAGGGTTGCC_8,2,7,2,9,0,4,6,6,9,5
GCCCGGGCTTTC_8,6,0,6,0,5,6,3,5,7,3
CATGGCTACGGA_8,7,2,1,8,3,8,4,1,7,3
GAGTCGAGGCGA_8,0,0,0,8,9,5,4,1,6,7
GACTCGATCTCT_8,1,5,2,4,3,7,0,4,8,6
CCTATGCACTGC_8,0,2,6,7,1,6,5,8,6,0
AGTCGCCAGTTG_8,2,1,4,7,9,9,5,7,7,9
TTATTCTGAGTT_8,2,8,4,5,6,0,3,3,1,3
CACACGTATCGC_8,6,4,5,8,4,8,1,1,5,0
GTAAAGGGCAAA_8,6,2,0,3,8,8,1,7,6,6
AAAAGAGTGACT_8,0,7,5,0,7,2,0,9,6,4
TCCATGCAGCAG_8,3,8,3,1,8,4,0,0,4,2
GGAGCTGTACAG_8,9,2,9,5,0,5,3,2,7,8
GAAGACTGTCAG_8,2,9,2,3,0,3,0,5,2,5
TAGTCCTATGGC_8,3,0,5,5,5,4,8,7,9,9
AACGAAGAACAC_8,6,7,7,8,7,7,9,5,8,6
CGTCACTAATAC_8,9,6,2,9,4,0,6,5,8,6
CAGATTGAATCG_8,6,7,3,9,2,7,6,4,0,8
GCCCGCCGCTGG_8,0,2,1,3,4,5,3,3,5,4
GACGGTCCTATT_8,6,3,2,4,8,5,8,4,1,2
GCACGGTAAGAG_8,3,5,8,3,9,5,5,9,5,3
TCACCCCAGTAC_8,7,7,0,8,7,4,5,2,7,3
GTAAATGCATCT_8,6,0,6,8,2,0,9,3,4,2
TTTGGCTCTCTT_8,5,8,3,4,6,1,2,5,8,6
GGTCCAGTCCGT_8,5,5,5,9,5,2,4,7,7,8
GTGGTCACGCCC_8,4,6,0,6,7,0,2,2,4,8
CGTAGGCGGATT_8,5,0,3,7,1,8,9,1,7,0
CACGCATACTTA_8,2,6,2,8,8,8,6,5,0,9
ACCCAGGCGTCC_8,4,3,9,5,6,2,8,1,2,3
GCTCGTCGCTGA_8,0,0,7,8,4,8,1,8,4,3
TCCCAATCGCCA_8,7,3,9,0,6,8,9,5,9,3
AACCACTCCCGA_8,2,6,8,5,7,7,8,6,4,9
CGGTCTTAATCA_8,8,8,2,4,3,3,5,4,4,6
TAATCCTATTTT_8,3,1,5,3,7,8,4,9,1,2
GATTAAACCTTG_8,4,9,5,2,7,1,7,6,4,1
CCGCGGCGCGAC_8,1,7,6,8,5,1,3,4,2,0
CAGTTCAATGGA_8,9,9,6,8,7,2,8,2,8,7
GACTGCGGATAC_8,0,0,0,3,7,8,4,8,5,0
GCACAAGCCAGA_8,5,1,4,3,9,4,2,0,0,8
ACGGAAATGGCG_8,2,2,3,2,3,0,7,5,0,3
GAAGACTGTCAC_8,2,6,3,4,2,3,2,5,3,1
GTACTGTGACCG_8,1,3,0,4,9,2,8,4,8,5
GTCAATGAATAT_8,9,5,6,9,1,7,0,3,6,4
CATCGCCCAGCA_8,3,5,2,3,9,6,4,1,7,0
TGGCCTGCCTTC_8,2,6,6,8,7,3,7,5,2,4
GAACATCCCCCA_8,7,8,7,8,0,3,7,4,0,2
ACAACTGGCCAC_8,8,7,1,5,6,3,6,6,3,3
CCTATTACGGAT_8,5,0,4,7,4,2,4,8,3,4
ATCACGAGGTCT_8,1,8,2,4,9,1,7,6,3,8
ATTCCGGCGGTT_8,5,1,9,2,2,7,0,4,1,2
CCTGCAGTACCC_8,6,4,4,1,8,9,9,0,8,8
CTGTTCTCGATG_8,1,3,2,6,2,0,6,2,0,9
TCGCTGACAGCT_8,7,9,1,5,1,5,2,0,2,6
TTATCCATCCTT_8,4,6,3,4,3,2,7,6,4,6
TACATAGGAAGA_8,8,5,8,5,8,9,4,2,2,8
GGTTAACGGGTC_8,7,9,9,6,8,3,2,2,4,6
TCACGGTTAATT_8,6,8,4,9,0,0,8,2,4,6
TATATTGAGACG_8,6,4,6,7,1,4,7,0,9,1
GTGCAACCCGCG_8,5,0,1,2,0,8,4,7,6,0
GCCTCGCGATTC_8,5,6,7,4,8,1,2,6,4,5
CATACGATGACT_8,7,1,1,1,5,3,1,1,5,5
ATTGACAGATGC_8,0,0,1,7,5,8,1,3,7,5
CGTGTCCCCTTC_8,1,8,2,3,8,0,8,2,3,2
AAGAGGCTGGCT_8,0,0,6,7,9,6,1,3,6,0
GCCCGGGCTTTT_8,0,7,1,2,7,8,4,3,8,7
AATCAGATTTCC_8,2,1,8,2,7,2,2,6,8,4
ACAAATCTTGTT_8,4,8,2,4,3,1,9,2,2,6
ATAGCTCGCTAC_8,1,8,1,4,9,0,8,0,4,1
TACAAGCTGAGT_8,4,7,4,1,7,1,3,6,9,4
TAACATCCTATG_8,2,0,5,7,8,1,7,3,4,3
CGGGTACCACTT_8,1,2,5,3,7,0,1,8,8,8
AAGCCGTTCCTT_8,2,6,9,3,7,0,2,2,9,8
TACCTAAGGCGA_8,8,9,8,9,3,2,6,5,5,8
CCGGTCCATCCG_8,7,4,1,3,1,9,3,7,6,7
GATAGCCCTGGA_8,6,0,4,1,7,4,4,9,7,9
TTGACCAATCCA_8,4,3,9,4,9,3,0,9,4,3
TTGAGAGTGATC_8,6,9,7,9,5,5,5,4,2,7
TGCCGTGACATT_8,4,6,9,8,8,4,7,4,2,2
CAAGTGGGACCG_8,4,8,1,4,3,2,8,6,7,8
GCACCTTGGTAT_8,4,8,2,5,3,2,8,5,9,1
GAAAACGGCCTT_8,4,6,2,5,5,1,2,5,5,9
GACCATTCTGCA_8,0,0,5,9,1,7,1,8,4,8
ATCAATGATGCA_8,2,3,4,6,2,3,2,5,0,9
GATACTTTGTAA_8,1,9,8,7,8,5,0,4,3,7
GTCCGGGATGGT_8,2,6,9,5,8,0,8,0,0,6
CTGGCTTGGGCA_8,0,2,8,8,1,6,9,7,5,1
AACAATGTCCCT_8,7,8,2,5,2,7,7,9,0,7
TCATAACACCTC_8,3,4,3,1,4,5,1,8,5,8
GACACTAAGGCT_8,6,5,0,1,9,7,3,4,1,3
AACGAATTACAT_8,3,5,5,1,5,4,1,4,9,0
CACCTCGCCTCC_8,9,8,4,5,3,7,7,0,0,8
CACGCCTGTACT_8,9,0,0,9,1,2,1,2,7,5
ACGCGGTGCTAC_8,0,0,8,3,5,4,3,1,5,0
AAGAAGATAGCG_8,9,0,4,0,5,8,9,7,5,7
ATGGCCACGTAT_8,7,6,8,1,1,8,0,5,4,2
GTTCATCCGACG_8,8,9,3,0,6,4,2,3,2,9
TGTACAGATAAT_8,4,7,9,5,8,7,2,6,0,9
TCCGACAAGTAT_8,1,9,3,5,4,3,2,6,8,6
TGTTCCCCGTCC_8,1,8,3,8,9,3,5,5,7,1
AATCCCATTTGA_8,6,9,7,6,2,3,7,3,8,6
TTACATCGTTAC_8,5,1,5,8,1,5,4,1,5,7
GTGCGTAAAATG_8,1,5,5,9,5,8,9,3,0,7
TTGGCACACCAG_8,7,3,9,0,0,3,8,6,3,6
ATAAGTTTGGCT_8,4,8,1,5,6,3,8,0,8,1
ACCTGTTAGATG_8,3,6,6,0,8,0,8,9,0,2
TACCTCGAGATC_8,7,5,2,7,9,5,4,1,5,8
CACCATGCATCA_8,6,1,8,6,0,8,7,1,9,6
GAACGGAATCGA_8,7,5,9,1,2,4,2,2,3,4
GCTTACGCCGCC_8,7,5,0,7,4,8,6,9,5,3
GTAGTTCGCTGG_8,6,2,0,5,9,7,9,9,7,7
ATACAAACTGGT_8,6,3,7,8,7,2,2,1,9,1
CGTGTTCCTAAT_8,7,2,8,4,3,7,0,7,6,4
AAGCCCGTCAAT_8,5,4,3,7,8,7,0,3,0,3
GCTTCACTATTT_8,2,2,3,0,5,1,8,4,9,8
GCAATGCCAAAT_8,7,2,9,3,2,1,1,6,2,5
CATATTCGTAGT_8,4,9,7,9,3,3,3,0,9,9
GTCAGGCCAAGT_8,4,8,2,4,2,7,9,6,4,4
GACTCTACCATA_8,2,3,1,4,8,2,7,4,0,2
AACGAATTACAG_8,2,2,3,8,4,5,1,1,5,0
CCCGGTAGTGCT_8,5,3,7,1,2,9,7,9,3,2
ACTGTATTTTGG_8,4,9,1,1,9,2,6,5,9,9
TTCCTAGCTGAA_8,5,4,8,5,1,5,2,3,5,1
AAAGGTGTTCAA_8,2,8,2,0,2,1,8,4,4,7
GTGGCGCGCGCA_8,0,0,3,5,4,2,9,4,9,3
ATAGCCTAACTC_8,6,1,3,1,3,3,7,2,0,5
CACGCGCTCGGG_8,3,0,8,0,4,4,5,3,9,6
AGACATGCGGAA_8,5,0,8,3,7,0,3,1,0,2
GCCAAGTACCCG_8,9,4,5,1,5,4,6,4,5,5
ATACTCCAGACT_8,4,3,5,4,0,7,2,2,9,6
GATTCGCGTTAA_8,6,2,6,7,4,2,4,1,7,9
GCTGAGCTTTTT_8,5,7,5,6,3,3,6,4,9,1
GTCGTCGCCGTG_8,0,2,0,7,4,8,3,7,6,0
CTATCAGGTAAG_8,2,7,2,6,3,7,3,4,4,6
CGGTAGTGCGCC_8,3,2,3,3,1,5,3,8,5,4
ATCGCGTAGCGC_8,6,4,3,7,1,8,9,1,7,7
TGATGCTATGTC_8,4,3,1,8,6,4,0,6,8,4
AAGAGTCGCTGT_8,5,8,4,8,2,2,7,2,8,6
GAAGCGAGATCG_8,5,2,8,2,6,2,0,1,6,0
CGAGCCGAGACT_8,3,8,4,0,4,0,8,1,5,4
CGTCACTAATAA_8,8,7,8,0,1,8,3,4,9,4
ATATTGACCGAA_8,1,8,2,4,0,3,2,0,8,3
CGAGATGGTGAA_8,0,1,6,1,8,3,9,5,9,0
GTACTCCGCCTT_8,5,3,5,4,2,2,4,5,7,3
AATATCACGAGC_8,5,3,2,8,1,5,0,5,3,8
GGCCCTAGTGTG_8,3,8,4,1,7,9,6,4,8,5
CGGAAAGGATCG_8,6,0,8,2,8,1,0,7,7,8
AGAACGGGACAG_8,3,0,5,2,4,8,1,2,6,0
TTTTAGCAAGAG_8,2,8,4,9,0,0,8,5,8,8
GCCCGGGCTTTA_8,2,4,1,8,1,2,2,7,1,4
GGTTGCACCTTA_8,3,4,2,7,4,5,2,2,9,2
TAGGCGAGATTC_8,9,3,9,4,2,2,2,0,3,1
GTCGACGCCGAG_8,5,4,5,2,1,1,5,9,1,8
TCCATACGAACC_8,2,7,4,0,5,5,3,5,0,2
TCGCGAAACTAC_8,0,2,0,8,4,8,1,7,6,0
GTGCATCCATCG_8,8,6,7,7,8,7,0,9,5,1
GATTAAACCTTT_8,2,9,7,0,0,3,6,6,7,8
GCAGTCGTACAC_8,8,4,6,2,7,5,1,7,6,4
GGTAGTTGCGCC_8,3,7,7,7,9,3,1,1,2,4
ATATTCAGAGGG_8,3,9,7,8,1,5,6,0,9,5
CCGGAGCCACAT_8,7,4,3,8,6,8,6,8,0,3
TACCCCATACGC_8,6,9,9,5,9,9,8,5,4,1
TTAACTGAACCC_8,4,3,0,1,3,5,1,3,8,1
GAGCCATCCGAT_8,5,0,1,0,7,7,6,4,9,7
CTAGACAGTTAG_8,7,4,8,6,4,6,4,9,7,5
TGCAATGGGGCC_8,5,7,9,1,7,1,2,5,7,8
GAAGACTGTCAA_8,4,8,8,9,2,9,7,6,8,1
TTGGATTTAGTT_8,9,0,5,1,3,9,2,8,9,8
TGGGTGCTACTG_8,0,5,1,3,4,5,4,7,6,4
CGACTTCTTCCG_8,0,1,4,5,2,7,1,1,9,4
CTCCTGCGAGGC_8,0,4,0,2,1,5,3,8,5,0
GTACGATATTTA_8,7,2,7,7,8,2,1,1,1,1
ACAGGATATAAC_8,9,8,7,6,2,2,7,0,0,2
CGAGGGCGCATC_8,7,7,7,4,7,7,9,3,2,7
AAAGCTATGTTG_8,1,7,1,6,2,7,2,4,8,8
GTAGGGAGCGGC_8,9,3,3,8,2,6,3,1,0,8
CGTACTACCGCT_8,7,8,8,7,5,8,9,9,8,1
ATTGTGAGGCGT_8,8,9,0,0,8,4,5,4,3,2
TCCAATTGCTCA_8,7,3,3,2,6,7,2,9,7,5
TTAAGTGCGGGC_8,4,6,3,4,0,6,2,5,9,5
GTCATGAAACTG_8,9,9,8,9,8,9,8,4,8,7
CGAACCGTGAAT_8,4,8,9,5,2,4,6,5,8,1
ACGGCCGACAGA_8,7,3,8,8,7,8,5,5,6,8
GGGGACAGTGAC_8,4,6,9,9,0,4,8,4,0,8
GATAATTATCTG_8,3,9,6,7,2,6,1,4,5,4
ACCCGCGGCGAA_8,3,5,8,3,1,5,1,3,5,7
TACCTCGAGATA_8,0,5,6,7,8,1,1,7,7,0
CAACGGATTTGG_8,9,7,9,4,2,7,7,0,4,8
GATTAAACCTTC_8,6,3,2,9,0,8,0,8,3,6
TGTCTCTCATTC_8,3,3,5,8,5,4,5,3,6,5
TGAGCTAGCTCG_8,5,0,6,2,0,8,4,7,9,1
TATGACGCACAG_8,7,1,5,5,8,5,7,4,1,9
TCACTTCGAGCT_8,1,1,2,1,6,9,6,5,4,1
TTTGCGGGCCGG_8,6,4,6,7,4,6,4,1,6,3
AGCCCAATAGAA_8,7,7,2,1,0,0,8,9,9,6
CACGGATCCGGT_8,8,4,6,7,4,8,0,9,5,6
GGGTCCACCTTC_8,2,8,9,1,6,3,8,6,8,9
GCACTTCTGAAC_8,7,3,3,1,7,2,9,6,7,5
ACCTAAGATCCC_8,4,3,9,4,0,2,9,6,2,9
AGTTGCGGCGGA_8,2,5,0,8,5,2,2,3,9,6
TTCACGGCGGTG_8,2,6,4,2,6,3,9,9,0,1
TGTACGAACCGG_8,2,1,2,6,2,7,8,9,9,9
TATATAACTGAG_8,0,9,9,3,0,1,5,0,2,4
GCTTAGAGTCGA_8,5,3,5,2,4,0,7,6,0,5
AGCACGCGTTAG_8,5,5,7,3,3,9,9,7,5,8
AGATTGATCCAT_8,3,3,9,1,0,4,8,6,0,3
GCAACGTCCGTT_8,8,1,0,3,5,8,1,7,6,7
TCGCAACACTTG_8,9,8,9,4,8,3,2,6,4,6
ACAATCTTGCTA_8,7,4,1,0,3,6,3,9,2,7
GTAGATTGTAAC_8,8,3,5,4,3,1,0,4,1,9
ATCCGTGGTCAG_8,9,8,1,1,3,0,5,5,8,7
TGAAGACAGCGC_8,0,2,0,7,3,5,4,1,6,0
CGTACTACCGCG_8,7,5,6,7,9,8,4,9,7,6
GCTGTGCAACGC_8,7,2,0,2,4,7,4,5,6,7
GCCGCCGGGGAG_8,5,6,3,2,0,4,7,4,2,0
TGTTTGATCCAC_8,3,9,8,0,0,9,8,8,8,2
CGGCACCTGTAT_8,5,6,3,4,1,9,7,3,1,3
ACACCTTGATGA_8,3,5,6,7,1,5,1,1,5,0
CAAGTGGTTACG_8,3,7,3,2,2,7,8,7,0,4
ATATCTTCATAT_8,1,3,9,9,6,7,2,0,4,6
CATGCCTATGGA_8,5,2,5,3,1,2,5,2,5,0
CTTCAGCTACTT_8,8,2,6,7,5,8,0,8,5,7
ATCGACTTAACG_8,8,4,1,6,3,1,9,9,8,8
ACATTCTTTAAC_8,8,7,2,3,0,1,8,5,9,6
GTGGGTTCGTTC_8,7,0,1,3,3,9,4,5,0,1
TTGGCCTAAAGT_8,2,1,4,9,2,8,9,6,8,9
GCAAGCAACTGG_8,3,0,8,3,5,8,9,1,5,0
GTTCATCCGACC_8,4,8,7,5,2,1,2,9,8,6
TGGTATAACCAG_8,5,0,3,3,6,8,0,1,1,3
GCAAGACGTAGT_8,3,0,7,7,5,8,9,2,0,9
TCAGATGCTCAC_8,1,6,2,4,3,4,2,5,3,8
ATAGTCTCGGTG_8,1,1,9,5,0,7,4,1,7,1
TCTGCAGACACT_8,9,9,4,0,3,7,8,0,4,1
TTCGACGTGCCG_8,4,1,7,2,1,9,5,1,8,3
TCTGTCTCTGTT_8,5,1,0,5,7,2,6,3,1,5
GTCCATAAAGTT_8,9,1,5,3,2,8,3,3,0,6
GAAAACCTCGTG_8,3,2,5,9,7,9,3,8,5,4
GGGAAGAAGAGC_8,2,9,9,3,5,3,1,9,0,9
CACGTCCTGGGA_8,6,8,9,4,6,9,0,4,1,2
GTAACCGTCTTG_8,8,1,7,0,5,1,8,2,7,7
AGAGATTCCTGG_8,9,6,4,7,8,3,2,4,8,4
ATAAAATAGCGC_8,1,3,2,4,2,1,7,3,0,6
ACCTCGTGATGC_8,9,8,3,5,1,9,8,5,9,3
GCCCGACTCTAT_8,1,4,4,1,9,7,7,2,2,3
TTCCATCTAAGC_8,7,2,7,8,9,6,3,5,4,7
CCCTTGCTGTAA_8,1,9,9,8,9,0,2,2,3,1
TACAGTGCCTCA_8,3,1,1,7,0,8,0,4,2,3
TGGGATTGGCGC_8,5,5,4,2,5,5,3,7,5,0
CTGGCAGTGCTA_8,0,4,8,7,3,6,1,3,6,4
TACGAATCTGAC_8,7,2,0,3,5,9,1,3,6,7
CAAAACGTAGCC_8,4,6,2,0,1,1,6,0,9,9
TCTCCTACCGCT_8,0,1,0,2,7,4,1,1,6,5
GCTATCCTGCCC_8,4,6,3,5,7,0,7,9,4,5
TTATTCAGCCTG_8,7,1,6,7,1,5,1,4,2,4
AGTTAAGTGTGG_8,5,7,3,0,3,8,9,3,4,8
CCTAAAATGCTT_8,5,8,4,6,2,7,6,0,2,1
CTGGTGCCCCCC_8,1,3,3,4,8,7,8,4,8,1
TCGGCCGGGGCT_8,2,5,1,2,4,2,5,7,4,3
ATAGCATTAACA_8,4,9,1,8,8,9,2,4,8,8
TATGCAGAACGA_8,2,7,7,9,0,1,8,0,4,8
ATGGCACCTGGT_8,0,9,5,5,3,2,7,1,3,4
TTAGAAGCGGAT_8,7,1,4,9,8,6,6,6,8,5
GGGCCAACCTAA_8,2,1,7,1,2,2,0,5,9,6
AGGAAGACCAGG_8,8,2,4,5,9,9,9,7,7,4
TGACAGTACGCT_8,2,6,2,4,0,0,7,5,8,2
ATTAGACAGCGA_8,4,3,8,7,9,5,5,8,3,6
GCCGCCTGAAAT_8,2,4,4,0,8,6,2,5,8,0
ACCCACGAATCG_8,4,8,2,9,3,1,7,6,0,8
CAGTCCGAATTC_8,3,3,6,5,1,6,3,9,8,4
GCCACTATATAT_8,6,9,3,2,4,6,5,9,7,7
CGACCTATCAGC_8,9,3,1,8,1,9,3,9,5,6
AGGCTCAATGCC_8,2,1,3,5,5,8,0,7,7,3
TACCTCGAGATT_8,7,2,6,3,5,6,1,1,6,5
GTATGGTGTACA_8,7,3,6,0,0,3,0,3,8,4
GTTCATCCGACA_8,2,9,2,4,9,7,7,6,4,1
CCTATATACCAA_8,9,1,2,3,3,2,3,3,2,6
GATATATCACTA_8,6,8,8,5,0,1,9,2,8,7
TTAATGCATGTT_8,3,9,4,6,0,4,6,2,2,1
GAGCGCACCTAA_8,4,3,5,7,1,7,0,1,0,8
CCAGAGTCATCC_8,2,7,8,6,8,4,7,4,3,3
CGTACTACCGCC_8,8,9,6,5,7,9,9,5,4,0
AACGAATTACAC_8,0,0,6,7,9,8,5,1,7,4
GTAAATGATTTC_8,0,5,4,7,4,6,9,1,5,0
AACCATTTAGCC_8,6,0,6,8,9,6,9,3,2,0
GCTCTAATATTA_8,6,3,2,5,8,3,2,6,3,1
TCCATAGAGACG_8,3,4,0,7,4,5,5,8,5,4
ACACCTTGATGC_8,3,1,8,5,7,6,9,7,7,0
CTATTAAGCTCG_8,5,7,3,4,7,9,5,4,5,1
AGTCACGGACGC_8,2,1,8,3,5,9,5,3,1,9
AATTGGCTGCTC_8,6,4,8,3,8,4,3,8,6,7
TTTCGCTACTGA_8,9,1,1,7,0,6,6,3,4,7
GCTTCGTCTAAA_8,3,4,8,2,4,6,4,8,1,0
GTAGCTATTTGA_8,3,3,3,8,9,2,5,5,1,7
AAGGCGGTAAGC_8,0,0,1,7,8,1,2,9,1,8
GTATTGTGTTTG_8,0,4,5,8,8,6,1,2,2,5
GTTTGAATTTCT_8,4,6,8,0,0,3,7,5,0,0
TCTGTCCACACG_8,0,5,3,7,1,1,6,6,7,5
AGAAACTAAGTA_8,7,5,7,5,9,4,3,8,7,5
GTTCATCCGACT_8,2,6,2,9,8,7,6,6,3,1
GTCACGGCCTGT_8,6,1,7,6,6,4,6,3,0,8
ATTCCGGCACAG_8,9,6,1,1,3,1,7,5,1,8
ATGCAGGTACCA_8,9,8,4,6,3,7,6,6,0,1
TAGACGTGTGTG_8,0,2,0,2,7,8,1,8,6,5
TTAGACAAACGC_8,4,6,9,9,2,3,7,4,2,1
ACTTTGGTGTGA_8,0,5,1,0,4,8,0,1,5,4
TCCCGCGCCAGA_8,6,0,5,1,7,4,5,9,6,4
CCTAGGCCGTAG_8,0,5,0,1,5,4,0,7,9,9
GTGCAGTTGATT_8,1,6,6,2,5,2,1,2,4,5
AGCAATCTACTG_8,4,9,7,6,0,4,6,0,9,8
CTCCCAGTATAG_8,0,2,6,3,5,5,5,7,6,0
TGCCTCTCTAGG_8,7,7,7,3,3,1,2,4,1,8
CGGCTTGAAGTA_8,8,2,6,2,4,5,1,7,5,0
GCAAGCAACTGT_8,7,4,0,3,2,6,1,9,5,0
GTTTATTCAAGC_8,8,2,1,3,4,6,1,3,6,5
CGTCAGTTAGCC_8,7,6,4,4,0,7,7,2,8,9
AATACTAGCACT_8,0,7,1,7,4,5,6,1,6,0
GAATACACCTAC_8,5,6,4,6,1,1,7,5,0,8
GCATCCCGGTAA_8,7,5,4,7,1,6,6,4,5,0
GCTACCGCTGGC_8,5,4,0,1,1,8,9,9,8,7
CGGACACTAGGA_8,2,4,8,8,4,7,1,7,1,5
CGCGTGAGGTGT_8,6,3,3,3,6,1,9,4,4,8
CGGCTTGAAGTC_8,0,2,8,7,4,6,5,7,7,4
CGGGCCGCAGTG_8,9,0,8,8,5,8,3,9,9,7
CGATCGGATGCA_8,7,1,7,7,7,2,3,1,5,9
GATTCGCCTACT_8,2,7,8,0,3,5,5,4,2,3
ATATTATCTATT_8,8,9,4,2,6,5,6,1,7,4
TTGATTGGTCAA_8,2,9,2,9,7,0,7,4,4,7
TTGGAGTTATAG_8,2,8,3,3,8,9,5,6,4,1
TTCCTGATACAA_8,7,6,7,4,3,4,2,3,0,3
ACTATGCAGCTC_8,1,9,4,6,9,2,6,2,0,6
GCAGCCGTATAC_8,7,6,3,3,6,9,8,0,0,6
CTAATTTGTTGT_8,1,8,4,6,0,2,8,4,9,8
CGGCACCTGTAG_8,3,2,0,3,9,7,5,9,6,8
TTTACCTACGGA_8,1,1,7,8,8,6,8,5,1,4
TACAACTCGTAT_8,9,6,3,9,7,4,7,5,8,3
ACGCTCGTGTGC_8,7,2,0,1,5,5,5,1,1,5
CTAACCCCGAGG_8,9,8,2,8,9,8,8,1,2,3
AAAACTAGAAGA_8,1,4,3,8,8,1,3,2,0,5
CGAAGGCCTTGC_8,9,3,7,2,2,6,9,9,7,5
GTCAGGGTGGTA_8,2,9,8,1,8,2,0,2,3,4
GCCGCCTAATTG_8,8,0,1,1,8,5,4,1,7,3
AGTCCATCCAAA_8,6,6,4,8,7,1,7,4,8,7
CAAAATGTCGTT_8,8,5,2,0,3,3,7,5,9,3
ACACCTTGATGT_8,3,1,6,3,7,9,4,1,5,4
GGCGTCCTCTAC_8,5,2,3,1,7,8,9,3,5,2
GTGCATCTGGGG_8,9,6,5,4,2,1,6,5,1,1
CCTCGCGTTGCA_8,4,4,0,0,1,1,1,1,7,8
CGGCTTGAAGTT_8,8,4,6,7,4,5,3,8,6,4
CTGGCAGTACAA_8,0,2,0,1,1,6,3,7,6,4
GATACCGACCAA_8,0,0,1,7,5,4,9,7,1,0
GTACCTCACCGG_8,4,3,9,5,8,9,8,4,9,4
CGGCCGGCATAC_8,1,7,5,5,3,4,2,2,0,1
ATATCTGCCGTC_8,6,6,7,5,6,3,2,6,2,8
GATTAAACCTTA_8,2,7,5,5,8,9,6,9,9,2
GCCGAGATCGGT_8,6,0,1,3,5,2,1,7,5,0
GTTGCAAGATTC_8,0,5,7,0,9,6,0,8,5,5
CGCAGGCAGTGT_8,4,6,4,3,3,2,2,5,1,3
CGGAGTGCCTTT_8,0,1,0,2,1,8,1,4,5,6
