,0,1,2,3,4,5,6,7,8,9
TAAACGCCTTAT_8,6,4,8,5,6,5,9,3,4,1
GATACACTGAGG_8,8,0,4,3,0,9,7,3,2,7
CTCCACCGTGTC_8,8,8,4,9,3,9,9,9,9,6
GTTTCGCGAGCA_8,0,7,9,8,7,3,2,0,8,2
TGCCTATTCTGA_8,7,1,6,9,6,2,7,7,8,6
GGAATTACTTGT_8,9,4,7,0,2,2,9,2,6,0
AACAGGTCATTC_8,5,1,3,2,6,0,9,8,1,0
AATTTCAGCACG_8,4,2,0,4,1,2,9,1,5,1
CTTGCCGATATC_8,6,3,4,2,1,6,1,1,7,6
TGGAGCCGGCGG_8,1,3,4,7,0,0,2,9,4,7
GGTCCGACCCAG_8,8,4,2,7,6,1,5,1,9,4
CTAATAGTGGAC_8,3,6,2,1,3,0,4,7,0,9
TTTAAACACCCA_8,6,0,6,1,2,2,5,7,4,9
GACCACTAGTGC_8,4,2,8,3,7,2,2,5,8,0
AGGCCAATTTGT_8,6,2,9,8,8,4,2,5,2,2
TGTACTTACCTC_8,8,4,8,8,4,3,8,6,8,1
GATGCATACCGC_8,2,9,0,3,7,3,2,3,2,3
TTTGTCCGTGAA_8,4,4,3,1,6,0,2,0,0,8
GCCATATGCAAC_8,1,7,2,1,4,6,7,9,9,1
ATCGTGTTATCA_8,7,7,4,2,4,9,6,9,7,1
ATGGTGCACACT_8,5,6,6,5,8,0,4,2,6,9
CCCCTCTGCCCG_8,9,4,7,2,2,8,6,2,6,4
TAAGCGGGTAGT_8,5,1,6,6,3,2,0,3,1,0
TTTGCTTATCCG_8,2,9,0,8,7,1,2,5,2,1
TCTCAATTGCGT_8,0,8,6,5,2,4,3,1,0,9
GACACGTCAGTC_8,7,2,3,3,1,0,3,0,2,5
GCAATTCGAATA_8,3,1,0,7,3,2,3,7,2,5
AGCGAGATCCGC_8,7,1,0,3,3,4,2,0,4,6
GGCAAGGCGAAG_8,1,6,2,7,6,3,0,3,1,7
GCCATAAACGCA_8,5,5,6,7,9,8,2,0,1,4
TAACCCTTTCCT_8,7,3,7,0,2,6,9,8,1,9
GGAAATTTCCAG_8,7,1,0,3,8,9,4,0,1,7
ACTCGAGGTTCC_8,2,3,4,6,7,3,1,4,4,2
TCACTAAATTGA_8,0,3,5,3,6,6,0,8,9,6
GCCGGATTCTAC_8,6,6,3,2,2,2,9,6,4,6
CGACTGACTTCA_8,3,1,4,9,1,0,6,3,9,5
AAGACGGATGCG_8,4,6,8,7,7,8,1,3,5,8
GCGTGTAGAGAT_8,8,9,0,1,4,2,0,4,7,8
AACCCCCGACTT_8,6,8,3,0,2,8,9,1,1,9
AGTAGCGAGGTG_8,2,9,8,5,7,5,3,5,9,3
TATCAGAACTAA_8,7,4,3,2,3,5,9,7,0,5
ATAGGAATTAAG_8,3,1,5,5,3,5,3,0,9,5
GTCCTGACATCG_8,1,2,4,4,0,1,2,4,6,1
AGCGTCGGGTAC_8,4,0,9,2,3,6,9,1,5,6
CCCACATTCGAG_8,6,7,0,2,4,3,8,5,7,7
TTCCGGACCTGC_8,5,2,4,1,6,0,3,7,6,8
CCGGCCTCCCGG_8,6,3,8,3,0,8,3,4,0,6
GAAAACCATAAG_8,0,9,9,4,1,6,3,0,0,5
GTCAACCTGGGA_8,1,1,6,0,2,3,7,2,1,0
AACTCAAGTCCT_8,5,2,6,1,1,0,6,2,9,4
AGCCGCTCGTCG_8,2,9,5,3,4,9,3,3,6,1
GCACTTACATTA_8,7,3,1,2,9,7,6,6,6,0
AGTCTGGTGAAG_8,4,1,0,4,0,4,1,1,2,5
GACTCCCATAGA_8,5,2,6,7,2,0,6,7,6,2
GGAAGGCCCTTC_8,7,9,0,4,5,1,7,5,8,3
TCAGACGGAAGG_8,2,9,2,4,7,5,8,4,0,3
ACAGGACGCCTG_8,6,9,8,0,8,5,8,2,4,2
CGCACATGGATA_8,0,9,3,4,7,5,1,5,2,7
GTCATTCAACTA_8,0,8,7,7,0,3,0,6,0,1
GCCGATACTATG_8,6,9,4,1,1,7,3,2,9,0
ACTCTAACCGCC_8,3,1,6,2,3,0,5,7,5,0
CGCCCGCATCCC_8,8,2,2,2,0,4,8,0,7,5
CGTCATTGCACG_8,3,1,7,4,0,6,7,4,6,9
AGAGACTATCTA_8,9,4,7,0,6,0,9,8,9,4
TTCCAGTACGTA_8,5,4,3,5,0,6,5,6,0,8
AAGCCTACCGTA_8,0,7,8,4,7,1,2,8,8,3
CCGACCTCTTTG_8,3,5,2,2,8,0,0,8,9,4
GGCGCTTCGGCA_8,9,2,8,2,0,0,0,5,8,2
GCAATTCATCGG_8,9,6,2,3,3,5,9,3,1,4
ACATTGTACGAG_8,7,5,6,6,9,2,5,1,9,4
ACGCGGCCCCAG_8,2,2,1,4,1,6,1,3,8,5
ATAAATGTCGGT_8,3,6,6,5,9,0,0,1,3,9
CATCGTCGCTCT_8,5,5,6,7,3,4,3,1,4,3
ACGGGTTGGTAA_8,1,5,2,4,8,1,6,3,7,2
ATAGTTTCGTGA_8,3,5,2,7,3,7,9,2,1,9
GAGACGTGGACA_8,0,5,0,2,9,6,3,7,4,5
TACTAGCATACT_8,6,3,2,0,6,8,6,7,6,0
ACGCAAATTCTT_8,9,6,5,1,8,8,5,0,6,0
GCAGAACGAATC_8,4,7,9,9,8,2,5,1,2,7
GCCTAAACGTCG_8,9,4,5,1,3,4,0,2,6,8
GGAATGCGCATC_8,4,9,4,9,7,5,8,5,0,1
CCACCATCACGG_8,3,5,4,3,1,7,5,3,6,8
CCATGGTTATCT_8,0,7,1,0,0,9,9,2,4,5
ATCCACGGAGGC_8,7,3,3,2,9,4,3,9,5,0
TGCCTGTCGCCG_8,7,3,7,7,3,8,3,8,1,6
AGCCCATAGGTC_8,0,5,0,5,3,5,4,9,6,2
AGCCAACACCAT_8,9,3,2,0,6,0,9,3,9,9
TGATGGGTCGCA_8,7,2,5,2,4,3,7,0,1,7
AGCGCCGGGCTC_8,3,3,4,5,0,3,9,7,5,2
CTATGGGATACG_8,3,4,7,6,9,7,4,6,5,9
GCGGCCCCTATC_8,3,1,0,0,0,6,7,2,7,2
CGCAAGTCTCAT_8,6,0,2,3,9,6,0,6,6,5
GCCATGGTACCT_8,3,6,6,9,5,2,4,7,7,4
AGGTCAACCCGA_8,4,0,9,4,7,1,8,5,4,7
CTTAGTATTCAG_8,0,7,8,7,4,6,0,9,8,1
CCGGGCGTTTGA_8,9,0,5,0,2,6,6,8,6,4
TTCATGTAAGGG_8,3,0,3,5,6,4,5,6,1,9
AGGACGTTTCGA_8,8,7,3,2,5,7,2,5,4,9
ACGACAGATTCG_8,6,3,5,8,5,0,6,4,7,0
ATTTCCTGGCGC_8,4,9,0,8,7,2,2,3,5,1
GTTGAAGTAGCT_8,9,3,7,6,2,6,5,3,1,4
CGGCACCCTAGA_8,0,5,6,7,6,5,0,0,3,3
TTGACAGGCTGG_8,2,2,0,8,4,1,2,5,2,5
GAAGAGGACATA_8,7,4,1,7,1,0,0,7,1,9
CACATGCCTCCT_8,7,3,9,7,3,4,7,0,9,4
GCCCGGCAGCGC_8,8,5,4,2,0,9,8,4,2,3
AACGGCAGAAGC_8,7,1,6,1,2,4,5,3,1,4
ATCCTAGGCCTG_8,9,1,1,1,6,1,5,7,6,9
GAGCGCCTTCAT_8,4,7,9,1,4,9,2,9,8,1
CTATTCCTTGTG_8,9,1,4,0,5,3,8,9,5,1
TGCCACGTGCAG_8,1,7,8,3,4,6,7,6,3,1
AGTCTTCTTGGC_8,1,2,0,3,6,7,3,0,2,3
GATGACGCTTGG_8,8,9,6,5,6,4,9,0,8,8
ACACCCTTAAGT_8,8,7,3,3,9,0,5,6,6,7
TGCTCATCTCTC_8,6,1,3,0,1,0,6,4,6,8
AAAGCACTTGGT_8,9,3,6,3,2,5,0,8,1,4
TCGCCACTCCTT_8,8,3,9,9,5,5,3,0,3,9
GGTCGTATAGGT_8,9,5,5,0,3,8,4,3,1,4
CAACAAGATGCC_8,7,4,2,4,6,1,2,4,2,1
GTGCCTGAACTG_8,5,5,7,7,1,4,6,7,1,8
ACAAAGTGATCG_8,1,9,4,4,4,4,9,4,0,7
TAATGCACGGAG_8,3,5,1,1,9,0,5,0,1,5
TAGCGCTCCGAG_8,7,7,6,1,4,9,3,7,9,9
GATCGTACCATG_8,5,5,1,7,8,4,5,7,9,0
TGTCATGGCGAG_8,2,2,8,8,4,4,2,5,2,7
CGTAGATGGATA_8,4,0,0,8,1,5,8,1,8,7
ATTGATTAGCAC_8,7,2,2,7,9,2,7,9,2,1
AAGGGAGTGATT_8,1,1,3,3,1,3,7,4,6,2
CTGCGCCCGGTG_8,4,7,2,3,7,6,8,4,2,2
TCCCCCTTCGCA_8,1,6,9,8,4,3,2,0,5,5
CGCTCACGGTCT_8,6,2,5,0,3,8,9,9,8,6
AAGAATGATTTC_8,7,5,5,7,1,7,5,7,5,0
TCACCGGCCTAA_8,6,8,3,9,5,8,4,7,4,7
ACGTAATCCTCT_8,9,1,5,0,3,0,6,7,9,4
CATCTAATACGT_8,7,0,4,5,5,8,5,7,8,7
TCATCTCATAGA_8,7,1,3,5,8,0,4,0,9,4
CGTGTCTCTATG_8,9,6,3,0,3,4,1,6,9,6
TCTACCGGAACT_8,7,8,5,6,0,7,9,8,9,4
GTGCGCCTATCA_8,0,7,5,9,8,6,9,0,7,0
GTCCGGTAACAT_8,3,0,7,1,8,0,0,8,0,0
GGTACTGTCCGG_8,7,1,3,9,4,0,3,1,2,7
GCAGTCATACTG_8,8,7,3,1,5,1,6,1,8,5
ACGTTAGAGTGA_8,3,5,7,9,2,2,0,0,6,9
GACCACCGGAGA_8,6,4,8,9,5,3,1,7,4,3
TGCCGGTAGCGC_8,2,7,4,8,7,1,8,5,2,7
TGCGATAGTAAC_8,5,6,4,6,3,9,0,8,1,6
GTTAGGGTTACA_8,5,6,1,9,2,7,9,3,1,9
CTTACCTAAAGA_8,3,2,6,3,1,8,4,9,3,4
CACGCCGCCCAT_8,1,7,3,3,9,3,6,4,6,6
CATAATCTTCTT_8,3,6,9,0,3,8,4,8,4,9
GCGGATACAGGT_8,5,3,6,1,6,0,5,0,9,8
TCCCTAGCCCCA_8,3,1,6,9,5,3,9,3,7,0
TAGTCAATCGGT_8,5,4,2,5,8,5,3,1,6,9
CACCTATGTTCT_8,6,7,5,6,1,0,6,6,8,8
GCCTAGACCGAG_8,2,1,0,3,7,3,8,9,8,5
TCCTGTGATCAC_8,1,9,3,5,1,2,2,2,8,1
CACCGATGGACG_8,9,1,1,5,1,5,1,0,1,5
TTAGGCATGCTG_8,2,1,4,5,8,6,2,4,4,5
ATCCCAAGCCAC_8,8,3,9,5,6,6,0,3,7,3
CTCCATTGGCAC_8,0,7,7,5,0,1,3,4,2,3
CGCTGCGATGAG_8,4,1,6,6,6,8,2,3,5,3
CATGACCCCGAA_8,7,6,2,5,0,0,0,9,4,5
ATGGAGTGGGTT_8,9,5,7,6,3,6,3,9,7,9
TGTTCCTTGCAT_8,0,3,0,2,5,2,1,7,2,1
GAATAGAATTCT_8,9,4,3,7,9,0,3,0,7,6
TGTATGACCGAG_8,5,4,6,7,5,6,7,6,5,8
CTTGAGCCTTGT_8,5,3,1,6,5,6,0,0,4,9
CCCGGGTATTTT_8,1,6,4,0,7,3,8,3,7,8
TATGGCCAATCC_8,6,2,7,0,2,7,5,1,9,6
TCCGAGGCTTGG_8,4,9,0,4,7,5,8,5,2,0
CTTCGAGCCACC_8,7,2,1,9,6,6,6,8,6,7
TGCCCCTCAAGT_8,0,0,1,1,8,7,4,3,4,6
TCACTCGTTCGT_8,1,6,3,6,3,7,9,0,1,6
CGCTTTGTCCGC_8,0,5,3,6,5,7,6,9,7,3
ACAAAATTTCCG_8,6,4,1,5,8,4,0,6,8,0
CCAGTACTACGG_8,3,4,5,7,3,5,9,2,3,9
CACGAGGAAGCG_8,3,2,6,0,9,6,6,7,1,0
TAGACATGGCAG_8,9,3,7,1,2,2,9,8,1,4
TACCCGGGACGC_8,1,3,6,3,3,2,1,6,8,7
CGTCACTAATAT_8,6,8,9,4,1,4,9,1,5,4
TAGGGAAAGCAG_8,4,2,4,3,5,5,8,1,3,6
TTTCGCAAGCTA_8,5,3,9,7,6,6,9,0,3,0
CACGCGCGCCCA_8,1,7,9,0,1,3,2,4,5,7
TCTCTTGTGGAC_8,0,4,8,1,1,4,0,0,5,1
GTGAATTTCATC_8,5,3,2,5,5,5,5,3,3,0
GGACAACAGCAA_8,5,6,3,9,2,5,0,7,9,8
CGCCCCTCTATG_8,9,1,7,0,2,0,5,7,7,9
TTTCCCTGCTAT_8,2,3,5,3,5,5,0,4,6,3
CATAACCCATTC_8,3,1,5,0,3,8,4,8,1,0
CATTGGGTAACA_8,3,0,2,7,6,5,7,2,9,4
GCGGGACGGTTC_8,0,0,6,6,9,5,5,6,5,5
CCAGATATCCTC_8,5,8,6,6,5,8,4,7,9,4
CCTCTCCGGTAA_8,5,4,0,3,5,2,7,4,7,8
TTAAGTCATTCA_8,3,3,5,7,2,4,6,1,8,4
ACCTGCCATGCT_8,7,9,3,1,3,1,4,5,4,5
TCGTGACCTCGC_8,1,4,3,5,8,8,5,6,6,9
ATTCCACCGTAC_8,0,1,6,2,5,0,0,3,1,0
GCCGAGCCTGAT_8,3,4,5,0,3,0,5,7,4,9
CGTCCGGCGATC_8,2,2,8,3,7,4,8,5,2,5
CGGAGGCATCGC_8,5,6,4,5,9,7,3,7,8,0
CCCACGCTGGAG_8,4,9,8,8,4,5,8,0,2,1
TATGTCATAATT_8,2,9,1,0,0,3,8,6,0,4
TCACGGCGATAC_8,4,7,0,1,4,6,8,9,8,2
GATTGGAAGTTC_8,0,2,1,4,5,7,9,2,7,3
CTGTATGTCGCT_8,4,0,0,3,4,1,8,0,8,1
CGACCCATGTAG_8,5,8,7,2,6,3,7,7,9,8
GGCCAGCTCGAT_8,8,0,5,1,0,7,6,6,0,9
TCTTTGAATCCC_8,6,7,0,1,4,4,1,9,0,2
AATGGTAACCTA_8,3,0,5,7,5,5,7,7,4,0
TACCTCGAGATG_8,0,9,2,1,9,4,7,4,0,1
GCAGTCCTGCTT_8,4,2,9,8,7,4,2,9,7,4
CTATGCGCTTGA_8,1,9,7,3,1,3,8,4,2,3
ACCAAGAGTATG_8,7,8,7,9,3,3,9,7,3,4
CCCGAAAAGGCA_8,0,1,6,0,0,5,7,0,0,6
TTCTGATAGGGA_8,6,6,9,2,5,2,6,6,8,8
GCCCGGGCTTTG_8,1,7,7,1,0,1,7,4,9,7
ACCACCTCTAAC_8,4,9,9,8,0,1,7,9,5,8
ATTCCCTGGGAT_8,4,6,0,8,6,2,5,3,4,2
GCGTTTGCGAGA_8,4,7,0,3,4,5,1,9,2,2
CCCACGCTGGAT_8,8,9,0,3,7,1,2,5,8,2
GCCGGGACGCAA_8,7,7,8,2,4,1,7,3,8,1
CCTATTGCGCCT_8,8,2,4,7,8,4,8,8,4,2
TTAACAGCAGTC_8,3,8,3,5,2,2,6,8,7,9
TCGAGTTCTTAT_8,3,6,3,6,9,7,6,8,1,4
CCATCATTCTTG_8,5,8,7,0,2,7,5,0,1,4
AGTAGATGACGT_8,1,2,2,9,5,6,6,2,4,1
ATGACGTTCGTA_8,2,9,0,4,7,4,8,4,8,3
CACCACTAAGGT_8,1,2,2,4,2,0,4,0,5,9
CGCCTTAAAGCC_8,8,0,9,0,6,5,3,1,7,3
ACTACCGGGTAG_8,4,7,1,5,4,0,2,4,2,7
GACCGGTCTTTT_8,1,5,2,3,3,2,7,1,1,6
CACGGAGTACGG_8,3,6,2,7,0,7,9,9,7,5
GACACAGATGTC_8,1,3,5,3,0,6,3,7,0,7
CAGAGTCTGGGT_8,9,3,1,9,5,1,7,9,8,1
AGAGAGCGACCG_8,5,2,0,6,0,6,2,0,5,5
GTAACGTGAGGC_8,6,3,5,3,3,3,7,0,4,3
TCCCGACAGATA_8,3,6,2,6,9,3,5,6,4,2
GGGCATCTGTGA_8,8,2,5,4,3,9,4,0,9,9
CCCATATCTGAG_8,6,6,5,7,9,7,1,4,6,0
ACACCTTGATGG_8,4,0,0,1,9,7,0,1,0,9
GGCGTGTGTTTT_8,7,2,6,6,2,4,9,7,4,9
AGTGCCAGCGCC_8,7,1,4,0,5,2,2,8,5,6
CCCGGGCCGTTT_8,0,5,5,1,2,0,3,7,6,5
TGTCCTTCGTGC_8,7,9,0,9,3,9,0,5,0,1
TAGAACTCGAGC_8,0,8,6,9,3,0,5,7,9,0
AGACCCGCGTAA_8,2,9,8,4,1,5,3,1,5,1
TGCACGTTCCAA_8,1,3,9,4,9,7,7,4,5,1
AACTAAGGTGAC_8,6,5,6,2,3,0,4,7,8,6
GTCAGCCCCGGA_8,0,7,0,3,9,1,5,7,3,2
AACTAAGGTGAA_8,5,4,9,5,3,8,5,6,6,9
AAAGCTGGGGAC_8,9,8,7,6,2,0,7,8,7,4
CAGCCACTACCT_8,5,1,3,5,6,6,3,7,7,9
ATTCGTATCTTG_8,7,4,3,2,4,8,2,7,5,2
GCTACTGCCCAT_8,7,6,7,9,2,0,9,8,6,0
TTGCAGTAGGTA_8,0,0,1,7,1,0,5,3,1,6
CCTAACCGGGCC_8,9,4,6,1,9,5,6,3,7,2
GTAGGACGTGCA_8,8,7,8,3,1,4,4,9,4,6
TCAGTGCAGCGA_8,8,0,0,9,5,1,7,9,4,2
TGCGTCCTTCGG_8,0,4,4,6,1,0,6,3,4,3
CGCTCAAGGAAG_8,3,4,6,7,2,0,0,6,1,0
TCCGCCCAGCAG_8,1,5,6,6,3,0,3,2,1,0
GATGGACACCCG_8,4,8,0,7,2,1,2,9,5,8
ATCACGCCCATA_8,8,7,0,9,4,3,2,9,8,1
TCAACTCAGGAC_8,1,0,3,5,8,7,4,3,4,0
CGCCACAGCTGT_8,1,0,0,9,8,8,0,9,7,5
AAGGTGATCAGG_8,7,6,3,8,2,5,6,2,5,9
GAGACGTGGGAG_8,0,7,4,9,5,6,2,9,6,7
CCGCCAGGACCG_8,0,6,7,3,1,4,2,8,1,9
TAATCCGGCGCG_8,0,2,4,8,4,1,8,5,8,1
CGGATCCTCCCA_8,1,2,8,8,5,5,8,9,8,2
CGCATATGCCAA_8,8,3,9,7,1,6,0,9,3,5
GTCGTTCGCGCG_8,8,2,4,6,4,1,0,6,3,7
CCCACGCTGGAC_8,0,9,0,8,7,1,2,5,6,1
AGCGTCACGAAG_8,6,9,3,6,8,6,1,7,4,7
TGAGCCCGGTCG_8,8,4,8,9,0,3,6,9,0,8
CAGATTTCTCGA_8,6,9,4,8,8,4,1,3,2,8
CGATTCTCGCTT_8,1,5,6,7,8,6,9,8,9,7
CCAAAGTTCCAC_8,3,3,2,1,6,2,2,4,6,9
GCCCATGACGTA_8,5,8,1,6,3,8,4,8,1,8
GAAAAGATCTCA_8,5,8,5,5,2,0,9,8,3,4
CCGCTGTTACCC_8,5,9,1,6,8,4,4,7,6,6
CGGCTTGAAGTG_8,2,7,0,4,7,4,7,3,4,7
AACTAAGGTGAT_8,9,5,3,7,1,5,2,7,0,8
CCCCGGCCCCAT_8,0,7,0,2,3,1,7,1,4,1
TTTATTACAGGC_8,5,4,3,7,8,0,7,7,6,0
CTAGAGCCTGGG_8,9,8,6,5,3,5,0,3,6,4
TGTCTGTAGTTG_8,2,9,0,8,4,5,8,5,8,1
GGACGCACTGTC_8,8,9,0,9,5,5,1,7,8,1
GGCAGGGTATGG_8,4,0,4,2,8,1,0,4,7,1
TACTCCGTCGAG_8,5,4,3,2,0,6,5,2,8,5
CGTCACTAATAG_8,3,1,6,2,6,8,7,0,7,6
GAAGACTGTCAT_8,3,4,1,1,6,8,5,1,1,9
CTGTCCCAGCTG_8,7,2,7,6,8,8,9,7,1,5
TTCGCCTTCGCG_8,4,9,4,3,0,1,8,5,5,3
CGATTGTTCACT_8,3,2,6,1,0,3,0,3,9,3
CAGACTAAGTCT_8,8,5,0,3,0,7,1,3,8,6
TCTCGTCACGAT_8,7,8,6,7,8,5,8,2,4,8
CTACCGCATCGA_8,6,3,8,5,1,5,9,0,6,4
CATGATAAGAGG_8,3,0,9,8,9,7,7,2,9,4
TCCCGCGCCAGG_8,3,9,3,4,5,5,5,4,9,5
GAAGTGGATAAA_8,5,4,6,1,8,3,5,3,4,7
CAGAACTAACAC_8,5,1,7,6,3,6,2,3,9,0
AGCGGTTCTTTA_8,8,7,8,8,4,1,8,5,8,1
CCGGCATTCCAT_8,9,8,3,1,2,5,7,7,6,6
GGCGCCCTAGAC_8,6,7,6,7,8,9,2,0,6,5
AACCCATCGCGC_8,1,2,4,9,8,3,8,0,7,3
CCCACGCTGGAA_8,2,2,8,4,7,1,2,5,8,1
AGTAGGGTTGCC_8,3,3,3,0,5,7,0,1,4,6
GCCCGGGCTTTC_8,6,9,4,0,0,1,1,6,8,8
CATGGCTACGGA_8,2,9,2,2,4,5,6,1,4,1
GAGTCGAGGCGA_8,1,3,9,5,4,9,2,6,7,2
GACTCGATCTCT_8,9,4,2,5,0,8,4,1,4,5
CCTATGCACTGC_8,1,9,8,8,0,6,1,9,6,1
AGTCGCCAGTTG_8,4,1,3,3,1,6,0,8,8,3
TTATTCTGAGTT_8,7,6,9,0,5,2,3,1,1,4
CACACGTATCGC_8,8,6,0,3,5,5,1,9,5,7
GTAAAGGGCAAA_8,8,2,5,4,7,1,8,3,3,1
AAAAGAGTGACT_8,5,1,5,9,4,5,1,0,4,5
TCCATGCAGCAG_8,5,9,7,0,2,8,3,3,5,4
GGAGCTGTACAG_8,1,7,2,3,4,1,2,4,2,6
GAAGACTGTCAG_8,3,8,6,5,6,4,9,7,1,0
TAGTCCTATGGC_8,0,7,0,8,0,1,3,5,3,2
AACGAAGAACAC_8,5,4,2,7,6,0,7,3,3,0
CGTCACTAATAC_8,1,1,4,7,0,0,5,2,9,2
CAGATTGAATCG_8,7,8,2,0,9,9,3,6,9,9
GCCCGCCGCTGG_8,2,9,2,2,4,1,8,9,2,1
GACGGTCCTATT_8,5,8,7,5,2,2,4,8,3,4
GCACGGTAAGAG_8,8,9,9,3,7,9,7,1,8,1
TCACCCCAGTAC_8,5,1,9,3,3,5,9,1,4,5
GTAAATGCATCT_8,8,0,4,4,0,7,7,2,0,0
TTTGGCTCTCTT_8,5,6,6,6,2,6,5,7,9,9
GGTCCAGTCCGT_8,1,3,7,5,2,4,9,9,2,7
GTGGTCACGCCC_8,5,4,0,0,0,6,4,1,9,4
CGTAGGCGGATT_8,6,6,5,3,7,2,8,5,0,6
CACGCATACTTA_8,3,1,1,0,6,6,7,0,9,0
ACCCAGGCGTCC_8,7,4,6,5,2,4,1,0,5,9
GCTCGTCGCTGA_8,0,9,3,3,6,1,7,2,0,2
TCCCAATCGCCA_8,5,7,5,2,1,0,4,1,1,8
AACCACTCCCGA_8,6,7,6,5,3,6,2,6,5,6
CGGTCTTAATCA_8,9,4,5,0,3,0,9,3,0,4
TAATCCTATTTT_8,8,0,8,9,1,4,9,6,7,3
GATTAAACCTTG_8,9,6,6,9,3,3,3,8,1,2
CCGCGGCGCGAC_8,7,7,0,1,4,3,2,9,9,3
CAGTTCAATGGA_8,6,1,4,4,7,7,1,4,4,6
GACTGCGGATAC_8,2,9,0,8,7,5,2,5,2,3
GCACAAGCCAGA_8,5,4,1,1,1,2,5,6,0,9
ACGGAAATGGCG_8,7,1,8,6,3,6,4,7,4,7
GAAGACTGTCAC_8,5,3,5,1,3,8,5,7,9,0
GTACTGTGACCG_8,9,5,6,1,2,9,7,3,1,4
GTCAATGAATAT_8,7,9,3,1,0,3,7,1,4,1
CATCGCCCAGCA_8,9,9,3,7,4,7,0,5,4,6
TGGCCTGCCTTC_8,4,1,4,3,4,7,3,4,2,2
GAACATCCCCCA_8,3,3,1,7,6,0,2,3,1,8
ACAACTGGCCAC_8,0,8,6,1,9,7,6,3,5,2
CCTATTACGGAT_8,0,2,4,9,4,5,2,2,5,7
ATCACGAGGTCT_8,5,8,3,6,2,2,9,1,1,0
ATTCCGGCGGTT_8,1,7,4,6,7,2,0,8,7,8
CCTGCAGTACCC_8,1,2,9,5,9,6,7,9,8,5
CTGTTCTCGATG_8,5,8,7,9,9,2,9,8,5,8
TCGCTGACAGCT_8,6,6,7,7,3,9,7,0,4,5
TTATCCATCCTT_8,7,8,7,5,6,0,6,1,1,0
TACATAGGAAGA_8,0,7,4,9,3,9,1,7,4,0
GGTTAACGGGTC_8,3,5,9,5,2,7,6,7,9,9
TCACGGTTAATT_8,5,8,5,6,2,2,5,7,9,4
TATATTGAGACG_8,6,4,8,1,1,7,2,2,2,2
GTGCAACCCGCG_8,1,7,4,2,7,8,2,9,0,5
GCCTCGCGATTC_8,6,1,7,5,9,0,9,1,9,8
CATACGATGACT_8,7,0,2,2,1,4,7,9,5,5
ATTGACAGATGC_8,2,7,2,2,4,3,8,5,2,2
CGTGTCCCCTTC_8,5,8,7,6,8,6,5,7,5,2
AAGAGGCTGGCT_8,4,2,1,2,7,1,8,4,2,2
GCCCGGGCTTTT_8,6,6,0,6,2,2,8,9,7,1
AATCAGATTTCC_8,7,1,0,6,6,8,3,0,4,4
ACAAATCTTGTT_8,7,3,3,0,2,8,4,3,7,4
ATAGCTCGCTAC_8,1,8,6,9,2,6,9,7,4,0
TACAAGCTGAGT_8,7,8,5,2,4,6,1,2,4,9
TAACATCCTATG_8,9,1,1,3,9,0,6,2,7,0
CGGGTACCACTT_8,6,4,6,4,8,5,1,3,3,1
AAGCCGTTCCTT_8,9,1,5,2,0,0,9,2,6,8
TACCTAAGGCGA_8,5,9,5,2,9,2,9,2,4,8
CCGGTCCATCCG_8,4,9,2,8,7,1,8,5,6,5
GATAGCCCTGGA_8,6,7,2,3,1,9,2,4,5,1
TTGACCAATCCA_8,6,8,9,6,8,4,0,0,6,8
TTGAGAGTGATC_8,8,1,6,2,8,9,8,1,1,4
TGCCGTGACATT_8,5,2,5,2,3,0,5,1,9,9
CAAGTGGGACCG_8,3,6,7,0,0,2,0,1,1,8
GCACCTTGGTAT_8,3,4,4,5,3,2,9,8,1,0
GAAAACGGCCTT_8,1,4,4,1,3,9,9,7,1,9
GACCATTCTGCA_8,1,0,6,3,9,4,8,9,4,2
ATCAATGATGCA_8,3,8,6,7,2,7,5,6,5,9
GATACTTTGTAA_8,6,8,9,5,5,7,3,8,4,9
GTCCGGGATGGT_8,0,8,1,0,8,8,4,8,4,0
CTGGCTTGGGCA_8,7,2,0,3,6,1,0,4,4,6
AACAATGTCCCT_8,9,6,5,6,6,8,9,3,4,8
TCATAACACCTC_8,0,1,2,3,7,1,7,9,0,1
GACACTAAGGCT_8,3,2,1,2,9,0,6,2,1,6
AACGAATTACAT_8,1,2,0,5,4,5,2,2,0,7
CACCTCGCCTCC_8,6,6,3,9,3,8,4,8,6,8
CACGCCTGTACT_8,8,2,9,2,8,4,3,1,6,7
ACGCGGTGCTAC_8,1,1,4,2,7,1,8,5,2,3
AAGAAGATAGCG_8,5,5,1,9,5,2,8,8,7,5
ATGGCCACGTAT_8,0,0,6,5,0,5,7,8,7,8
GTTCATCCGACG_8,6,8,7,5,8,8,4,7,0,0
TGTACAGATAAT_8,6,8,4,0,3,4,0,6,1,9
TCCGACAAGTAT_8,6,6,4,0,2,0,7,6,9,0
TGTTCCCCGTCC_8,3,2,3,0,6,8,6,3,8,4
AATCCCATTTGA_8,3,8,6,0,8,4,4,1,3,4
TTACATCGTTAC_8,0,0,9,3,0,7,5,9,1,9
GTGCGTAAAATG_8,8,1,5,8,5,4,2,0,6,5
TTGGCACACCAG_8,3,0,7,6,2,8,3,3,7,0
ATAAGTTTGGCT_8,5,4,9,3,9,7,9,2,8,9
ACCTGTTAGATG_8,9,4,3,5,8,7,7,0,3,4
TACCTCGAGATC_8,7,2,3,2,9,9,5,0,7,3
CACCATGCATCA_8,3,7,7,6,3,8,4,8,4,8
GAACGGAATCGA_8,8,2,3,6,9,4,7,2,4,0
GCTTACGCCGCC_8,0,5,2,8,9,9,7,4,9,1
GTAGTTCGCTGG_8,8,4,2,9,9,5,6,3,8,6
ATACAAACTGGT_8,5,3,6,6,6,8,4,7,6,7
CGTGTTCCTAAT_8,8,1,9,3,8,4,1,5,8,2
AAGCCCGTCAAT_8,7,6,8,1,9,2,3,2,7,3
GCTTCACTATTT_8,6,3,9,5,8,1,9,2,1,0
GCAATGCCAAAT_8,8,6,0,1,0,5,1,8,6,0
CATATTCGTAGT_8,6,0,5,0,5,3,0,7,7,0
GTCAGGCCAAGT_8,3,8,5,0,8,8,6,1,4,6
GACTCTACCATA_8,8,5,4,3,0,5,7,3,9,9
AACGAATTACAG_8,1,2,9,2,7,1,1,4,8,1
CCCGGTAGTGCT_8,7,4,6,8,9,5,9,7,2,8
ACTGTATTTTGG_8,3,3,5,6,9,9,6,7,1,9
TTCCTAGCTGAA_8,3,4,2,7,8,5,0,6,9,5
AAAGGTGTTCAA_8,7,7,6,9,2,9,6,2,7,4
GTGGCGCGCGCA_8,1,6,2,8,0,5,1,9,6,2
ATAGCCTAACTC_8,0,8,9,6,9,2,3,8,9,5
CACGCGCTCGGG_8,9,1,0,7,5,6,4,4,3,2
AGACATGCGGAA_8,4,1,2,4,5,1,6,6,7,4
GCCAAGTACCCG_8,7,2,4,8,5,4,8,5,6,9
ATACTCCAGACT_8,3,8,6,1,8,2,6,6,1,8
GATTCGCGTTAA_8,0,0,2,4,1,3,7,1,2,7
GCTGAGCTTTTT_8,1,5,6,7,1,2,9,3,1,9
GTCGTCGCCGTG_8,2,9,8,8,7,6,2,5,8,1
CTATCAGGTAAG_8,7,0,6,1,6,4,9,2,4,8
CGGTAGTGCGCC_8,2,2,4,8,7,9,8,3,2,1
ATCGCGTAGCGC_8,1,7,0,1,4,1,8,4,9,8
TGATGCTATGTC_8,4,0,7,8,3,2,1,9,7,8
AAGAGTCGCTGT_8,3,8,2,0,0,6,4,6,6,8
GAAGCGAGATCG_8,2,2,8,8,7,3,1,5,4,1
CGAGCCGAGACT_8,3,2,6,0,5,7,0,6,3,6
CGTCACTAATAA_8,8,8,1,2,6,8,9,1,8,6
ATATTGACCGAA_8,9,4,1,0,0,8,4,0,0,0
CGAGATGGTGAA_8,5,5,3,6,0,7,5,1,3,6
GTACTCCGCCTT_8,7,5,6,9,4,9,1,2,5,4
AATATCACGAGC_8,6,4,6,5,3,0,1,3,9,6
GGCCCTAGTGTG_8,7,8,2,5,5,0,6,7,5,8
CGGAAAGGATCG_8,2,7,4,8,4,5,2,8,8,3
AGAACGGGACAG_8,8,9,0,8,4,6,3,5,2,5
TTTTAGCAAGAG_8,6,8,5,5,9,2,2,6,5,8
GCCCGGGCTTTA_8,7,9,0,7,4,3,0,9,0,2
GGTTGCACCTTA_8,4,7,4,2,0,8,1,6,7,8
TAGGCGAGATTC_8,6,4,5,9,9,8,1,0,9,0
GTCGACGCCGAG_8,9,3,8,6,1,8,5,7,9,3
TCCATACGAACC_8,6,1,2,7,6,4,6,6,5,9
TCGCGAAACTAC_8,8,9,8,9,7,9,1,5,2,6
GTGCATCCATCG_8,3,2,9,4,6,9,5,6,0,2
GATTAAACCTTT_8,3,8,4,6,3,3,0,1,9,0
GCAGTCGTACAC_8,4,9,0,8,1,9,2,9,2,2
GGTAGTTGCGCC_8,8,5,0,3,6,9,1,2,6,1
ATATTCAGAGGG_8,8,7,3,6,8,3,3,2,7,7
CCGGAGCCACAT_8,6,2,2,0,0,4,3,9,9,7
TACCCCATACGC_8,3,1,4,0,3,0,0,3,4,5
TTAACTGAACCC_8,9,3,7,0,3,7,3,0,5,4
GAGCCATCCGAT_8,5,8,3,7,6,8,0,8,3,6
CTAGACAGTTAG_8,1,2,5,2,5,1,0,5,2,7
TGCAATGGGGCC_8,9,4,9,3,6,2,7,8,8,6
GAAGACTGTCAA_8,1,8,9,7,6,0,6,3,0,9
TTGGATTTAGTT_8,5,1,4,2,4,6,7,8,3,2
TGGGTGCTACTG_8,8,2,8,9,0,3,3,0,5,7
CGACTTCTTCCG_8,0,9,1,8,5,1,1,2,3,3
CTCCTGCGAGGC_8,2,9,2,8,7,5,8,5,2,3
GTACGATATTTA_8,9,4,4,8,0,8,5,3,3,4
ACAGGATATAAC_8,7,5,1,5,3,2,1,3,1,0
CGAGGGCGCATC_8,5,5,5,3,2,8,0,6,1,0
AAAGCTATGTTG_8,6,3,3,1,9,2,5,3,7,0
GTAGGGAGCGGC_8,3,7,9,9,4,8,7,7,0,2
CGTACTACCGCT_8,8,2,2,9,7,6,6,0,6,6
ATTGTGAGGCGT_8,8,9,5,3,8,4,2,1,9,4
TCCAATTGCTCA_8,8,1,0,7,0,7,2,2,3,7
TTAAGTGCGGGC_8,9,3,5,9,2,0,3,1,5,8
GTCATGAAACTG_8,7,2,6,3,6,2,7,6,7,6
CGAACCGTGAAT_8,9,5,3,1,8,2,6,6,7,9
ACGGCCGACAGA_8,0,1,7,3,9,0,1,3,7,2
GGGGACAGTGAC_8,3,4,5,9,2,9,3,1,6,9
GATAATTATCTG_8,8,0,4,0,7,7,1,6,8,3
ACCCGCGGCGAA_8,2,2,4,2,0,1,8,4,2,7
TACCTCGAGATA_8,8,2,5,4,7,6,7,6,7,2
CAACGGATTTGG_8,9,4,7,0,5,6,4,2,1,0
GATTAAACCTTC_8,6,8,9,5,6,5,9,2,7,7
TGTCTCTCATTC_8,8,5,9,7,9,2,7,9,0,5
TGAGCTAGCTCG_8,0,7,0,8,7,1,3,9,8,3
TATGACGCACAG_8,1,9,4,3,8,1,3,4,5,8
TCACTTCGAGCT_8,6,8,5,5,6,0,6,6,1,0
TTTGCGGGCCGG_8,2,9,4,8,7,5,2,5,5,3
AGCCCAATAGAA_8,7,6,3,5,6,8,5,7,6,9
CACGGATCCGGT_8,8,9,8,4,7,6,2,6,2,7
GGGTCCACCTTC_8,6,5,6,5,1,3,3,0,9,4
GCACTTCTGAAC_8,8,6,3,1,5,3,9,8,7,8
ACCTAAGATCCC_8,6,3,6,2,2,8,4,6,9,9
AGTTGCGGCGGA_8,1,8,2,2,6,9,3,3,9,9
TTCACGGCGGTG_8,3,5,5,6,6,9,2,3,0,3
TGTACGAACCGG_8,5,4,5,7,9,0,1,7,1,6
TATATAACTGAG_8,9,4,3,0,0,5,9,8,5,3
GCTTAGAGTCGA_8,9,6,0,9,0,3,7,9,7,1
AGCACGCGTTAG_8,9,3,5,0,4,0,3,8,9,8
AGATTGATCCAT_8,7,1,9,2,8,0,5,3,3,6
GCAACGTCCGTT_8,1,7,0,9,0,2,3,9,3,1
TCGCAACACTTG_8,6,1,5,7,2,8,6,8,9,0
ACAATCTTGCTA_8,6,7,9,8,4,4,1,6,8,7
GTAGATTGTAAC_8,1,9,4,4,3,9,3,3,5,6
ATCCGTGGTCAG_8,8,8,1,2,5,0,9,0,3,1
TGAAGACAGCGC_8,8,2,1,4,6,6,8,9,8,3
CGTACTACCGCG_8,9,9,0,4,0,5,8,4,2,2
GCTGTGCAACGC_8,0,6,2,2,7,1,8,5,6,7
GCCGCCGGGGAG_8,1,3,4,2,1,3,2,4,0,2
TGTTTGATCCAC_8,3,8,0,8,3,1,4,5,2,2
CGGCACCTGTAT_8,0,7,1,4,9,4,3,2,9,9
ACACCTTGATGA_8,1,7,0,1,4,9,9,9,9,6
CAAGTGGTTACG_8,1,1,0,9,8,2,0,5,2,7
ATATCTTCATAT_8,9,8,3,0,2,4,5,7,1,0
CATGCCTATGGA_8,9,9,0,3,3,0,1,4,3,1
CTTCAGCTACTT_8,1,7,0,8,4,1,7,4,8,3
ATCGACTTAACG_8,9,8,8,1,0,4,4,6,3,0
ACATTCTTTAAC_8,3,3,3,6,3,6,1,8,3,0
GTGGGTTCGTTC_8,1,4,2,1,8,0,4,8,7,8
TTGGCCTAAAGT_8,3,0,6,7,8,2,0,1,9,5
GCAAGCAACTGG_8,8,7,8,4,7,9,2,1,2,7
GTTCATCCGACC_8,1,6,6,5,2,6,4,1,5,8
TGGTATAACCAG_8,4,2,4,7,8,6,7,9,9,7
GCAAGACGTAGT_8,9,4,3,1,6,4,5,6,1,9
TCAGATGCTCAC_8,3,3,7,6,2,2,4,6,5,0
ATAGTCTCGGTG_8,3,5,7,0,5,1,2,2,9,8
TCTGCAGACACT_8,3,4,6,0,3,9,4,7,1,4
TTCGACGTGCCG_8,4,2,2,8,0,1,8,5,0,2
TCTGTCTCTGTT_8,1,1,3,2,0,5,2,8,0,8
GTCCATAAAGTT_8,6,1,8,1,6,1,2,1,8,1
GAAAACCTCGTG_8,4,3,8,8,5,1,9,6,0,1
GGGAAGAAGAGC_8,7,7,3,3,8,0,6,8,5,0
CACGTCCTGGGA_8,1,4,3,2,2,7,6,0,3,2
GTAACCGTCTTG_8,3,2,2,6,2,0,3,0,4,7
AGAGATTCCTGG_8,6,7,3,9,5,5,1,3,3,9
ATAAAATAGCGC_8,6,8,4,6,1,7,5,8,9,8
ACCTCGTGATGC_8,5,1,5,9,1,5,4,8,5,0
GCCCGACTCTAT_8,6,2,6,5,4,7,0,7,3,6
TTCCATCTAAGC_8,0,8,9,1,1,4,3,2,2,9
CCCTTGCTGTAA_8,9,3,1,9,8,0,0,8,1,0
TACAGTGCCTCA_8,7,7,0,3,7,4,2,5,8,3
TGGGATTGGCGC_8,4,5,0,3,4,1,8,3,4,6
CTGGCAGTGCTA_8,7,9,1,4,7,1,1,9,9,5
TACGAATCTGAC_8,2,6,0,3,4,1,1,9,2,5
CAAAACGTAGCC_8,6,4,3,2,8,3,3,2,6,4
TCTCCTACCGCT_8,2,2,1,4,5,5,8,3,8,2
GCTATCCTGCCC_8,6,7,4,7,8,8,3,6,9,4
TTATTCAGCCTG_8,3,8,2,4,8,6,7,9,8,2
AGTTAAGTGTGG_8,9,5,4,4,8,3,3,8,9,6
CCTAAAATGCTT_8,3,5,6,6,3,7,5,8,9,0
CTGGTGCCCCCC_8,3,8,6,0,1,9,5,0,1,8
TCGGCCGGGGCT_8,7,7,4,4,5,5,1,5,0,6
ATAGCATTAACA_8,6,1,5,7,6,8,9,6,3,0
TATGCAGAACGA_8,1,8,7,1,2,0,7,7,6,4
ATGGCACCTGGT_8,3,2,2,7,6,9,7,9,7,6
TTAGAAGCGGAT_8,8,6,9,6,9,5,9,1,5,0
GGGCCAACCTAA_8,6,5,3,2,2,5,4,2,3,9
AGGAAGACCAGG_8,4,1,0,6,0,2,0,3,7,7
TGACAGTACGCT_8,5,3,7,2,2,4,9,8,1,0
ATTAGACAGCGA_8,1,4,4,2,7,0,0,3,4,9
GCCGCCTGAAAT_8,9,9,2,3,1,1,3,5,9,8
ACCCACGAATCG_8,5,1,6,0,2,2,9,8,6,9
CAGTCCGAATTC_8,8,7,0,4,4,5,3,4,4,2
GCCACTATATAT_8,2,9,2,2,5,5,0,5,2,1
CGACCTATCAGC_8,0,2,3,2,8,6,2,1,4,6
AGGCTCAATGCC_8,6,2,0,8,5,7,8,3,3,8
TACCTCGAGATT_8,0,2,0,1,7,6,1,4,9,2
GTATGGTGTACA_8,1,0,7,7,6,9,2,3,4,2
GTTCATCCGACA_8,0,5,6,6,2,2,7,6,3,4
CCTATATACCAA_8,0,5,6,2,5,9,0,2,3,8
GATATATCACTA_8,1,3,7,5,9,2,2,6,3,9
TTAATGCATGTT_8,3,3,9,2,5,8,9,6,9,0
GAGCGCACCTAA_8,5,0,9,5,5,4,1,0,7,6
CCAGAGTCATCC_8,0,2,2,9,1,8,7,7,8,0
CGTACTACCGCC_8,9,1,9,2,9,0,8,9,2,2
AACGAATTACAC_8,2,9,8,2,4,5,8,4,4,7
GTAAATGATTTC_8,2,7,0,8,9,7,8,4,3,2
AACCATTTAGCC_8,1,0,0,8,1,7,8,4,0,3
GCTCTAATATTA_8,9,1,5,0,5,8,3,8,3,6
TCCATAGAGACG_8,0,9,8,8,8,1,2,9,2,2
ACACCTTGATGC_8,0,0,3,9,0,3,3,2,0,1
CTATTAAGCTCG_8,3,3,7,0,5,8,6,3,9,8
AGTCACGGACGC_8,0,1,8,8,9,5,7,9,2,2
AATTGGCTGCTC_8,1,0,2,8,6,9,1,4,2,7
TTTCGCTACTGA_8,6,2,2,4,8,0,0,9,5,3
GCTTCGTCTAAA_8,2,4,9,6,0,3,8,9,8,6
GTAGCTATTTGA_8,6,8,9,7,9,0,2,9,3,4
AAGGCGGTAAGC_8,0,5,9,1,7,5,3,3,9,2
GTATTGTGTTTG_8,3,4,1,6,3,5,7,4,8,6
GTTTGAATTTCT_8,9,5,1,6,9,8,7,0,1,9
TCTGTCCACACG_8,5,5,9,8,8,4,6,2,8,1
AGAAACTAAGTA_8,7,9,4,3,0,3,8,3,0,8
GTTCATCCGACT_8,7,3,7,7,2,0,0,0,1,6
GTCACGGCCTGT_8,6,8,7,2,1,7,4,8,9,0
ATTCCGGCACAG_8,3,8,5,4,6,9,6,9,0,5
ATGCAGGTACCA_8,7,4,6,5,6,7,5,7,1,4
TAGACGTGTGTG_8,2,2,0,3,9,1,8,5,0,2
TTAGACAAACGC_8,5,0,1,6,8,8,6,3,1,0
ACTTTGGTGTGA_8,4,9,4,8,7,6,7,4,8,2
TCCCGCGCCAGA_8,1,1,8,3,1,7,9,6,4,2
CCTAGGCCGTAG_8,6,4,2,4,0,1,1,2,8,5
GTGCAGTTGATT_8,1,6,0,5,9,9,7,9,7,2
AGCAATCTACTG_8,4,8,5,9,2,8,4,6,1,0
CTCCCAGTATAG_8,2,9,2,8,4,5,1,5,2,1
TGCCTCTCTAGG_8,9,1,4,8,5,8,1,7,3,0
CGGCTTGAAGTA_8,2,9,0,4,4,1,2,4,2,1
GCAAGCAACTGT_8,8,7,9,3,8,3,1,3,7,3
GTTTATTCAAGC_8,1,7,9,8,4,6,1,4,2,2
CGTCAGTTAGCC_8,9,7,2,6,1,7,7,1,5,5
AATACTAGCACT_8,4,2,0,1,7,1,2,4,8,2
GAATACACCTAC_8,9,8,9,0,2,2,5,7,7,0
GCATCCCGGTAA_8,2,9,8,4,7,5,2,4,7,6
GCTACCGCTGGC_8,7,1,2,9,7,5,8,4,3,7
CGGACACTAGGA_8,5,9,9,8,0,2,2,9,2,6
CGCGTGAGGTGT_8,8,5,5,0,3,7,1,8,3,8
CGGCTTGAAGTC_8,4,0,4,8,4,1,7,5,2,7
CGGGCCGCAGTG_8,9,9,3,9,0,6,7,9,4,8
CGATCGGATGCA_8,0,6,2,3,0,6,8,4,0,1
GATTCGCCTACT_8,1,2,9,8,6,4,7,9,5,9
ATATTATCTATT_8,9,8,7,9,0,4,1,6,3,3
TTGATTGGTCAA_8,0,8,4,0,8,4,7,7,5,4
TTGGAGTTATAG_8,4,6,1,2,9,6,2,4,6,0
TTCCTGATACAA_8,3,3,7,0,8,7,6,9,1,0
ACTATGCAGCTC_8,7,5,2,6,3,0,7,8,3,0
GCAGCCGTATAC_8,1,8,3,5,9,8,0,1,6,0
CTAATTTGTTGT_8,6,8,5,9,2,0,9,6,7,9
CGGCACCTGTAG_8,7,4,0,9,8,6,9,6,5,3
TTTACCTACGGA_8,1,5,8,3,6,9,3,6,9,1
TACAACTCGTAT_8,3,8,3,5,9,8,9,8,0,9
ACGCTCGTGTGC_8,0,7,0,8,0,1,9,0,8,1
CTAACCCCGAGG_8,8,8,7,5,9,2,5,6,4,8
AAAACTAGAAGA_8,7,6,1,3,9,2,5,2,0,5
CGAAGGCCTTGC_8,9,1,8,5,5,8,4,8,3,8
GTCAGGGTGGTA_8,7,0,2,5,0,2,4,9,8,5
GCCGCCTAATTG_8,2,4,8,3,7,3,3,2,9,1
AGTCCATCCAAA_8,5,8,7,9,0,0,4,8,1,4
CAAAATGTCGTT_8,5,8,5,5,3,7,5,3,5,0
ACACCTTGATGT_8,8,8,2,4,6,1,1,3,2,3
GGCGTCCTCTAC_8,6,1,0,4,7,1,2,5,4,1
GTGCATCTGGGG_8,5,1,9,2,3,5,6,6,1,6
CCTCGCGTTGCA_8,9,9,8,8,6,6,9,4,2,2
CGGCTTGAAGTT_8,4,7,4,8,7,1,1,5,2,2
CTGGCAGTACAA_8,1,7,8,7,9,3,7,9,2,6
GATACCGACCAA_8,8,0,1,8,0,1,2,3,8,3
GTACCTCACCGG_8,3,4,1,6,5,8,5,1,6,5
CGGCCGGCATAC_8,3,1,0,2,3,0,7,0,7,0
ATATCTGCCGTC_8,9,4,6,3,2,2,3,6,9,9
GATTAAACCTTA_8,1,1,5,9,6,7,1,3,5,0
GCCGAGATCGGT_8,1,9,8,4,9,5,8,5,3,1
GTTGCAAGATTC_8,4,9,8,1,8,9,8,5,6,7
CGCAGGCAGTGT_8,6,4,5,6,3,3,9,7,3,9
CGGAGTGCCTTT_8,6,7,0,1,1,6,7,4,3,4
