,0,1,2,3,4,5,6,7,8,9
CCCAAGTAAGCC_7,0,0,3,1,3,8,6,9,1,0
TTGCATTTTAAC_7,4,1,9,2,0,9,1,5,1,6
TGTCCCACCTGC_7,3,1,0,9,1,3,3,3,7,9
GCGATCACTTTC_7,4,0,1,9,5,7,5,8,0,5
CGGGGAATCCGG_7,7,2,7,7,6,8,3,7,2,3
GCCGTTGGGTCC_7,1,1,5,3,2,7,6,4,0,0
CGTTTAGGTCTG_7,7,5,8,3,2,1,1,7,9,1
CCACCGCGGCCG_7,9,9,1,2,4,3,0,8,2,4
ATGGCCCCGTTC_7,7,5,3,7,2,5,3,5,5,0
CGCGCGATTGGC_7,7,9,9,0,8,3,5,0,0,7
GACCCGTCGATC_7,8,6,8,2,6,9,0,0,9,8
AGCCCACTCACA_7,7,5,9,0,0,5,1,5,7,6
AACCCCGGCGTA_7,7,5,8,7,6,2,5,5,1,7
CATGGGTGTCCC_7,4,1,6,9,2,7,6,7,5,1
CTCCTATTCTTG_7,6,5,6,7,3,1,4,9,1,1
CGTCACTCTTAA_7,2,9,1,6,5,4,8,2,2,4
GCAAGGCTCTGG_7,0,7,5,7,9,5,3,7,2,7
CGCCGCGAGCAG_7,0,0,7,9,0,0,7,3,3,0
TGATTGGCATTA_7,4,2,6,4,5,9,6,2,2,4
TAATCCTCGTAA_7,8,7,2,6,5,6,8,2,2,4
TAGGGAACGTAG_7,8,3,3,7,6,0,9,1,1,0
GGGCTACGAGCC_7,7,3,0,6,4,5,8,6,6,9
ACAGGTGCGAAA_7,1,1,4,9,0,8,3,9,7,7
ATCCAGCATGTG_7,0,4,4,9,9,9,6,7,2,5
TGCACGACTTCA_7,6,8,5,8,8,8,4,5,8,3
TGTAATAACTTC_7,5,8,7,8,6,1,2,5,3,7
TCGCATGACCAT_7,8,4,0,4,8,8,7,0,2,4
CGCGTAACACAT_7,4,5,5,3,0,8,6,9,0,3
CGATAACGCTAT_7,2,9,2,5,1,4,0,8,3,9
ATCGGTCCTCCT_7,1,4,4,7,6,2,6,7,1,1
CCAGCCCGCGCT_7,5,4,4,8,8,8,9,5,8,7
GGCTAACGCTTA_7,8,6,5,2,6,7,3,3,7,8
TCCGCACTCGTC_7,4,0,0,9,0,0,3,8,0,5
GTTTCCTTTGGG_7,8,7,6,4,4,6,0,2,6,9
TTCGTGGGGCCA_7,8,0,3,4,5,6,0,0,2,4
CAAAACTCGTCC_7,7,4,0,5,6,2,3,4,1,3
GTAGGAGGAGTC_7,8,7,0,4,4,4,0,3,9,9
CGAAACGGGAGC_7,2,0,7,2,5,6,0,1,2,8
GACATGAAGGGA_7,3,8,5,5,9,4,6,8,6,7
TGCCCTCCTGAT_7,6,6,6,4,5,0,3,5,2,2
TGCACAGCCAAA_7,3,2,5,9,0,0,7,3,8,6
GTCCGGCATGCT_7,7,5,3,1,8,8,6,4,1,7
GTGCGACGATTT_7,9,7,0,4,4,6,8,2,9,4
CCCGTATACCGC_7,9,9,1,4,4,9,7,0,0,9
TCGTCCGTCTAC_7,4,5,8,1,9,7,4,6,8,3
CACCCGATACGT_7,5,8,0,7,8,2,2,5,5,6
TTAGGGTCAGGC_7,8,8,2,6,7,3,3,8,9,4
CTACGTCGTAAA_7,8,9,2,4,5,4,8,2,9,8
TGCCGAGGATAT_7,1,0,6,1,9,0,3,3,7,0
TCCCTGCTCCTC_7,7,0,1,0,9,2,5,4,8,7
TTAAGAGGCGGT_7,6,7,2,4,3,3,6,0,2,4
AATACTCGCGCT_7,5,1,4,8,6,8,2,6,5,3
ATCCTGTCAGCC_7,4,3,2,6,1,5,5,5,6,8
GCCCGATAAAGT_7,3,2,1,9,0,8,5,3,7,5
CGGAGAGTCGGA_7,3,2,5,9,0,9,3,0,7,5
ACATAGCCTGGC_7,0,1,0,0,2,2,7,5,5,7
TGGATCGTAATG_7,6,4,4,7,8,7,9,7,8,1
AGAGTAGCCCGT_7,8,6,5,5,5,4,3,8,9,4
CGTCCCAAGTGC_7,9,7,2,6,5,3,0,3,2,9
CAGCCTAAGTTT_7,7,5,8,7,8,2,2,1,1,0
GCAATTCGCTTC_7,5,1,4,1,0,2,2,6,8,1
TGCAAGAAACGG_7,4,2,1,9,1,0,5,3,0,5
ATTCGAAGGCAA_7,7,8,2,1,5,2,8,3,6,1
ATTGGACCAGAC_7,9,6,1,5,5,9,7,0,2,4
TGGAAATCACTC_7,5,1,8,1,8,2,4,7,4,6
GTGATCAGTAGC_7,8,6,2,4,4,0,0,0,2,4
ATTAACATTAAG_7,6,8,6,2,3,1,5,3,6,6
CGGGTTATATTT_7,6,1,0,3,8,2,1,7,1,6
CACTCCTGTCCG_7,5,6,5,8,6,1,9,7,1,1
GATTCCCCAGAA_7,7,5,9,8,0,1,1,6,9,7
CGGGGCCACCTC_7,7,6,5,8,8,2,1,5,1,7
ACGACATCGGCT_7,3,4,9,8,3,8,1,1,9,7
ATCCTGTCAGCT_7,2,1,2,6,6,3,5,3,0,1
TCTCGTTATCCC_7,6,2,6,7,9,9,3,9,7,1
CAGCCGACACGG_7,0,1,0,6,6,1,8,5,9,2
CTAGCGAATTCG_7,0,8,3,1,2,2,5,5,5,7
CTAGTTGCTGCG_7,6,4,8,9,0,7,2,5,4,5
CGCATGAAACTT_7,5,8,8,1,8,1,6,7,1,3
TCCTAGCTCAGT_7,8,6,0,4,4,6,5,8,6,9
CCGGCTATTTTT_7,5,5,5,3,3,9,9,5,5,7
CTGATAGGGCAC_7,9,7,2,4,5,6,0,0,2,4
ATACAAGCGTGA_7,1,2,6,0,3,9,6,5,7,0
CTGGTTTGACAC_7,1,2,5,7,9,3,7,9,5,8
TGCAGTGCGCCG_7,6,4,4,3,5,3,6,0,2,8
GATGAATGCGGT_7,6,1,0,8,3,1,4,4,2,6
CGTCACCTTTCG_7,7,1,3,0,9,5,0,7,6,5
CCGTGCTAGTAG_7,8,7,0,4,7,4,8,3,9,9
AGAAGCCCAGGA_7,6,2,5,9,0,7,6,7,1,1
ACCGACCCTGGG_7,6,2,4,1,2,5,3,1,5,6
CAGTGTGCCCTG_7,7,4,3,1,2,8,6,7,5,0
GTAAGATGGATG_7,0,1,5,1,0,5,2,1,1,0
ATGCATGATCGC_7,5,3,8,6,8,5,5,7,1,0
AGTCCCCTGAAT_7,1,3,2,3,1,0,4,0,6,2
CGTCAGAGGTTG_7,4,8,7,2,9,5,2,1,3,4
CGGCCTTGCAAC_7,6,1,5,2,3,3,6,9,2,5
ACTGAGGTATTG_7,9,8,2,4,2,4,0,0,2,7
ACCACCCCCAGC_7,1,2,6,9,8,9,9,7,1,5
TACAATCGGAGC_7,8,2,0,4,0,9,1,5,2,0
CTGGACACGGAA_7,6,5,8,1,3,5,1,6,1,3
GACGATTCACAT_7,5,6,7,0,7,1,8,6,3,1
TTCACTTGTCGT_7,5,4,4,7,8,5,2,9,5,3
CCACACCCTTGG_7,7,5,9,1,9,4,7,5,5,1
GGGATGAGATTA_7,7,5,8,3,0,7,1,7,7,8
GCGGACCCTATA_7,2,2,1,2,1,8,7,4,0,8
AACGGCTGATCA_7,8,4,4,8,6,9,6,6,3,7
CACAAGATATTC_7,0,5,8,7,2,9,4,9,2,3
CGCCGCGAGCAC_7,3,3,3,9,1,9,4,4,3,6
CAAGGGTTGCCG_7,3,2,5,8,7,3,5,1,1,7
CGGATGTGCCAG_7,6,5,5,1,3,9,5,5,1,0
CCCGGACGGCTG_7,9,4,0,7,2,4,3,9,2,4
TGTCAATCGTAG_7,9,6,2,6,6,1,0,2,5,9
AGCCCGCCGCAT_7,6,5,0,8,8,1,4,4,1,1
TGACTTGGTTCA_7,8,9,3,3,0,4,2,2,9,3
CGAAGGGCGATC_7,7,4,5,0,0,5,1,1,1,8
TATCAACTCGCA_7,7,1,3,3,9,4,2,5,1,7
AGATTGTAGGTA_7,8,9,2,4,4,6,8,0,9,2
TCTTCGCATGAC_7,9,9,3,6,4,6,9,2,2,4
GACGCTGCCCGT_7,4,9,1,4,4,3,5,8,0,9
CCGAGCTCCGAT_7,2,7,0,2,4,6,0,8,6,9
ATACTTCGACTC_7,8,6,0,2,1,8,7,8,0,4
ATGGCGCCGCCC_7,2,7,7,5,1,3,0,8,9,4
TATTGTTAGTCT_7,8,7,0,4,4,4,0,0,3,9
TCGCCATCTTCT_7,8,7,0,2,1,4,5,8,3,6
AGACATCAGTGA_7,6,0,9,7,3,1,6,1,7,0
GGAGATGGCGAC_7,7,4,8,1,8,2,6,1,8,3
GCACTGGCGCAG_7,7,3,4,3,2,5,2,4,8,3
CAAGCGGCCGCA_7,2,6,7,6,7,3,0,4,3,8
CGGTATCGTAGT_7,4,9,1,5,7,7,3,3,7,5
CGTGAATTTAAA_7,0,2,5,0,3,0,2,5,4,0
GCTCAATGCTTC_7,5,1,5,1,8,5,2,4,7,1
CCCCCGTGCCTT_7,6,5,9,7,2,9,6,6,2,1
GCATAACTGCAC_7,7,5,8,8,0,1,2,6,1,1
TAGATTATTAGA_7,4,2,6,9,8,9,3,5,0,5
ACTACGTCATGA_7,5,6,0,4,5,4,0,2,2,0
GGACACTAGGCA_7,7,8,9,5,0,1,9,9,1,0
CGGAGAGTCGGC_7,3,8,5,9,0,3,7,5,0,4
TTAATCCTTACA_7,4,2,6,9,3,3,5,9,2,5
AGGCTAATACGC_7,0,8,8,0,6,5,6,7,5,8
GAGGGTCGCGGA_7,7,4,4,9,3,5,5,9,5,0
TTACCGTTTGCG_7,3,5,4,1,2,5,3,9,5,1
CGAGTACCAAAA_7,6,5,6,1,3,9,6,5,4,5
CGCTAGAGGCAT_7,2,3,5,4,1,0,4,1,1,2
GACTTGGACGAG_7,7,4,3,1,8,8,2,5,5,7
GACATTTGCTCG_7,6,4,5,8,3,2,4,1,7,0
ACTCAAAGATCG_7,0,4,3,7,8,5,6,9,7,7
CAAGTGCGCCAG_7,3,5,9,2,6,3,4,7,8,3
ATCCTGTCAGCA_7,7,0,2,5,7,1,7,3,3,8
ATAACATGGGCG_7,8,9,0,4,1,9,3,2,6,4
CGTCTACGATCT_7,9,7,2,4,4,4,8,2,8,4
GAATCGTTTCGG_7,6,5,3,1,2,1,3,9,1,3
ATTTCTAGTATT_7,7,8,5,4,8,1,8,7,7,7
CAACGATATAAT_7,7,8,6,8,2,2,9,0,6,6
CTTAGAGGAAGC_7,1,2,6,0,0,0,3,9,2,5
GGTCCGGACGAT_7,7,1,8,8,6,8,9,7,1,0
TTAAAGTGACTG_7,3,1,1,9,5,0,3,9,7,4
GCGTTTTTGATC_7,2,6,0,5,4,3,0,8,6,9
CGCCGCGAGCAA_7,3,3,7,9,1,0,5,4,7,8
AATCCTCCTGCT_7,0,5,4,7,8,2,9,7,1,2
GTAGTCGTTACT_7,1,1,9,9,2,8,4,7,3,6
TTAGATCGAGGA_7,2,9,1,3,5,6,8,0,6,4
TTAGCGTTGCGA_7,0,8,0,2,8,2,4,1,9,3
TCGCTAGACCCC_7,0,8,7,6,6,3,9,8,9,2
CATATTCGTGTC_7,7,5,4,8,9,2,1,5,1,1
GCGGTCTACTCA_7,7,3,4,1,3,2,1,7,3,7
TATTTGCAAGGC_7,8,9,2,5,5,6,0,0,9,4
TAGACCTTGAGC_7,5,4,6,8,3,2,9,1,5,1
GTCGGAGAATTT_7,9,4,1,4,5,6,7,0,0,5
GAGTAACTAGTA_7,5,3,5,3,7,3,7,4,5,4
ATAATCGATTGA_7,3,3,2,5,2,9,7,9,3,6
TGGCAAGGACAA_7,6,8,4,1,6,8,6,3,5,8
CGCACGACAGGA_7,0,8,4,1,2,7,2,1,5,3
TGCTATGTTCCT_7,7,1,0,8,6,2,9,1,1,3
CCCTACCCGCTG_7,6,5,5,3,2,1,4,0,8,1
GGCGCCCCAACG_7,3,3,5,0,8,5,7,3,8,7
TTACCAAGATCG_7,6,5,2,6,4,9,0,3,9,2
GTTCTTACGCAA_7,5,5,9,8,9,1,6,7,1,1
GCGCCGCGATGT_7,0,4,0,8,2,2,9,6,1,6
CGCATCCCGTCG_7,0,2,5,1,2,7,3,5,7,5
GTAACGTCCGAT_7,3,6,2,7,4,6,7,5,9,4
GATCGAGGCAGG_7,5,2,5,7,6,5,9,5,8,1
CATGATCGATCC_7,0,2,3,0,8,8,4,6,5,7
CGCCCGGCGCGC_7,3,7,2,2,1,3,7,3,3,4
CGCATCCCGTCC_7,6,2,3,1,2,5,3,9,2,1
AGTACCTCTTTG_7,2,3,9,5,2,1,4,7,3,1
TACCCATCATGC_7,4,7,0,2,1,3,5,0,7,9
GTACAGCAGGTT_7,8,0,3,4,5,6,3,2,2,4
CCCACGGGCCTG_7,9,7,0,5,4,3,0,8,0,8
ATGCGGTCCATG_7,2,3,7,5,1,4,0,3,3,9
CGTGTCCTACTA_7,5,1,0,8,6,1,2,5,1,3
CGAAAGTTAATC_7,1,4,4,1,6,1,6,9,5,0
TCCGCACCATCG_7,2,7,0,5,5,6,0,2,6,4
ACGGTGATCGAC_7,0,4,5,0,3,9,6,7,5,0
GTCCCGTTCCTG_7,4,9,0,9,0,3,5,0,0,9
CCTCCAGCGGAG_7,5,4,7,1,9,5,7,9,3,5
TTTTTGCGCCAA_7,6,8,7,4,9,4,7,3,0,8
TCTCTCTGAGGC_7,5,4,8,8,8,8,1,5,5,7
CTCGGCGATGAG_7,8,7,7,4,5,4,0,4,7,8
TTCTTACCGAAC_7,2,3,2,6,1,0,7,8,9,9
AAGCCCAGGTAA_7,9,7,2,0,1,0,0,8,3,3
TCTCCACCCCAA_7,0,4,5,1,9,2,5,9,5,3
GTTGCTTTTCCG_7,6,2,6,7,9,8,6,5,8,5
GTACCCAGGCGT_7,4,2,6,4,9,9,3,2,7,5
CGCGCGTCCACC_7,2,7,2,5,1,0,0,4,6,4
CCGGGGCCTAAG_7,0,3,5,5,2,0,7,4,5,6
TTCGCATCCGTT_7,7,4,5,1,7,1,6,5,8,3
ATTGACAATCAG_7,7,4,7,8,3,1,1,5,9,7
TTGACGCACATA_7,7,5,5,7,8,9,1,7,8,0
ATTCCGCTCTGC_7,5,5,2,5,0,5,9,1,1,3
CGCCGCGAGCAT_7,0,8,7,9,1,3,3,8,0,6
GACCCGACGTAC_7,7,4,0,7,8,2,9,4,8,0
CCTCATGCGATT_7,2,3,2,6,1,4,7,3,3,9
ATTTAGTCTCCA_7,9,6,0,2,1,4,0,3,9,2
TCGGTGACGTAG_7,7,4,9,7,7,0,5,9,4,5
TCCTTTGCACGC_7,8,9,0,5,4,4,8,7,3,9
CCACCACATTGC_7,6,2,0,4,0,9,3,8,2,3
AAGTACGTAGAA_7,2,7,7,2,1,3,0,0,6,9
CCATGTCGTTGG_7,8,3,2,4,1,6,8,3,3,2
AGTGAATAGCAG_7,9,2,9,4,4,6,5,2,7,4
CAGAGAAGCCAT_7,6,4,8,1,8,1,4,5,7,6
CACCCGATCCCA_7,2,6,2,5,7,0,9,2,3,2
AGACCGTACCCT_7,0,8,4,1,6,5,9,5,1,3
ATTACGTCTCAT_7,5,8,9,8,3,1,6,1,1,1
GTAGACAAGATG_7,1,1,6,0,9,8,3,3,3,5
CCTTTACCTGGT_7,1,3,6,3,1,0,3,3,7,6
ACAACCGCTGTA_7,7,2,6,7,3,2,6,6,4,1
CGGAGAGTCGGT_7,4,2,1,9,9,8,5,4,2,0
CATCTCTCTATT_7,6,4,0,6,3,1,4,1,9,2
ATCCTTTTCGTC_7,8,9,2,4,5,4,9,0,9,4
ATCGTTTGAGGC_7,0,1,4,8,0,8,2,5,8,0
GTTGTAGGTATC_7,6,5,4,8,3,1,6,5,1,3
CACTTGCTGAGG_7,9,9,2,4,5,6,0,0,2,9
CTACCGCTTTAC_7,9,7,2,5,5,3,0,0,6,9
CAACACGTAATC_7,5,1,0,3,6,8,2,1,8,6
CGCCCGTGCCTA_7,8,9,1,5,1,3,5,0,0,9
CCCGGACGGCTC_7,5,6,7,3,8,4,6,1,6,0
GGATATCCACCT_7,8,7,1,4,5,3,5,2,2,4
CGGAGGTCGAGA_7,6,3,3,5,9,0,6,5,1,2
ACCAAACCTCAA_7,8,7,2,6,4,3,7,0,7,4
TAGAAGCGAAGT_7,4,2,6,4,8,9,5,3,2,4
TCAAGAAAATCC_7,4,9,1,2,5,3,7,8,0,8
GCCAAGAGATAG_7,6,1,1,9,7,9,3,3,7,5
CCCCTCTGGAAT_7,1,2,4,7,0,7,6,9,1,6
CGCCCGGATCTA_7,0,8,5,9,6,8,3,5,4,0
CTTCTCAATCTT_7,0,1,4,9,9,8,3,6,7,5
CGCACGACAGGC_7,6,4,5,7,6,9,2,9,1,3
CTACTACGTTCT_7,8,6,2,4,1,7,8,0,9,8
ATACGCACGGAC_7,5,6,8,1,0,5,5,0,4,8
GTACAACCCTAA_7,3,9,1,9,1,3,7,4,0,5
GAGCTCAATCCT_7,7,1,0,8,2,8,1,5,2,1
CCGCGCGGACGC_7,7,6,1,2,4,3,7,5,5,8
GTTGATTTGCAG_7,4,0,1,4,0,7,3,0,0,4
CGCGCAGGATTA_7,3,0,5,1,9,5,2,1,5,0
TGACTATTCGCG_7,0,4,6,1,3,1,6,9,4,5
ATGGATACGCCG_7,3,1,8,0,8,7,6,4,7,3
TTGGTGTCTTAG_7,6,2,3,9,4,9,3,2,2,4
TGTTTTAGGATT_7,1,6,8,0,6,1,9,7,9,6
CCCATAACTCTT_7,3,9,4,4,5,6,7,3,0,9
GCAGCGTTCAGA_7,7,1,0,2,0,9,3,4,3,5
AGACGTGGTCTC_7,8,6,2,8,7,0,6,1,9,3
TCCCATTGGATA_7,1,8,9,1,2,5,1,9,1,6
ACGATACCTTGC_7,5,1,9,0,2,8,1,9,7,0
GATAACCCAAAT_7,5,5,5,1,8,2,9,5,8,3
CTGCGCGCACGC_7,7,2,5,7,1,7,7,4,0,9
AACGACCAGATA_7,9,7,2,6,5,4,8,2,8,2
CTCCTTAGTGGT_7,6,8,9,1,0,0,6,2,2,8
CGCCTCATAGCT_7,0,2,9,1,3,1,5,5,2,1
CAGAGCCCCGGT_7,9,0,2,4,4,3,8,2,0,4
CACAGAGCGGCA_7,9,7,2,6,4,6,8,3,6,4
ACTCCGCTACCC_7,7,5,8,1,6,1,9,6,1,1
AGCTAAATGGCA_7,5,5,3,0,2,1,4,6,1,2
GTCACCTACCAG_7,9,7,2,6,5,4,8,0,6,8
TAGATGAATACA_7,1,7,4,6,0,6,2,7,6,4
CACAAGGGTCGT_7,6,7,0,2,1,9,0,8,3,2
CGCATCCCGTCT_7,3,1,6,8,3,5,6,9,7,1
CCTAACCGAAGT_7,8,7,2,6,5,6,8,2,9,9
TCTCCGCACCTG_7,5,4,4,7,9,5,6,5,5,6
ATTTAATAGCGG_7,8,1,9,2,7,3,3,1,3,6
CTTCGACCAGGA_7,3,1,3,3,0,7,5,1,8,6
GTTAAACGCCCT_7,5,8,3,8,6,0,6,3,3,1
CAGAGCTTTTGC_7,8,8,1,3,7,4,6,5,6,4
TTAAGAGTCTAT_7,7,5,0,8,9,5,1,1,9,8
AGCAGTGCCAGG_7,8,9,2,6,1,0,7,8,3,8
GTCCGCGAGTCG_7,2,1,4,5,0,5,3,5,4,3
TCCCCGATCGAC_7,4,0,1,9,5,7,3,0,7,5
CTTCAAGCTATT_7,8,0,1,6,5,4,0,0,6,4
AGCGCGAGCAAT_7,8,7,9,6,5,4,0,2,3,9
GCCAGGTCAAGT_7,7,8,8,7,3,1,4,7,7,3
TTCGTATATTGA_7,6,5,8,1,6,5,5,1,8,0
AACCATTGTATT_7,9,7,2,5,4,4,0,2,9,4
CCCCAGAACCGC_7,5,5,5,0,7,2,2,7,5,7
GAGCTCAATCCC_7,5,4,9,8,9,2,1,5,5,2
AGAAGCTTATGC_7,8,6,3,4,4,6,7,0,9,9
TGGAGCAGTTAC_7,2,9,0,2,1,4,7,8,0,9
CGGGTCGCGGTC_7,0,0,8,0,7,8,7,3,4,6
AACCATTCTTTC_7,7,5,7,1,0,2,1,6,8,2
GATGCTCATTCC_7,6,1,4,9,2,8,6,9,4,1
TGACCAAAGGTC_7,0,3,9,8,9,5,6,7,1,7
TGGCATACAGTC_7,2,3,7,5,7,6,2,8,3,9
TTATTCGCGATG_7,7,8,7,3,3,5,1,6,1,6
GCTCACGGAGGG_7,2,9,7,5,4,6,0,8,0,8
CCGGCGCCGTTT_7,7,4,5,1,2,5,3,4,1,1
GCCGGTCCGAGG_7,1,0,5,1,2,7,3,9,1,0
CGCATCCCGTCA_7,7,5,1,0,3,9,6,9,1,1
CCTGCATTTCCG_7,0,1,8,1,6,8,2,3,8,3
AAATACATCGTC_7,2,6,9,6,2,1,0,5,9,4
CCGCAGGCGGAT_7,7,1,4,8,8,2,4,7,5,7
CAGGATGGAAGT_7,4,2,6,0,9,7,3,9,7,5
GTTGAGGCCGAG_7,2,7,7,2,6,9,8,4,9,2
TTAACACCCCTG_7,5,5,9,8,8,8,1,1,5,1
ATCACCAGCCTG_7,8,7,2,6,5,6,0,8,6,4
AGAGTCTACCGG_7,7,4,3,7,3,8,6,7,7,7
GACAGTAAACCC_7,8,9,7,2,1,3,5,8,6,2
GCGCGTGAAACT_7,7,8,8,1,9,3,9,5,4,1
AGAGCAATCCGC_7,5,2,3,8,6,9,5,4,8,1
GACGCCTCCCTA_7,5,4,8,1,6,1,9,5,9,3
TCTTTGCTACTA_7,2,7,4,6,5,6,0,2,0,4
CGGGGATTGCCG_7,8,3,1,9,9,6,6,7,0,4
CCGTATAAGCCC_7,2,6,7,2,6,1,1,3,3,2
CCCGGACGGCTT_7,9,6,3,4,6,6,5,5,2,0
GGCGTAGTACCT_7,6,6,5,6,8,4,8,0,9,9
CCCGGTAGTAGA_7,7,2,9,9,7,3,7,3,0,5
AGCCCCAGGCTA_7,6,3,0,5,3,7,5,7,5,1
ACAGGAAATCCG_7,7,4,4,0,2,8,4,6,8,3
GCTCCTTCGTAG_7,3,6,4,2,1,0,3,8,3,9
AGTCGCGCTCGC_7,3,0,4,1,9,8,4,4,4,1
GAGCTCAATCCG_7,5,1,5,8,6,1,1,1,8,7
ACTAAGGCGAAC_7,9,9,2,6,5,4,0,0,6,4
ATTCCTGCCCTG_7,1,2,1,3,0,7,7,9,0,5
AGTCTCCCACAG_7,3,3,1,8,2,1,5,3,7,5
ACCCATTTCATG_7,0,8,8,3,2,1,9,6,1,3
CACCCTGCGGCT_7,9,1,3,2,7,3,7,0,4,3
TATGCATGCAGG_7,7,4,8,1,0,1,6,1,8,7
GACGAGCGGCAC_7,1,8,7,1,6,9,2,1,7,7
GGTGCCGTAAAC_7,4,2,4,3,0,3,9,0,2,7
GAGTCGCGATGT_7,5,8,8,0,6,2,9,6,5,0
GAGGCGGGATGG_7,3,2,7,2,5,3,7,8,2,8
AGCTAGCGGAGG_7,2,6,2,2,4,3,0,0,6,4
GGTAGCCGTAGA_7,2,3,1,2,1,3,7,4,3,9
CGACTTGTCTGT_7,6,5,6,8,2,1,8,6,1,0
TCTCTGTCTCCT_7,0,7,2,4,5,6,8,2,2,4
GGCAGACCGAAG_7,3,5,3,1,3,5,9,1,1,0
ATCCCGATGCGC_7,8,3,2,6,7,4,7,4,6,4
ATCGGCCTGTCT_7,6,8,9,3,7,5,6,6,5,3
CCTACATAAGGA_7,0,5,3,7,6,8,9,4,9,1
GTTACGCTTCTA_7,2,8,9,9,7,8,1,8,3,6
CGCCAATGATAT_7,7,5,0,1,7,5,1,5,8,6
AATTTTCGACGA_7,5,5,4,8,9,2,9,9,1,1
TCCGAGCGCTAG_7,5,1,8,7,6,1,9,4,4,7
CCCGGGCGAGGA_7,4,3,7,4,1,0,5,0,3,9
CATGGCATCGCC_7,0,1,8,3,3,7,1,6,3,6
ACCACGGGCTCC_7,6,9,1,9,4,7,5,8,7,5
GATCAAAATAAT_7,0,8,0,1,2,8,2,9,5,7
GGGAGGACTGTG_7,0,6,8,1,0,3,1,8,8,2
CGCTGACGAAAA_7,6,2,6,7,9,9,6,5,2,1
GCGCGTGAAACG_7,5,4,3,7,7,5,6,1,8,7
TAGGATGAACGA_7,9,9,2,6,5,1,0,2,9,4
CCTCACCCGTTG_7,5,4,8,1,8,0,4,6,8,0
TTTCCATACATG_7,2,6,2,6,1,3,0,4,9,2
TTTAACGCATAA_7,5,1,5,7,8,2,2,7,1,1
GACATCCTCCCT_7,0,5,3,1,9,1,1,6,3,3
TCCCCTACTTAG_7,3,1,9,3,0,7,4,6,7,5
CTCCGATCTGGG_7,3,8,4,7,4,8,2,1,1,6
GACGTCTGACGG_7,7,1,5,8,8,7,2,3,5,0
TGGGCCTATTAG_7,9,7,2,4,4,4,8,2,9,4
CAAAAAACACTT_7,8,3,2,6,5,6,8,0,2,9
GCTCACTGGCGC_7,6,1,8,1,6,1,3,7,1,1
GTGCTTCGACCT_7,0,6,8,1,8,1,9,1,4,0
ACCGGTCTGGAA_7,7,4,3,1,8,7,2,9,1,0
CCCGGACGGCTA_7,0,6,0,4,0,9,6,7,2,4
CGCGTAGATGCG_7,5,1,8,9,0,5,2,4,5,0
ATCCAGGCGCTG_7,7,1,5,1,8,5,4,6,5,7
CTCACTCGTCCT_7,0,6,4,2,9,9,7,9,3,6
GCCCGGAGCACG_7,0,0,8,8,3,8,1,9,1,7
AGTCTTTCACTA_7,0,0,4,1,3,5,1,5,4,1
CACATAATCCGG_7,6,2,1,2,4,4,0,0,9,4
GGTAAGGGCCGC_7,1,1,4,1,2,7,4,3,4,3
ACCCAAGTCGCG_7,7,1,8,3,0,9,2,7,0,9
ACTCACAGCGTG_7,3,6,0,7,2,0,1,3,3,6
GTAATAACAGTC_7,8,7,2,4,5,6,8,2,6,4
CATCTTCATTAC_7,4,2,6,9,5,0,6,8,3,6
CCGTAACGCTTC_7,6,3,4,4,4,0,0,8,6,9
CCGTAACGCTTG_7,8,3,7,5,4,9,8,7,3,9
ATAACCGATGAT_7,4,0,1,6,4,4,5,0,2,5
TAGCGCAGAAGC_7,1,8,3,3,6,2,1,7,4,0
GTTAGGACGAAG_7,8,5,3,2,0,7,3,3,8,6
CGAAAGGTCGTA_7,7,8,8,7,8,5,9,5,8,3
CGAGCGTTCCCC_7,6,0,9,2,8,2,2,7,8,6
AACCGAGCATGT_7,8,2,9,2,4,6,6,2,7,8
GACCATTAAGCA_7,3,3,2,2,1,9,5,3,6,9
TTCTGTCTTAGG_7,1,3,0,8,8,1,8,5,1,6
TTATATTTGCCC_7,7,4,5,7,9,8,9,9,5,1
GCTAAGCAGCAA_7,7,1,8,8,3,8,1,7,8,7
TCCCCTTGCCGT_7,6,1,3,8,9,9,1,5,5,0
CGGCTACTTTGT_7,8,6,7,0,5,3,7,2,6,6
TCAGCGACAGTA_7,5,5,8,9,8,3,2,4,5,3
TACGACGTGTTA_7,2,7,0,5,1,6,0,2,3,9
TACCTTGTGGCA_7,8,3,2,4,4,4,0,2,9,9
AAATTTGCAACG_7,6,2,7,9,0,4,5,0,2,0
CCAGCCAGGACG_7,0,8,8,0,7,2,1,4,8,6
CTAGATTACTGC_7,5,0,6,7,8,8,9,1,2,1
CTCACTCGTCCG_7,1,6,3,3,7,8,7,7,0,8
AATCTTCGAAAT_7,9,7,2,6,5,6,8,2,2,4
CTGACCGTCGGA_7,5,6,4,6,6,4,2,1,5,7
TCGCGCGGCCTG_7,9,7,1,4,7,4,5,4,0,8
ATGTCGTCTGCA_7,6,2,5,1,7,8,5,5,7,3
GCGCGTGAAACC_7,7,8,5,7,6,5,1,9,4,7
TGCCTGTTTAGG_7,0,4,3,1,2,7,9,1,4,1
ACCATACTACAA_7,0,1,4,4,3,7,6,1,4,6
CATCAGAATCGA_7,2,7,2,4,4,4,0,0,6,4
TTGGACAGCAAT_7,5,1,7,8,2,8,5,5,5,3
CCGCGCGGACGA_7,9,3,3,6,7,8,7,3,0,8
TTCGAGCACACA_7,3,2,6,9,3,9,6,7,4,0
TGCTCTGATACT_7,7,1,7,8,8,5,2,6,5,7
GAGCGGACGATG_7,3,1,5,8,6,3,4,4,5,6
ACCACAGGATGC_7,1,2,5,9,9,7,3,9,7,6
GCTGACAGTGAT_7,5,0,8,1,8,1,9,7,4,3
CGTGAAACACGG_7,9,7,1,4,4,4,8,2,2,8
GGATGGGTATCA_7,5,1,3,3,2,5,2,1,9,7
GGCAATAGCCCA_7,1,0,7,4,1,0,2,0,3,2
GGCAAGGATTTG_7,2,7,1,4,4,4,8,2,6,8
CTCACTCGTCCC_7,0,4,1,6,8,0,6,0,3,6
GAGGGGAGTGGT_7,1,2,1,9,6,9,7,0,2,5
GAGCTCAATCCA_7,7,1,9,8,2,1,1,6,4,9
GACTTGCATCCG_7,8,2,8,2,1,0,8,0,8,5
TCTCTGTCTCCC_7,6,0,0,6,5,6,3,0,2,4
CGCTTGCCAACA_7,5,0,6,0,3,9,6,6,8,5
CACTCAATCAGT_7,2,3,2,5,6,0,8,4,3,8
ATCAGTTAGTTC_7,0,5,0,2,6,5,2,6,8,6
GACAGAGGCAAA_7,0,0,7,1,7,2,8,1,7,1
TAAATCCGATTC_7,7,5,5,1,6,2,2,7,5,7
TCGCATTCGGGA_7,7,5,7,0,8,7,2,1,4,6
AGGCACCGACCT_7,6,2,1,6,9,4,8,0,7,8
GACTTGCATCCT_7,4,6,1,9,1,9,3,0,0,8
ATGGATTGCCAA_7,4,3,5,5,2,3,0,9,3,6
TCTCAATTGCGC_7,7,8,8,8,8,5,9,5,5,3
TCTATGGCTTCC_7,5,5,9,1,3,9,6,6,4,6
ACTAGGGCGAAC_7,2,3,0,6,4,6,7,8,9,4
CACCCGGAGCAG_7,0,5,8,8,3,8,4,7,5,7
ACGCAAACGTCG_7,5,1,3,7,2,8,6,9,8,3
CCGTAACGCTTT_7,9,9,4,2,4,9,8,0,3,9
CGTGCCGGTGCG_7,5,5,8,5,6,5,2,3,8,7
TAGGACCGGCCC_7,5,6,5,8,6,8,9,5,5,0
GGGAATAAATAT_7,6,1,4,7,9,3,3,3,7,5
CTATCCTCACTA_7,7,6,8,3,9,1,1,6,5,0
GCCTCAATCCAT_7,0,5,6,3,7,2,9,5,9,3
CGCACACTAGCA_7,9,7,1,4,4,3,0,8,6,4
TACTGCCGCGCT_7,2,4,7,8,0,3,2,0,1,3
AGACCTATCCCC_7,0,1,4,8,2,1,1,7,8,1
AGCCATTAAAGG_7,8,3,3,0,1,3,1,4,6,6
ATGAGAGTGCCG_7,9,3,2,5,1,9,0,3,5,9
AGGTGCACGGTG_7,2,3,2,6,6,0,7,7,3,9
CCTGAACTAATG_7,4,0,9,8,2,2,3,1,4,5
AAATTTGCAACT_7,3,2,7,2,7,9,6,9,7,8
CATAAAGATCCT_7,2,6,0,1,8,1,4,7,3,0
ATGGCATAGCGC_7,7,6,4,3,7,9,8,6,8,6
GGTGCCCGTGTA_7,3,3,5,1,1,8,6,4,1,3
TGATGTGTCTAT_7,7,8,3,1,8,1,2,1,1,1
GATGGGTACATC_7,8,6,2,4,5,6,8,1,2,4
GCGCGTGAAACA_7,5,3,5,1,6,5,2,5,4,1
CCACGACCAATG_7,1,6,5,9,6,1,8,8,5,3
TCGTTACCCCGG_7,5,5,7,1,6,2,1,7,1,6
GTACCGCACAGA_7,1,3,6,8,7,9,9,3,7,6
TCTCTGTCTCCG_7,9,0,9,3,4,6,0,2,9,4
GATCGCCTATGG_7,1,2,6,9,3,7,3,9,7,5
AATCTGGCGTAT_7,2,7,1,5,4,4,8,2,9,8
AGCCGTGGAACA_7,7,5,5,9,7,3,9,4,5,3
CGTGCCCGCCAA_7,5,1,8,8,6,5,9,4,4,7
ACCTCTGGAATA_7,3,8,8,9,0,8,7,3,4,7
ATAATGTTCTAT_7,0,8,6,7,9,7,9,5,7,7
TTACCGGCTCAC_7,3,6,4,0,6,0,2,3,5,7
ATGACTACGTAG_7,6,2,6,0,7,9,3,3,7,5
TGTTTAATTGGC_7,5,6,8,1,2,2,6,1,4,6
GGGCCTCCTGCG_7,9,7,2,4,5,6,8,3,2,4
GTGGAGTGAAGT_7,6,1,9,1,6,1,4,9,7,5
AGTAATCTGGCT_7,7,1,4,8,6,5,1,3,8,8
GCCGAATCGGAC_7,3,9,7,2,1,3,7,8,4,9
CGCACGACAGGT_7,3,5,5,0,9,2,3,4,7,4
GGAGCCCAGACA_7,3,6,7,2,1,0,5,4,7,2
AATAATAGGACG_7,2,6,9,0,1,1,0,1,5,9
ATCGGCATATTC_7,9,9,4,4,4,6,8,0,2,4
GACGCTGATCTG_7,6,1,1,0,2,7,3,1,7,1
CGTAAACACGTT_7,3,6,4,3,7,5,1,1,5,6
CCAATTCCCAGG_7,7,7,1,3,8,7,8,8,7,5
CTTCATGTTGAC_7,5,3,8,3,2,1,4,6,8,6
TGTAGGTAGCTC_7,5,1,7,1,2,1,4,7,4,3
GTGGTTTCGGAG_7,6,5,4,8,0,5,5,9,8,3
TTTGCAAATAGC_7,2,3,5,1,1,0,4,9,4,5
AAATTTGCAACC_7,3,3,9,3,7,7,7,4,2,7
CAGAACGTGTAA_7,4,9,2,5,7,9,8,7,9,4
GACTTGCATCCC_7,4,8,1,9,1,3,7,8,5,5
TGTCGGAATTGC_7,3,4,1,9,8,8,5,0,7,8
CGCGTAATACAG_7,4,2,1,9,1,0,7,0,2,5
GGTACTTCAGGT_7,5,4,8,8,3,1,9,5,5,3
GCGAAGGCGCAA_7,6,2,1,0,0,5,3,9,2,5
CATCCGGTGCTT_7,3,3,8,7,9,1,1,3,4,0
TCTGTCGTTCAG_7,5,0,9,8,6,1,1,1,8,6
CCAGGGCGCCAT_7,2,7,2,2,1,4,0,7,3,6
CCGTTGGGAATC_7,3,3,9,2,1,0,7,4,3,6
CCGGTTCGGTTG_7,2,6,7,4,7,3,0,4,6,4
CACTCCCCACCG_7,6,1,9,8,2,1,4,1,7,0
ACGAACTCCTTT_7,1,3,6,9,9,9,6,9,2,5
CCCGAACCTTGA_7,7,1,8,1,3,5,9,1,9,7
GCTCACTGGCGG_7,1,5,8,0,0,2,5,6,7,7
GGTCCGTTGGTT_7,7,6,8,8,8,9,2,4,7,6
CTAGACCAGTGC_7,5,0,8,3,2,5,2,4,8,3
TCGTGTTGCTAG_7,5,8,0,0,7,6,1,3,3,2
ACTGCATCCACT_7,4,2,2,2,5,3,5,3,7,5
ATGGACTTTCAG_7,5,8,5,8,6,1,4,1,1,1
CGGCGCGTCGGT_7,7,0,7,2,9,8,2,9,5,3
TGGGCTCGCTCG_7,7,0,6,1,3,8,6,7,4,3
CTATTCAGACAC_7,5,9,1,7,9,3,5,3,6,8
CCACGACCAATT_7,3,1,0,7,2,9,4,5,8,9
TCTCCCATTTCA_7,0,6,5,7,6,9,1,1,9,0
TCGCGCCAAAGT_7,2,9,0,5,1,8,7,8,6,9
TGGGTGCACTTC_7,8,3,2,6,1,1,1,3,3,2
CACGTTACTAGA_7,0,3,9,7,6,6,9,5,8,3
TTGGACTCGATT_7,9,2,1,6,4,5,5,0,7,4
CCCTAACCCTGG_7,6,2,6,1,2,0,9,7,2,7
ATGTCCTCCGAG_7,2,1,0,4,2,4,4,8,9,1
GCGCCGGGAGAG_7,2,7,2,4,1,6,8,2,9,2
GGTGCCTGCCAA_7,4,2,1,0,0,9,6,0,2,5
GTATGAAAGCTT_7,3,5,3,8,9,1,2,5,6,2
CCAATCCTGGAT_7,6,0,5,1,2,1,1,5,5,6
TTTAGTTGGGAC_7,5,1,5,2,2,9,5,6,4,3
AATGCCAGCAGG_7,5,2,9,1,7,5,4,6,1,7
ATTTCTCCCTTA_7,7,1,3,0,8,8,1,5,4,3
TCAGAAGTCCTA_7,6,1,6,7,2,1,1,9,4,6
CTGTCCCCACTT_7,0,1,4,1,2,1,4,3,4,5
GAGGCACGCAGG_7,7,1,4,9,9,5,6,6,8,3
TGCCGAATAGAT_7,4,0,8,2,2,9,6,1,7,5
AGCTACCTAGAT_7,1,5,6,1,0,1,4,7,5,1
CCAGTCTTAGCC_7,1,5,4,1,3,1,6,7,4,6
CCAACGTTAGTG_7,2,3,7,5,7,9,8,1,9,1
AAATTTGCAACA_7,3,2,3,7,8,7,7,9,7,8
TAACTAATTAAC_7,0,2,8,0,2,5,8,7,7,7
CCACGACCAATC_7,0,8,0,3,6,9,5,3,3,6
AACCCACTCTGG_7,6,5,5,8,3,1,1,5,1,6
GGACATCGCTGC_7,3,0,9,1,9,5,6,6,7,5
ACACCTAGAGTA_7,9,6,2,6,5,6,8,2,6,4
CCATTTGGTAGC_7,7,0,4,8,7,8,1,6,5,7
TAGCCTCATCAT_7,8,8,4,5,3,0,4,0,9,9
GTAATCTGTGAT_7,3,6,4,1,6,2,2,4,8,1
CACGATACGAAT_7,6,1,3,5,2,1,1,1,9,3
CTACCTCCAAGA_7,6,1,9,2,2,1,3,9,4,6
GTAAGCGGGGTC_7,2,7,7,2,4,4,7,0,3,8
AGTTACAGCTCA_7,2,6,7,6,4,6,7,0,6,2
GCCATTTCATAA_7,7,5,8,8,2,1,9,7,1,3
TCGGTGTGTGAA_7,6,5,6,7,9,3,3,1,4,6
CGAACCCTATCT_7,9,9,2,4,1,6,8,2,6,2
AGACACCACTAC_7,5,1,3,8,3,1,3,3,8,0
AGTAATCTGGCC_7,3,3,7,7,9,8,8,7,4,1
ACCAGCTGACCT_7,5,0,8,8,7,5,4,7,4,0
AACTCCTGAGCC_7,7,0,9,3,8,1,2,5,8,3
ATAGTATCCAAC_7,5,4,4,7,3,5,9,5,2,3
CATCACGCCAGT_7,9,6,7,4,1,4,7,2,2,9
TCTACTTTCCTC_7,8,1,0,3,7,1,4,8,6,2
CCCCATTAAGCT_7,9,5,7,8,8,1,9,6,9,3
GTCCCTAGGTGA_7,5,8,8,7,9,2,6,3,8,7
AATTGAATTTAT_7,7,8,6,7,2,7,3,5,7,1
TAAACTGGCATC_7,0,5,5,1,3,5,9,1,5,2
TAATTCTTTGAC_7,5,3,8,8,3,5,1,7,5,1
TCCTGTCTGACG_7,3,3,7,5,3,4,8,3,3,6
CGTAGGTCTTGC_7,3,2,1,9,7,3,7,4,2,4
GGCTGTCGTGTC_7,7,4,4,8,8,5,9,6,5,2
GGTGCAGCAAGC_7,2,0,1,9,7,3,5,8,2,4
ATTTATTAGCTG_7,8,7,2,2,7,4,0,1,6,9
TCTCACTTGTTC_7,0,5,3,3,6,1,1,6,5,3
GGCGATCGTGGA_7,7,1,4,3,6,1,4,6,8,0
TTTCTGACTGGA_7,4,0,5,7,0,7,3,5,7,4
AGTAATCTGGCG_7,0,6,8,1,0,7,9,7,4,6
TTAGACTATAAA_7,6,5,6,3,6,5,4,3,8,7
TGTGTCTGGTCA_7,8,6,9,5,3,7,4,7,0,3
ACCTGCCCGAAG_7,5,6,8,2,3,5,2,9,8,3
TCCACTTTCTCC_7,6,5,9,4,2,9,1,7,3,6
TTTAAACCCAAC_7,6,6,4,8,2,0,8,1,5,6
CGGGAACAGACT_7,3,5,9,2,2,2,2,7,8,3
TTGCCGAGCTTG_7,1,2,9,8,3,7,5,3,8,5
CTATTTCGTTTC_7,6,0,3,7,8,5,4,5,4,6
GGCGCCGCGTCA_7,7,4,8,1,8,5,3,7,6,3
CATATTGTTTTG_7,3,0,4,9,2,5,1,6,3,0
TGAGATATCATT_7,7,8,7,6,1,8,7,7,3,2
