,0,1,2,3,4,5,6,7,8,9
ATGTATTGTACT_1,2,3,4,4,6,2,0,2,9,6
CGGAGTCGTCGT_1,0,3,7,5,4,8,4,6,5,2
CCCCTGCGAAAT_1,9,1,3,4,6,2,1,7,9,5
CGGAGTCGTCCC_1,0,3,7,5,4,8,4,6,5,2
TCAGGATGGTCC_1,9,1,3,4,6,2,0,1,9,5
GTGATGAGGGAA_1,9,1,3,4,3,2,1,1,9,5
CGGAGTCGTCAG_1,0,3,7,5,4,8,4,6,5,2
CCTTGGCGCAAA_1,9,1,3,4,6,2,0,1,9,5
TGCGGGGGGACC_1,9,1,3,4,6,2,1,1,9,5
CGGAGTCGTCCG_1,0,3,7,5,4,8,4,6,5,2
TCAGGATGGTCA_1,9,1,3,4,6,2,1,1,9,5
ACCCTGGGGGGT_1,9,1,3,4,6,2,1,1,1,5
GTGATGAGGGAC_1,9,1,3,4,6,2,1,1,1,5
TGCGGGGGGACT_1,9,6,3,4,3,2,1,1,9,5
CCCGTCTCGAGA_1,9,1,3,4,6,2,6,1,1,0
CCAGCCCCGGGC_1,9,1,3,4,6,2,0,1,9,5
CCCCTGCGAAAC_1,9,1,3,4,6,2,1,7,9,5
CGGAGTCGTCCT_1,0,3,7,5,4,8,4,6,5,2
CGGAGTCGTCGA_1,0,3,7,5,4,8,4,6,5,2
TAAGAAGGTATC_1,9,1,3,9,6,2,9,1,1,5
GGGCCCCGGGCG_1,7,1,3,8,1,2,0,7,9,5
TGCGGGGGGACA_1,9,6,3,4,6,2,0,1,9,5
ATATCGATCAAG_1,9,5,1,2,6,2,7,1,9,5
CGGAGTCGTCCA_1,0,3,7,5,4,8,4,6,5,2
ATAATTTTCCCT_1,9,1,3,4,6,2,1,1,1,5
GCTCCCTGCAAT_1,7,1,1,5,6,2,0,9,9,5
AATCTGGACCCT_1,9,6,3,8,6,2,9,1,1,5
CGGAGTCGTCAC_1,0,3,7,5,4,8,4,6,5,2
CACAATTCTATG_1,1,1,3,4,2,2,6,4,1,5
GGTGGATCGGCT_1,2,3,4,5,6,2,0,2,4,9
CGGAGTCGTCTT_1,0,3,7,5,4,8,4,6,5,2
CACCGAATAACT_1,9,3,3,4,6,2,0,7,9,0
CCCCTGCGAAAA_1,2,6,0,4,6,2,1,7,9,0
GGGAGGGGAAGA_1,0,3,1,5,4,8,4,6,5,2
CGGAGTCGTCAA_1,0,3,7,5,4,8,4,6,5,2
AATAGAAAAGTG_1,9,1,4,4,9,2,1,1,9,5
GGGAGGGGAAGT_1,0,5,1,5,4,8,4,6,5,0
AGCCTCAGATGT_1,9,4,3,9,6,0,1,1,9,5
ATTCACTCTGCC_1,1,8,3,4,6,6,6,3,1,5
CGGAGTCGTCTC_1,0,3,7,5,4,8,4,6,5,2
CACCGAATAACG_1,9,4,3,4,1,2,0,7,4,0
GCTCGCAGTGGC_1,1,2,1,9,1,3,6,7,2,1
GGTGGATCGGCG_1,2,3,4,5,6,2,0,2,4,0
GGTGGATCGGCC_1,2,3,4,5,6,2,0,2,4,0
CACCGAATAACC_1,2,3,1,4,6,2,0,7,4,0
CGGAGTCGTCTA_1,0,3,7,5,4,8,4,6,5,2
GGGAGGGGAAGC_1,0,3,1,5,6,8,4,6,5,2
ATTCAGGACGAC_1,2,6,3,4,6,2,6,1,9,1
ACACACCCACTT_1,9,1,3,4,6,6,1,3,1,6
GGCTATGGCGGG_1,2,1,3,2,5,2,1,9,4,0
TGGGGGGGGGGG_1,9,1,3,9,6,2,1,1,9,5
GGTGGATCGGCA_1,2,3,4,5,6,2,0,7,4,0
ACAACCCATACC_1,9,1,3,4,3,0,1,1,1,5
CACCGAATAACA_1,2,4,1,3,1,2,0,7,4,9
GGCGCACACCTG_1,4,7,8,6,6,5,5,8,1,5
AAGTACTTAGGC_1,9,1,3,4,0,0,9,1,2,5
TGCTTTACGAGG_1,5,7,8,6,7,5,5,8,7,3
CGAGTGAACGCA_1,1,8,3,9,6,0,6,5,3,1
TATTAGTGATGA_1,1,1,3,0,6,3,6,1,4,5
ACCATAAAAAAG_1,5,7,8,6,7,5,5,8,7,3
TCTGGAGCGAGG_1,6,5,1,7,8,4,7,9,9,7
GGCTATGGCAGG_1,4,6,3,8,3,6,3,7,1,8
GGGCCCCGGGCA_1,7,6,0,1,5,2,9,9,4,7
CCCGGCCTTCAC_1,3,8,0,8,5,3,6,4,8,1
GGTGGATTCCAA_1,1,6,9,9,2,3,8,5,1,1
GGCTATGGCGCG_1,2,4,3,8,3,2,1,3,0,9
GGCTATGGCGGA_1,2,4,4,2,1,9,0,0,2,6
GGCGCACACCTC_1,4,7,8,6,6,5,5,8,1,3
AATCATTTGTAC_1,4,6,3,0,6,0,1,7,2,5
GACGTCCCTTCA_1,6,8,2,3,0,3,2,9,9,0
GCTGAAGCCGAG_1,1,2,9,9,6,3,6,4,9,1
CCGCGGGTCAGT_1,1,9,9,0,3,3,6,5,9,1
GGCTATGGCTGG_1,9,1,3,2,9,2,9,2,0,0
TAATACTTAGGC_1,9,9,4,0,3,6,6,1,2,5
GGGCCTTGAATT_1,2,6,0,9,9,0,1,2,9,6
GATGGGCAAAGT_1,9,8,2,8,9,3,1,0,2,4
AAGAACTGGCGC_1,9,6,3,4,6,0,3,1,1,5
CCTATTACCAAG_1,1,2,9,4,1,3,6,7,0,1
TCGGACGGCGAC_1,9,2,9,4,8,3,6,3,1,8
GGCTATGGCGCT_1,2,6,4,3,1,6,1,2,4,6
CCCGCCACGGGC_1,4,1,2,0,8,7,9,2,4,7
GGCTATGGCGGC_1,7,4,4,8,8,0,0,9,2,9
GGCTATGGCTTC_1,7,4,6,3,6,9,2,7,4,0
CCATCAATTTCG_1,1,4,9,4,2,3,6,4,3,1
GGCTATGGCGAG_1,3,6,3,2,3,6,3,7,1,8
CTCGTATACTCG_1,3,1,2,2,6,1,0,4,9,4
GGCTATGGCTCC_1,2,4,5,2,5,2,0,1,9,8
CCCATCCGCGGG_1,1,5,4,9,2,3,6,0,8,8
AATGATAGCGTC_1,8,0,8,1,3,5,8,0,6,4
GGCTATGGCTTG_1,2,4,5,8,9,2,1,9,9,9
TGTGATGAGGAG_1,3,8,3,4,0,1,9,4,1,5
CGCGTAGCTTAT_1,4,1,3,0,0,6,2,1,1,6
GGCTATGGCGGT_1,2,4,4,2,8,2,9,7,4,9
GGCGCACACCTT_1,4,7,8,6,6,5,5,8,1,3
ATGTGAGGAAAC_1,4,4,1,0,6,2,3,1,2,6
TGTGATGAGGAT_1,8,8,9,3,0,1,8,0,1,8
GGCTATGGCTTT_1,2,4,4,2,3,6,0,2,4,9
GGCTATGGCTCT_1,2,1,4,2,5,7,9,2,4,9
AACTACAGCCTC_1,2,1,3,3,6,0,1,5,2,7
GGCTATGGCCCC_1,7,4,4,3,3,6,9,5,0,0
GGCTATGGCGCA_1,2,9,4,3,8,7,2,2,4,4
GGCGCACACCTA_1,4,7,8,6,7,5,5,8,1,3
GCGGTCGTCGAA_1,1,8,9,8,0,3,6,4,2,1
GGCTATGGCGCC_1,3,4,4,8,5,6,3,2,9,9
GGGCCCCGGGCC_1,7,1,2,8,1,7,0,0,9,5
GGGCCTTGAATC_1,2,2,3,2,9,2,0,2,4,7
TTGTGAGAAAAC_1,4,4,3,0,6,6,0,9,6,6
GAGCGCAGCAAT_1,5,1,0,2,7,7,9,8,8,7
TACTACAGCCTC_1,9,6,3,0,6,6,1,5,1,5
CGTGTCGCAGAT_1,9,1,3,4,1,0,1,1,1,6
TGTGATGAGGAA_1,2,1,0,8,9,0,3,3,1,7
GGCGAGCAATGT_1,1,5,0,0,8,3,6,3,8,1
GGCTATGGCGAT_1,3,1,5,4,3,9,3,1,9,7
ACCATAAAAAAA_1,5,7,8,6,7,5,5,8,7,3
CCCGCCCAACAA_1,1,2,9,8,2,6,6,2,0,1
AAACAGGTTAAT_1,3,6,9,2,3,0,6,5,9,8
GGCTATGGCACC_1,2,9,4,2,0,9,2,2,4,9
GGCTATGGCCCT_1,7,4,5,3,9,9,3,3,2,9
GGCTATGGCTCA_1,7,6,2,3,5,2,0,2,4,9
GGGCCTTGAAGG_1,3,6,2,4,8,0,0,2,2,1
GGCTATGGCATC_1,2,9,3,3,3,6,3,2,4,7
GGCTATGGCAGC_1,2,9,4,2,9,9,3,3,2,9
GAAGGTCAACTA_1,4,1,8,2,5,7,0,2,2,5
GGCTATGGCTGA_1,3,8,4,2,1,9,2,5,2,9
GGGCCTTGAATG_1,2,2,5,3,9,0,0,2,2,0
CTTACTTCGTCT_1,7,2,2,0,0,6,6,3,9,9
GGCTATGGCATT_1,3,5,4,7,3,4,7,4,4,9
TTACAAAGTCGG_1,4,6,3,3,5,9,1,5,2,7
GGCTATGGCCCG_1,9,5,5,9,3,6,2,7,3,9
GGCTATGGCACG_1,7,2,4,8,0,9,2,9,9,0
GGCTATGGCATG_1,7,6,5,2,5,9,3,5,1,9
CGTGAGTCGTCG_1,0,3,7,5,4,8,4,6,5,2
GGGCCCCGGGCT_1,5,0,6,7,8,5,0,8,8,7
ACCATAAAAAAT_1,5,7,8,6,7,5,5,8,7,3
TGACCGCGCATT_1,3,8,4,0,2,1,8,5,0,4
GGCTATGGCGAA_1,6,9,4,3,8,9,7,2,4,0
GGCTATGGCTCG_1,6,4,6,7,3,9,7,2,4,9
CATCACACATAT_1,5,7,8,6,7,5,5,8,3,3
GGCTATGGCACT_1,2,4,5,0,0,2,9,7,8,9
CTGGGGTGACTT_1,2,8,5,9,1,3,2,9,0,1
GGCTATGGCCGC_1,2,9,4,2,1,9,9,7,4,9
AATTTCATCGTC_1,2,8,2,9,0,4,6,5,8,7
GGCTATGGCAGA_1,7,4,3,3,1,2,9,7,2,9
GCTCCGAGCGGC_1,3,6,2,1,9,1,3,9,8,6
GCAGAGTCGCGG_1,5,2,6,2,9,4,3,0,3,7
ATCGATCAGAAC_1,1,4,1,2,2,7,4,2,3,8
CAATTGATGCTT_1,1,6,9,9,2,3,6,3,3,1
GGCTATGGCCTC_1,2,6,5,3,0,2,1,2,2,9
GGCTATGGCAAG_1,4,0,5,8,0,6,2,0,2,9
GGGCCTTGAAAT_1,7,2,0,4,9,9,6,5,9,6
GACTATCATGTG_1,7,2,3,0,6,6,6,3,9,0
GGCTATGGCGTG_1,7,4,4,8,8,9,2,2,4,6
ACCGCTCCCAAA_1,3,1,6,4,1,0,9,4,0,7
GGCTATGGCGTC_1,8,6,5,0,3,0,1,0,4,9
TGATATCCAGGG_1,7,2,0,3,1,0,9,7,3,0
GGCTATGGCCTG_1,6,9,4,0,8,9,0,7,4,0
GGCTATGGCGAC_1,2,6,4,1,3,0,9,5,2,9
GGCGTAGCTATG_1,2,2,2,8,9,6,6,7,1,5
ACCATAAAAAAC_1,5,7,8,6,7,5,5,8,7,3
TCTGGAGCGAGA_1,6,1,2,7,0,4,7,9,8,8
CTGGATCTCCCG_1,4,0,9,8,8,3,6,4,0,1
GCCGCTCCCAAA_1,5,8,6,3,9,7,9,8,8,7
TCGCATCCACGC_1,3,5,0,1,9,9,7,0,8,1
CTGTCCTGGCCC_1,4,2,2,0,2,3,6,4,3,8
GATGGGCAAAGG_1,8,9,2,8,0,1,2,4,6,8
GGCTATGGCCGG_1,2,9,4,0,8,6,0,2,4,6
GGCTATGGCTAG_1,4,4,4,2,3,9,3,2,4,9
TGTGATGAGGAC_1,4,0,9,4,3,9,2,2,1,4
GGCTATGGCTGC_1,7,2,5,0,3,9,9,7,4,9
ATTTTCGCTCGC_1,1,8,0,0,2,3,6,3,3,1
TCTGGAGCGAAG_1,6,5,1,7,8,4,7,9,8,8
GGGCCTTGAACT_1,3,2,0,2,5,9,9,2,2,0
GGGGTCGCAGAT_1,7,2,6,8,5,7,9,7,4,8
GGCTATGGCCTT_1,2,4,5,2,5,9,2,2,4,9
GTAATTTTCCCT_1,4,8,0,2,1,7,0,7,2,5
TTACAAAGTCGT_1,3,6,2,4,1,0,2,5,2,0
GGCTATGGCAAT_1,2,9,4,1,0,6,9,7,0,7
AGTCCGTGCAAG_1,1,6,9,8,5,3,6,3,2,5
ACACATGTATGA_1,4,9,2,2,1,0,2,5,0,7
CCCGCTCTGCAC_1,1,7,9,0,0,3,2,4,3,1
GGGCCTTGAATA_1,2,2,0,9,1,9,0,2,9,0
ATCTTGTCCGCC_1,1,6,9,0,9,3,8,5,1,6
GGGCCTTGAAGT_1,2,4,0,9,9,9,3,2,2,0
AGGGGGGGGGGG_1,9,1,5,3,5,9,1,6,9,0
CACGCTTTCACA_1,3,6,0,8,9,1,3,3,6,4
GGGCAATCCTAC_1,3,6,5,0,8,7,0,2,4,7
TCCTGGTTCACA_1,6,5,6,7,8,4,7,0,6,8
GCTGCATTCTGC_1,1,8,1,9,2,3,6,5,8,1
GGCTATGGCACA_1,8,4,5,0,9,6,9,2,2,1
GCCCCTCTGGGA_1,1,0,2,2,9,3,6,4,8,1
GCCTACAGCCTC_1,2,4,2,4,1,6,9,9,9,4
TAAAGCCTTGCG_1,1,8,9,9,2,3,6,4,3,6
GGCTATGGCAAA_1,4,9,4,2,8,6,3,5,4,6
GGCGTAGCTATC_1,7,1,6,4,9,9,2,3,1,6
GGCTATGGCCCA_1,4,4,4,2,3,9,3,2,6,8
TCACCGCCCATC_1,8,8,0,2,0,3,2,4,0,1
CACGCTTTCACC_1,2,4,4,1,9,6,3,0,6,4
ATTAGAGACGAA_1,3,7,5,6,3,3,6,4,3,1
TCTGGAGCGAGC_1,6,5,6,7,3,4,7,9,3,8
CACGCTTTCACG_1,3,1,5,3,9,7,7,9,9,4
GGCTATGGCTTA_1,7,6,5,0,8,2,0,5,2,9
TCTGGAGCGAGT_1,6,0,2,1,9,4,7,9,1,8
CACCGTTGTAAA_1,4,0,3,8,1,3,3,9,9,6
GGCTATGGCTAT_1,2,4,4,2,1,7,7,7,4,9
GGCTATGGCTAC_1,6,9,6,1,0,9,3,9,8,9
GACCCGCGAAAC_1,7,2,0,8,8,6,6,4,0,9
GGCTATGGCGTT_1,6,6,4,3,3,6,3,0,4,9
GGCTATGGCCAG_1,2,4,6,3,0,9,2,2,4,4
CGTGAGTCGTCC_1,3,3,7,5,4,8,4,6,5,2
GGCTATGGCAAC_1,6,0,4,8,1,6,3,0,4,9
GGCTATGGCAGT_1,2,9,4,3,9,9,3,2,4,9
TACTACCGAGAA_1,4,2,9,9,3,1,6,5,3,1
CAGCCAATGGCG_1,5,0,0,0,8,3,6,4,4,1
TTACAAAGTCGA_1,7,6,6,9,1,0,1,5,1,6
CCACATGTATGC_1,7,1,3,8,8,7,2,9,0,4
GGCTATGGCTAA_1,8,6,2,8,8,7,1,0,4,9
AGCGTAGCTTAT_1,9,8,3,0,9,0,3,1,2,6
GCTCGTAACTTA_1,1,0,9,9,2,1,8,5,3,4
TGATTGGGTAAG_1,7,0,6,1,0,1,8,8,8,4
GGGCCTTGAACA_1,3,2,4,4,3,7,0,0,4,0
GGCGTAGCTATT_1,3,5,6,2,9,4,3,4,2,6
GGCGCTAGCCAT_1,1,0,9,1,2,1,8,4,3,1
TCTGGAGCGACG_1,6,5,6,7,8,4,7,9,8,8
TGCTTTACGAGC_1,5,7,8,6,7,5,5,8,7,3
GGCTATGGCTGT_1,6,5,6,2,9,4,7,9,8,4
TTATGAGGAAAC_1,7,2,0,3,0,1,9,9,1,0
TAGTACTTAAGC_1,3,0,2,2,0,6,3,9,6,4
CGCTCCAGACTG_1,1,0,9,0,2,3,6,3,0,6
GTAGATCAGAAA_1,3,2,6,1,8,1,2,9,6,4
AGCTTAATGTAT_1,8,0,4,1,3,4,2,5,8,8
ACAGAGAGTCAA_1,4,6,2,1,0,5,9,5,0,9
TGTATCGCCTTC_1,3,8,4,2,9,7,2,7,0,7
GGGCCTTGAACC_1,3,2,0,4,1,2,0,2,0,6
GGGCCTTGAAGC_1,6,4,6,7,9,7,3,2,6,0
ACAGCCACGGGC_1,4,9,0,3,1,7,9,7,0,7
GGCGTAGCTATA_1,7,0,2,8,8,1,2,9,8,6
ATAGATTGGAGT_1,3,7,8,1,7,5,8,8,6,4
GGGCCTTGAACG_1,6,2,0,7,9,9,9,5,8,6
GGGCCTTGAAGA_1,2,5,0,1,9,0,0,2,2,0
AGCTTTACACCT_1,3,0,5,9,5,1,8,4,6,6
TTGTGAAGAAAC_1,7,6,5,3,1,0,2,9,3,0
GTCCCCTTGTAT_1,3,8,2,3,8,1,2,2,2,4
CGGGGGGGGGGG_1,7,1,3,5,6,2,3,3,6,6
GCACGGCAAATT_1,4,0,5,8,8,7,0,7,0,7
GGCTATGGCCAC_1,7,4,4,8,3,9,3,9,4,9
ACAAGGAATCTT_1,8,0,5,1,3,1,7,0,6,4
TCTGGAGCGAAC_1,8,5,6,7,8,4,7,9,2,8
TCTGGAGCGATG_1,8,5,6,0,9,4,7,3,8,8
AGTATCGACTTC_1,4,6,3,8,5,0,0,7,0,7
GTGATGAGGAGG_1,8,8,9,9,3,0,8,5,2,7
GGGACTGAGCGA_1,1,8,0,3,2,3,6,3,8,1
ACTCGGCCGAGG_1,8,4,9,1,2,1,2,5,0,1
TCTGGAGCGAAT_1,6,0,6,1,8,4,7,4,6,8
TAGTACTTAGAC_1,5,6,8,3,7,1,8,8,2,3
CCAAGGGACAGA_1,5,8,9,6,7,0,8,5,3,1
CCGCCATTGAGA_1,4,0,8,6,8,1,8,5,6,1
CACGCTTCACTG_1,6,0,0,1,9,7,3,3,6,4
CGTGAGTCGTCT_1,0,3,7,6,4,8,4,6,5,2
AATATTACTAGC_1,2,0,5,0,8,6,3,4,6,9
CCCCTAACTGTA_1,7,9,2,9,1,6,2,4,1,4
GAACCCGAGGTG_1,7,9,6,8,1,7,9,9,6,4
GATGGGCAAAGA_1,8,9,2,8,8,6,2,2,0,7
GGGCCTTGAAAG_1,3,8,3,9,9,7,2,2,3,7
GACTACAGCCTT_1,4,9,9,0,8,9,3,4,2,4
TGCTTTACGAGT_1,5,7,8,6,7,5,5,8,7,3
GATGTGAAGGAT_1,3,0,2,0,8,9,2,4,8,1
GGCTATGGCCAA_1,2,9,4,8,8,9,2,2,0,0
GGAACGGGCAGT_1,8,9,0,0,9,3,6,3,3,6
TCTGGAGCGACC_1,6,5,6,7,9,9,7,7,3,8
GGCTATGGCCGA_1,7,2,5,3,3,1,6,3,0,6
GCCTGCAAGCCT_1,7,9,0,8,9,6,0,7,9,9
GGGCCTTGAAAC_1,7,2,0,3,5,7,9,0,2,0
TCTGGAGCGACT_1,6,5,6,7,3,4,7,0,8,8
GGCTATGGCATA_1,6,6,0,1,9,9,3,0,8,4
CCCGGCCTGGCT_1,1,0,0,9,2,1,6,4,3,1
TCTGGAGCGAAA_1,6,5,6,7,9,4,7,9,6,8
CTTCCTCTTTCT_1,8,8,5,3,2,7,8,0,6,4
TATAGCACTAAT_1,1,8,9,1,2,3,4,6,8,1
TTGTAAGGAAAC_1,4,4,0,0,8,9,9,5,7,4
AGCAGCCTGCCC_1,8,8,0,2,2,1,8,4,8,1
AGTGTCGCAGAT_1,4,9,3,1,9,1,3,3,6,6
TAGAGTTTCCGT_1,1,2,0,8,1,3,6,4,0,1
GGTGTCGCAGCT_1,4,9,2,1,9,7,9,2,2,7
TGAGAGCAAGGA_1,5,6,8,1,7,5,8,8,7,3
CTCCGCCAGCCC_1,8,2,8,0,2,1,8,5,3,1
GGCTATGGCCAT_1,8,8,5,3,5,7,8,4,4,7
CTCAACACCTTC_1,8,0,9,1,9,9,9,4,1,4
CATATGCGCCAT_1,1,8,5,0,2,3,6,3,3,1
TGTGTCGCAGAT_1,4,9,2,3,8,7,9,2,0,7
CCGGAGAGTCAA_1,5,9,2,1,1,7,9,9,0,7
CCAAGGTTCGCC_1,1,4,0,0,2,6,6,4,3,1
TCCTCCTCGCGT_1,3,2,0,3,0,9,9,0,8,0
TGCTTACGAGGA_1,5,7,8,6,7,5,5,5,7,3
GACTACCGCCTC_1,3,6,4,8,9,7,3,9,0,8
GATGGGCAAAGC_1,8,9,2,8,9,7,7,0,6,8
GGCTATGGCCTA_1,7,2,5,2,3,7,9,7,0,7
TCTGGAGCGATC_1,6,5,6,7,8,4,7,9,8,7
TCTGGAGCGATT_1,6,5,6,7,0,4,7,9,8,8
GCTAGCAAGTTT_1,8,0,9,2,2,1,8,0,8,4
AGGCCCCGCGGC_1,8,0,9,1,2,1,3,0,8,7
TAAAGCCTTGCC_1,1,8,9,9,3,3,3,4,3,1
CGCCCTGCCTAG_1,8,7,6,2,2,4,2,4,8,8
ACGGAGAGTTAA_1,4,0,9,6,5,1,8,5,7,4
ATGGAGAGTCAA_1,8,9,2,3,9,0,9,9,3,9
GGTCTCGCAGAT_1,3,2,5,1,0,9,3,2,9,4
TGCCAATTAGGG_1,1,0,0,1,2,1,8,4,8,1
ACCGAGAGTCAA_1,8,9,2,9,3,7,8,0,2,4
AAAAATCCCAAC_1,1,8,0,9,2,0,3,7,3,1
TCTGGAGCGACA_1,6,5,6,7,8,4,7,9,8,8
CCCCTAACTATG_1,4,6,5,8,2,3,3,0,8,1
CACGCTTCACTC_1,8,4,6,3,3,7,8,0,6,8
ACAGGATGGGTC_1,8,4,5,2,3,1,2,0,2,8
CCAAATGACAAC_1,4,6,9,0,0,1,3,3,1,6
CAATCTTTTCCA_1,6,9,4,1,3,5,9,0,0,4
CCCCTTTGAGCC_1,8,0,5,1,3,1,8,0,6,4
TGATATCCAGGA_1,7,2,2,3,8,9,9,7,0,4
GAGAATCTAGGC_1,3,2,5,3,0,1,9,4,0,9
CCAGCCACGGCC_1,8,5,6,7,0,4,2,9,6,8
TAAAGCCTTGCA_1,1,8,9,9,2,3,3,9,3,1
GGCTATGGCGTA_1,7,2,0,8,5,7,9,0,4,7
GACTACACCCTC_1,4,9,9,0,8,7,3,5,0,4
TAGCGAATTGTC_1,3,0,9,9,2,1,6,4,1,1
CACCATTGTGAA_1,4,9,0,0,8,6,8,0,4,7
ATACAGTGTAGT_1,1,8,5,1,2,3,6,3,8,1
TTAATTTTCCTT_1,7,6,5,3,5,7,0,0,2,4
CACCGTTATGAA_1,4,9,5,0,2,1,6,3,2,1
AAGCCCTTCTAT_1,6,5,1,2,2,3,4,6,8,1
CACGCTTCACTA_1,6,8,6,1,9,4,8,9,6,4
TACCCTTGCGCG_1,1,0,9,0,8,3,8,7,0,1
AAGCGCAACAAT_1,6,2,6,2,8,4,7,9,8,9
CACGCTTCACTT_1,8,4,2,1,9,1,2,9,3,4
TGGAAGGCGGTA_1,5,6,0,9,0,4,2,9,8,4
TACTTACTCCAA_1,8,0,9,9,2,1,8,0,3,1
TACTATCCGCCA_1,8,0,6,1,2,1,8,0,8,4
AAGCCCTTCTAG_1,6,5,1,7,2,4,4,9,8,1
CAATCTATTCCA_1,3,0,9,9,5,1,2,2,6,7
GAGGCGATTGTG_1,3,7,9,6,5,1,8,5,7,1
CGTAAGCGCTCG_1,4,5,1,7,0,9,3,9,3,8
GGGCCTTGAAAA_1,3,2,6,2,9,7,3,2,2,7
CAAAAATTGCAT_1,3,9,2,2,8,9,2,4,6,4
TCAATATTCCAG_1,4,9,6,1,2,9,3,0,8,4
CCACATCTATGA_1,3,9,5,1,9,1,3,0,0,7
GGCTATGGCCGT_1,6,5,4,2,8,4,3,9,8,8
TGCGTAGCTTAT_1,1,0,5,1,9,0,8,5,2,6
ACGCAGAGTCAA_1,2,2,6,2,0,7,2,5,0,7
ATATTGATCTTC_1,8,0,8,1,2,1,8,0,8,4
CATCAGGTGATC_1,3,0,9,3,2,1,8,4,3,1
AACAATTTGGCA_1,1,0,9,1,2,3,8,5,8,1
GCGCCCCGAACT_1,8,0,6,1,2,1,8,0,8,4
AAGCCCTTCTAC_1,7,5,1,7,2,9,6,5,8,0
CACCGTTGGAAT_1,6,6,5,8,0,1,2,5,3,6
TGCTTACGAGAG_1,5,7,8,6,7,5,5,8,7,3
ATTCACGCGCAT_1,3,2,2,6,2,1,2,0,0,4
GGCGTAGTTTAT_1,3,9,5,2,3,3,8,0,8,7
CTTACCATAGAG_1,7,8,6,2,8,9,2,5,6,7
TACTACTTAGGC_1,3,0,8,6,7,5,2,5,6,7
CCCGCTCCCAAC_1,4,0,2,3,8,1,2,9,6,4
GGTGTCACAGAT_1,2,6,9,0,8,1,8,4,6,6
TGATATCCAGGT_1,8,0,6,1,1,7,9,7,0,7
TCGGCACCCAGC_1,6,8,0,1,0,1,2,0,8,4
TAAAGCCTTGCT_1,1,8,9,9,0,4,3,3,3,1
TCACCATTCCTC_1,8,0,0,1,2,1,8,4,8,4
TCAAGATGGGTC_1,8,4,5,3,8,1,8,0,6,4
AGTCCCAAGTCC_1,8,0,2,2,2,3,8,4,3,7
TGATATCCAGAG_1,7,2,0,1,8,9,2,0,3,7
CCACATGTATGT_1,8,5,5,1,3,9,7,9,8,7
TACATTTGTACG_1,6,0,6,1,8,4,8,9,8,6
TGATATCCAGGC_1,8,8,2,3,8,0,2,9,2,7
ACGGAGACTCAA_1,4,0,0,1,0,1,9,7,0,6
CCGACGCCTATT_1,4,5,5,1,8,3,8,5,6,8
CTGATACGGCCG_1,5,7,8,6,7,5,5,8,7,3
TCTGGAGCGATA_1,6,5,6,7,8,4,7,5,6,8
AGAGTGAGCCGA_1,1,0,9,9,2,1,8,4,0,1
TGTGTGAGGGAG_1,3,6,5,2,7,1,3,5,0,7
CACCATAAAAAA_1,5,7,8,6,7,5,5,8,7,3
CTAGAGACGAGC_1,8,9,6,3,2,4,8,4,0,1
AGACTGTATAGC_1,8,0,2,3,2,1,8,0,3,4
TATGAATTAAAA_1,1,2,6,3,2,3,6,4,8,1
TACATTTGTACC_1,4,4,2,3,0,1,2,5,3,4
CGCACCATAAAT_1,6,8,6,7,0,4,2,9,3,4
GGAATTCCACGT_1,7,0,6,1,2,1,8,4,8,4
TGCACCTAAAAT_1,1,2,1,1,2,3,6,4,8,1
GGTGTCGCACAT_1,7,4,6,1,9,1,3,7,6,4
GGTGTCCCAGAT_1,6,0,2,3,9,4,3,0,8,9
GTAATAGGAAGG_1,1,2,1,9,2,3,6,4,8,1
TAGCCGCGAGTC_1,8,9,6,1,2,4,8,0,6,1
ACGGAGAATCAA_1,8,4,5,1,2,9,3,0,8,7
GAAGCCTTGAGT_1,8,0,5,1,2,1,8,0,6,4
TCCGCTCCCAAA_1,5,9,2,3,0,1,2,9,8,4
GCCCTAATCAAG_1,8,0,5,1,3,7,8,0,0,9
CCCGCTTTCGGT_1,8,0,8,1,2,1,8,0,8,4
GACTACAGCTTC_1,3,9,4,0,9,4,9,4,0,9
