,0,1,2,3,4,5,6,7,8,9
TTTCTATTACAC_5,4,2,2,6,0,4,4,1,6,7
ACCATTAGCGGA_5,7,8,6,9,2,4,2,3,3,6
TCCGCCTGCGAA_5,7,5,6,2,9,2,2,3,5,8
ATCCCATGATAA_5,7,0,6,2,5,2,2,3,6,7
CTAACGTCCTAC_5,4,1,4,2,2,3,2,3,1,4
ATGTTATTAGGT_5,6,0,6,9,2,3,5,9,0,7
AGATACAAGCCA_5,4,5,6,5,2,4,2,5,5,7
TGCAGTCGCGGG_5,4,9,0,1,0,2,6,2,3,7
TGGGGACGCGTG_5,6,0,0,2,0,2,6,2,0,7
ACGGCCCGGCGA_5,1,0,1,0,9,9,2,1,0,8
GTCGCGGCAGAG_5,6,5,6,5,0,6,6,5,6,7
CTATATGGCAGA_5,6,9,8,2,0,8,6,9,0,5
GTAGTGTCTGAC_5,7,8,7,9,2,1,7,4,3,6
AGTCACATGGAC_5,7,0,8,5,7,2,3,1,3,4
GCCCGCTCTGCG_5,6,9,0,1,0,3,6,9,0,7
CAGACCTTCAAT_5,7,5,1,5,7,4,3,1,6,0
AGCCCTAAATGT_5,4,9,0,6,1,3,2,9,0,7
TTAAAGAGTATT_5,6,0,0,1,9,2,6,9,0,7
GAGGTTAAGGAA_5,6,0,6,2,0,3,6,2,6,5
ACCAAAGTGCGG_5,4,0,0,1,0,1,2,9,5,7
GGAACAGTCATT_5,4,8,6,2,0,0,2,9,8,7
AGCCCGACCTTA_5,1,6,9,1,7,1,6,1,6,9
TCGAATAGCTTA_5,7,8,2,9,2,8,6,3,6,7
ATGTTATTAGGC_5,6,8,8,2,2,3,2,9,5,7
CGGATTGTCCCA_5,5,0,6,3,2,8,2,0,8,0
CATAACAGGAGA_5,7,6,6,9,0,6,3,9,6,8
CAGGGCAGCCGT_5,7,8,8,1,2,2,3,9,9,7
TCCAACCGGTCG_5,6,0,0,1,9,2,6,2,5,8
AGCAATGCAGCC_5,8,7,5,8,8,5,9,7,7,2
CGAGCGACTAAT_5,7,3,0,9,2,4,2,2,2,6
CATCACGTATGC_5,4,3,8,7,9,3,2,9,1,1
TACGGGTCCCGA_5,7,0,9,5,0,2,2,8,6,7
GAAACTCCTAAA_5,4,8,4,2,2,3,1,3,1,5
TTTTCGCGAATC_5,4,2,6,1,2,3,6,9,0,7
GTCCATATAAGT_5,4,8,6,2,9,3,2,8,4,4
ACCAAAGTGCGC_5,6,9,0,9,0,1,6,9,0,7
TCTATATTCTAA_5,5,0,8,9,2,3,2,6,6,1
GACGATCGCGCA_5,6,0,0,1,0,8,6,9,0,7
ACTGCGAGCAAG_5,4,9,6,2,9,3,6,5,0,7
GGACCACGCCAC_5,7,6,9,9,9,6,6,2,8,7
GACGGCCCTCAA_5,1,0,9,0,7,8,3,1,8,3
GCCACGTTCGGT_5,5,8,8,1,2,8,8,4,6,7
CCACTGCCCATT_5,4,6,2,2,9,7,2,6,1,5
TCCAACCGGTCC_5,6,9,0,1,0,2,6,2,5,7
GGACCACGCCAA_5,6,6,6,9,2,1,6,9,0,4
CAACAGGCAGAG_5,4,4,7,1,5,6,7,1,9,3
CTTGCCGACTAA_5,7,2,8,9,6,3,2,3,6,7
TTGGCTTGTCAG_5,5,4,1,0,7,4,4,5,6,6
TTAAAGCGGGTC_5,7,3,2,6,4,9,3,3,9,0
CCCGTATTATCC_5,1,6,1,9,7,4,2,5,8,9
GCTTACGGCAGA_5,9,0,8,6,7,9,5,8,0,4
TCCAACCGGTCT_5,6,9,0,1,0,8,8,2,0,8
GGTTACAGACGC_5,7,9,4,2,9,3,5,8,1,4
CCTCCCTCGTCA_5,7,6,2,5,7,4,4,1,3,3
ACGAATAATCGC_5,7,8,6,9,2,6,2,5,9,7
GAGGCCATACAA_5,4,9,6,2,6,3,6,6,1,4
CAGTCGCAAAGC_5,4,0,1,9,7,6,6,5,6,3
TCTCAACAACGG_5,4,6,6,9,0,2,6,5,9,7
AGTGCTCGGTTT_5,4,3,2,9,9,8,6,8,5,0
GGAGCGCCTTCC_5,4,9,8,6,6,9,1,6,1,5
CTTACTCGTATG_5,7,6,7,9,2,3,7,3,3,4
GACCCTTCATTT_5,7,5,1,5,7,4,3,1,8,0
GAACGCCGCTGT_5,2,0,9,3,7,2,4,8,9,3
AGATAGGAAGCG_5,4,9,0,1,2,9,6,9,0,7
AGGACCATTCTG_5,5,9,8,9,2,4,7,3,8,3
GCGAGGAATTCG_5,6,9,6,1,0,2,2,5,6,7
ACGTGTTACTAT_5,7,3,7,5,6,8,2,3,3,4
AGCGTGGAGCTG_5,6,9,0,1,9,3,5,2,0,7
TTGCCGATCCCT_5,6,9,8,1,9,8,2,9,0,7
AACCGACATAGA_5,8,7,5,8,8,5,9,7,7,2
ACTGCGAGCAAT_5,4,9,8,2,2,3,6,9,0,7
AGGACCATTCTC_5,4,8,7,9,2,6,7,3,3,3
ACTGCGAGCAAC_5,7,9,8,9,2,3,6,2,0,7
TCCAACCGGTCA_5,6,2,9,1,0,8,6,9,5,8
GCCCCCGACTGG_5,2,3,7,1,5,1,3,4,6,3
AACAATTTACTT_5,9,5,1,5,7,4,4,1,8,0
AATATACTAAAG_5,7,4,6,5,2,1,7,3,3,4
AGATAGGAAGCC_5,6,9,0,1,2,3,6,9,0,7
ACTCAAGCGCCG_5,4,0,2,9,9,2,7,2,6,6
CACTCAAAGCAC_5,5,8,7,1,9,4,6,5,9,3
AATAACCCCCCG_5,1,0,9,5,3,4,3,1,4,7
GACGATCGCGGC_5,4,6,0,1,1,9,6,9,0,8
GTCGCGGCAGAA_5,6,6,9,7,2,6,2,9,3,7
GTCGCGGCAGAC_5,7,5,6,7,2,3,6,2,6,0
CCGGCCCGCGAG_5,7,3,7,5,2,3,3,3,6,3
GGTAGACGTATA_5,5,3,2,9,9,8,2,3,9,1
TTGAGTAAGGGG_5,7,4,7,9,2,3,2,5,9,7
CATACCGTCTTA_5,3,5,1,0,7,4,4,1,2,9
TGCAGTCGCGGA_5,6,4,0,1,0,1,6,2,5,8
TTAGTGACCAAT_5,5,6,8,2,9,8,7,3,6,0
TGCCCATCCTAG_5,6,8,6,5,2,3,0,9,5,4
AATATACTAAAT_5,4,4,7,5,0,3,2,3,6,3
TCGAAAACTACG_5,7,5,1,5,2,8,4,1,3,0
TACTCAACGTCT_5,4,5,1,5,9,6,4,1,6,0
CTGTTCTGGTAT_5,1,0,1,5,7,2,3,1,6,0
AGGACCATTCTA_5,4,8,6,5,7,8,6,3,6,6
ATGAGGATGCTT_5,4,8,8,4,6,7,1,3,1,5
GACACGGCCAGG_5,4,9,8,9,2,2,3,8,8,0
AGTAAGTGCAGT_5,6,2,9,2,9,0,1,9,5,5
CGCCACATGGCA_5,0,4,7,9,5,4,3,6,6,3
AGATAGGAAGCA_5,4,2,0,1,2,3,6,9,0,7
ACCCGGCTCAGC_5,9,9,2,2,0,3,1,9,5,4
CTTGTCGGGTGC_5,0,9,8,6,9,6,0,3,8,7
TCCCCGCGCCGT_5,2,0,1,5,7,2,3,8,3,9
GGCGCTTTAATA_5,7,8,1,5,7,2,6,5,3,4
GGACCACGCCAT_5,4,9,2,1,0,9,6,2,5,8
TGCAGTCGCGGC_5,6,9,0,2,9,8,6,2,6,7
GCCAAGTTGGTC_5,7,8,6,2,6,7,7,4,3,3
AACGCGCCGTTC_5,4,9,6,2,9,3,1,5,3,7
TTGTGGAATAGC_5,1,1,6,2,7,6,8,1,3,5
TTGCCGATCCCC_5,6,9,0,1,0,9,6,2,0,7
TTAATATCCTTT_5,7,3,6,9,2,6,2,5,6,4
ATTCGCCGAAAT_5,4,4,7,9,2,2,3,5,6,4
AATATACTAAAC_5,4,4,7,9,2,3,2,5,3,3
TTCACACAGGCA_5,7,8,8,4,0,3,7,3,6,1
TTGCCGATCCCG_5,6,0,0,5,2,8,6,2,0,7
TGCATTAAAGAT_5,2,4,7,5,5,2,7,4,6,6
AGATAGGAAGCT_5,6,2,0,1,2,3,6,9,0,8
CACGGCTTAGCT_5,2,8,1,5,9,2,3,1,3,4
GAGGATTCTGGC_5,5,4,7,1,5,1,2,4,6,6
TGCCCATCCTAC_5,4,8,8,5,9,2,8,8,1,7
TGCCCATCCTAT_5,4,0,6,1,0,9,2,6,5,4
CCCGAGCGGCGT_5,6,2,1,2,9,6,1,6,8,8
CCGATTCATCCA_5,9,0,6,6,2,3,6,2,6,4
TCACAGAGGACG_5,7,2,9,1,0,3,2,2,6,8
CCGACTTGTAAT_5,6,2,0,1,9,2,6,2,5,8
AACGCCCTCAGC_5,1,8,6,9,2,8,7,2,3,0
CTAAACACCCCC_5,3,5,1,5,7,4,4,1,2,9
ACTGCGAGCAAA_5,5,9,8,9,9,3,2,3,0,7
ACCAAAGTGCGA_5,6,9,0,1,0,2,6,9,5,8
TATATCGAAGAT_5,7,2,0,1,2,2,8,2,0,7
CTAGCGTTTCGC_5,8,7,5,8,8,5,9,7,7,2
GTATAGCGCTCT_5,5,9,9,3,3,8,2,2,9,7
ACCAACATCAGC_5,6,9,0,1,2,3,2,9,0,8
ATACAGACCGCA_5,0,8,4,4,4,7,0,6,1,5
GGCGTACTGCTC_5,2,4,9,0,1,6,8,8,5,9
TTTCGGGTTCTG_5,2,8,7,5,5,8,3,4,3,6
GCTCTGCAGGCG_5,6,6,2,9,4,3,6,3,0,7
AGCGTGGAGCTT_5,6,2,0,9,1,3,6,2,5,7
GTCCTGTTCTTC_5,4,2,2,2,4,0,0,6,1,4
ATAAGCGTAAAT_5,1,2,2,5,9,8,5,9,8,4
ACTCTTTAGCCC_5,9,6,6,6,1,2,0,3,5,7
TCAAGACGAAGT_5,7,5,1,3,1,4,3,3,3,3
CTTTTTCCTCGG_5,5,4,7,3,5,1,7,4,6,6
AACGCGCCGTTT_5,7,0,2,2,0,2,1,5,8,1
TTAGTTCAGAAC_5,1,5,9,0,3,4,6,1,6,0
AGCGTGGAGCTC_5,6,2,8,1,1,9,6,6,0,7
CAAGGGCCTTAG_5,9,1,4,6,0,0,6,6,0,4
AGCCAACGCTCT_5,9,2,6,9,9,8,4,2,5,8
GTCGCGGCAGAT_5,6,6,5,7,2,8,2,2,5,7
ATTCGCCGAAAG_5,4,4,6,7,0,6,8,2,9,1
AGGACCATTCTT_5,7,3,9,3,7,6,2,3,3,3
GTTCCCGTGCAA_5,2,4,7,3,5,1,8,4,3,6
GCCCGTCAGTCC_5,3,5,5,1,4,5,9,8,2,9
AGCGTGGAGCTA_5,4,2,0,1,9,2,8,2,5,7
AGCCAACGCTCC_5,7,5,6,5,1,4,6,1,9,0
GCGGGTCAGTTG_5,3,5,5,5,7,2,4,1,2,9
CAGCCGCCTCCG_5,5,0,1,5,3,2,3,1,8,9
AGGAGAAGTTGG_5,4,6,6,6,1,4,1,8,9,4
TCAGACCCCCGC_5,9,6,0,6,4,9,2,9,0,8
TGTCAGTAGGCA_5,7,1,2,3,1,0,7,0,3,3
TCGCAATATACG_5,1,5,6,1,2,9,3,1,8,9
GTAATTCATTGG_5,1,0,9,5,9,6,4,0,6,7
ACCAAAGTGCGT_5,6,9,9,1,1,9,8,4,0,8
ATTCGCCGAAAC_5,2,3,8,9,2,2,3,3,4,7
CCCCAACTCTTG_5,9,1,4,6,0,6,8,0,1,4
TACATACATCAT_5,4,4,7,3,5,6,3,1,3,6
GTTTCCCAGATA_5,9,6,8,6,6,7,2,0,1,5
TGCCCATCCTAA_5,6,6,0,2,9,9,8,5,5,4
GTAGTAATCTCT_5,5,0,2,1,0,9,6,3,8,8
CCCACCAAGTTC_5,5,4,7,3,5,1,3,4,9,6
AGCCAACGCTCG_5,2,5,9,5,9,4,4,2,3,0
TGAATCAGGACG_5,9,9,6,2,1,3,3,3,3,7
CGTGTCAGGACG_5,6,4,0,1,0,1,8,2,0,7
GTTAGTATTCTG_5,2,1,8,3,1,8,3,1,3,1
TCACAGAGGACC_5,7,8,6,9,2,0,6,2,5,7
GTCACCGTACGG_5,8,7,5,8,8,5,9,7,7,2
TTAACCGCGGTA_5,2,0,0,1,9,2,6,2,6,0
TGAATTAGGTGG_5,4,8,2,5,1,6,4,2,3,0
GACCACATTGTA_5,8,7,5,8,8,5,9,7,7,2
TACGTATAGGAG_5,4,6,8,9,0,3,2,3,4,1
CGCGTACAGCAG_5,5,4,9,1,5,2,8,4,3,6
CGACCAGACGCT_5,5,0,6,9,5,1,0,2,6,6
CGGGCGCAGGTG_5,2,4,7,9,2,6,3,4,3,3
TGCCACAAGGCG_5,7,2,2,3,5,2,8,1,6,4
TAGTGGTGGCAT_5,5,3,7,9,5,1,8,5,3,3
TCACTTGGATCG_5,4,0,1,9,3,2,8,6,6,3
ATATTGCAGCGC_5,6,2,6,2,1,4,2,2,5,1
AACGCGCCGTTG_5,4,0,2,2,4,3,5,5,6,1
CCTGTCAACGCC_5,2,0,8,5,1,4,3,1,2,6
TTGCCGATCCCA_5,4,0,0,1,9,8,6,2,0,1
ACTAGAAAACCG_5,9,9,2,1,0,2,6,9,9,6
TTGAGTAAGGGA_5,2,9,6,9,2,3,6,5,6,6
CCGCCTCCAGGA_5,0,1,3,2,6,9,0,6,1,4
ACAGCTCCGTCG_5,3,2,1,0,7,4,4,1,2,9
AACGCGCCGTTA_5,4,0,2,7,0,6,1,5,6,8
TCACAGAGGACA_5,4,6,9,9,9,8,2,9,5,7
AGCGCCTCCCAC_5,5,8,8,3,0,1,3,6,0,3
TACGTTATTGCG_5,2,4,7,5,5,1,8,0,3,6
GCCGTTGGAGGG_5,4,3,2,1,0,9,1,9,0,7
ACGACCGAACAG_5,5,8,7,9,9,8,7,2,6,8
GAAGTCAGGATT_5,9,8,9,2,9,8,0,6,1,5
GTTCAGATCTAC_5,4,1,9,5,0,8,8,1,5,7
GTACCGCCCATG_5,0,3,8,5,6,3,7,6,1,4
ATATTGCAGCGG_5,4,2,6,1,0,3,2,5,5,8
TCAGAAATGCGT_5,9,6,8,6,0,0,1,2,0,8
AATATACTAAAA_5,1,0,9,1,4,2,2,3,3,7
GATCGTTTGAGT_5,7,3,4,7,1,8,5,6,3,4
ACCCAGGTTGGT_5,1,2,2,3,7,4,8,8,2,9
TGCAGTCGCGGT_5,4,4,0,1,1,2,6,2,9,6
CAATCCAAGGGT_5,0,1,4,2,6,9,1,6,1,4
GCGCATTACGTC_5,4,4,6,3,9,1,8,2,6,7
TGAATCAGGACC_5,7,2,6,9,2,9,0,0,8,8
CGCGTACAGCAT_5,2,3,6,3,3,2,7,4,3,6
AAGACCCGCCTT_5,0,1,8,5,6,7,0,3,1,5
AAACACGCCCGA_5,9,6,3,2,4,8,0,8,8,8
TTGGCATGCAGC_5,2,4,4,9,4,7,8,2,3,3
CAAGTCGAGACA_5,5,5,1,0,3,6,4,1,5,9
TCTCCAGACCCG_5,0,1,4,7,6,3,0,5,1,5
AGCCAACGCTCA_5,7,6,1,7,9,6,4,5,6,7
GGAGATACTTAG_5,3,5,8,0,9,0,5,8,2,9
TTTAAGGATAAG_5,5,8,7,5,3,1,3,4,3,3
ATTAGTGATACC_5,5,8,2,1,3,6,3,4,9,8
CTAACTTGGGAC_5,2,0,9,7,3,2,8,2,9,7
CGACCTCCAGTG_5,4,9,8,9,4,7,5,4,6,1
ATCGAAGGGAAG_5,9,6,6,1,7,8,2,8,0,0
CAGAAAAACCAT_5,0,1,2,4,6,3,5,3,1,4
TCGCAATATACA_5,9,2,6,5,0,9,1,2,5,4
CGTGTCAGGACC_5,6,9,0,1,5,1,8,4,0,6
TGTTGCCGGCCA_5,1,2,8,2,1,9,1,8,5,5
CTTAACACCGCT_5,0,8,8,2,2,6,7,5,4,0
CGCCCCAGTACG_5,1,0,1,0,9,2,4,1,6,0
TAGATACTTAGG_5,7,6,8,2,1,8,2,2,5,7
TGAATCAGGACA_5,4,2,2,9,2,6,8,2,3,4
ATCGAAGGGAAT_5,9,2,1,5,1,0,8,2,6,8
AGGACTGACAGC_5,2,2,2,5,7,4,4,1,3,9
TGAGCACCGTCT_5,0,1,4,4,6,3,1,6,1,4
ACGAAAAGTCTG_5,1,0,6,9,2,9,2,9,0,7
GCGAAGCTGCTA_5,1,6,1,3,3,4,8,2,6,9
CGGCATTGGACA_5,2,1,7,3,3,1,7,4,6,6
CCGACTTTAGGA_5,6,9,9,7,0,8,6,9,0,7
AGCAATTCAATG_5,7,3,4,3,4,8,3,1,1,0
TGAATCTATAAA_5,4,9,8,2,9,3,5,9,0,7
AGGCAATTTCTC_5,4,1,6,2,0,9,1,3,1,4
TGTAGTGCCAGA_5,9,5,1,9,2,3,1,1,8,0
TCACAGAGGACT_5,4,6,9,5,6,3,2,9,5,7
AACCACTAGAGC_5,0,8,8,6,4,0,1,6,1,5
AGACCCAGTTTA_5,4,8,9,2,0,0,2,5,1,5
CCAGCTAACCGG_5,7,1,1,3,1,2,4,1,2,0
GGGACCAACCGA_5,1,8,2,3,3,1,4,1,2,3
GTACCGCCCATC_5,0,3,4,7,9,9,3,6,8,5
ATGGATATTGCG_5,8,7,5,8,8,5,9,7,7,2
ATTCGCCGAAAA_5,7,3,7,9,2,3,7,3,6,4
CTCGGTCAATAG_5,5,1,6,4,5,7,3,6,4,1
GGACAGCGCGAA_5,9,1,2,4,1,8,0,6,1,1
ATTATTTACCGT_5,7,8,2,7,2,8,3,3,6,1
ATACCGTTCGGA_5,8,7,5,8,8,5,9,7,7,2
TTCTCAATCACT_5,9,3,3,5,7,2,4,8,3,0
GGTGTCCGCGAT_5,1,3,4,7,3,8,4,0,5,0
TTGAGTAAGGGC_5,7,8,2,2,2,1,2,4,9,6
ATGGATATTGCC_5,8,7,5,8,8,5,9,7,7,2
CGAACTTAAGAA_5,2,4,7,9,5,1,7,4,3,3
TTCTCAATCACG_5,5,5,1,6,3,4,2,8,5,0
AAGCATGCTGAC_5,9,8,8,7,1,8,7,0,9,5
CTCCTAACTAAG_5,3,5,1,6,7,8,4,8,2,9
ACCCCGTTGCAG_5,2,5,1,0,3,4,3,1,2,0
ATTATTTACCGC_5,6,9,2,3,2,9,8,0,9,8
AGCAATTCAATC_5,5,3,7,9,5,0,7,4,4,3
AGGCCAATAAAA_5,4,0,0,6,0,9,6,2,0,8
GTTCTGTACGAC_5,0,8,8,6,4,3,1,8,8,5
TGAATCAGGACT_5,9,8,3,2,0,3,2,8,5,7
CGCGTACAGCAC_5,5,4,2,3,5,1,3,4,3,3
AAAGATTAGCCT_5,1,4,8,3,9,0,7,1,6,7
TCCCGCCTCCGT_5,4,8,2,6,4,0,3,8,4,1
CATCATTGTTGA_5,1,8,6,6,2,0,1,0,5,0
CACGGGTTACAT_5,5,5,1,5,7,8,3,1,2,0
CGTGTCAGGACA_5,6,9,0,3,9,1,8,2,5,7
TGTCGCACAAAT_5,5,6,2,6,9,3,5,6,0,5
ATTGCTAGGCGC_5,4,3,3,2,6,9,0,3,1,4
GGACCGTTCGGC_5,2,2,2,7,1,9,6,6,0,5
ATTATTTACCGA_5,5,9,6,9,5,6,3,4,4,7
CGTGTCAGGACT_5,6,9,0,1,1,1,8,2,0,7
ATGGATATTGCT_5,8,7,5,8,8,5,9,7,7,2
TCAGCCGCCTTA_5,9,1,8,6,4,0,0,8,0,5
TGCTTAGTCCCG_5,9,3,9,2,2,7,0,3,6,8
TTCTCAATCACC_5,2,1,1,0,1,1,3,8,8,0
TCCACAGCGGAA_5,8,7,5,8,8,5,9,7,7,2
ACGAAAAGTCTT_5,6,0,6,7,0,6,2,6,5,1
CTAGTTGTGTAA_5,9,9,9,6,0,0,2,9,0,7
ATTGCTAGGCGG_5,7,8,3,4,6,0,0,8,1,4
AGAATCCTCAAC_5,1,5,6,5,3,2,8,1,6,0
CGAAGTAGCCAA_5,1,5,2,9,7,2,7,0,4,5
TGACCCCGCGGA_5,3,5,5,6,7,5,5,8,5,9
AACGTGCGGCGT_5,2,5,8,3,4,4,4,1,2,9
CGCCGACGACAA_5,6,9,0,1,0,8,2,9,0,8
TATGGCTGCAAT_5,2,1,3,4,6,7,8,8,5,8
TTGCGTAAGCAG_5,5,8,7,4,5,3,3,3,4,6
GCGGAGCCTTGA_5,5,3,3,3,1,4,3,5,8,0
CAGACGTAGTTT_5,1,2,1,0,4,8,6,1,2,9
CGAATGCTCCTT_5,0,8,4,2,6,3,0,3,1,5
GTATTGCATCCA_5,1,5,1,0,7,4,8,1,2,0
CATACATCTAAC_5,5,3,8,6,2,8,3,5,9,5
CCTCTTCCACGA_5,4,5,8,6,4,0,5,6,3,5
TGTAAGACCACA_5,1,6,1,5,7,2,8,8,2,0
TTTAAATGATTG_5,1,8,7,3,5,6,3,4,6,3
GCCCTTTCATCT_5,2,4,7,9,2,6,7,4,9,6
GGCTCCGGCAGG_5,4,9,0,2,9,9,8,2,0,7
ACGGAGGCCGAT_5,9,9,8,6,6,7,1,0,1,4
AAAGATTAGCCG_5,2,3,8,2,4,8,3,3,8,0
ATTGCAACCCTT_5,7,4,7,3,5,4,8,1,6,3
CACTCCGCCTCC_5,2,5,1,9,3,7,8,8,8,4
GCAAATTCATTA_5,1,9,6,2,4,9,1,6,5,8
TTCTCAATCACA_5,1,2,9,3,0,8,4,0,8,0
ATGGATATTGCA_5,8,7,5,8,8,5,9,7,7,2
GGGACGATAGTC_5,8,7,5,8,8,5,9,7,7,2
GCCGTTGGAGGA_5,4,6,8,7,1,7,6,9,5,5
AATGTGCGACAA_5,2,2,2,6,1,0,1,8,1,3
GCCCTTTCATCG_5,2,1,7,7,1,1,7,4,3,4
TGACAGAAGATA_5,5,4,7,1,5,1,3,4,3,6
GAAGACTACCCG_5,0,6,4,6,9,7,0,6,1,4
GCGGGCTAAGAA_5,9,4,3,3,1,4,3,5,6,0
GTACCGCCCATT_5,7,3,4,9,6,3,2,6,4,5
CAACCTACGTAT_5,8,7,5,8,8,5,9,3,7,2
GTACCGCCCATA_5,0,3,4,5,0,0,7,3,1,4
CAAGCTCATAGG_5,9,1,2,2,1,6,7,6,3,1
ATCGAAGGGAAC_5,1,6,1,0,9,7,8,8,8,6
TACGGGTCCGTC_5,5,0,4,3,5,8,8,0,2,9
GAATTCGTACTG_5,2,4,7,3,5,1,7,4,9,3
ACGAAAAGTCTC_5,1,0,8,6,4,9,0,9,5,8
CAATCCGACGGC_5,5,5,1,0,3,2,3,4,9,0
ATCGAAGGGAAA_5,2,0,9,6,4,2,5,2,4,1
TCGCAATATAAG_5,2,4,4,3,5,1,3,4,3,6
CTTATGCGATCC_5,3,1,1,0,3,4,8,1,2,0
TGCTTAGTCCCC_5,4,1,9,7,1,0,0,2,0,4
TGCTTAGTCCCT_5,5,3,4,7,1,9,1,0,0,5
AGACTACGACCT_5,3,5,1,7,7,2,4,8,2,9
GCCCTTTCATCC_5,2,4,7,5,1,6,3,4,3,6
AAAGATTAGCCC_5,1,1,7,7,7,7,7,3,1,0
ATAACGGCCATT_5,3,5,1,0,3,4,4,1,2,9
TAGATACTTAGA_5,1,2,6,7,9,7,6,9,0,5
GCTACCCGGGAC_5,1,5,1,0,7,4,4,1,8,0
TAGCAGTCGGTA_5,4,2,8,3,4,0,1,6,8,1
CTCGAGGCTTTG_5,9,6,3,6,7,8,4,8,5,4
AGTTTTCCCCCT_5,1,5,1,0,7,1,8,8,4,9
TTTCCTCGTGCT_5,8,7,5,8,8,5,9,7,7,2
AACCCGCCTCAC_5,9,9,8,4,0,0,1,9,8,5
TCCCGGATGGCC_5,5,5,1,0,3,4,3,0,6,0
GCCTCAGCGTTG_5,9,6,2,6,1,0,5,2,5,8
TAGATACTTAGC_5,9,8,8,2,1,0,6,5,4,7
GAAAATTCTGAG_5,3,5,1,0,7,4,4,1,2,9
TCGGCCACGTGG_5,1,4,1,3,5,1,7,5,9,9
TTGCGTAAGCAT_5,2,3,7,7,5,1,7,3,4,6
ATATTGCAGCGA_5,4,0,6,3,4,9,2,9,5,7
TGAAGGCATTAT_5,3,6,1,3,7,2,4,1,2,9
ACGCCCTCAGCC_5,7,8,8,3,6,8,7,8,9,0
ACGCCCTCAGCT_5,0,8,4,7,7,7,2,5,6,7
AGCAATTCAATA_5,5,4,7,7,1,2,1,4,9,3
CTTCAAAGGAAA_5,8,7,4,4,6,5,7,3,7,2
CGTAGTCTATAC_5,1,6,1,0,3,8,4,1,6,9
ATTCATTCGATT_5,1,0,1,0,7,4,4,1,6,0
TAACTACGGTCC_5,0,1,4,4,6,7,7,0,6,1
CAGCACTCAGAC_5,0,4,3,4,8,7,7,7,1,1
TTCGAGCATTGG_5,9,6,8,4,4,7,3,6,4,0
TTTGCCTTTTAT_5,5,5,1,0,3,4,4,1,8,9
CCCGCTACAGCG_5,7,8,4,4,6,7,3,0,4,5
GGGGCACGACTG_5,2,1,3,2,4,7,0,0,1,5
ATCAAACTAGCT_5,7,3,4,4,6,0,1,6,1,5
TTACAAGAAGCC_5,0,8,4,6,0,0,0,6,5,5
TTTAAATGATTC_5,9,0,3,9,5,6,7,5,8,3
ACGGGATGAATC_5,0,1,3,4,6,3,7,3,4,5
TAGATACTTAGT_5,6,6,3,7,2,9,2,3,6,1
GATATGAAAGGA_5,2,3,9,3,5,1,4,4,2,3
ATATTGCAGCGT_5,1,2,6,3,1,2,2,0,9,1
ACGAAAAGTCTA_5,4,8,8,2,4,1,2,3,0,8
CTTGATCGTCTT_5,9,5,0,6,9,9,5,9,0,7
CAGTATTTGAGG_5,2,4,9,3,7,1,4,2,3,9
CGAAGTTGTTGG_5,5,8,9,2,2,4,7,2,8,0
GCCGTTGGAGGT_5,6,9,3,7,0,8,7,5,9,3
GAGGGTACATGT_5,2,0,0,3,1,2,5,2,3,8
TTTCCGAGCATA_5,1,2,1,0,3,1,3,1,9,9
AGCAATTCAATT_5,7,3,7,5,5,2,3,8,9,6
TCACTTGCGCCA_5,9,6,8,6,4,9,5,8,5,5
TTGCGTAAGCAC_5,2,8,7,4,5,1,3,5,4,5
CTAATAGATCAA_5,9,3,8,6,6,0,0,8,4,5
TCAGGGTAGGTT_5,2,9,8,7,2,2,6,4,0,3
TTGAGTAAGGGT_5,7,3,8,9,2,7,7,3,3,3
GCGGGGACACCA_5,9,1,3,6,1,3,1,6,1,1
GGCCGGGTGCGA_5,2,9,0,1,9,1,6,2,0,8
CCAAAGGTATGC_5,1,6,9,7,1,7,3,6,5,0
AAGTACCCCCAC_5,2,3,2,2,3,0,1,0,2,5
GTACGCCGACCC_5,7,3,3,4,9,3,0,6,1,1
AATCCGTTCACA_5,8,7,5,8,8,5,9,7,7,2
TACGCTATCCAG_5,1,3,4,6,4,0,1,8,8,4
TTTAAATGATTT_5,2,3,6,9,5,6,2,4,6,8
GCCGTTGGAGGC_5,1,3,4,7,1,7,1,2,9,6
CGCATAAGTATC_5,5,6,2,9,9,0,1,0,8,4
ACCCGTTGAACG_5,0,8,4,4,6,8,0,8,4,4
GGCGATACACGC_5,0,0,4,7,4,7,0,6,1,5
CCCAGGGTCGCG_5,2,8,9,5,1,6,5,0,8,0
GACCATTCATCA_5,0,1,4,6,4,7,5,6,8,5
GTACGTTTTGGT_5,5,8,7,7,5,1,7,5,9,3
CCTATGAGTCTT_5,9,5,8,6,4,2,5,8,5,5
ACGCCCTCAGCG_5,5,6,4,7,7,6,0,2,9,1
ACCGTACAGGCA_5,3,5,5,9,8,5,5,3,2,9
GAGTTATTAATC_5,5,5,1,5,7,6,4,5,2,9
CAGATGGTAAAT_5,6,2,9,3,0,6,6,2,5,7
AAGGACTGATAG_5,4,1,8,2,1,8,1,3,1,4
TCTAGGCTCCGT_5,9,8,1,0,7,0,8,1,3,0
ATCCATTAGTCC_5,0,1,3,4,6,3,0,3,1,5
GTAACTCGTGGG_5,6,2,0,3,1,7,5,2,0,7
GGTCTCACCGGC_5,9,3,7,9,7,1,7,4,9,3
TGCTTAGTCCCA_5,9,6,9,1,6,1,1,3,1,4
ACTACCACCGGG_5,5,4,9,9,5,1,7,4,9,3
TCGTTTCAGCAC_5,9,6,2,0,4,4,3,1,4,0
AAAGATTAGCCA_5,0,8,3,3,1,6,1,8,6,0
GCCCTTTCATCA_5,2,3,7,3,9,6,3,4,9,3
CGTGTTACAATC_5,9,5,1,0,1,2,8,1,2,0
GAATTTCGCATC_5,0,2,2,6,4,3,0,5,5,5
TCTAGGTCGTGT_5,9,1,2,6,0,2,5,6,5,5
CGACCACGGTCC_5,8,7,5,8,8,5,1,7,7,2
TCAGGGTAGGTG_5,5,4,3,9,9,6,1,8,9,6
GGAAACATAGCG_5,9,5,1,0,4,4,4,1,2,0
TCAGGGTAGGTC_5,2,3,6,3,1,8,1,4,4,3
ATCAAACTAGCC_5,0,8,6,4,6,0,7,5,9,5
GCCACACTGCTA_5,8,7,0,8,8,5,9,7,7,2
CTTACAGACTGG_5,7,8,2,7,3,6,8,5,4,3
AAACACCCACCC_5,5,3,7,3,3,1,7,5,9,3
ATTGCTAGGCGA_5,0,1,6,4,1,3,0,6,5,1
GAACTCAGAATT_5,7,3,3,4,6,3,0,5,1,5
ACTGAACCGGGG_5,5,5,8,3,3,8,6,5,4,0
GTCAACTTAGCG_5,5,3,7,9,5,4,3,4,6,3
GGATCATGCGAT_5,3,7,5,8,8,5,5,7,7,9
GTTGCACCGTCC_5,9,3,9,6,1,3,1,6,1,1
GCGACGATGCTG_5,7,8,4,7,4,7,0,0,1,5
GTTTCAGTGCGA_5,0,1,3,4,6,9,5,3,3,5
CTGCTAAGAAAT_5,7,3,4,7,6,8,7,3,4,4
CGAAGTTGTTTT_5,5,8,6,3,9,6,1,9,8,6
GATGTATCGTCA_5,4,3,6,7,1,4,1,7,1,3
GATGTATCGTCC_5,8,3,9,6,4,8,8,7,2,2
CGATAACGACCA_5,7,1,1,0,7,0,4,6,8,0
GTTCAAAGAGGC_5,7,1,4,4,6,8,0,3,1,5
GCAGGTACTGAT_5,0,6,3,6,0,7,0,6,5,1
GATTGAAGACGA_5,0,8,3,4,1,7,0,3,1,1
TAAGTCTGTCGA_5,1,0,2,0,1,7,1,1,3,0
ACCGATAAGGTC_5,1,3,4,0,4,2,8,0,3,1
GTCTGAATGTCA_5,8,7,5,8,8,5,9,3,7,2
AACGTCTTGCAT_5,7,3,7,9,5,6,7,4,3,3
ACGCCCTCAGCA_5,0,8,3,9,2,2,5,3,9,4
CCGGCCCATTGA_5,5,2,2,6,4,0,5,8,5,5
TTGCGTAAGCAA_5,2,8,4,7,1,0,1,6,9,5
CAGATGGTAAAG_5,5,9,3,1,0,7,0,2,5,8
GATGTATCGTCT_5,0,1,3,7,6,7,5,3,2,1
CGCCATCCATAG_5,9,1,3,2,9,3,2,6,1,4
TGTAAATTTTCC_5,4,1,2,6,4,2,1,8,4,5
CACCTGGAAATG_5,0,1,3,4,6,7,1,0,1,0
CGAAGTTGTTTG_5,1,9,3,3,1,8,3,4,8,6
ATCAAACTAGCA_5,0,3,6,7,6,0,7,6,4,4
ATATTCACTTCC_5,9,6,2,2,9,0,5,9,5,7
CCCATACGATCA_5,7,1,8,7,4,7,1,2,9,5
TTCGAGCATTGT_5,5,1,8,4,4,7,2,5,4,0
GGCTCCGGCACG_5,4,9,9,7,9,9,5,2,5,8
AAGACTCAGTCC_5,8,7,5,8,8,5,9,7,7,2
AGGCAGCAACTT_5,0,1,3,4,6,7,1,3,4,1
GGCATATACTGA_5,0,7,4,4,6,5,7,3,4,1
ATCAAACTAGCG_5,0,1,4,4,6,7,1,6,1,5
GTAGAACTGGTG_5,5,9,2,2,4,0,5,2,0,4
AAGGACTGATAT_5,7,3,4,7,6,7,0,2,9,1
GCCATTCATGAC_5,2,4,7,9,5,1,2,5,4,6
ACCGATAAGGTG_5,1,3,4,7,1,9,7,5,1,5
TTTAAATGATTA_5,2,4,4,7,6,1,5,8,9,5
CCTGCCCAGCAA_5,2,1,2,6,4,3,0,6,8,1
TGCGGTGTTAAT_5,0,3,4,6,6,7,5,0,1,1
GGCTCCGGCATG_5,5,5,9,7,1,9,1,3,4,8
CCTATCGAGCGG_5,7,6,2,0,9,7,8,6,8,1
GTGAATTGGAAT_5,1,5,1,0,5,6,7,1,4,9
GAAGCTGGACCC_5,0,1,4,6,6,7,0,6,1,5
CGTCGACAATCC_5,0,8,9,4,6,8,1,6,1,5
GCCATTCATGAT_5,2,3,3,6,5,9,7,2,6,3
CACTGGCTTCTT_5,0,1,4,4,6,7,0,3,1,5
CAGATGGTAAAC_5,9,9,2,7,1,9,6,0,0,8
TCGGCCCGTGGG_5,2,8,7,3,3,7,8,0,9,3
CTGTGGAAGCGC_5,1,6,3,6,6,0,1,8,1,1
CGTGGCCGAATG_5,9,6,4,7,4,0,5,8,0,5
AAGGACTGATAA_5,0,3,3,4,6,9,7,6,3,0
AGGAAACAAGTA_5,1,8,2,6,0,7,5,6,8,1
ACCGATAAGGTA_5,0,1,9,2,6,3,6,0,3,8
ACCGTGTAGGTG_5,9,5,1,7,3,4,8,5,2,0
TAAATCCTCCCG_5,5,0,1,3,4,0,3,1,2,3
ATTGCTAGGCGT_5,0,8,4,4,6,7,0,0,1,5
GTGGCCGGATGG_5,1,0,1,0,5,4,3,8,2,9
TGCCTTTGAAAA_5,9,8,4,4,6,7,0,0,4,5
CAAGCTCATAGT_5,9,8,4,2,6,7,3,6,9,1
GGAGGAGCGAGT_5,1,4,7,3,3,1,3,4,2,3
AGAGCTGCATAG_5,0,5,2,0,4,0,1,0,8,5
TCGTACGCGCCG_5,2,1,3,3,1,7,1,6,3,1
AACGCATACGTA_5,0,4,3,4,6,3,7,3,9,1
CAATTTAAGACC_5,0,8,4,4,6,7,7,0,4,4
