,0,1,2,3,4,5,6,7,8,9
TTTCTATTACAC_5,6,5,7,4,1,3,4,3,6,8
ACCATTAGCGGA_5,6,6,3,0,5,6,6,4,1,1
TCCGCCTGCGAA_5,6,0,3,0,8,3,6,3,0,1
ATCCCATGATAA_5,6,0,3,0,6,9,5,9,9,1
CTAACGTCCTAC_5,3,4,3,3,6,9,6,4,4,0
ATGTTATTAGGT_5,9,5,3,2,7,9,6,4,9,0
AGATACAAGCCA_5,9,7,3,4,1,0,4,9,2,0
TGCAGTCGCGGG_5,6,9,7,3,7,0,4,4,9,2
TGGGGACGCGTG_5,9,0,6,4,1,0,5,4,8,8
ACGGCCCGGCGA_5,7,5,3,0,0,9,5,3,4,8
GTCGCGGCAGAG_5,9,5,7,2,0,2,6,9,9,1
CTATATGGCAGA_5,7,5,3,3,1,0,4,4,8,0
GTAGTGTCTGAC_5,0,6,7,9,4,4,3,3,2,0
AGTCACATGGAC_5,6,5,7,0,6,6,0,4,0,3
GCCCGCTCTGCG_5,3,5,6,4,1,0,6,3,9,8
CAGACCTTCAAT_5,8,5,9,9,6,1,0,5,2,7
AGCCCTAAATGT_5,3,5,3,4,1,0,4,3,9,8
TTAAAGAGTATT_5,9,5,6,4,1,0,1,2,8,8
GAGGTTAAGGAA_5,7,5,3,4,1,9,4,3,0,8
ACCAAAGTGCGG_5,9,9,6,4,1,3,5,4,4,8
GGAACAGTCATT_5,9,5,3,3,6,9,4,4,9,0
AGCCCGACCTTA_5,0,5,7,2,6,3,8,3,6,1
TCGAATAGCTTA_5,3,5,3,3,6,3,6,4,4,1
ATGTTATTAGGC_5,9,5,3,4,1,0,6,4,9,0
CGGATTGTCCCA_5,7,5,9,0,6,3,6,3,8,3
CATAACAGGAGA_5,6,0,7,2,0,6,5,4,8,5
CAGGGCAGCCGT_5,1,0,0,2,8,4,6,3,9,1
TCCAACCGGTCG_5,6,9,6,4,7,0,4,8,0,2
AGCAATGCAGCC_5,4,8,4,6,9,5,7,7,7,5
CGAGCGACTAAT_5,1,9,7,2,4,8,8,8,9,3
CATCACGTATGC_5,9,4,3,3,6,3,4,4,5,2
TACGGGTCCCGA_5,6,9,7,2,6,3,6,3,2,2
GAAACTCCTAAA_5,5,5,3,7,6,9,6,3,5,0
TTTTCGCGAATC_5,3,0,3,0,7,0,1,3,9,8
GTCCATATAAGT_5,3,5,3,2,5,4,6,3,4,0
ACCAAAGTGCGC_5,1,0,6,4,1,0,4,4,9,8
TCTATATTCTAA_5,9,9,7,2,7,4,6,4,4,0
GACGATCGCGCA_5,6,9,7,4,1,0,1,4,9,3
ACTGCGAGCAAG_5,9,5,3,4,1,9,6,4,9,0
GGACCACGCCAC_5,1,9,6,4,2,0,8,4,9,3
GACGGCCCTCAA_5,1,5,9,2,6,1,0,2,3,3
GCCACGTTCGGT_5,6,0,1,1,5,4,3,8,9,2
CCACTGCCCATT_5,6,1,3,3,0,3,6,9,5,0
TCCAACCGGTCC_5,6,9,6,4,1,0,5,8,0,3
GGACCACGCCAA_5,6,5,3,0,6,9,5,1,0,3
CAACAGGCAGAG_5,0,6,1,0,4,6,8,8,9,9
CTTGCCGACTAA_5,9,3,7,3,6,9,6,4,1,3
TTGGCTTGTCAG_5,0,6,7,9,5,1,0,5,2,8
TTAAAGCGGGTC_5,3,2,3,2,8,3,3,6,4,1
CCCGTATTATCC_5,8,0,9,5,0,9,6,2,6,3
GCTTACGGCAGA_5,7,0,3,3,8,0,5,4,8,8
TCCAACCGGTCT_5,6,0,6,4,1,0,5,8,9,2
GGTTACAGACGC_5,3,5,3,3,6,2,4,3,5,4
CCTCCCTCGTCA_5,9,0,3,9,3,1,3,4,2,7
ACGAATAATCGC_5,0,6,7,9,5,4,6,1,4,0
GAGGCCATACAA_5,3,1,3,0,6,9,6,9,4,0
CAGTCGCAAAGC_5,6,5,7,0,0,1,0,9,6,7
TCTCAACAACGG_5,3,9,7,0,2,3,6,4,9,8
AGTGCTCGGTTT_5,9,5,0,3,2,9,6,4,8,0
GGAGCGCCTTCC_5,9,5,2,0,6,9,4,3,5,1
CTTACTCGTATG_5,5,6,0,2,7,9,6,6,2,0
GACCCTTCATTT_5,8,7,9,5,8,1,0,4,2,7
GAACGCCGCTGT_5,9,1,9,1,5,2,8,2,9,2
AGATAGGAAGCG_5,9,9,6,4,1,0,1,4,0,8
AGGACCATTCTG_5,9,6,7,2,0,3,6,4,0,1
GCGAGGAATTCG_5,6,9,7,5,6,9,4,3,9,8
ACGTGTTACTAT_5,3,6,7,2,5,7,6,1,4,1
AGCGTGGAGCTG_5,9,9,6,4,1,0,4,3,8,8
TTGCCGATCCCT_5,6,9,6,4,1,0,1,4,8,0
AACCGACATAGA_5,4,8,4,6,9,5,7,7,7,5
ACTGCGAGCAAT_5,3,5,3,4,6,9,6,3,4,0
AGGACCATTCTC_5,3,6,9,9,8,3,6,6,1,0
ACTGCGAGCAAC_5,9,5,3,4,1,7,4,1,9,1
TCCAACCGGTCA_5,6,1,6,4,1,2,5,8,9,3
GCCCCCGACTGG_5,6,6,1,9,4,6,8,8,3,9
AACAATTTACTT_5,9,7,9,2,6,1,0,9,6,3
AATATACTAAAG_5,6,6,7,2,7,4,6,3,1,0
AGATAGGAAGCC_5,6,9,6,4,1,0,4,3,9,3
ACTCAAGCGCCG_5,6,0,7,3,7,0,6,3,2,1
CACTCAAAGCAC_5,1,6,7,2,4,6,1,8,9,2
AATAACCCCCCG_5,3,9,9,9,2,3,0,5,2,1
GACGATCGCGGC_5,1,9,6,4,1,0,4,1,9,8
GTCGCGGCAGAA_5,6,0,3,3,1,8,6,4,6,3
GTCGCGGCAGAC_5,9,0,3,2,7,0,6,9,0,1
CCGGCCCGCGAG_5,0,6,7,9,4,4,8,8,1,9
GGTAGACGTATA_5,3,5,9,0,8,7,6,4,1,6
TTGAGTAAGGGG_5,9,6,7,2,4,4,6,1,9,1
CATACCGTCTTA_5,8,7,5,9,8,1,0,5,6,7
TGCAGTCGCGGA_5,6,9,6,2,4,0,8,2,9,1
TTAGTGACCAAT_5,9,2,7,3,8,4,6,3,9,0
TGCCCATCCTAG_5,9,1,3,3,6,3,5,4,5,3
AATATACTAAAT_5,6,6,7,3,4,4,6,3,1,0
TCGAAAACTACG_5,3,1,7,0,8,1,0,4,2,7
TACTCAACGTCT_5,8,5,7,0,3,1,0,5,1,0
CTGTTCTGGTAT_5,8,5,9,5,3,1,0,5,6,0
AGGACCATTCTA_5,7,6,7,2,6,4,6,4,1,0
ATGAGGATGCTT_5,3,1,0,3,6,8,2,4,5,6
GACACGGCCAGG_5,6,1,0,5,5,4,5,4,8,3
AGTAAGTGCAGT_5,3,5,3,3,1,0,5,0,8,8
CGCCACATGGCA_5,0,6,7,8,6,3,0,2,0,0
AGATAGGAAGCA_5,1,9,6,4,1,0,6,4,9,3
ACCCGGCTCAGC_5,9,4,3,0,0,2,4,3,4,0
CTTGTCGGGTGC_5,9,5,3,0,2,2,3,9,8,8
TCCCCGCGCCGT_5,8,5,9,9,8,1,0,5,6,3
GGCGCTTTAATA_5,1,0,7,0,6,2,3,2,2,7
GGACCACGCCAT_5,6,9,7,0,1,4,1,2,9,0
TGCAGTCGCGGC_5,0,0,6,4,7,0,8,3,3,3
GCCAAGTTGGTC_5,5,6,7,3,4,4,4,1,2,0
AACGCGCCGTTC_5,9,9,3,2,7,9,6,1,2,0
TTGTGGAATAGC_5,1,2,7,5,0,2,4,2,6,0
TTGCCGATCCCC_5,6,9,6,4,1,0,4,4,9,8
TTAATATCCTTT_5,3,6,7,3,7,4,6,3,2,0
ATTCGCCGAAAT_5,6,6,7,3,4,3,9,3,4,3
AATATACTAAAC_5,9,6,8,2,5,4,2,1,9,0
TTCACACAGGCA_5,4,8,0,6,5,4,6,9,4,1
TTGCCGATCCCG_5,7,9,7,0,1,3,5,4,8,0
TGCATTAAAGAT_5,0,6,1,0,4,4,8,8,1,7
AGATAGGAAGCT_5,9,9,6,4,1,0,6,8,9,8
CACGGCTTAGCT_5,1,5,7,3,6,3,0,4,2,6
GAGGATTCTGGC_5,1,6,7,2,4,4,8,8,1,2
TGCCCATCCTAC_5,7,5,3,3,1,9,4,0,4,2
TGCCCATCCTAT_5,9,5,2,3,6,9,4,1,8,3
CCCGAGCGGCGT_5,7,5,3,0,3,1,0,5,4,1
CCGATTCATCCA_5,5,9,7,2,8,8,6,1,0,1
TCACAGAGGACG_5,9,9,0,4,5,0,6,1,9,1
CCGACTTGTAAT_5,6,5,6,4,1,0,4,4,9,8
AACGCCCTCAGC_5,0,5,7,2,8,7,1,2,9,8
CTAAACACCCCC_5,8,7,9,5,8,1,0,5,2,7
ACTGCGAGCAAA_5,0,5,3,3,5,0,4,4,9,1
ACCAAAGTGCGA_5,9,9,6,4,1,2,1,4,9,8
TATATCGAAGAT_5,1,5,6,1,2,0,0,9,9,2
CTAGCGTTTCGC_5,4,8,4,6,9,5,7,7,7,5
GTATAGCGCTCT_5,1,5,7,3,6,2,4,6,0,3
ACCAACATCAGC_5,9,7,6,4,1,0,4,3,9,4
ATACAGACCGCA_5,5,4,2,0,6,3,2,4,4,6
GGCGTACTGCTC_5,6,0,7,9,2,1,5,9,6,3
TTTCGGGTTCTG_5,1,6,1,9,5,4,9,3,2,9
GCTCTGCAGGCG_5,7,1,3,2,1,9,4,3,8,8
AGCGTGGAGCTT_5,6,9,6,4,1,0,6,4,9,3
GTCCTGTTCTTC_5,3,3,3,3,1,9,5,1,8,0
ATAAGCGTAAAT_5,3,5,3,3,6,3,4,3,4,0
ACTCTTTAGCCC_5,3,3,3,7,6,3,6,4,8,4
TCAAGACGAAGT_5,6,5,1,9,6,1,0,5,6,8
CTTTTTCCTCGG_5,1,6,1,9,4,6,8,1,3,9
AACGCGCCGTTT_5,5,1,7,4,7,9,6,1,4,8
TTAGTTCAGAAC_5,6,1,9,9,3,1,0,3,0,3
AGCGTGGAGCTC_5,1,9,6,4,1,0,4,3,0,8
CAAGGGCCTTAG_5,3,5,3,0,1,9,6,3,5,0
AGCCAACGCTCT_5,1,5,7,4,8,3,4,5,1,1
GTCGCGGCAGAT_5,6,1,7,0,8,0,5,9,0,1
ATTCGCCGAAAG_5,6,0,7,2,5,7,4,4,1,6
AGGACCATTCTT_5,3,6,7,5,5,3,6,3,1,0
GTTCCCGTGCAA_5,1,6,1,9,4,6,8,8,3,8
GCCCGTCAGTCC_5,8,7,5,1,0,7,5,5,6,4
AGCGTGGAGCTA_5,9,0,6,4,1,0,5,3,0,3
AGCCAACGCTCC_5,6,7,7,2,7,3,5,3,0,3
GCGGGTCAGTTG_5,8,7,5,0,0,6,0,5,6,7
CAGCCGCCTCCG_5,8,5,9,8,2,1,0,5,2,7
AGGAGAAGTTGG_5,6,3,3,7,2,3,5,9,4,3
TCAGACCCCCGC_5,2,5,6,1,1,0,3,0,8,4
TGTCAGTAGGCA_5,0,5,3,3,2,4,0,5,4,1
TCGCAATATACG_5,9,5,9,4,0,6,4,5,0,3
GTAATTCATTGG_5,6,5,3,9,7,2,3,3,4,2
ACCAAAGTGCGT_5,0,0,6,4,1,9,1,1,9,8
ATTCGCCGAAAC_5,9,1,7,3,8,7,5,9,4,6
CCCCAACTCTTG_5,3,1,2,3,6,0,3,4,9,0
TACATACATCAT_5,1,6,9,2,4,3,8,8,1,7
GTTTCCCAGATA_5,3,4,0,7,2,9,4,6,5,1
TGCCCATCCTAA_5,6,9,3,0,6,3,5,3,9,2
GTAGTAATCTCT_5,3,9,6,4,7,9,4,0,8,1
CCCACCAAGTTC_5,1,6,1,9,4,4,8,8,3,9
AGCCAACGCTCG_5,1,1,9,0,0,2,0,2,0,3
TGAATCAGGACG_5,0,5,7,1,6,7,6,0,8,0
CGTGTCAGGACG_5,1,9,6,4,7,0,1,8,9,8
GTTAGTATTCTG_5,5,5,9,9,2,9,6,8,2,8
TCACAGAGGACC_5,6,1,3,4,8,3,4,3,0,1
GTCACCGTACGG_5,4,8,4,6,9,5,7,7,7,5
TTAACCGCGGTA_5,6,9,9,4,0,6,5,9,1,7
TGAATTAGGTGG_5,5,5,9,2,3,7,0,9,6,0
GACCACATTGTA_5,4,8,4,6,9,5,7,7,7,5
TACGTATAGGAG_5,9,0,3,3,5,7,6,1,4,8
CGCGTACAGCAG_5,6,0,7,8,4,2,8,2,3,1
CGACCAGACGCT_5,5,2,8,9,4,8,1,8,1,2
CGGGCGCAGGTG_5,1,6,1,9,4,4,8,8,2,9
TGCCACAAGGCG_5,1,1,7,5,7,9,9,2,2,7
TAGTGGTGGCAT_5,1,6,1,9,5,6,8,8,3,9
TCACTTGGATCG_5,1,3,9,5,0,2,0,3,0,2
ATATTGCAGCGC_5,6,9,3,4,7,0,1,4,9,8
AACGCGCCGTTG_5,9,9,7,0,6,7,5,3,4,6
CCTGTCAACGCC_5,7,2,9,5,0,2,0,5,6,7
TTGCCGATCCCA_5,0,5,6,4,1,0,1,8,8,0
ACTAGAAAACCG_5,1,9,6,0,7,4,8,8,2,2
TTGAGTAAGGGA_5,1,0,1,9,4,6,1,3,2,3
CCGCCTCCAGGA_5,5,1,8,3,7,7,4,9,5,2
ACAGCTCCGTCG_5,8,7,5,2,0,1,0,5,6,3
AACGCGCCGTTA_5,3,9,2,3,2,9,2,1,0,3
TCACAGAGGACA_5,0,5,8,0,1,3,6,3,4,2
AGCGCCTCCCAC_5,3,6,6,3,7,4,4,8,4,1
TACGTTATTGCG_5,1,6,1,9,4,4,9,8,3,9
GCCGTTGGAGGG_5,6,5,6,0,2,9,5,1,0,2
ACGACCGAACAG_5,1,9,6,5,5,9,1,1,0,2
GAAGTCAGGATT_5,5,4,0,1,6,2,3,0,8,4
GTTCAGATCTAC_5,6,2,7,1,8,2,8,2,8,3
GTACCGCCCATG_5,5,1,3,2,6,2,6,0,4,0
ATATTGCAGCGG_5,6,9,7,2,1,0,4,3,4,1
TCAGAAATGCGT_5,7,5,2,7,1,9,4,0,8,8
AATATACTAAAA_5,1,2,7,2,5,3,6,2,1,1
GATCGTTTGAGT_5,7,1,8,8,2,7,3,0,8,4
ACCCAGGTTGGT_5,2,2,9,5,8,1,0,5,0,7
TGCAGTCGCGGT_5,6,9,6,5,4,0,8,1,8,1
CAATCCAAGGGT_5,5,4,0,0,6,3,6,0,5,6
GCGCATTACGTC_5,0,2,7,3,4,4,1,2,1,2
TGAATCAGGACC_5,6,5,3,0,8,9,6,1,5,8
CGCGTACAGCAT_5,0,9,7,9,5,6,3,8,0,7
AAGACCCGCCTT_5,5,4,8,3,2,8,2,6,1,2
AAACACGCCCGA_5,7,5,2,1,2,3,5,3,8,1
TTGGCATGCAGC_5,9,9,7,7,4,3,2,9,9,3
CAAGTCGAGACA_5,8,5,9,2,8,8,0,5,0,7
TCTCCAGACCCG_5,5,1,8,5,7,8,6,3,5,6
AGCCAACGCTCA_5,6,9,9,0,6,3,0,3,2,3
GGAGATACTTAG_5,7,5,3,7,0,7,5,4,6,4
TTTAAGGATAAG_5,1,6,1,9,4,6,8,8,3,0
ATTAGTGATACC_5,1,2,5,9,4,6,8,8,3,9
CTAACTTGGGAC_5,9,0,2,4,0,2,0,0,1,7
CGACCTCCAGTG_5,7,6,7,5,7,4,1,1,3,3
ATCGAAGGGAAG_5,6,5,9,0,3,1,0,0,0,3
CAGAAAAACCAT_5,5,4,3,3,2,9,4,3,5,2
TCGCAATATACA_5,9,5,3,2,3,9,5,1,4,0
CGTGTCAGGACC_5,1,5,6,4,1,0,1,8,3,2
TGTTGCCGGCCA_5,7,3,7,5,2,7,5,0,8,8
CTTAACACCGCT_5,5,4,8,5,8,3,9,9,4,6
CGCCCCAGTACG_5,8,2,1,2,3,1,0,5,6,7
TAGATACTTAGG_5,3,0,6,0,1,9,1,4,4,8
TGAATCAGGACA_5,7,1,7,3,6,3,5,1,9,1
ATCGAAGGGAAT_5,0,9,9,5,6,9,0,4,2,3
AGGACTGACAGC_5,8,3,9,2,6,1,0,5,2,7
TGAGCACCGTCT_5,5,1,0,7,6,8,2,6,5,6
ACGAAAAGTCTG_5,5,5,6,4,1,3,4,4,8,0
GCGAAGCTGCTA_5,0,1,7,8,2,1,0,0,6,7
CGGCATTGGACA_5,7,2,1,0,4,2,3,8,3,0
CCGACTTTAGGA_5,9,5,0,2,1,9,1,9,4,8
AGCAATTCAATG_5,0,4,7,9,4,4,9,2,8,6
TGAATCTATAAA_5,9,7,3,4,1,0,4,4,8,4
AGGCAATTTCTC_5,7,5,3,3,0,7,6,6,5,0
TGTAGTGCCAGA_5,0,6,9,0,3,7,3,9,1,0
TCACAGAGGACT_5,7,5,0,3,2,8,5,8,8,8
AACCACTAGAGC_5,3,4,0,0,2,7,4,3,4,0
AGACCCAGTTTA_5,7,5,0,7,2,9,3,9,4,0
CCAGCTAACCGG_5,1,2,9,0,7,2,5,2,0,7
GGGACCAACCGA_5,2,2,1,9,8,1,0,2,0,7
GTACCGCCCATC_5,7,4,7,3,2,9,6,0,2,1
ATGGATATTGCG_5,4,8,4,6,9,5,7,7,7,5
ATTCGCCGAAAA_5,5,6,7,8,4,3,3,1,0,1
CTCGGTCAATAG_5,3,4,0,5,3,4,9,6,1,0
GGACAGCGCGAA_5,3,1,8,8,6,8,2,4,1,1
ATTATTTACCGT_5,7,5,3,7,5,4,3,3,4,1
ATACCGTTCGGA_5,4,8,4,6,9,5,7,7,7,5
TTCTCAATCACT_5,9,7,7,9,3,3,0,2,1,3
GGTGTCCGCGAT_5,9,1,7,5,3,2,3,3,6,6
TTGAGTAAGGGC_5,1,2,1,1,7,4,4,4,4,8
ATGGATATTGCC_5,4,8,4,6,9,5,7,7,7,5
CGAACTTAAGAA_5,0,6,1,9,4,6,8,8,2,9
TTCTCAATCACG_5,7,1,1,9,3,1,3,2,4,3
AAGCATGCTGAC_5,9,5,0,7,2,2,9,4,5,1
CTCCTAACTAAG_5,8,7,5,0,2,7,5,5,6,4
ACCCCGTTGCAG_5,8,2,7,9,8,1,9,9,1,7
ATTATTTACCGC_5,5,5,7,8,2,3,9,3,2,1
AGCAATTCAATC_5,1,3,7,0,4,4,8,2,2,6
AGGCCAATAAAA_5,2,5,6,4,1,0,1,3,9,8
GTTCTGTACGAC_5,3,4,0,7,6,8,3,2,4,1
TGAATCAGGACT_5,0,0,7,3,7,3,6,2,9,8
CGCGTACAGCAC_5,6,0,9,9,5,9,1,2,2,3
AAAGATTAGCCT_5,0,0,8,7,8,9,8,0,6,3
TCCCGCCTCCGT_5,7,4,2,7,2,7,4,0,5,0
CATCATTGTTGA_5,3,5,0,7,0,3,3,3,5,8
CACGGGTTACAT_5,8,0,9,5,3,1,0,9,2,7
CGTGTCAGGACA_5,1,9,6,4,5,0,1,8,9,2
TGTCGCACAAAT_5,7,5,8,7,0,7,5,0,8,8
ATTGCTAGGCGC_5,5,4,0,3,2,8,6,3,5,2
GGACCGTTCGGC_5,0,9,0,4,7,2,1,1,8,8
ATTATTTACCGA_5,7,9,3,3,7,4,6,3,6,1
CGTGTCAGGACT_5,1,9,6,2,1,0,8,1,8,8
ATGGATATTGCT_5,4,8,4,6,9,5,7,7,7,5
TCAGCCGCCTTA_5,3,4,0,8,5,3,4,9,5,4
TGCTTAGTCCCG_5,6,2,2,5,0,9,2,1,4,1
TTCTCAATCACC_5,9,9,9,2,6,1,3,9,0,0
TCCACAGCGGAA_5,4,8,4,6,9,5,7,7,7,5
ACGAAAAGTCTT_5,3,9,2,5,6,0,1,0,8,1
CTAGTTGTGTAA_5,2,7,2,7,3,0,1,8,9,4
ATTGCTAGGCGG_5,3,0,0,5,3,7,3,6,4,8
AGAATCCTCAAC_5,0,1,3,5,3,1,4,0,2,7
CGAAGTAGCCAA_5,7,2,9,5,3,2,0,5,2,6
TGACCCCGCGGA_5,8,7,5,7,3,7,5,7,6,5
AACGTGCGGCGT_5,8,3,9,8,7,1,3,2,0,4
CGCCGACGACAA_5,3,5,6,4,1,0,1,8,9,8
TATGGCTGCAAT_5,5,4,2,1,3,2,1,0,8,6
TTGCGTAAGCAG_5,5,6,0,2,6,4,3,6,5,8
GCGGAGCCTTGA_5,1,1,9,9,3,1,0,2,1,7
CAGACGTAGTTT_5,8,1,9,2,2,1,0,5,2,7
CGAATGCTCCTT_5,0,1,0,3,8,3,2,0,5,6
GTATTGCATCCA_5,8,2,9,2,8,1,0,5,0,7
CATACATCTAAC_5,7,6,9,9,5,4,9,9,2,3
CCTCTTCCACGA_5,5,3,3,7,2,7,4,6,4,4
TGTAAGACCACA_5,8,2,1,2,8,1,0,2,2,7
TTTAAATGATTG_5,1,3,7,5,5,3,8,4,3,0
GCCCTTTCATCT_5,0,6,1,9,4,4,8,8,3,9
GGCTCCGGCAGG_5,1,9,6,1,1,9,1,3,8,3
ACGGAGGCCGAT_5,3,1,2,1,8,7,4,4,0,0
AAAGATTAGCCG_5,1,5,7,5,7,2,6,9,3,1
ATTGCAACCCTT_5,0,6,1,9,5,6,8,1,1,8
CACTCCGCCTCC_5,7,2,1,9,2,6,5,5,2,7
GCAAATTCATTA_5,9,5,3,7,1,2,4,3,8,1
TTCTCAATCACA_5,7,2,9,0,2,8,0,2,1,7
ATGGATATTGCA_5,4,8,4,6,9,5,7,7,7,5
GGGACGATAGTC_5,4,8,4,6,9,5,7,7,7,5
GCCGTTGGAGGA_5,5,5,0,2,0,9,4,4,2,0
AATGTGCGACAA_5,3,3,2,7,2,7,9,0,4,4
GCCCTTTCATCG_5,1,6,1,9,4,4,8,8,3,9
TGACAGAAGATA_5,0,6,1,2,4,6,8,8,3,9
GAAGACTACCCG_5,2,4,2,7,2,8,3,0,5,2
GCGGGCTAAGAA_5,6,2,9,8,8,6,8,1,1,7
GTACCGCCCATT_5,3,2,8,3,8,9,6,6,0,0
CAACCTACGTAT_5,4,8,5,6,9,5,7,7,7,5
GTACCGCCCATA_5,3,4,2,5,6,7,2,6,5,6
CAAGCTCATAGG_5,5,2,8,9,2,7,9,0,4,0
ATCGAAGGGAAC_5,9,1,9,1,6,1,0,0,0,1
TACGGGTCCGTC_5,6,2,9,9,7,1,0,5,6,3
GAATTCGTACTG_5,0,6,1,9,5,6,8,1,3,9
ACGAAAAGTCTC_5,1,5,2,4,1,0,4,3,4,0
CAATCCGACGGC_5,8,2,9,1,8,1,3,9,0,7
ATCGAAGGGAAA_5,6,0,2,1,6,9,0,0,8,8
TCGCAATATAAG_5,0,6,1,8,4,6,1,8,3,9
CTTATGCGATCC_5,8,2,5,9,6,1,3,2,2,7
TGCTTAGTCCCC_5,5,1,0,2,6,9,2,1,4,1
TGCTTAGTCCCT_5,3,9,0,2,5,9,2,6,0,6
AGACTACGACCT_5,8,7,5,1,0,7,5,5,6,4
GCCCTTTCATCC_5,1,6,1,8,4,4,8,8,3,6
AAAGATTAGCCC_5,7,0,0,2,2,8,1,3,1,1
ATAACGGCCATT_5,8,7,9,2,8,1,0,5,6,7
TAGATACTTAGA_5,9,1,3,7,3,3,1,4,9,3
GCTACCCGGGAC_5,8,7,9,5,2,1,0,5,6,0
TAGCAGTCGGTA_5,3,2,2,7,1,0,4,6,4,4
CTCGAGGCTTTG_5,2,5,9,2,0,3,0,6,0,4
AGTTTTCCCCCT_5,8,2,9,2,3,1,3,5,0,7
TTTCCTCGTGCT_5,4,8,4,6,9,5,7,7,7,5
AACCCGCCTCAC_5,2,4,0,1,8,8,5,4,0,1
TCCCGGATGGCC_5,8,3,9,9,8,1,0,5,6,7
GCCTCAGCGTTG_5,2,3,2,7,2,9,5,0,9,2
TAGATACTTAGC_5,1,9,3,7,7,7,5,6,8,3
GAAAATTCTGAG_5,8,7,5,2,0,1,0,5,6,4
TCGGCCACGTGG_5,1,2,9,9,5,6,9,8,3,1
TTGCGTAAGCAT_5,0,6,1,8,5,3,2,3,1,1
ATATTGCAGCGA_5,9,2,6,4,8,9,0,9,4,7
TGAAGGCATTAT_5,8,3,9,9,2,1,0,5,6,4
ACGCCCTCAGCC_5,1,3,8,5,2,2,2,0,8,6
ACGCCCTCAGCT_5,3,1,7,8,5,9,2,9,0,6
AGCAATTCAATA_5,0,6,1,8,8,3,1,1,1,6
CTTCAAAGGAAA_5,4,8,4,6,9,5,7,9,7,2
CGTAGTCTATAC_5,1,0,9,0,8,1,3,2,3,7
ATTCATTCGATT_5,7,3,9,9,2,1,3,5,2,0
TAACTACGGTCC_5,7,3,8,9,8,8,9,6,5,1
CAGCACTCAGAC_5,4,8,8,3,8,8,2,9,1,2
TTCGAGCATTGG_5,3,0,0,3,0,8,2,1,1,1
TTTGCCTTTTAT_5,8,3,9,5,0,1,3,5,1,7
CCCGCTACAGCG_5,5,6,8,5,3,2,9,9,0,6
GGGGCACGACTG_5,5,4,0,5,2,2,2,1,4,1
ATCAAACTAGCT_5,3,3,8,7,7,7,3,0,8,6
TTACAAGAAGCC_5,3,1,2,5,8,3,5,0,5,2
TTTAAATGATTC_5,5,6,1,9,4,2,8,1,2,9
ACGGGATGAATC_5,5,4,8,3,5,7,2,1,5,6
TAGATACTTAGT_5,7,4,0,2,3,3,4,3,9,2
GATATGAAAGGA_5,0,2,1,8,7,6,8,8,3,9
ATATTGCAGCGT_5,1,9,0,2,8,0,3,9,9,0
ACGAAAAGTCTA_5,5,0,6,5,6,3,6,9,0,2
CTTGATCGTCTT_5,9,5,2,1,1,0,1,4,4,4
CAGTATTTGAGG_5,1,0,5,8,8,6,8,8,3,4
CGAAGTTGTTGG_5,7,6,8,2,8,3,1,2,1,0
GCCGTTGGAGGT_5,1,2,0,0,1,8,1,8,9,1
GAGGGTACATGT_5,9,1,6,7,7,8,5,2,9,2
TTTCCGAGCATA_5,8,7,9,2,2,1,0,9,6,0
AGCAATTCAATT_5,0,0,8,5,6,9,6,2,1,6
TCACTTGCGCCA_5,2,3,8,3,8,8,0,4,5,4
TTGCGTAAGCAC_5,5,6,7,8,4,4,6,6,3,9
CTAATAGATCAA_5,7,2,0,3,6,8,9,6,1,4
TCAGGGTAGGTT_5,0,1,7,9,3,4,9,2,5,9
TTGAGTAAGGGT_5,7,2,7,9,4,2,3,6,1,2
GCGGGGACACCA_5,5,1,2,1,3,2,5,1,1,2
GGCCGGGTGCGA_5,0,9,2,1,4,8,8,8,3,2
CCAAAGGTATGC_5,2,3,9,8,7,6,3,1,0,7
AAGTACCCCCAC_5,2,5,2,0,2,8,9,5,2,8
GTACGCCGACCC_5,5,4,0,3,4,7,2,6,0,2
AATCCGTTCACA_5,4,8,4,6,9,5,7,7,7,5
TACGCTATCCAG_5,3,1,2,7,6,8,3,0,8,8
TTTAAATGATTT_5,1,3,2,8,3,4,9,9,1,9
GCCGTTGGAGGC_5,7,1,8,5,5,0,2,8,9,3
CGCATAAGTATC_5,7,5,2,3,1,7,9,4,5,8
ACCCGTTGAACG_5,5,4,0,8,2,2,5,9,5,6
GGCGATACACGC_5,5,4,3,8,7,9,2,1,5,1
CCCAGGGTCGCG_5,2,3,8,0,7,1,0,2,6,7
GACCATTCATCA_5,2,3,2,7,7,9,5,0,5,4
GTACGTTTTGGT_5,0,2,1,8,4,6,8,8,3,9
CCTATGAGTCTT_5,7,4,8,1,3,2,5,6,6,4
ACGCCCTCAGCG_5,5,2,7,7,3,2,4,2,1,6
ACCGTACAGGCA_5,8,7,8,6,0,7,7,5,2,4
GAGTTATTAATC_5,9,5,9,5,2,1,0,6,2,3
CAGATGGTAAAT_5,1,9,6,4,8,3,5,1,9,1
AAGGACTGATAG_5,5,4,0,8,2,2,9,8,6,2
TCTAGGCTCCGT_5,8,2,9,2,0,4,0,9,2,7
ATCCATTAGTCC_5,5,4,0,3,3,8,2,0,5,2
GTAACTCGTGGG_5,3,5,6,1,6,9,3,0,8,2
GGTCTCACCGGC_5,1,6,9,9,5,6,0,2,1,7
TGCTTAGTCCCA_5,3,9,7,8,0,3,3,1,4,2
ACTACCACCGGG_5,1,3,1,2,4,6,8,8,1,9
TCGTTTCAGCAC_5,8,9,7,7,0,1,5,0,6,4
AAAGATTAGCCA_5,1,5,0,8,7,8,5,6,5,7
GCCCTTTCATCA_5,1,6,7,9,4,4,3,1,3,9
CGTGTTACAATC_5,8,0,9,8,6,2,3,2,2,7
GAATTTCGCATC_5,2,0,0,8,2,2,5,0,5,4
TCTAGGTCGTGT_5,5,2,8,2,0,7,5,0,1,3
CGACCACGGTCC_5,4,8,4,6,9,5,7,7,7,6
TCAGGGTAGGTG_5,7,0,1,0,4,2,9,9,1,8
GGAAACATAGCG_5,8,7,9,9,2,1,0,5,6,7
TCAGGGTAGGTC_5,6,3,2,8,3,4,9,6,3,8
ATCAAACTAGCC_5,3,3,3,7,7,7,3,9,4,6
GCCACACTGCTA_5,4,8,4,6,9,5,7,7,7,5
CTTACAGACTGG_5,0,3,7,9,5,1,8,5,3,7
AAACACCCACCC_5,0,3,1,9,5,4,9,1,3,9
ATTGCTAGGCGA_5,7,4,2,5,0,7,9,6,5,8
GAACTCAGAATT_5,5,4,0,5,8,7,2,6,8,6
ACTGAACCGGGG_5,8,7,8,1,3,6,0,0,2,6
GTCAACTTAGCG_5,1,6,1,9,7,6,8,8,3,9
GGATCATGCGAT_5,4,8,5,6,0,5,7,7,6,5
GTTGCACCGTCC_5,7,4,2,5,2,7,4,6,5,6
GCGACGATGCTG_5,3,3,3,1,2,2,3,1,4,6
GTTTCAGTGCGA_5,0,4,7,3,4,4,2,9,5,6
CTGCTAAGAAAT_5,5,4,8,7,3,2,3,6,5,6
CGAAGTTGTTTT_5,2,3,8,9,6,1,1,3,4,1
GATGTATCGTCA_5,4,9,2,2,0,5,1,8,8,5
GATGTATCGTCC_5,4,8,4,6,7,4,7,7,6,7
CGATAACGACCA_5,2,1,9,5,3,2,0,2,2,8
GTTCAAAGAGGC_5,5,2,0,2,5,2,3,6,4,6
GCAGGTACTGAT_5,5,3,2,7,7,2,5,1,8,2
GATTGAAGACGA_5,5,2,2,3,4,7,2,6,5,2
TAAGTCTGTCGA_5,7,2,2,8,2,1,0,1,2,7
ACCGATAAGGTC_5,2,2,8,3,8,8,4,8,5,3
GTCTGAATGTCA_5,4,8,4,6,9,5,7,7,7,1
AACGTCTTGCAT_5,5,6,1,8,4,4,9,6,3,0
ACGCCCTCAGCA_5,3,3,8,5,8,8,2,2,1,6
CCGGCCCATTGA_5,2,1,2,1,1,8,3,9,8,2
TTGCGTAAGCAA_5,1,4,7,8,5,4,9,0,1,9
CAGATGGTAAAG_5,0,9,2,4,3,8,4,9,9,6
GATGTATCGTCT_5,0,6,1,2,2,7,4,9,5,9
CGCCATCCATAG_5,0,4,2,3,3,9,2,1,5,2
TGTAAATTTTCC_5,3,2,0,7,3,3,9,6,8,8
CACCTGGAAATG_5,3,4,8,2,2,7,2,1,5,4
CGAAGTTGTTTG_5,1,5,2,3,6,6,6,0,1,0
ATCAAACTAGCA_5,5,3,8,7,5,8,9,0,5,6
ATATTCACTTCC_5,7,2,3,1,8,9,5,0,9,8
CCCATACGATCA_5,2,1,0,5,7,2,5,6,9,1
TTCGAGCATTGT_5,3,9,9,5,8,9,2,9,0,6
GGCTCCGGCACG_5,2,7,2,3,7,2,4,1,9,2
AAGACTCAGTCC_5,4,8,4,6,9,5,7,7,7,5
AGGCAGCAACTT_5,5,4,0,7,3,8,2,6,5,6
GGCATATACTGA_5,4,8,8,6,5,5,7,6,5,6
ATCAAACTAGCG_5,5,3,8,0,5,7,2,0,5,6
GTAGAACTGGTG_5,1,0,7,0,0,3,4,1,9,8
AAGGACTGATAT_5,0,1,0,3,6,7,3,6,1,2
GCCATTCATGAC_5,0,6,1,2,4,8,8,8,5,6
ACCGATAAGGTG_5,0,2,0,0,0,2,5,0,5,6
TTTAAATGATTA_5,0,0,9,3,8,4,4,9,1,9
CCTGCCCAGCAA_5,7,4,2,8,2,7,9,3,5,1
TGCGGTGTTAAT_5,5,4,0,3,3,2,5,0,4,6
GGCTCCGGCATG_5,3,3,0,0,3,4,4,9,8,8
CCTATCGAGCGG_5,2,1,2,8,3,8,5,0,6,2
GTGAATTGGAAT_5,5,3,1,5,2,2,3,9,2,7
GAAGCTGGACCC_5,5,9,2,8,0,7,2,6,5,0
CGTCGACAATCC_5,3,4,8,8,0,7,2,6,5,6
GCCATTCATGAT_5,1,2,2,2,3,6,8,2,2,9
CACTGGCTTCTT_5,3,4,3,9,6,3,2,6,5,6
CAGATGGTAAAC_5,6,1,6,1,3,8,4,9,9,2
TCGGCCCGTGGG_5,2,0,1,5,5,4,1,8,2,2
CTGTGGAAGCGC_5,2,3,0,7,2,7,5,9,8,8
CGTGGCCGAATG_5,2,4,0,1,2,9,4,0,5,9
AAGGACTGATAA_5,2,3,0,2,7,2,2,9,5,2
AGGAAACAAGTA_5,2,3,2,7,3,7,9,6,8,1
ACCGATAAGGTA_5,3,4,2,8,7,8,1,2,0,8
ACCGTGTAGGTG_5,8,7,9,5,2,1,0,2,2,7
TAAATCCTCCCG_5,2,3,7,5,0,1,9,9,0,7
ATTGCTAGGCGT_5,3,3,0,7,7,7,2,6,1,2
GTGGCCGGATGG_5,1,0,1,9,2,6,0,5,0,8
TGCCTTTGAAAA_5,5,1,0,7,0,3,4,0,5,1
CAAGCTCATAGT_5,0,2,8,3,7,2,2,6,0,6
GGAGGAGCGAGT_5,1,1,1,8,7,6,8,8,3,9
AGAGCTGCATAG_5,2,3,8,8,3,1,9,6,4,4
TCGTACGCGCCG_5,0,1,9,8,0,2,2,2,8,7
AACGCATACGTA_5,5,4,8,9,0,8,9,2,1,6
CAATTTAAGACC_5,5,1,0,8,8,8,2,0,1,6
