,0,1,2,3,4,5,6,7,8,9
TAAACGCCTTAT_8,8,0,5,5,0,2,7,6,9,7
GATACACTGAGG_8,4,1,1,1,9,6,0,5,5,1
CTCCACCGTGTC_8,5,3,1,0,6,7,2,3,6,3
GTTTCGCGAGCA_8,6,9,2,3,4,2,4,7,9,4
TGCCTATTCTGA_8,9,3,5,4,7,4,0,6,2,8
GGAATTACTTGT_8,2,8,4,7,5,4,8,8,3,9
AACAGGTCATTC_8,1,5,4,7,8,6,8,4,8,2
AATTTCAGCACG_8,1,8,0,1,3,1,6,2,8,4
CTTGCCGATATC_8,4,5,8,3,5,1,0,6,9,8
TGGAGCCGGCGG_8,4,3,8,6,3,0,9,6,7,6
GGTCCGACCCAG_8,3,8,0,5,6,1,9,0,6,6
CTAATAGTGGAC_8,1,2,4,7,6,7,6,9,7,2
TTTAAACACCCA_8,5,4,6,7,8,7,3,1,7,5
GACCACTAGTGC_8,4,6,3,0,3,5,1,3,5,8
AGGCCAATTTGT_8,1,6,3,6,7,2,2,1,0,6
TGTACTTACCTC_8,4,9,2,1,9,9,1,3,5,6
GATGCATACCGC_8,7,1,3,8,0,6,4,7,4,4
TTTGTCCGTGAA_8,1,7,3,3,7,6,8,3,6,0
GCCATATGCAAC_8,4,0,3,9,0,2,7,2,9,1
ATCGTGTTATCA_8,0,5,6,5,4,2,7,1,0,3
ATGGTGCACACT_8,8,4,3,4,1,0,6,1,6,8
CCCCTCTGCCCG_8,3,8,4,2,6,8,8,4,8,9
TAAGCGGGTAGT_8,2,3,4,7,8,7,9,1,2,2
TTTGCTTATCCG_8,9,1,8,8,4,5,1,7,1,6
TCTCAATTGCGT_8,0,3,4,3,8,9,8,4,6,5
GACACGTCAGTC_8,4,0,6,5,9,2,1,9,6,7
GCAATTCGAATA_8,7,0,7,6,4,4,2,9,9,3
AGCGAGATCCGC_8,6,9,8,6,1,8,9,4,3,5
GGCAAGGCGAAG_8,3,4,6,3,4,4,3,3,8,7
GCCATAAACGCA_8,2,3,6,2,7,3,6,4,8,8
TAACCCTTTCCT_8,1,5,4,4,1,6,3,6,7,5
GGAAATTTCCAG_8,6,5,7,6,9,9,7,8,8,4
ACTCGAGGTTCC_8,9,7,2,5,9,0,1,9,7,6
TCACTAAATTGA_8,4,9,5,1,5,1,0,6,7,9
GCCGGATTCTAC_8,4,7,0,0,6,3,8,1,6,5
CGACTGACTTCA_8,7,7,7,5,2,7,0,6,9,6
AAGACGGATGCG_8,6,9,2,5,3,1,1,2,6,3
GCGTGTAGAGAT_8,6,5,2,9,0,3,4,2,6,6
AACCCCCGACTT_8,3,8,6,4,1,6,5,8,8,7
AGTAGCGAGGTG_8,4,9,3,5,9,2,4,0,4,8
TATCAGAACTAA_8,6,2,6,2,7,3,9,8,7,6
ATAGGAATTAAG_8,2,7,6,0,6,6,0,3,1,8
GTCCTGACATCG_8,4,0,2,9,9,1,1,6,5,4
AGCGTCGGGTAC_8,4,6,5,2,3,9,8,7,2,6
CCCACATTCGAG_8,6,6,3,3,0,0,2,5,5,1
TTCCGGACCTGC_8,2,5,9,7,7,2,9,9,6,3
CCGGCCTCCCGG_8,9,9,6,2,4,1,4,7,4,0
GAAAACCATAAG_8,0,1,1,9,2,3,4,3,6,1
GTCAACCTGGGA_8,3,3,4,0,5,6,3,4,7,0
AACTCAAGTCCT_8,4,5,6,7,2,9,9,6,7,7
AGCCGCTCGTCG_8,0,0,1,3,3,2,1,2,5,1
GCACTTACATTA_8,3,3,3,7,6,6,9,1,8,3
AGTCTGGTGAAG_8,8,3,3,6,0,3,9,5,5,1
GACTCCCATAGA_8,4,5,0,9,1,9,5,6,9,8
GGAAGGCCCTTC_8,6,6,2,1,9,2,2,7,5,4
TCAGACGGAAGG_8,6,0,3,8,0,5,4,0,5,4
ACAGGACGCCTG_8,1,8,7,3,7,3,0,3,1,4
CGCACATGGATA_8,0,0,8,3,9,5,2,0,9,1
GTCATTCAACTA_8,4,8,4,0,4,8,9,1,2,9
GCCGATACTATG_8,3,0,3,1,6,4,9,9,9,5
ACTCTAACCGCC_8,8,5,4,6,2,3,9,4,6,2
CGCCCGCATCCC_8,6,6,2,5,0,3,9,7,5,8
CGTCATTGCACG_8,4,3,0,9,6,1,3,5,7,5
AGAGACTATCTA_8,1,3,4,4,5,8,3,3,6,9
TTCCAGTACGTA_8,5,3,7,6,5,2,2,3,3,2
AAGCCTACCGTA_8,3,0,2,0,9,2,2,7,6,8
CCGACCTCTTTG_8,5,8,5,7,7,6,3,8,2,8
GGCGCTTCGGCA_8,6,7,7,8,8,0,4,9,3,7
GCAATTCATCGG_8,4,5,5,7,8,8,0,3,6,0
ACATTGTACGAG_8,5,7,9,4,7,9,3,8,3,0
ACGCGGCCCCAG_8,7,4,3,0,9,7,2,5,4,6
ATAAATGTCGGT_8,2,4,0,6,6,4,6,3,7,0
CATCGTCGCTCT_8,4,9,7,6,6,1,4,8,8,0
ACGGGTTGGTAA_8,9,6,2,5,3,1,7,0,1,5
ATAGTTTCGTGA_8,9,2,4,7,3,4,3,4,7,0
GAGACGTGGACA_8,3,5,8,3,3,0,4,2,1,7
TACTAGCATACT_8,5,4,0,7,5,7,9,4,1,8
ACGCAAATTCTT_8,0,8,4,4,8,9,5,2,8,3
GCAGAACGAATC_8,2,6,9,3,4,1,6,9,8,8
GCCTAAACGTCG_8,2,5,0,6,4,1,2,1,7,7
GGAATGCGCATC_8,6,5,1,9,9,0,4,7,5,8
CCACCATCACGG_8,9,9,0,4,7,3,7,2,6,0
CCATGGTTATCT_8,7,3,2,0,2,2,4,6,8,2
ATCCACGGAGGC_8,5,5,7,4,7,9,5,6,9,7
TGCCTGTCGCCG_8,2,3,6,7,7,7,5,1,7,0
AGCCCATAGGTC_8,1,8,9,0,6,0,7,2,9,2
AGCCAACACCAT_8,4,8,4,3,2,1,7,8,8,3
TGATGGGTCGCA_8,9,7,9,3,0,1,0,3,6,5
AGCGCCGGGCTC_8,2,7,9,4,1,6,8,4,1,7
CTATGGGATACG_8,8,9,1,4,5,9,8,3,0,9
GCGGCCCCTATC_8,8,2,0,3,4,7,9,2,7,7
CGCAAGTCTCAT_8,6,4,0,0,7,1,2,0,9,6
GCCATGGTACCT_8,2,7,6,7,8,9,5,4,8,7
AGGTCAACCCGA_8,0,6,2,8,9,3,4,7,1,1
CTTAGTATTCAG_8,5,1,3,2,0,0,2,5,5,6
CCGGGCGTTTGA_8,3,0,6,1,8,0,7,6,1,4
TTCATGTAAGGG_8,0,4,9,7,7,4,7,0,6,3
AGGACGTTTCGA_8,6,4,3,0,4,2,0,5,1,6
ACGACAGATTCG_8,1,3,9,9,2,4,3,4,3,2
ATTTCCTGGCGC_8,7,1,2,5,3,5,4,5,9,1
GTTGAAGTAGCT_8,4,3,4,7,5,7,8,8,3,9
CGGCACCCTAGA_8,1,7,0,3,5,8,2,8,1,0
TTGACAGGCTGG_8,4,0,2,8,0,2,4,7,4,1
GAAGAGGACATA_8,0,7,9,2,5,2,8,6,4,2
CACATGCCTCCT_8,1,4,6,4,5,0,8,1,7,8
GCCCGGCAGCGC_8,0,7,1,8,0,6,0,9,1,6
AACGGCAGAAGC_8,3,2,5,0,6,9,0,1,6,2
ATCCTAGGCCTG_8,0,2,9,3,1,4,4,5,9,0
GAGCGCCTTCAT_8,6,0,2,8,3,2,4,0,5,8
CTATTCCTTGTG_8,8,4,8,9,4,1,2,3,5,0
TGCCACGTGCAG_8,4,0,9,2,3,6,2,3,4,2
AGTCTTCTTGGC_8,0,5,8,5,2,3,2,3,1,4
GATGACGCTTGG_8,5,1,5,3,6,3,9,2,5,4
ACACCCTTAAGT_8,3,0,8,3,4,3,2,6,0,4
TGCTCATCTCTC_8,2,2,4,7,8,4,9,1,3,5
AAAGCACTTGGT_8,3,3,5,0,8,9,5,8,7,7
TCGCCACTCCTT_8,2,2,0,6,6,9,0,3,7,5
GGTCGTATAGGT_8,3,2,6,7,8,4,7,4,2,7
CAACAAGATGCC_8,8,1,3,5,0,2,2,7,4,6
GTGCCTGAACTG_8,4,8,4,7,8,0,9,4,7,5
ACAAAGTGATCG_8,6,9,2,6,9,5,9,5,9,0
TAATGCACGGAG_8,1,0,0,7,2,7,8,4,8,3
TAGCGCTCCGAG_8,3,5,8,0,0,6,9,3,1,1
GATCGTACCATG_8,2,5,7,7,5,4,8,2,8,5
TGTCATGGCGAG_8,4,0,2,8,0,5,1,5,1,4
CGTAGATGGATA_8,0,1,8,3,4,2,1,5,6,4
ATTGATTAGCAC_8,9,6,5,8,0,4,9,5,1,7
AAGGGAGTGATT_8,7,2,9,9,4,8,2,2,8,5
CTGCGCCCGGTG_8,6,0,6,5,3,2,1,7,5,4
TCCCCCTTCGCA_8,1,0,9,1,5,9,1,0,4,6
CGCTCACGGTCT_8,6,2,0,3,6,3,5,2,6,9
AAGAATGATTTC_8,4,8,5,7,6,8,3,4,3,6
TCACCGGCCTAA_8,5,6,5,0,4,4,8,3,6,3
ACGTAATCCTCT_8,2,3,9,6,7,4,9,1,8,9
CATCTAATACGT_8,7,3,0,6,1,1,5,3,0,2
TCATCTCATAGA_8,2,5,6,0,1,9,8,2,3,5
CGTGTCTCTATG_8,3,8,0,3,2,0,0,9,7,0
TCTACCGGAACT_8,9,8,0,7,8,7,6,6,2,3
GTGCGCCTATCA_8,8,9,5,7,1,4,9,6,3,2
GTCCGGTAACAT_8,3,7,9,7,5,8,3,5,2,8
GGTACTGTCCGG_8,7,7,3,8,0,3,2,4,6,1
GCAGTCATACTG_8,3,6,0,0,4,1,0,3,9,2
ACGTTAGAGTGA_8,5,3,3,7,7,9,8,1,6,5
GACCACCGGAGA_8,2,6,1,1,4,6,7,3,0,0
TGCCGGTAGCGC_8,7,1,2,8,3,2,4,7,5,4
TGCGATAGTAAC_8,1,3,9,7,5,9,5,1,0,7
GTTAGGGTTACA_8,5,3,4,7,5,7,5,2,8,2
CTTACCTAAAGA_8,5,7,0,7,5,4,5,2,7,0
CACGCCGCCCAT_8,0,4,1,4,0,8,0,5,1,6
CATAATCTTCTT_8,1,3,9,4,5,4,5,3,6,2
GCGGATACAGGT_8,5,5,0,7,2,1,3,2,0,5
TCCCTAGCCCCA_8,2,5,3,3,5,3,9,9,8,8
TAGTCAATCGGT_8,4,9,0,2,4,0,5,9,3,7
CACCTATGTTCT_8,1,4,9,0,1,0,6,1,2,8
GCCTAGACCGAG_8,0,6,1,3,9,2,2,5,0,1
TCCTGTGATCAC_8,0,1,1,0,6,7,2,9,9,7
CACCGATGGACG_8,3,3,1,3,4,3,1,7,0,0
TTAGGCATGCTG_8,0,8,0,6,3,4,7,9,5,5
ATCCCAAGCCAC_8,8,8,8,0,1,9,6,3,7,1
CTCCATTGGCAC_8,6,6,7,6,0,2,1,1,5,4
CGCTGCGATGAG_8,0,9,3,0,7,4,5,0,1,0
CATGACCCCGAA_8,9,0,6,0,7,1,4,6,0,5
ATGGAGTGGGTT_8,2,3,4,0,1,6,5,9,2,2
TGTTCCTTGCAT_8,8,3,1,8,7,2,2,5,0,0
GAATAGAATTCT_8,0,8,9,2,7,9,0,9,7,7
TGTATGACCGAG_8,8,9,9,2,1,1,9,3,2,7
CTTGAGCCTTGT_8,8,3,6,7,8,1,6,3,8,7
CCCGGGTATTTT_8,0,0,8,1,4,7,8,7,0,3
TATGGCCAATCC_8,7,9,4,6,4,1,5,3,0,0
TCCGAGGCTTGG_8,1,0,1,8,0,2,1,0,4,6
CTTCGAGCCACC_8,6,1,6,1,0,1,1,5,0,1
TGCCCCTCAAGT_8,2,0,7,0,4,0,3,3,1,8
TCACTCGTTCGT_8,3,4,4,9,2,8,5,6,7,3
CGCTTTGTCCGC_8,8,4,7,6,2,3,5,6,9,7
ACAAAATTTCCG_8,1,3,9,4,5,6,3,4,6,8
CCAGTACTACGG_8,4,7,7,1,1,6,3,4,8,3
CACGAGGAAGCG_8,1,3,9,2,8,6,7,3,8,3
TAGACATGGCAG_8,1,3,6,7,8,6,0,9,0,8
TACCCGGGACGC_8,6,9,2,9,4,8,5,9,0,8
CGTCACTAATAT_8,3,6,6,9,8,3,5,3,5,6
TAGGGAAAGCAG_8,9,6,5,8,0,5,4,7,2,2
TTTCGCAAGCTA_8,8,6,5,7,6,0,3,2,3,8
CACGCGCGCCCA_8,4,6,9,5,9,2,6,0,4,2
TCTCTTGTGGAC_8,9,9,1,3,6,3,6,9,9,8
GTGAATTTCATC_8,2,6,9,4,5,8,0,4,0,3
GGACAACAGCAA_8,5,5,4,2,2,6,3,1,7,8
CGCCCCTCTATG_8,3,4,9,0,8,6,8,4,7,8
TTTCCCTGCTAT_8,5,9,9,3,4,6,0,2,9,6
CATAACCCATTC_8,2,3,5,0,5,1,8,4,7,9
CATTGGGTAACA_8,1,9,4,2,1,1,0,3,3,7
GCGGGACGGTTC_8,1,6,4,0,4,6,7,9,0,0
CCAGATATCCTC_8,2,2,6,4,6,6,0,2,8,9
CCTCTCCGGTAA_8,7,5,3,0,1,4,5,9,3,5
TTAAGTCATTCA_8,9,8,5,4,8,7,5,4,2,0
ACCTGCCATGCT_8,9,6,0,6,3,8,7,9,8,2
TCGTGACCTCGC_8,0,3,0,4,6,7,5,2,7,8
ATTCCACCGTAC_8,2,4,4,7,8,1,3,1,7,3
GCCGAGCCTGAT_8,9,4,6,2,7,0,5,2,3,7
CGTCCGGCGATC_8,6,6,3,6,4,5,2,0,4,1
CGGAGGCATCGC_8,1,6,0,4,5,2,5,7,3,2
CCCACGCTGGAG_8,9,6,3,8,9,5,1,7,4,1
TATGTCATAATT_8,0,1,5,8,2,3,9,5,1,1
TCACGGCGATAC_8,9,0,7,8,0,2,2,7,9,6
GATTGGAAGTTC_8,9,5,7,6,6,2,2,9,1,6
CTGTATGTCGCT_8,0,7,2,8,0,5,0,7,4,8
CGACCCATGTAG_8,2,2,9,6,7,8,8,9,8,2
GGCCAGCTCGAT_8,1,4,1,1,6,9,3,9,6,5
TCTTTGAATCCC_8,0,0,8,8,4,2,1,0,9,7
AATGGTAACCTA_8,4,2,3,1,4,4,9,3,6,3
TACCTCGAGATG_8,6,0,1,3,3,9,1,0,6,4
GCAGTCCTGCTT_8,9,5,1,1,2,5,4,5,6,3
CTATGCGCTTGA_8,9,6,7,9,0,2,4,0,9,4
ACCAAGAGTATG_8,9,3,4,4,8,9,9,8,3,5
CCCGAAAAGGCA_8,8,2,7,7,1,4,9,2,8,8
TTCTGATAGGGA_8,2,5,5,7,4,3,0,3,2,3
GCCCGGGCTTTG_8,7,6,0,3,9,8,6,2,5,4
ACCACCTCTAAC_8,6,9,3,1,0,5,4,7,6,4
ATTCCCTGGGAT_8,4,6,2,8,5,1,7,0,1,9
GCGTTTGCGAGA_8,6,1,2,8,2,2,4,0,4,4
CCCACGCTGGAT_8,7,1,2,8,0,5,7,7,5,1
GCCGGGACGCAA_8,6,6,3,8,2,5,2,5,1,4
CCTATTGCGCCT_8,9,4,6,7,7,6,2,0,0,7
TTAACAGCAGTC_8,3,3,5,7,1,9,3,3,7,1
TCGAGTTCTTAT_8,4,2,5,7,2,0,6,6,3,2
CCATCATTCTTG_8,8,7,4,7,7,9,9,9,8,8
AGTAGATGACGT_8,7,4,7,3,9,5,7,5,5,0
ATGACGTTCGTA_8,9,0,5,8,0,3,7,7,5,3
CACCACTAAGGT_8,5,4,9,3,3,4,0,8,7,0
CGCCTTAAAGCC_8,9,5,5,9,2,0,1,2,1,8
ACTACCGGGTAG_8,6,0,2,3,6,2,1,7,5,7
GACCGGTCTTTT_8,2,2,8,1,1,1,5,0,3,3
CACGGAGTACGG_8,0,5,5,5,2,1,3,5,8,8
GACACAGATGTC_8,2,9,5,7,4,9,8,4,5,6
CAGAGTCTGGGT_8,3,9,9,2,6,4,4,1,4,3
AGAGAGCGACCG_8,4,0,3,5,8,3,0,3,6,1
GTAACGTGAGGC_8,6,7,7,4,6,4,8,1,8,6
TCCCGACAGATA_8,6,4,8,6,9,1,5,1,3,8
GGGCATCTGTGA_8,5,9,2,3,5,8,1,8,2,3
CCCATATCTGAG_8,3,5,5,7,6,7,5,4,6,9
ACACCTTGATGG_8,7,7,7,2,7,7,7,2,5,7
GGCGTGTGTTTT_8,3,3,6,2,0,4,7,9,6,7
AGTGCCAGCGCC_8,6,1,7,5,5,2,2,7,5,8
CCCGGGCCGTTT_8,2,2,0,4,8,6,8,9,8,5
TGTCCTTCGTGC_8,1,6,8,6,3,5,6,9,5,6
TAGAACTCGAGC_8,1,3,4,3,1,9,8,6,7,0
AGACCCGCGTAA_8,9,0,7,6,2,2,2,9,1,4
TGCACGTTCCAA_8,4,1,1,9,3,5,1,7,1,4
AACTAAGGTGAC_8,4,8,4,6,1,7,6,9,8,7
GTCAGCCCCGGA_8,6,6,0,5,9,0,4,0,4,1
AACTAAGGTGAA_8,9,4,6,0,7,2,7,7,6,7
AAAGCTGGGGAC_8,5,3,4,7,8,0,5,3,0,5
CAGCCACTACCT_8,5,5,4,5,8,0,3,2,7,6
ATTCGTATCTTG_8,3,5,8,7,6,1,6,5,6,3
GCTACTGCCCAT_8,2,7,6,0,5,8,8,2,8,5
TTGCAGTAGGTA_8,9,0,0,6,6,7,6,2,8,5
CCTAACCGGGCC_8,8,5,9,2,3,8,8,1,8,3
GTAGGACGTGCA_8,7,9,1,0,0,4,0,4,9,7
TCAGTGCAGCGA_8,6,5,9,8,0,3,4,6,0,4
TGCGTCCTTCGG_8,4,5,4,4,0,8,0,1,6,8
CGCTCAAGGAAG_8,5,7,4,7,5,9,3,2,3,7
TCCGCCCAGCAG_8,3,4,4,4,5,6,3,8,0,0
GATGGACACCCG_8,6,9,8,3,5,6,1,1,0,7
ATCACGCCCATA_8,4,6,2,8,2,2,1,3,1,4
TCAACTCAGGAC_8,3,3,5,4,5,7,9,1,7,9
CGCCACAGCTGT_8,8,3,6,0,0,1,5,5,9,0
AAGGTGATCAGG_8,9,2,7,3,6,6,6,3,3,5
GAGACGTGGGAG_8,8,1,1,8,9,3,4,9,4,6
CCGCCAGGACCG_8,1,5,9,3,8,9,8,9,3,9
TAATCCGGCGCG_8,6,1,2,1,0,1,1,5,1,1
CGGATCCTCCCA_8,7,1,1,8,9,5,0,0,5,1
CGCATATGCCAA_8,8,8,0,0,0,0,4,1,4,2
GTCGTTCGCGCG_8,0,1,2,6,3,2,4,7,5,7
CCCACGCTGGAC_8,6,1,2,8,0,2,1,7,5,1
AGCGTCACGAAG_8,6,9,4,4,0,3,4,6,8,8
TGAGCCCGGTCG_8,1,3,1,3,2,6,8,4,4,9
CAGATTTCTCGA_8,8,7,2,5,9,6,1,0,1,4
CGATTCTCGCTT_8,1,7,1,5,6,1,2,9,0,0
CCAAAGTTCCAC_8,5,4,6,1,7,8,0,3,8,9
GCCCATGACGTA_8,4,8,3,2,2,6,3,4,1,6
GAAAAGATCTCA_8,3,8,4,3,6,7,3,4,8,8
CCGCTGTTACCC_8,4,4,0,0,4,9,7,6,1,6
CGGCTTGAAGTG_8,6,1,2,8,0,2,1,7,5,4
AACTAAGGTGAT_8,0,1,0,3,8,8,7,3,3,3
CCCCGGCCCCAT_8,9,6,8,0,2,0,4,8,6,6
TTTATTACAGGC_8,1,9,7,2,5,6,9,9,7,6
CTAGAGCCTGGG_8,4,9,0,2,1,0,0,1,2,9
TGTCTGTAGTTG_8,9,6,2,1,9,5,1,7,5,1
GGACGCACTGTC_8,7,6,2,1,3,3,2,7,6,6
GGCAGGGTATGG_8,0,6,8,0,4,9,7,7,9,5
TACTCCGTCGAG_8,8,3,3,3,1,4,6,9,1,6
CGTCACTAATAG_8,2,5,5,9,6,9,5,3,8,9
GAAGACTGTCAT_8,3,3,4,0,1,4,3,9,7,2
CTGTCCCAGCTG_8,8,9,8,3,5,4,9,2,0,3
TTCGCCTTCGCG_8,6,1,1,1,0,3,1,5,9,7
CGATTGTTCACT_8,9,3,5,7,7,4,5,2,0,5
CAGACTAAGTCT_8,7,3,0,8,7,2,2,5,2,0
TCTCGTCACGAT_8,5,2,5,7,1,1,5,5,8,3
CTACCGCATCGA_8,8,2,7,1,8,0,0,2,0,9
CATGATAAGAGG_8,1,4,6,9,0,3,7,9,0,7
TCCCGCGCCAGG_8,8,4,0,1,9,5,9,1,6,6
GAAGTGGATAAA_8,4,2,6,7,4,9,3,1,3,8
CAGAACTAACAC_8,5,3,0,4,5,6,5,1,0,5
AGCGGTTCTTTA_8,1,1,3,1,9,2,4,2,9,6
CCGGCATTCCAT_8,4,5,0,1,1,6,2,1,1,3
GGCGCCCTAGAC_8,4,5,1,6,2,2,9,7,6,4
AACCCATCGCGC_8,9,5,1,5,0,9,4,9,0,3
CCCACGCTGGAA_8,7,1,2,8,9,5,7,0,5,4
AGTAGGGTTGCC_8,2,5,4,7,1,0,3,9,1,7
GCCCGGGCTTTC_8,7,1,8,6,7,5,4,9,4,4
CATGGCTACGGA_8,8,6,2,8,5,9,7,3,4,0
GAGTCGAGGCGA_8,0,9,2,9,7,5,4,8,6,7
GACTCGATCTCT_8,1,7,9,2,6,6,6,3,8,7
CCTATGCACTGC_8,0,1,3,8,9,5,6,7,4,4
AGTCGCCAGTTG_8,7,7,7,9,2,4,9,6,4,1
TTATTCTGAGTT_8,5,7,8,9,1,7,5,8,7,9
CACACGTATCGC_8,6,6,8,5,7,6,8,2,8,6
GTAAAGGGCAAA_8,8,0,7,9,4,2,7,5,5,7
AAAAGAGTGACT_8,0,6,1,3,4,0,7,6,0,9
TCCATGCAGCAG_8,7,3,5,6,6,8,5,2,8,0
GGAGCTGTACAG_8,0,1,8,9,3,6,1,9,1,4
GAAGACTGTCAG_8,1,4,4,7,8,6,5,8,7,7
TAGTCCTATGGC_8,4,6,7,2,3,9,0,2,0,3
AACGAAGAACAC_8,3,7,5,2,1,6,3,4,3,9
CGTCACTAATAC_8,4,9,5,3,5,9,9,4,2,7
CAGATTGAATCG_8,9,6,6,1,1,1,7,1,0,2
GCCCGCCGCTGG_8,6,0,7,9,0,3,7,0,5,4
GACGGTCCTATT_8,3,5,5,6,3,9,3,4,3,8
GCACGGTAAGAG_8,4,0,2,5,0,0,1,0,9,4
TCACCCCAGTAC_8,9,7,6,8,2,1,7,4,5,1
GTAAATGCATCT_8,1,6,9,8,4,4,6,6,1,2
TTTGGCTCTCTT_8,3,6,0,6,8,7,8,3,2,5
GGTCCAGTCCGT_8,6,6,2,7,6,9,4,6,7,2
GTGGTCACGCCC_8,3,3,5,6,1,8,6,1,3,8
CGTAGGCGGATT_8,9,6,1,1,3,5,0,0,6,1
CACGCATACTTA_8,4,2,0,4,5,1,3,8,2,5
ACCCAGGCGTCC_8,0,7,6,7,7,6,7,9,9,0
GCTCGTCGCTGA_8,8,1,2,8,4,6,0,9,1,1
TCCCAATCGCCA_8,8,4,4,9,7,4,8,2,6,8
AACCACTCCCGA_8,3,8,7,3,3,3,7,6,0,4
CGGTCTTAATCA_8,3,7,4,2,8,7,5,4,2,2
TAATCCTATTTT_8,5,1,2,4,5,6,2,7,1,8
GATTAAACCTTG_8,8,2,5,4,4,6,0,4,3,0
CCGCGGCGCGAC_8,4,0,3,3,6,2,4,0,3,3
CAGTTCAATGGA_8,8,4,9,9,3,2,0,5,9,1
GACTGCGGATAC_8,6,6,1,5,0,2,7,5,1,1
GCACAAGCCAGA_8,3,9,6,9,2,9,7,3,7,3
ACGGAAATGGCG_8,4,6,4,6,0,3,8,4,1,4
GAAGACTGTCAC_8,8,3,4,7,1,7,6,1,8,2
GTACTGTGACCG_8,2,3,7,7,1,6,6,4,8,8
GTCAATGAATAT_8,0,5,3,3,0,2,4,3,6,4
CATCGCCCAGCA_8,9,5,6,5,6,0,0,8,9,7
TGGCCTGCCTTC_8,0,9,8,8,2,9,6,7,3,6
GAACATCCCCCA_8,8,4,0,4,8,6,0,8,6,5
ACAACTGGCCAC_8,1,9,0,6,5,9,6,6,1,8
CCTATTACGGAT_8,5,6,1,9,7,9,6,3,6,7
ATCACGAGGTCT_8,2,5,4,4,1,4,3,1,2,2
ATTCCGGCGGTT_8,9,5,1,4,9,6,7,6,3,4
CCTGCAGTACCC_8,4,7,9,3,6,8,5,3,7,7
CTGTTCTCGATG_8,2,9,6,4,6,8,3,8,7,7
TCGCTGACAGCT_8,5,9,9,7,3,1,5,2,7,2
TTATCCATCCTT_8,5,2,4,4,1,7,3,4,7,7
TACATAGGAAGA_8,3,5,7,5,6,5,4,7,1,3
GGTTAACGGGTC_8,0,4,0,9,4,6,3,3,8,2
TCACGGTTAATT_8,5,9,9,7,1,9,8,3,2,0
TATATTGAGACG_8,6,4,0,5,2,3,2,9,2,2
GTGCAACCCGCG_8,7,6,1,3,0,5,2,0,4,1
GCCTCGCGATTC_8,3,2,3,7,5,9,8,1,2,7
CATACGATGACT_8,9,9,5,0,3,2,1,6,1,4
ATTGACAGATGC_8,9,6,2,3,2,9,2,5,9,4
CGTGTCCCCTTC_8,2,9,6,7,5,7,5,4,8,3
AAGAGGCTGGCT_8,9,0,3,5,0,5,4,7,4,6
GCCCGGGCTTTT_8,4,1,9,8,3,0,1,9,4,1
AATCAGATTTCC_8,2,8,9,0,5,7,8,2,8,9
ACAAATCTTGTT_8,2,3,6,7,6,0,8,6,2,7
ATAGCTCGCTAC_8,8,8,6,6,8,1,6,8,8,0
TACAAGCTGAGT_8,1,2,4,7,7,8,2,9,8,6
TAACATCCTATG_8,8,7,7,2,8,9,5,7,7,4
CGGGTACCACTT_8,8,5,7,7,2,3,6,1,2,9
AAGCCGTTCCTT_8,9,9,5,6,7,6,5,4,3,0
TACCTAAGGCGA_8,1,2,4,9,4,8,9,5,2,3
CCGGTCCATCCG_8,7,7,2,8,9,5,4,9,1,4
GATAGCCCTGGA_8,7,5,1,2,7,9,9,5,4,6
TTGACCAATCCA_8,1,7,9,6,8,8,3,8,8,7
TTGAGAGTGATC_8,5,9,9,4,7,7,9,3,6,3
TGCCGTGACATT_8,2,5,9,3,0,3,8,7,8,8
CAAGTGGGACCG_8,7,5,9,0,8,6,9,1,2,3
GCACCTTGGTAT_8,2,3,4,4,8,9,3,2,8,7
GAAAACGGCCTT_8,3,2,5,4,5,4,6,8,8,5
GACCATTCTGCA_8,1,9,2,3,9,2,6,5,1,1
ATCAATGATGCA_8,5,5,4,0,5,7,9,3,7,5
GATACTTTGTAA_8,6,7,2,0,7,6,3,1,5,2
GTCCGGGATGGT_8,3,7,6,7,5,6,8,4,0,3
CTGGCTTGGGCA_8,9,1,8,3,5,2,7,7,4,6
AACAATGTCCCT_8,8,4,7,7,6,7,3,8,2,5
TCATAACACCTC_8,7,7,1,8,2,2,1,2,5,9
GACACTAAGGCT_8,6,5,1,5,9,2,7,8,4,6
AACGAATTACAT_8,0,1,7,2,4,2,2,5,9,1
CACCTCGCCTCC_8,1,5,9,4,5,4,9,3,2,2
CACGCCTGTACT_8,4,1,1,9,9,1,4,8,0,4
ACGCGGTGCTAC_8,9,0,2,9,3,5,2,7,1,6
AAGAAGATAGCG_8,7,3,9,6,0,4,4,9,1,2
ATGGCCACGTAT_8,4,5,0,9,8,3,5,6,3,7
GTTCATCCGACG_8,3,5,4,7,8,4,6,3,7,7
TGTACAGATAAT_8,3,5,4,2,5,4,9,6,8,8
TCCGACAAGTAT_8,2,2,7,6,1,7,5,1,5,7
TGTTCCCCGTCC_8,8,5,4,3,8,1,8,3,0,3
AATCCCATTTGA_8,2,8,4,4,2,6,6,8,8,5
TTACATCGTTAC_8,9,0,3,0,4,0,8,4,3,2
GTGCGTAAAATG_8,4,5,1,5,3,3,7,4,1,7
TTGGCACACCAG_8,2,9,6,7,1,9,5,8,7,5
ATAAGTTTGGCT_8,2,8,6,4,1,3,6,8,8,9
ACCTGTTAGATG_8,3,5,6,7,1,4,5,3,0,0
TACCTCGAGATC_8,4,4,5,2,3,0,2,2,7,6
CACCATGCATCA_8,2,7,8,2,8,4,4,1,7,4
GAACGGAATCGA_8,3,7,5,0,2,6,0,1,2,9
GCTTACGCCGCC_8,7,7,1,1,3,6,0,5,1,0
GTAGTTCGCTGG_8,0,7,0,4,2,6,6,3,2,1
ATACAAACTGGT_8,0,9,6,7,8,4,9,2,3,5
CGTGTTCCTAAT_8,5,2,0,4,4,0,6,9,2,8
AAGCCCGTCAAT_8,6,0,3,0,6,1,6,3,4,7
GCTTCACTATTT_8,0,1,1,9,6,9,2,3,5,8
GCAATGCCAAAT_8,5,7,1,1,7,0,4,3,6,6
CATATTCGTAGT_8,0,8,5,4,6,7,6,9,2,7
GTCAGGCCAAGT_8,9,0,3,0,4,7,3,2,9,2
GACTCTACCATA_8,3,6,7,6,1,7,3,4,8,3
AACGAATTACAG_8,7,8,1,9,0,3,4,7,1,1
CCCGGTAGTGCT_8,5,2,3,0,4,0,0,3,7,7
ACTGTATTTTGG_8,4,2,9,3,1,0,7,8,7,8
TTCCTAGCTGAA_8,4,9,3,0,3,6,1,2,2,5
AAAGGTGTTCAA_8,0,2,7,2,2,1,0,9,8,2
GTGGCGCGCGCA_8,0,7,5,4,9,3,1,5,5,7
ATAGCCTAACTC_8,2,8,8,6,9,1,3,7,7,0
CACGCGCTCGGG_8,8,1,4,0,9,9,1,9,4,7
AGACATGCGGAA_8,0,0,9,3,9,8,1,6,6,3
GCCAAGTACCCG_8,1,1,5,0,3,8,6,1,4,3
ATACTCCAGACT_8,4,5,4,7,5,4,5,3,2,5
GATTCGCGTTAA_8,7,0,0,6,7,0,4,2,6,1
GCTGAGCTTTTT_8,1,9,9,2,5,4,2,1,3,6
GTCGTCGCCGTG_8,9,6,3,8,0,5,4,5,4,1
CTATCAGGTAAG_8,4,7,4,6,4,1,8,4,8,7
CGGTAGTGCGCC_8,7,1,1,1,3,3,2,0,2,4
ATCGCGTAGCGC_8,4,5,3,8,4,0,6,7,0,1
TGATGCTATGTC_8,5,8,9,5,3,6,0,9,4,5
AAGAGTCGCTGT_8,3,4,6,6,6,8,5,2,7,7
GAAGCGAGATCG_8,9,0,2,3,9,2,4,5,5,4
CGAGCCGAGACT_8,0,2,5,6,8,8,0,2,4,5
CGTCACTAATAA_8,6,6,5,9,8,9,2,2,2,6
ATATTGACCGAA_8,5,9,4,0,8,9,8,9,3,5
CGAGATGGTGAA_8,4,4,1,0,4,8,7,4,0,6
GTACTCCGCCTT_8,5,3,0,3,6,8,3,2,2,2
AATATCACGAGC_8,1,4,9,0,3,4,2,9,7,8
GGCCCTAGTGTG_8,8,8,4,7,1,6,7,3,6,0
CGGAAAGGATCG_8,6,7,8,8,2,1,7,0,7,1
AGAACGGGACAG_8,7,6,3,8,9,2,2,5,4,1
TTTTAGCAAGAG_8,3,9,0,5,4,0,3,9,0,9
GCCCGGGCTTTA_8,8,5,5,9,0,2,2,2,5,4
GGTTGCACCTTA_8,8,5,8,8,3,8,4,9,2,9
TAGGCGAGATTC_8,1,8,5,6,7,7,5,2,7,5
GTCGACGCCGAG_8,4,7,6,1,3,9,7,7,8,2
TCCATACGAACC_8,4,8,6,9,8,0,7,1,7,5
TCGCGAAACTAC_8,6,6,2,8,9,5,1,0,5,6
GTGCATCCATCG_8,1,3,7,1,2,2,6,8,2,8
GATTAAACCTTT_8,4,4,9,6,6,1,2,4,3,5
GCAGTCGTACAC_8,7,0,3,8,3,2,1,7,4,4
GGTAGTTGCGCC_8,4,9,8,5,9,3,4,8,2,8
ATATTCAGAGGG_8,7,1,3,6,7,5,6,0,4,7
CCGGAGCCACAT_8,5,4,7,6,6,4,1,9,5,7
TACCCCATACGC_8,3,8,0,4,8,8,2,3,3,2
TTAACTGAACCC_8,6,8,9,5,2,1,6,1,3,3
GAGCCATCCGAT_8,2,3,6,2,4,6,6,4,6,7
CTAGACAGTTAG_8,6,0,8,1,3,6,6,2,5,7
TGCAATGGGGCC_8,3,9,4,7,8,9,8,1,0,5
GAAGACTGTCAA_8,1,2,6,2,1,6,6,6,7,3
TTGGATTTAGTT_8,8,3,2,0,1,8,9,1,0,4
TGGGTGCTACTG_8,0,8,6,6,0,3,8,7,5,1
CGACTTCTTCCG_8,9,1,3,9,6,9,0,5,8,4
CTCCTGCGAGGC_8,6,0,1,8,9,2,4,7,9,4
GTACGATATTTA_8,7,0,5,0,4,8,2,2,4,6
ACAGGATATAAC_8,5,8,3,0,1,6,8,5,3,8
CGAGGGCGCATC_8,9,2,9,3,3,0,3,4,6,3
AAAGCTATGTTG_8,2,8,4,6,5,8,3,8,2,5
GTAGGGAGCGGC_8,8,6,5,2,1,4,0,6,1,7
CGTACTACCGCT_8,6,6,3,0,4,5,7,4,9,5
ATTGTGAGGCGT_8,7,0,8,9,2,9,8,2,5,5
TCCAATTGCTCA_8,9,7,9,3,2,0,5,3,9,1
TTAAGTGCGGGC_8,6,2,0,4,7,4,5,8,1,8
GTCATGAAACTG_8,5,8,7,1,2,4,7,2,2,3
CGAACCGTGAAT_8,2,2,5,7,5,7,5,8,3,5
ACGGCCGACAGA_8,1,1,1,1,0,1,5,5,9,7
GGGGACAGTGAC_8,0,5,4,6,6,9,6,8,8,0
GATAATTATCTG_8,6,1,1,6,9,6,2,0,4,4
ACCCGCGGCGAA_8,4,6,2,3,0,0,4,7,1,1
TACCTCGAGATA_8,1,1,1,3,7,6,0,5,4,1
CAACGGATTTGG_8,4,7,4,4,7,7,5,4,0,5
GATTAAACCTTC_8,3,2,6,6,1,7,0,2,6,3
TGTCTCTCATTC_8,9,4,7,1,6,6,7,4,5,6
TGAGCTAGCTCG_8,7,2,1,1,3,8,4,3,9,1
TATGACGCACAG_8,6,8,0,0,3,8,5,6,2,7
TCACTTCGAGCT_8,9,2,4,9,8,6,5,8,2,0
TTTGCGGGCCGG_8,9,0,2,1,0,3,4,0,1,1
AGCCCAATAGAA_8,5,9,9,0,2,0,6,4,2,8
CACGGATCCGGT_8,8,0,2,2,0,6,2,0,1,4
GGGTCCACCTTC_8,2,2,4,7,2,9,0,3,8,9
GCACTTCTGAAC_8,3,4,8,1,3,6,3,6,2,7
ACCTAAGATCCC_8,5,2,6,4,8,9,5,1,7,9
AGTTGCGGCGGA_8,1,9,7,5,2,6,7,9,6,4
TTCACGGCGGTG_8,3,5,5,7,9,1,7,1,5,7
TGTACGAACCGG_8,2,2,0,0,4,0,3,3,7,8
TATATAACTGAG_8,5,5,6,0,8,8,8,4,3,2
GCTTAGAGTCGA_8,9,4,9,2,4,4,8,7,7,2
AGCACGCGTTAG_8,7,9,9,4,7,8,6,0,2,3
AGATTGATCCAT_8,7,2,0,7,7,9,5,3,2,9
GCAACGTCCGTT_8,0,5,9,3,9,5,2,9,1,5
TCGCAACACTTG_8,4,9,6,4,5,9,9,8,7,7
ACAATCTTGCTA_8,4,6,5,9,4,3,7,0,1,4
GTAGATTGTAAC_8,6,5,4,6,0,5,4,6,3,1
ATCCGTGGTCAG_8,3,2,0,2,4,4,5,3,1,7
TGAAGACAGCGC_8,7,4,8,8,4,2,1,7,4,4
CGTACTACCGCG_8,7,8,2,8,7,5,0,0,8,6
GCTGTGCAACGC_8,0,9,3,3,3,5,4,0,4,6
GCCGCCGGGGAG_8,6,0,6,6,9,7,4,9,7,7
TGTTTGATCCAC_8,1,7,2,8,8,5,7,3,0,1
CGGCACCTGTAT_8,7,2,7,9,2,4,6,4,3,2
ACACCTTGATGA_8,6,9,3,6,4,5,4,3,6,4
CAAGTGGTTACG_8,5,6,3,2,7,0,2,3,1,4
ATATCTTCATAT_8,2,7,9,4,5,4,5,1,7,3
CATGCCTATGGA_8,6,6,2,8,9,0,0,5,6,1
CTTCAGCTACTT_8,7,1,2,1,0,1,1,1,4,7
ATCGACTTAACG_8,7,6,7,6,3,3,5,2,6,8
ACATTCTTTAAC_8,1,5,4,4,6,1,5,4,9,0
GTGGGTTCGTTC_8,2,9,0,9,2,3,5,2,4,6
TTGGCCTAAAGT_8,9,8,9,6,8,0,5,8,7,8
GCAAGCAACTGG_8,6,1,3,3,9,1,1,0,0,7
GTTCATCCGACC_8,8,8,4,4,8,6,9,6,3,2
TGGTATAACCAG_8,9,9,4,6,6,5,9,6,4,1
GCAAGACGTAGT_8,6,6,7,2,5,9,6,9,5,7
TCAGATGCTCAC_8,2,2,4,7,1,8,0,3,8,3
ATAGTCTCGGTG_8,7,3,5,4,0,2,2,3,7,3
TCTGCAGACACT_8,3,2,6,6,8,1,5,8,7,5
TTCGACGTGCCG_8,6,9,3,5,4,0,9,5,6,4
TCTGTCTCTGTT_8,3,3,2,4,2,4,2,2,7,3
GTCCATAAAGTT_8,0,9,0,0,7,9,8,7,0,9
GAAAACCTCGTG_8,2,3,3,5,0,5,7,9,2,6
GGGAAGAAGAGC_8,4,9,0,5,1,8,2,3,7,9
CACGTCCTGGGA_8,4,6,5,3,6,1,7,0,7,9
GTAACCGTCTTG_8,5,5,4,7,4,3,6,4,7,4
AGAGATTCCTGG_8,8,3,7,6,7,9,6,5,0,1
ATAAAATAGCGC_8,1,4,4,7,5,7,9,6,7,3
ACCTCGTGATGC_8,1,5,0,2,4,9,6,1,7,5
GCCCGACTCTAT_8,2,5,9,2,0,1,8,9,0,3
TTCCATCTAAGC_8,4,4,2,8,0,6,7,9,3,3
CCCTTGCTGTAA_8,5,2,5,4,1,6,3,4,3,5
TACAGTGCCTCA_8,7,3,3,5,0,5,2,0,6,1
TGGGATTGGCGC_8,0,7,5,8,2,2,4,0,5,1
CTGGCAGTGCTA_8,9,0,3,5,6,3,6,7,1,6
TACGAATCTGAC_8,7,1,2,3,7,5,7,2,5,1
CAAAACGTAGCC_8,3,8,7,1,8,6,4,9,2,3
TCTCCTACCGCT_8,7,6,7,1,0,5,2,6,6,1
GCTATCCTGCCC_8,3,6,7,3,8,0,7,2,3,3
TTATTCAGCCTG_8,7,0,6,2,9,0,9,5,9,6
AGTTAAGTGTGG_8,7,9,5,2,8,5,1,2,6,4
CCTAAAATGCTT_8,2,3,4,2,1,7,9,1,8,0
CTGGTGCCCCCC_8,6,9,9,2,8,9,2,6,3,2
TCGGCCGGGGCT_8,1,2,1,8,6,0,1,2,2,6
ATAGCATTAACA_8,9,1,5,6,2,7,6,4,0,0
TATGCAGAACGA_8,5,4,4,4,1,4,8,8,3,9
ATGGCACCTGGT_8,8,1,6,9,7,5,4,6,5,7
TTAGAAGCGGAT_8,9,4,6,3,2,3,7,1,2,1
GGGCCAACCTAA_8,3,5,6,4,8,6,5,9,6,7
AGGAAGACCAGG_8,6,8,1,1,0,3,2,3,1,3
TGACAGTACGCT_8,2,3,9,4,8,6,3,1,3,9
ATTAGACAGCGA_8,0,7,9,2,5,4,4,6,2,5
GCCGCCTGAAAT_8,1,7,1,4,3,8,6,6,9,6
ACCCACGAATCG_8,3,8,4,7,5,9,3,1,3,9
CAGTCCGAATTC_8,3,6,1,2,9,2,4,4,1,3
GCCACTATATAT_8,7,1,2,8,2,0,7,5,0,1
CGACCTATCAGC_8,9,2,7,1,2,1,7,4,6,7
AGGCTCAATGCC_8,3,4,2,3,9,9,7,8,1,4
TACCTCGAGATT_8,7,0,7,8,4,2,1,9,1,1
GTATGGTGTACA_8,7,4,7,5,0,2,0,2,2,5
GTTCATCCGACA_8,2,8,0,6,8,8,8,6,2,5
CCTATATACCAA_8,2,4,9,4,8,0,6,3,7,1
GATATATCACTA_8,7,8,7,4,0,3,4,9,0,0
TTAATGCATGTT_8,3,6,9,7,7,8,9,1,0,2
GAGCGCACCTAA_8,6,0,0,6,7,3,2,5,9,3
CCAGAGTCATCC_8,5,7,0,9,3,6,7,9,7,3
CGTACTACCGCC_8,0,7,5,9,3,2,7,2,4,7
AACGAATTACAC_8,9,7,3,3,4,2,7,5,4,4
GTAAATGATTTC_8,6,6,8,3,4,2,7,0,9,2
AACCATTTAGCC_8,6,8,9,8,0,8,2,5,5,1
GCTCTAATATTA_8,5,2,0,4,2,3,8,8,6,9
TCCATAGAGACG_8,6,1,2,9,2,5,1,0,4,4
ACACCTTGATGC_8,7,0,6,9,4,1,7,7,9,4
CTATTAAGCTCG_8,8,2,4,2,1,8,7,6,8,0
AGTCACGGACGC_8,9,1,6,5,4,8,9,5,2,6
AATTGGCTGCTC_8,1,1,8,5,3,5,2,0,6,6
TTTCGCTACTGA_8,1,6,1,1,9,3,7,4,4,4
GCTTCGTCTAAA_8,7,0,7,3,0,5,1,7,6,1
GTAGCTATTTGA_8,2,7,4,2,1,6,5,2,1,3
AAGGCGGTAAGC_8,4,6,8,1,3,1,2,9,2,3
GTATTGTGTTTG_8,5,7,4,1,4,2,9,9,1,1
GTTTGAATTTCT_8,2,9,4,7,4,4,7,1,3,2
TCTGTCCACACG_8,6,4,2,4,6,2,7,0,4,4
AGAAACTAAGTA_8,4,0,8,1,0,1,4,3,9,3
GTTCATCCGACT_8,2,3,7,7,8,7,8,3,3,5
GTCACGGCCTGT_8,2,3,1,4,1,7,6,3,0,9
ATTCCGGCACAG_8,2,3,1,2,6,8,5,9,0,9
ATGCAGGTACCA_8,8,8,0,3,8,6,8,4,6,8
TAGACGTGTGTG_8,6,0,8,5,0,5,1,5,4,1
TTAGACAAACGC_8,2,3,5,0,1,4,9,6,7,3
ACTTTGGTGTGA_8,9,5,1,8,0,5,2,7,5,1
TCCCGCGCCAGA_8,9,4,3,8,2,1,7,7,4,1
CCTAGGCCGTAG_8,9,1,1,2,4,5,7,0,1,6
GTGCAGTTGATT_8,0,6,7,1,2,3,0,5,5,3
AGCAATCTACTG_8,5,2,4,4,6,6,9,3,7,3
CTCCCAGTATAG_8,0,9,3,8,9,5,4,0,9,1
TGCCTCTCTAGG_8,8,2,8,9,4,7,7,3,8,0
CGGCTTGAAGTA_8,7,1,2,1,3,1,1,7,9,1
GCAAGCAACTGT_8,7,1,2,6,0,8,2,9,0,6
GTTTATTCAAGC_8,6,6,2,8,4,5,1,0,6,6
CGTCAGTTAGCC_8,6,2,6,0,5,0,5,4,7,5
AATACTAGCACT_8,9,1,2,8,3,3,1,0,4,3
GAATACACCTAC_8,2,3,4,7,2,8,3,9,2,8
GCATCCCGGTAA_8,1,7,7,1,0,2,0,0,4,1
GCTACCGCTGGC_8,9,6,1,2,9,0,1,6,9,0
CGGACACTAGGA_8,8,1,1,2,0,8,4,2,0,4
CGCGTGAGGTGT_8,9,6,9,9,9,0,9,1,6,3
CGGCTTGAAGTC_8,7,0,1,8,3,3,7,0,5,1
CGGGCCGCAGTG_8,7,0,1,3,9,4,0,0,6,7
CGATCGGATGCA_8,0,1,1,1,4,6,4,0,9,8
GATTCGCCTACT_8,6,5,5,0,8,8,7,9,6,1
ATATTATCTATT_8,6,9,1,0,6,3,0,1,0,2
TTGATTGGTCAA_8,8,6,6,3,1,3,7,3,0,7
TTGGAGTTATAG_8,3,5,0,2,7,2,3,8,8,3
TTCCTGATACAA_8,3,2,4,3,8,6,5,6,6,8
ACTATGCAGCTC_8,5,8,0,3,1,0,8,5,3,0
GCAGCCGTATAC_8,7,9,9,4,5,0,8,6,6,2
CTAATTTGTTGT_8,2,8,9,4,4,4,3,2,8,0
CGGCACCTGTAG_8,7,2,5,6,8,6,0,1,8,8
TTTACCTACGGA_8,9,7,8,4,2,6,0,4,8,7
TACAACTCGTAT_8,7,7,5,0,1,7,6,6,8,7
ACGCTCGTGTGC_8,7,9,1,5,0,4,8,6,4,2
CTAACCCCGAGG_8,1,7,0,6,1,3,3,3,6,9
AAAACTAGAAGA_8,6,3,0,3,1,9,8,3,2,6
CGAAGGCCTTGC_8,6,8,7,0,1,6,7,1,7,3
GTCAGGGTGGTA_8,9,6,6,4,5,2,7,8,0,6
GCCGCCTAATTG_8,8,2,8,2,8,2,0,9,5,3
AGTCCATCCAAA_8,2,4,8,2,8,3,6,4,2,6
CAAAATGTCGTT_8,5,8,4,2,5,1,0,6,6,2
ACACCTTGATGT_8,9,3,1,3,4,4,7,7,8,4
GGCGTCCTCTAC_8,6,8,7,1,6,2,9,0,4,0
GTGCATCTGGGG_8,4,3,6,7,5,1,8,9,8,3
CCTCGCGTTGCA_8,7,0,5,3,9,5,0,9,5,8
CGGCTTGAAGTT_8,6,1,3,3,9,0,4,0,1,1
CTGGCAGTACAA_8,7,2,0,3,2,0,4,9,5,1
GATACCGACCAA_8,6,0,3,8,7,2,1,0,9,1
GTACCTCACCGG_8,8,3,9,3,1,6,9,1,3,3
CGGCCGGCATAC_8,1,4,9,6,5,7,2,0,0,3
ATATCTGCCGTC_8,3,5,9,3,8,6,5,2,8,0
GATTAAACCTTA_8,2,4,7,4,8,3,5,1,2,2
GCCGAGATCGGT_8,9,1,2,5,0,5,1,5,4,4
GTTGCAAGATTC_8,0,2,7,1,0,2,4,5,9,4
CGCAGGCAGTGT_8,2,9,0,3,6,0,7,5,0,3
CGGAGTGCCTTT_8,8,4,7,9,0,3,9,3,6,8
