,0,1,2,3,4,5,6,7,8,9
TTTCTATTACAC_5,3,1,5,8,6,7,0,9,0,3
ACCATTAGCGGA_5,0,7,3,4,7,9,6,5,7,9
TCCGCCTGCGAA_5,6,7,0,5,9,8,6,5,3,0
ATCCCATGATAA_5,7,0,7,7,9,9,6,5,3,7
CTAACGTCCTAC_5,7,1,3,0,9,9,7,1,2,6
ATGTTATTAGGT_5,4,4,0,2,3,9,0,1,3,9
AGATACAAGCCA_5,6,9,0,5,7,8,0,6,3,9
TGCAGTCGCGGG_5,4,5,3,8,9,8,0,0,8,0
TGGGGACGCGTG_5,4,8,5,8,4,9,1,0,8,0
ACGGCCCGGCGA_5,9,1,3,5,2,9,3,1,9,0
GTCGCGGCAGAG_5,6,8,2,8,9,2,6,9,9,9
CTATATGGCAGA_5,7,9,0,8,9,8,0,0,2,8
GTAGTGTCTGAC_5,6,2,7,4,1,8,0,9,7,5
AGTCACATGGAC_5,4,1,7,8,7,9,6,6,3,5
GCCCGCTCTGCG_5,8,4,5,5,9,9,1,0,3,0
CAGACCTTCAAT_5,6,2,7,6,7,9,0,9,0,1
AGCCCTAAATGT_5,3,1,5,3,2,7,7,5,6,3
TTAAAGAGTATT_5,4,9,0,5,4,2,6,0,6,0
GAGGTTAAGGAA_5,8,4,5,5,4,8,3,0,3,0
ACCAAAGTGCGG_5,4,5,3,8,2,8,1,6,9,9
GGAACAGTCATT_5,6,9,5,2,9,6,7,0,6,3
AGCCCGACCTTA_5,4,5,0,8,4,2,6,4,9,9
TCGAATAGCTTA_5,3,9,2,5,7,9,7,9,9,7
ATGTTATTAGGC_5,6,8,5,5,9,8,7,6,6,0
CGGATTGTCCCA_5,6,5,3,2,1,0,4,1,3,1
CATAACAGGAGA_5,3,4,2,5,7,6,6,6,9,0
CAGGGCAGCCGT_5,0,1,3,5,9,8,6,5,2,8
TCCAACCGGTCG_5,4,5,0,8,4,7,1,6,8,0
AGCAATGCAGCC_5,5,8,6,9,8,3,8,8,4,4
CGAGCGACTAAT_5,6,5,2,8,4,8,1,9,6,7
CATCACGTATGC_5,3,7,4,2,6,4,7,2,8,3
TACGGGTCCCGA_5,6,1,2,2,9,4,4,5,3,0
GAAACTCCTAAA_5,7,9,5,3,9,9,7,2,2,6
TTTTCGCGAATC_5,4,4,0,5,9,4,7,6,3,0
GTCCATATAAGT_5,7,1,5,3,9,9,7,0,8,3
ACCAAAGTGCGC_5,4,5,7,8,4,7,1,0,3,0
TCTATATTCTAA_5,7,1,3,3,9,8,7,6,6,0
GACGATCGCGCA_5,6,4,0,2,9,0,1,6,9,0
ACTGCGAGCAAG_5,3,1,5,8,4,9,7,0,3,0
GGACCACGCCAC_5,7,5,3,2,5,8,1,6,0,0
GACGGCCCTCAA_5,2,2,1,4,3,1,6,6,0,7
GCCACGTTCGGT_5,6,7,7,2,2,5,3,9,5,3
CCACTGCCCATT_5,3,1,5,5,5,9,3,5,1,0
TCCAACCGGTCC_5,8,5,0,8,4,0,1,9,3,0
GGACCACGCCAA_5,6,5,0,2,2,9,1,6,6,9
CAACAGGCAGAG_5,6,1,2,4,7,2,4,1,5,5
CTTGCCGACTAA_5,0,7,4,2,5,9,7,0,8,7
TTGGCTTGTCAG_5,6,6,3,2,1,8,5,9,9,5
TTAAAGCGGGTC_5,4,4,3,7,0,8,7,9,9,1
CCCGTATTATCC_5,3,8,3,5,7,6,6,5,0,7
GCTTACGGCAGA_5,7,7,5,5,7,7,3,3,9,9
TCCAACCGGTCT_5,4,5,0,8,4,7,1,6,8,3
GGTTACAGACGC_5,0,7,5,5,9,4,7,5,3,0
CCTCCCTCGTCA_5,6,8,7,8,0,9,0,6,2,9
ACGAATAATCGC_5,6,1,3,5,7,8,7,9,7,7
GAGGCCATACAA_5,7,7,5,7,9,4,7,0,8,2
CAGTCGCAAAGC_5,0,5,1,8,4,9,4,5,1,0
TCTCAACAACGG_5,3,9,3,5,9,9,3,5,9,0
AGTGCTCGGTTT_5,4,8,3,8,9,0,7,1,2,3
GGAGCGCCTTCC_5,8,9,3,1,9,4,3,7,3,7
CTTACTCGTATG_5,3,9,3,5,9,9,7,5,2,9
GACCCTTCATTT_5,6,2,7,6,3,1,6,6,9,5
GAACGCCGCTGT_5,6,5,1,2,9,0,1,4,5,8
AGATAGGAAGCG_5,8,8,3,8,4,8,1,0,3,0
AGGACCATTCTG_5,8,9,5,4,9,0,4,6,3,1
GCGAGGAATTCG_5,0,3,3,5,9,9,4,0,3,7
ACGTGTTACTAT_5,3,7,3,5,7,2,7,5,2,9
AGCGTGGAGCTG_5,4,4,5,8,4,7,7,6,8,0
TTGCCGATCCCT_5,6,4,0,5,4,7,3,6,8,0
AACCGACATAGA_5,5,8,6,9,8,3,8,8,4,4
ACTGCGAGCAAT_5,8,7,7,2,2,8,6,5,3,3
AGGACCATTCTC_5,6,1,7,5,9,2,4,5,1,5
ACTGCGAGCAAC_5,6,7,5,5,9,0,0,9,2,9
TCCAACCGGTCA_5,4,5,0,8,4,7,1,0,8,0
GCCCCCGACTGG_5,3,6,2,4,3,1,6,9,2,9
AACAATTTACTT_5,9,2,0,5,9,2,0,6,9,1
AATATACTAAAG_5,6,1,7,2,2,4,0,6,2,9
AGATAGGAAGCC_5,8,4,3,8,4,7,5,6,3,0
ACTCAAGCGCCG_5,3,3,4,2,6,0,9,6,8,7
CACTCAAAGCAC_5,6,1,2,4,3,2,6,9,8,9
AATAACCCCCCG_5,6,6,7,2,0,8,9,5,3,3
GACGATCGCGGC_5,6,5,3,8,9,4,7,6,3,0
GTCGCGGCAGAA_5,4,5,2,5,2,8,1,0,9,7
GTCGCGGCAGAC_5,8,8,0,5,2,8,6,5,0,7
CCGGCCCGCGAG_5,6,6,0,0,6,8,6,6,9,9
GGTAGACGTATA_5,6,0,2,0,7,8,0,5,6,7
TTGAGTAAGGGG_5,4,1,5,2,9,4,0,6,9,5
CATACCGTCTTA_5,5,8,9,6,8,2,5,4,5,1
TGCAGTCGCGGA_5,4,5,2,8,2,0,1,0,5,0
TTAGTGACCAAT_5,7,7,5,2,9,5,0,9,3,1
TGCCCATCCTAG_5,8,9,0,2,6,0,1,6,3,9
AATATACTAAAT_5,6,7,2,5,9,9,6,5,7,9
TCGAAAACTACG_5,3,1,4,5,0,6,7,6,9,2
TACTCAACGTCT_5,6,2,7,6,9,1,6,9,7,1
CTGTTCTGGTAT_5,2,2,2,6,7,1,4,5,3,8
AGGACCATTCTA_5,6,7,2,4,0,8,4,9,2,9
ATGAGGATGCTT_5,7,9,5,3,5,9,2,1,6,6
GACACGGCCAGG_5,0,0,3,8,1,8,9,3,0,3
AGTAAGTGCAGT_5,8,0,5,2,9,0,3,0,6,3
CGCCACATGGCA_5,3,7,3,5,6,0,4,9,7,8
AGATAGGAAGCA_5,8,8,7,8,4,7,1,6,3,0
ACCCGGCTCAGC_5,0,0,7,2,5,5,7,2,8,2
CTTGTCGGGTGC_5,3,7,4,3,6,7,3,2,6,7
TCCCCGCGCCGT_5,9,2,1,6,2,1,6,9,7,3
GGCGCTTTAATA_5,9,0,1,0,2,8,2,6,7,5
GGACCACGCCAT_5,0,5,3,8,4,7,0,1,3,9
TGCAGTCGCGGC_5,4,5,4,8,4,7,1,6,2,9
GCCAAGTTGGTC_5,7,9,7,4,6,9,7,9,2,5
AACGCGCCGTTC_5,4,9,7,5,9,8,7,2,8,3
TTGTGGAATAGC_5,4,0,2,8,5,1,4,6,3,9
TTGCCGATCCCC_5,8,9,0,8,4,9,4,1,3,3
TTAATATCCTTT_5,7,1,3,5,9,8,6,5,6,0
ATTCGCCGAAAT_5,0,9,5,5,9,2,4,5,9,9
AATATACTAAAC_5,7,1,2,2,1,8,6,6,6,5
TTCACACAGGCA_5,7,9,5,5,5,6,2,2,4,6
TTGCCGATCCCG_5,6,0,0,8,4,0,1,0,3,9
TGCATTAAAGAT_5,3,5,0,8,3,1,4,4,0,5
AGATAGGAAGCT_5,8,4,0,8,2,7,7,0,3,0
CACGGCTTAGCT_5,6,0,1,2,7,1,4,5,8,2
GAGGATTCTGGC_5,7,9,1,4,3,2,6,5,7,5
TGCCCATCCTAC_5,4,7,4,2,4,0,7,1,8,3
TGCCCATCCTAT_5,8,4,0,2,4,2,0,1,3,8
CCCGAGCGGCGT_5,9,0,3,5,9,8,7,0,8,1
CCGATTCATCCA_5,0,9,4,5,0,0,4,0,8,7
TCACAGAGGACG_5,4,1,3,2,9,8,4,5,3,0
CCGACTTGTAAT_5,4,5,0,8,4,0,1,6,8,8
AACGCCCTCAGC_5,6,9,2,7,1,4,4,2,6,9
CTAAACACCCCC_5,9,8,1,6,3,8,6,5,7,1
ACTGCGAGCAAA_5,6,4,3,3,9,9,7,5,3,7
ACCAAAGTGCGA_5,8,5,5,3,4,0,7,6,3,3
TATATCGAAGAT_5,4,4,0,2,4,8,3,6,3,8
CTAGCGTTTCGC_5,5,8,6,9,8,3,8,8,4,4
GTATAGCGCTCT_5,1,3,1,2,2,8,1,9,1,9
ACCAACATCAGC_5,4,8,5,5,2,0,0,5,3,0
ATACAGACCGCA_5,0,9,5,2,6,6,2,7,1,6
GGCGTACTGCTC_5,6,2,2,6,4,8,0,9,9,5
TTTCGGGTTCTG_5,3,1,7,5,7,6,6,9,8,7
GCTCTGCAGGCG_5,3,9,4,0,5,7,9,0,0,3
AGCGTGGAGCTT_5,4,5,5,7,4,4,1,0,3,3
GTCCTGTTCTTC_5,6,0,3,2,9,9,7,2,6,6
ATAAGCGTAAAT_5,3,4,3,6,6,9,7,1,9,9
ACTCTTTAGCCC_5,3,9,3,7,6,5,0,1,3,8
TCAAGACGAAGT_5,6,1,7,5,3,2,6,4,6,2
CTTTTTCCTCGG_5,2,7,2,4,1,9,0,4,7,5
AACGCGCCGTTT_5,0,7,5,5,9,7,9,5,3,7
TTAGTTCAGAAC_5,0,2,0,6,7,1,1,9,7,9
AGCGTGGAGCTC_5,4,5,4,8,4,7,3,0,3,0
CAAGGGCCTTAG_5,7,9,7,5,9,9,0,1,2,3
AGCCAACGCTCT_5,0,3,0,5,2,0,7,0,3,5
GTCGCGGCAGAT_5,4,8,2,8,3,2,0,5,9,9
ATTCGCCGAAAG_5,4,4,3,2,0,4,7,5,8,9
AGGACCATTCTT_5,6,3,7,4,7,9,4,5,7,9
GTTCCCGTGCAA_5,2,5,1,2,3,8,0,6,7,5
GCCCGTCAGTCC_5,5,8,6,9,8,6,5,1,5,4
AGCGTGGAGCTA_5,8,4,7,8,4,8,1,0,9,9
AGCCAACGCTCC_5,6,2,2,5,9,9,5,6,3,9
GCGGGTCAGTTG_5,5,1,6,6,8,1,5,5,0,1
CAGCCGCCTCCG_5,4,7,2,2,7,8,6,4,9,8
AGGAGAAGTTGG_5,3,0,3,2,7,9,3,6,0,2
TCAGACCCCCGC_5,3,1,9,0,5,7,1,0,2,8
TGTCAGTAGGCA_5,6,7,3,0,0,8,6,6,2,9
TCGCAATATACG_5,4,4,2,5,7,8,3,5,8,2
GTAATTCATTGG_5,6,1,4,1,7,9,0,6,3,2
ACCAAAGTGCGT_5,8,5,0,2,4,8,3,0,9,8
ATTCGCCGAAAC_5,4,9,2,5,2,2,2,2,5,7
CCCCAACTCTTG_5,4,1,5,5,2,0,6,3,2,7
TACATACATCAT_5,6,2,1,4,3,1,4,4,3,5
GTTTCCCAGATA_5,7,9,8,1,9,9,7,1,6,6
TGCCCATCCTAA_5,3,9,0,7,0,0,1,3,3,2
GTAGTAATCTCT_5,6,0,7,1,4,4,0,1,2,3
CCCACCAAGTTC_5,2,6,7,4,3,2,4,9,5,5
AGCCAACGCTCG_5,4,2,0,2,2,8,1,9,3,9
TGAATCAGGACG_5,8,5,2,1,4,4,4,6,3,7
CGTGTCAGGACG_5,4,4,0,8,2,7,1,4,8,0
GTTAGTATTCTG_5,0,1,9,5,1,1,4,5,8,3
TCACAGAGGACC_5,4,1,4,8,3,8,6,5,3,0
GTCACCGTACGG_5,5,8,6,9,8,3,8,8,4,4
TTAACCGCGGTA_5,8,8,2,8,7,6,4,6,8,7
TGAATTAGGTGG_5,0,8,2,8,1,8,0,0,3,5
GACCACATTGTA_5,5,8,6,9,8,3,8,8,4,4
TACGTATAGGAG_5,3,1,5,5,7,9,7,2,2,7
CGCGTACAGCAG_5,2,6,2,8,2,2,6,6,0,5
CGACCAGACGCT_5,4,9,2,2,4,1,4,9,3,9
CGGGCGCAGGTG_5,0,7,7,4,7,8,4,9,7,5
TGCCACAAGGCG_5,4,2,9,0,3,7,4,0,0,9
TAGTGGTGGCAT_5,2,6,3,0,3,2,6,6,5,1
TCACTTGGATCG_5,9,0,1,6,9,9,4,4,9,1
ATATTGCAGCGC_5,0,5,3,8,4,7,6,1,8,9
AACGCGCCGTTG_5,4,5,5,5,0,9,7,6,5,2
CCTGTCAACGCC_5,2,2,1,5,1,1,6,9,5,7
TTGCCGATCCCA_5,4,8,2,8,4,7,4,6,0,9
ACTAGAAAACCG_5,4,1,3,8,4,9,3,0,5,0
TTGAGTAAGGGA_5,6,5,2,8,9,1,0,0,5,5
CCGCCTCCAGGA_5,3,4,8,0,5,4,9,7,8,6
ACAGCTCCGTCG_5,9,8,9,6,2,1,0,4,6,1
AACGCGCCGTTA_5,4,1,3,8,9,5,0,1,5,7
TCACAGAGGACA_5,7,4,5,8,2,9,7,9,3,3
AGCGCCTCCCAC_5,4,9,5,0,7,4,3,6,9,9
TACGTTATTGCG_5,0,6,3,4,7,1,7,6,7,5
GCCGTTGGAGGG_5,4,4,2,8,6,7,0,0,2,7
ACGACCGAACAG_5,8,5,3,5,9,4,1,2,2,7
GAAGTCAGGATT_5,3,1,5,7,6,8,7,0,2,7
GTTCAGATCTAC_5,1,7,2,1,5,1,0,9,8,1
GTACCGCCCATG_5,7,0,4,3,6,9,2,7,2,9
ATATTGCAGCGG_5,4,5,0,8,0,8,4,0,1,9
TCAGAAATGCGT_5,6,1,4,5,4,7,3,0,6,3
AATATACTAAAA_5,7,9,2,0,2,8,0,6,7,5
GATCGTTTGAGT_5,3,9,5,7,6,4,7,2,2,3
ACCCAGGTTGGT_5,2,2,1,6,1,1,4,4,8,5
TGCAGTCGCGGT_5,4,5,4,7,4,8,9,2,8,0
CAATCCAAGGGT_5,7,7,8,5,6,4,2,0,7,6
GCGCATTACGTC_5,4,9,1,2,1,7,1,6,2,8
TGAATCAGGACC_5,8,1,3,5,2,8,3,9,9,8
CGCGTACAGCAT_5,6,5,0,4,7,8,6,4,7,2
AAGACCCGCCTT_5,7,3,8,3,5,4,2,1,2,6
AAACACGCCCGA_5,3,4,4,1,0,0,9,2,2,3
TTGGCATGCAGC_5,3,1,7,1,7,4,4,0,2,8
CAAGTCGAGACA_5,6,2,2,8,2,1,4,4,8,1
TCTCCAGACCCG_5,3,9,4,3,5,4,4,1,2,7
AGCCAACGCTCA_5,4,8,3,0,3,1,6,0,3,9
GGAGATACTTAG_5,7,8,9,5,2,9,5,1,6,3
TTTAAGGATAAG_5,2,7,7,4,7,1,2,9,5,5
ATTAGTGATACC_5,6,6,1,4,3,4,6,4,0,5
CTAACTTGGGAC_5,9,9,5,5,7,1,4,3,9,0
CGACCTCCAGTG_5,8,3,4,4,0,5,5,6,5,3
ATCGAAGGGAAG_5,8,2,2,5,2,2,5,4,5,7
CAGAAAAACCAT_5,8,7,5,3,6,8,2,1,2,6
TCGCAATATACA_5,1,5,5,5,0,2,0,5,2,3
CGTGTCAGGACC_5,8,5,3,8,4,8,1,6,3,9
TGTTGCCGGCCA_5,9,9,1,0,9,0,0,1,2,8
CTTAACACCGCT_5,1,1,3,1,6,4,7,3,7,2
CGCCCCAGTACG_5,3,2,1,6,1,1,4,6,7,5
TAGATACTTAGG_5,7,9,5,3,5,6,7,0,1,3
TGAATCAGGACA_5,3,0,3,5,7,2,9,9,3,7
ATCGAAGGGAAT_5,4,5,1,2,1,7,6,6,8,3
AGGACTGACAGC_5,2,2,9,6,7,1,5,9,5,5
TGAGCACCGTCT_5,7,3,8,3,6,4,3,7,1,6
ACGAAAAGTCTG_5,8,3,5,3,9,8,0,0,3,8
GCGAAGCTGCTA_5,9,6,9,2,3,1,1,4,5,7
CGGCATTGGACA_5,0,1,1,7,1,8,4,9,0,1
CCGACTTTAGGA_5,4,4,9,1,2,7,1,0,6,3
AGCAATTCAATG_5,6,1,4,4,7,9,2,9,7,5
TGAATCTATAAA_5,3,8,5,3,6,0,7,1,9,3
AGGCAATTTCTC_5,7,1,5,5,6,6,2,1,6,3
TGTAGTGCCAGA_5,0,2,2,0,5,9,6,4,0,5
TCACAGAGGACT_5,0,1,4,8,9,7,0,5,3,7
AACCACTAGAGC_5,1,7,3,3,6,0,9,3,1,3
AGACCCAGTTTA_5,7,4,5,1,5,4,7,1,2,3
CCAGCTAACCGG_5,9,1,0,6,2,8,6,3,0,5
GGGACCAACCGA_5,6,2,1,6,1,1,6,4,0,1
GTACCGCCCATC_5,3,3,4,3,6,5,2,0,2,8
ATGGATATTGCG_5,5,8,6,9,8,3,8,8,4,4
ATTCGCCGAAAA_5,6,3,8,7,7,9,4,3,9,7
CTCGGTCAATAG_5,3,3,7,0,6,2,2,7,2,5
GGACAGCGCGAA_5,3,3,5,0,6,7,3,2,1,2
ATTATTTACCGT_5,7,1,7,5,9,6,7,9,0,7
ATACCGTTCGGA_5,5,8,6,9,8,3,8,8,4,4
TTCTCAATCACT_5,6,2,2,6,0,2,9,5,5,7
GGTGTCCGCGAT_5,0,2,7,6,1,0,0,9,7,8
TTGAGTAAGGGC_5,4,6,1,8,7,2,9,6,7,0
ATGGATATTGCC_5,5,8,6,9,8,3,8,8,4,4
CGAACTTAAGAA_5,2,5,1,4,1,1,6,4,7,8
TTCTCAATCACG_5,6,2,2,6,1,2,9,6,1,8
AAGCATGCTGAC_5,0,3,7,1,5,4,7,0,2,3
CTCCTAACTAAG_5,3,4,3,9,8,6,9,7,6,4
ACCCCGTTGCAG_5,1,0,1,6,1,5,9,4,7,8
ATTATTTACCGC_5,3,9,0,7,5,4,4,9,0,7
AGCAATTCAATC_5,0,7,7,0,1,9,9,2,9,8
AGGCCAATAAAA_5,9,4,0,8,2,8,7,1,6,3
GTTCTGTACGAC_5,9,4,5,3,9,9,0,1,8,6
TGAATCAGGACT_5,6,4,7,5,5,0,7,1,3,7
CGCGTACAGCAC_5,6,6,1,4,7,1,1,6,5,5
AAAGATTAGCCT_5,7,9,3,4,7,0,4,9,7,8
TCCCGCCTCCGT_5,7,7,9,0,5,0,7,1,2,0
CATCATTGTTGA_5,7,7,7,1,2,5,0,0,3,3
CACGGGTTACAT_5,6,2,1,6,2,1,5,4,7,1
CGTGTCAGGACA_5,4,4,2,1,4,2,0,9,8,0
TGTCGCACAAAT_5,9,9,5,7,6,9,9,2,7,6
ATTGCTAGGCGC_5,3,0,4,0,5,4,2,3,7,6
GGACCGTTCGGC_5,1,9,9,2,4,4,5,1,2,2
ATTATTTACCGA_5,0,0,2,7,6,0,4,2,6,9
CGTGTCAGGACT_5,4,4,0,2,2,7,5,6,8,0
ATGGATATTGCT_5,5,8,6,9,8,3,8,8,4,4
TCAGCCGCCTTA_5,3,9,4,7,5,5,3,7,2,2
TGCTTAGTCCCG_5,0,5,4,7,6,8,1,6,1,6
TTCTCAATCACC_5,3,9,2,1,0,8,6,4,2,5
TCCACAGCGGAA_5,5,8,6,9,8,3,8,8,4,4
ACGAAAAGTCTT_5,4,1,5,5,9,9,0,5,8,3
CTAGTTGTGTAA_5,9,4,7,2,7,7,0,1,0,0
ATTGCTAGGCGG_5,0,3,5,7,6,4,2,3,2,7
AGAATCCTCAAC_5,6,2,1,6,2,1,9,7,2,1
CGAAGTAGCCAA_5,6,6,1,7,7,5,2,9,7,1
TGACCCCGCGGA_5,5,4,6,9,8,2,3,1,0,4
AACGTGCGGCGT_5,9,6,9,6,1,1,0,4,0,1
CGCCGACGACAA_5,4,1,0,8,4,0,3,0,9,3
TATGGCTGCAAT_5,1,3,4,0,5,7,9,7,0,6
TTGCGTAAGCAG_5,0,7,7,0,6,8,2,2,8,7
GCGGAGCCTTGA_5,9,2,9,5,3,1,4,4,8,1
CAGACGTAGTTT_5,9,2,1,6,0,1,5,4,9,1
CGAATGCTCCTT_5,3,9,8,7,0,4,3,1,1,2
GTATTGCATCCA_5,9,2,1,6,2,2,5,4,9,5
CATACATCTAAC_5,6,9,2,0,1,9,9,9,2,5
CCTCTTCCACGA_5,9,7,7,0,9,5,3,1,2,3
TGTAAGACCACA_5,2,2,1,6,3,1,6,4,5,1
TTTAAATGATTG_5,0,0,5,0,2,8,0,9,5,5
GCCCTTTCATCT_5,2,6,8,4,1,0,1,4,7,8
GGCTCCGGCAGG_5,0,3,5,1,4,7,7,3,3,8
ACGGAGGCCGAT_5,1,4,8,1,0,9,3,3,1,2
AAAGATTAGCCG_5,3,7,4,7,5,5,9,7,6,6
ATTGCAACCCTT_5,2,5,7,4,3,1,6,6,0,1
CACTCCGCCTCC_5,9,0,3,4,0,1,0,2,2,5
GCAAATTCATTA_5,0,0,5,2,4,2,7,3,6,3
TTCTCAATCACA_5,0,2,9,0,0,8,5,4,7,8
ATGGATATTGCA_5,5,8,6,9,8,3,8,8,4,4
GGGACGATAGTC_5,5,8,6,9,8,3,8,8,4,4
GCCGTTGGAGGA_5,0,4,0,2,4,8,7,7,5,9
AATGTGCGACAA_5,9,9,7,6,9,4,0,1,7,7
GCCCTTTCATCG_5,2,6,1,0,7,1,6,9,5,2
TGACAGAAGATA_5,2,6,2,2,1,1,6,4,7,5
GAAGACTACCCG_5,7,7,4,7,6,0,1,1,1,6
GCGGGCTAAGAA_5,2,7,1,6,1,4,3,7,0,8
GTACCGCCCATT_5,0,3,4,0,9,4,2,7,6,3
CAACCTACGTAT_5,5,8,6,2,8,3,8,8,4,4
GTACCGCCCATA_5,0,0,4,1,5,4,2,3,7,8
CAAGCTCATAGG_5,1,6,8,1,5,9,4,3,2,0
ATCGAAGGGAAC_5,9,2,1,6,2,7,5,4,5,8
TACGGGTCCGTC_5,2,2,1,6,2,2,5,6,5,5
GAATTCGTACTG_5,6,7,2,4,1,1,4,6,7,5
ACGAAAAGTCTC_5,8,4,5,7,4,4,1,5,3,8
CAATCCGACGGC_5,2,2,1,7,3,1,5,4,7,1
ATCGAAGGGAAA_5,9,2,3,5,4,7,4,6,6,1
TCGCAATATAAG_5,2,6,2,4,7,1,5,4,5,5
CTTATGCGATCC_5,3,2,1,6,7,2,9,7,0,2
TGCTTAGTCCCC_5,8,0,0,5,0,9,7,3,1,8
TGCTTAGTCCCT_5,4,3,2,5,5,6,7,6,2,7
AGACTACGACCT_5,5,8,9,2,8,6,3,1,0,4
GCCCTTTCATCC_5,3,9,7,4,1,1,4,6,7,8
AAAGATTAGCCC_5,3,7,8,3,7,5,2,7,2,8
ATAACGGCCATT_5,5,2,9,6,8,1,5,4,0,1
TAGATACTTAGA_5,4,5,4,0,6,0,1,0,8,8
GCTACCCGGGAC_5,9,2,9,7,2,1,5,4,7,5
TAGCAGTCGGTA_5,9,9,5,0,5,4,2,5,6,8
CTCGAGGCTTTG_5,9,2,2,7,2,2,3,2,9,8
AGTTTTCCCCCT_5,6,1,7,0,3,1,5,4,9,8
TTTCCTCGTGCT_5,5,8,6,9,8,3,8,8,4,4
AACCCGCCTCAC_5,1,0,9,0,6,0,1,0,6,2
TCCCGGATGGCC_5,9,2,1,6,1,1,5,9,7,1
GCCTCAGCGTTG_5,1,4,9,1,5,5,1,1,1,2
TAGATACTTAGC_5,8,4,9,3,0,0,7,7,9,2
GAAAATTCTGAG_5,5,2,9,9,2,2,6,4,5,4
TCGGCCACGTGG_5,2,5,1,1,3,1,0,6,0,2
TTGCGTAAGCAT_5,2,7,8,7,7,4,4,5,7,5
ATATTGCAGCGA_5,8,8,0,1,3,4,0,4,9,7
TGAAGGCATTAT_5,9,2,1,6,2,2,5,4,5,8
ACGCCCTCAGCC_5,8,3,1,1,1,1,3,2,8,7
ACGCCCTCAGCT_5,0,9,7,7,0,8,7,3,6,7
AGCAATTCAATA_5,6,7,3,1,0,1,6,6,5,8
CTTCAAAGGAAA_5,3,4,6,0,5,6,8,8,4,4
CGTAGTCTATAC_5,3,2,9,6,7,1,9,6,8,5
ATTCATTCGATT_5,2,2,8,6,1,9,9,9,5,1
TAACTACGGTCC_5,0,7,8,3,1,1,2,7,5,2
CAGCACTCAGAC_5,3,8,8,5,5,6,9,7,4,4
TTCGAGCATTGG_5,0,3,2,0,6,6,2,7,1,6
TTTGCCTTTTAT_5,2,2,1,6,0,5,4,4,6,1
CCCGCTACAGCG_5,9,0,8,1,5,5,2,7,6,7
GGGGCACGACTG_5,7,9,4,3,6,4,2,1,0,6
ATCAAACTAGCT_5,7,9,4,1,5,5,2,5,7,2
TTACAAGAAGCC_5,9,0,4,7,5,5,9,3,7,8
TTTAAATGATTC_5,3,9,2,6,1,4,5,9,0,8
ACGGGATGAATC_5,7,3,8,0,5,6,2,7,1,6
TAGATACTTAGT_5,7,1,8,0,6,4,3,3,6,9
GATATGAAAGGA_5,2,9,1,4,1,8,1,4,5,8
ATATTGCAGCGT_5,4,5,3,1,2,5,6,6,6,5
ACGAAAAGTCTA_5,8,9,5,8,5,8,3,3,8,3
CTTGATCGTCTT_5,3,8,3,8,9,8,3,1,0,2
CAGTATTTGAGG_5,2,6,1,0,3,2,5,4,0,1
CGAAGTTGTTGG_5,6,6,7,4,9,1,4,6,2,8
GCCGTTGGAGGT_5,8,7,4,8,0,5,4,1,1,3
GAGGGTACATGT_5,8,4,4,1,0,4,3,7,8,8
TTTCCGAGCATA_5,6,2,7,6,3,1,5,4,5,2
AGCAATTCAATT_5,0,7,1,3,3,9,9,7,7,2
TCACTTGCGCCA_5,1,3,9,7,6,7,3,2,0,2
TTGCGTAAGCAC_5,0,3,4,0,9,4,9,2,2,5
CTAATAGATCAA_5,1,0,5,3,7,5,7,5,0,8
TCAGGGTAGGTT_5,6,2,7,7,1,0,2,2,7,8
TTGAGTAAGGGT_5,0,4,9,4,9,1,9,2,0,7
GCGGGGACACCA_5,3,9,8,7,5,7,3,3,2,6
GGCCGGGTGCGA_5,1,5,1,2,4,7,1,4,0,8
CCAAAGGTATGC_5,3,9,1,1,7,1,4,7,5,1
AAGTACCCCCAC_5,0,3,4,3,9,5,7,2,1,2
GTACGCCGACCC_5,7,7,8,0,5,4,2,7,1,6
AATCCGTTCACA_5,5,8,6,9,8,3,8,8,4,4
TACGCTATCCAG_5,7,4,5,1,9,8,9,3,2,7
TTTAAATGATTT_5,0,7,8,4,7,9,4,0,0,5
GCCGTTGGAGGC_5,8,0,4,3,0,7,7,3,9,2
CGCATAAGTATC_5,1,1,9,7,2,5,3,3,2,6
ACCCGTTGAACG_5,1,3,8,0,1,5,2,7,1,6
GGCGATACACGC_5,0,9,4,7,6,7,1,3,2,2
CCCAGGGTCGCG_5,3,2,1,1,4,8,6,6,7,5
GACCATTCATCA_5,0,7,8,1,0,4,9,1,6,3
GTACGTTTTGGT_5,2,6,2,4,1,1,9,4,1,5
CCTATGAGTCTT_5,1,4,9,1,6,5,0,2,0,8
ACGCCCTCAGCG_5,1,0,9,1,0,5,1,3,7,6
ACCGTACAGGCA_5,5,8,9,5,8,6,0,7,3,4
GAGTTATTAATC_5,2,2,0,6,3,1,6,4,7,9
CAGATGGTAAAT_5,8,0,0,8,5,0,4,4,8,3
AAGGACTGATAG_5,3,0,4,7,6,7,2,7,5,2
TCTAGGCTCCGT_5,3,2,1,6,0,8,5,4,7,1
ATCCATTAGTCC_5,7,7,5,3,5,4,2,7,1,6
GTAACTCGTGGG_5,9,5,0,8,5,0,1,1,2,3
GGTCTCACCGGC_5,1,3,1,1,3,1,9,9,7,8
TGCTTAGTCCCA_5,8,5,9,7,0,4,3,1,9,3
ACTACCACCGGG_5,2,6,1,4,3,2,5,4,0,5
TCGTTTCAGCAC_5,1,2,3,1,6,5,9,2,6,3
AAAGATTAGCCA_5,1,7,1,7,6,1,9,6,7,2
GCCCTTTCATCA_5,1,9,8,4,1,2,4,9,1,8
CGTGTTACAATC_5,9,2,1,6,3,2,5,4,6,1
GAATTTCGCATC_5,1,3,4,7,0,5,9,2,2,8
TCTAGGTCGTGT_5,3,1,4,7,6,9,3,7,2,6
CGACCACGGTCC_5,5,3,6,9,8,3,8,8,4,4
TCAGGGTAGGTG_5,0,9,2,1,2,0,9,3,3,8
GGAAACATAGCG_5,9,2,9,6,1,1,5,4,9,5
TCAGGGTAGGTC_5,2,7,7,1,9,1,3,0,6,1
ATCAAACTAGCC_5,7,1,2,7,9,5,7,3,9,6
GCCACACTGCTA_5,5,8,6,9,8,3,8,8,4,4
CTTACAGACTGG_5,2,6,9,6,7,1,6,9,7,9
AAACACCCACCC_5,0,6,7,0,1,2,9,5,7,5
ATTGCTAGGCGA_5,7,9,2,3,0,4,2,3,8,7
GAACTCAGAATT_5,7,3,8,3,6,6,2,7,1,6
ACTGAACCGGGG_5,2,2,7,6,1,5,5,4,0,1
GTCAACTTAGCG_5,2,9,1,4,1,1,6,4,7,5
GGATCATGCGAT_5,5,8,6,0,8,3,5,8,4,4
GTTGCACCGTCC_5,3,9,4,7,9,4,9,2,2,3
GCGACGATGCTG_5,9,9,4,3,9,4,9,2,2,6
GTTTCAGTGCGA_5,7,3,8,0,5,6,2,7,1,6
CTGCTAAGAAAT_5,7,3,8,7,6,5,2,7,8,6
CGAAGTTGTTTT_5,2,3,5,7,7,0,9,9,9,8
GATGTATCGTCA_5,3,8,9,7,0,6,5,2,5,2
GATGTATCGTCC_5,3,4,9,0,1,6,8,8,4,4
CGATAACGACCA_5,3,2,9,7,5,8,2,6,8,3
GTTCAAAGAGGC_5,0,3,8,0,5,4,2,7,1,6
GCAGGTACTGAT_5,3,7,4,3,5,5,7,1,1,6
GATTGAAGACGA_5,7,7,8,5,5,4,2,7,1,6
TAAGTCTGTCGA_5,6,5,1,8,3,2,4,4,0,8
ACCGATAAGGTC_5,3,7,8,3,6,4,1,2,5,3
GTCTGAATGTCA_5,5,4,6,9,8,6,8,8,4,4
AACGTCTTGCAT_5,2,6,8,4,7,4,2,9,7,5
ACGCCCTCAGCA_5,7,1,2,7,1,0,4,7,8,6
CCGGCCCATTGA_5,9,9,5,3,5,5,1,2,1,7
TTGCGTAAGCAA_5,6,9,8,4,1,4,3,5,7,1
CAGATGGTAAAG_5,0,4,4,8,5,0,5,3,8,3
GATGTATCGTCT_5,8,3,9,4,0,4,9,2,8,4
CGCCATCCATAG_5,3,3,5,3,6,8,7,0,3,6
TGTAAATTTTCC_5,7,9,5,7,5,0,3,1,1,8
CACCTGGAAATG_5,7,9,8,3,0,4,2,7,2,3
CGAAGTTGTTTG_5,6,2,1,8,0,4,4,9,7,9
ATCAAACTAGCA_5,1,9,3,3,1,4,2,3,6,2
ATATTCACTTCC_5,3,3,2,7,1,0,3,1,2,3
CCCATACGATCA_5,1,0,9,7,6,7,9,3,2,2
TTCGAGCATTGT_5,0,3,9,0,5,0,5,7,1,7
GGCTCCGGCACG_5,3,4,5,8,4,7,1,5,2,8
AAGACTCAGTCC_5,5,4,6,9,8,3,8,8,4,4
AGGCAGCAACTT_5,7,7,8,3,5,5,2,7,1,6
GGCATATACTGA_5,7,3,4,7,6,6,2,8,5,4
ATCAAACTAGCG_5,1,1,5,7,6,5,2,7,6,6
GTAGAACTGGTG_5,7,4,9,1,0,5,1,1,2,3
AAGGACTGATAT_5,7,0,4,0,0,5,7,7,2,6
GCCATTCATGAC_5,0,7,7,1,6,2,4,1,2,2
ACCGATAAGGTG_5,1,9,4,7,6,5,2,3,8,2
TTTAAATGATTA_5,3,9,7,4,7,2,9,9,6,2
CCTGCCCAGCAA_5,1,0,1,1,5,5,2,7,6,2
TGCGGTGTTAAT_5,0,3,9,3,6,4,9,7,6,6
GGCTCCGGCATG_5,1,0,7,1,6,0,3,6,8,8
CCTATCGAGCGG_5,3,9,4,7,0,7,3,2,2,2
GTGAATTGGAAT_5,3,2,9,6,2,0,5,9,7,8
GAAGCTGGACCC_5,7,3,8,3,0,0,2,7,1,2
CGTCGACAATCC_5,7,9,8,7,5,6,2,3,1,6
GCCATTCATGAT_5,7,3,8,4,5,2,4,2,2,8
CACTGGCTTCTT_5,7,6,8,3,5,6,2,2,1,6
CAGATGGTAAAC_5,0,0,1,3,4,7,9,2,6,8
TCGGCCCGTGGG_5,2,6,1,0,1,2,9,9,5,2
CTGTGGAAGCGC_5,1,7,9,7,5,5,3,2,1,2
CGTGGCCGAATG_5,7,6,5,3,6,7,3,1,6,3
AAGGACTGATAA_5,3,7,4,7,0,0,4,0,7,6
AGGAAACAAGTA_5,0,1,3,1,9,7,2,1,0,2
ACCGATAAGGTA_5,1,5,4,7,6,0,9,3,6,8
ACCGTGTAGGTG_5,2,2,9,6,7,0,5,4,5,3
TAAATCCTCCCG_5,0,2,1,6,0,1,6,9,7,5
ATTGCTAGGCGT_5,7,6,8,1,5,4,2,3,1,6
GTGGCCGGATGG_5,9,2,1,8,3,1,0,4,5,5
TGCCTTTGAAAA_5,3,3,4,0,6,5,3,2,7,6
CAAGCTCATAGT_5,1,9,2,0,3,4,2,5,8,2
GGAGGAGCGAGT_5,2,6,1,4,1,1,1,4,5,8
AGAGCTGCATAG_5,3,3,9,0,1,5,3,2,2,3
TCGTACGCGCCG_5,1,2,9,3,0,0,0,3,1,2
AACGCATACGTA_5,7,3,8,7,5,6,4,7,1,6
CAATTTAAGACC_5,3,3,8,3,6,4,2,7,1,6
