,0,1,2,3,4,5,6,7,8,9
CCCAAGTAAGCC_7,6,4,1,7,5,4,7,2,9,3
TTGCATTTTAAC_7,8,6,9,2,3,5,2,7,6,6
TGTCCCACCTGC_7,4,1,6,6,6,7,4,0,5,0
GCGATCACTTTC_7,5,5,6,7,6,7,4,2,6,0
CGGGGAATCCGG_7,6,0,8,5,5,5,9,4,5,8
GCCGTTGGGTCC_7,4,0,1,1,2,2,6,2,3,6
CGTTTAGGTCTG_7,0,8,0,4,8,9,0,7,7,8
CCACCGCGGCCG_7,5,3,5,1,6,3,5,3,6,7
ATGGCCCCGTTC_7,1,9,3,9,4,1,7,7,1,8
CGCGCGATTGGC_7,5,5,7,8,8,7,4,5,6,6
GACCCGTCGATC_7,4,0,4,6,1,7,3,6,9,3
AGCCCACTCACA_7,8,0,8,9,5,4,2,5,1,2
AACCCCGGCGTA_7,9,5,0,6,4,2,0,5,7,2
CATGGGTGTCCC_7,8,1,7,6,4,6,6,5,3,4
CTCCTATTCTTG_7,0,9,0,6,1,4,7,6,9,4
CGTCACTCTTAA_7,5,7,4,1,2,3,3,8,4,1
GCAAGGCTCTGG_7,6,7,3,4,4,2,0,7,1,9
CGCCGCGAGCAG_7,6,5,7,7,6,5,9,0,5,2
TGATTGGCATTA_7,5,2,3,9,2,3,9,8,4,9
TAATCCTCGTAA_7,5,3,4,1,9,3,5,8,4,1
TAGGGAACGTAG_7,7,1,9,7,8,6,0,4,3,2
GGGCTACGAGCC_7,2,6,9,5,8,9,2,7,8,6
ACAGGTGCGAAA_7,1,5,7,6,1,5,7,2,3,6
ATCCAGCATGTG_7,3,4,7,9,1,1,8,4,3,2
TGCACGACTTCA_7,1,0,8,9,4,1,0,7,7,4
TGTAATAACTTC_7,1,8,3,6,1,1,1,5,7,4
TCGCATGACCAT_7,9,3,5,5,4,3,3,8,4,1
CGCGTAACACAT_7,6,0,1,7,5,5,9,2,3,8
CGATAACGCTAT_7,7,6,6,0,6,6,3,9,2,0
ATCGGTCCTCCT_7,1,9,0,9,2,1,0,1,1,5
CCAGCCCGCGCT_7,2,1,2,5,8,1,1,7,1,8
GGCTAACGCTTA_7,4,9,0,1,4,7,9,7,3,2
TCCGCACTCGTC_7,3,2,6,7,6,5,4,0,5,9
GTTTCCTTTGGG_7,5,6,4,1,2,3,5,8,4,1
TTCGTGGGGCCA_7,5,3,4,9,2,3,5,8,4,1
CAAAACTCGTCC_7,3,1,3,6,4,4,7,6,7,8
GTAGGAGGAGTC_7,7,7,4,8,3,3,3,9,4,7
CGAAACGGGAGC_7,5,1,0,8,1,9,3,5,3,2
GACATGAAGGGA_7,4,3,8,0,3,7,3,1,8,4
TGCCCTCCTGAT_7,5,4,1,1,5,1,8,6,3,1
TGCACAGCCAAA_7,8,5,6,1,3,9,4,9,3,0
GTCCGGCATGCT_7,1,0,0,2,1,1,6,7,0,8
GTGCGACGATTT_7,5,6,4,1,9,3,5,8,4,1
CCCGTATACCGC_7,5,7,5,7,6,7,4,8,6,2
TCGTCCGTCTAC_7,4,0,3,3,4,5,9,1,5,8
CACCCGATACGT_7,4,0,2,4,2,4,7,5,7,5
TTAGGGTCAGGC_7,5,7,2,2,3,3,1,9,2,6
CTACGTCGTAAA_7,5,7,4,1,9,7,5,8,4,7
TGCCGAGGATAT_7,6,2,7,9,5,1,9,2,5,9
TCCCTGCTCCTC_7,8,7,0,8,5,4,1,2,8,4
TTAAGAGGCGGT_7,7,1,4,9,1,9,5,0,1,3
AATACTCGCGCT_7,0,9,2,2,8,1,7,0,7,2
ATCCTGTCAGCC_7,6,6,7,9,3,6,2,9,2,0
GCCCGATAAAGT_7,9,5,6,7,1,5,9,2,6,2
CGGAGAGTCGGA_7,8,5,8,5,1,7,4,2,6,6
ACATAGCCTGGC_7,1,9,8,6,8,5,0,4,1,4
TGGATCGTAATG_7,0,2,0,4,5,5,6,0,3,9
AGAGTAGCCCGT_7,6,6,5,1,9,0,3,9,6,1
CGTCCCAAGTGC_7,7,7,5,1,6,3,8,3,6,1
CAGCCTAAGTTT_7,1,9,8,9,1,5,0,4,7,4
GCAATTCGCTTC_7,1,1,0,5,2,5,7,7,1,5
TGCAAGAAACGG_7,4,2,6,3,6,9,4,2,3,6
ATTCGAAGGCAA_7,9,9,3,6,2,4,0,8,8,2
ATTGGACCAGAC_7,5,7,4,4,2,9,9,7,4,1
TGGAAATCACTC_7,4,1,6,4,4,2,6,5,7,5
GTGATCAGTAGC_7,7,7,4,0,3,9,5,8,4,1
ATTAACATTAAG_7,9,6,6,7,6,6,3,5,2,1
CGGGTTATATTT_7,2,0,3,4,4,1,6,4,8,2
CACTCCTGTCCG_7,0,1,8,2,8,2,1,4,8,8
GATTCCCCAGAA_7,2,8,8,4,7,5,1,7,0,4
CGGGGCCACCTC_7,9,8,0,6,5,5,7,1,0,5
ACGACATCGGCT_7,6,0,1,4,1,1,1,5,1,2
ATCCTGTCAGCT_7,9,8,3,9,7,4,3,9,2,7
TCTCGTTATCCC_7,9,2,8,4,4,1,9,0,5,9
CAGCCGACACGG_7,7,8,0,4,8,0,5,4,1,3
CTAGCGAATTCG_7,2,4,7,4,2,6,2,5,9,8
CTAGTTGCTGCG_7,6,1,3,9,8,5,7,7,8,9
CGCATGAAACTT_7,0,6,1,2,2,8,2,7,7,5
TCCTAGCTCAGT_7,5,7,7,7,6,7,4,3,6,7
CCGGCTATTTTT_7,4,8,1,6,8,4,2,1,8,5
CTGATAGGGCAC_7,5,3,4,1,9,3,3,3,4,7
ATACAAGCGTGA_7,1,2,7,6,1,5,9,0,5,9
CTGGTTTGACAC_7,4,9,8,8,7,4,6,6,8,2
TGCAGTGCGCCG_7,5,5,4,1,2,3,3,8,4,3
GATGAATGCGGT_7,1,9,1,2,2,1,7,7,8,2
CGTCACCTTTCG_7,4,8,8,6,4,1,0,7,7,2
CCGTGCTAGTAG_7,7,6,0,1,3,2,3,3,8,7
AGAAGCCCAGGA_7,1,9,0,9,8,4,0,0,7,5
ACCGACCCTGGG_7,2,9,8,9,8,5,2,4,7,2
CAGTGTGCCCTG_7,9,4,2,6,2,5,0,2,1,8
GTAAGATGGATG_7,0,1,0,2,8,2,1,1,8,5
ATGCATGATCGC_7,4,1,3,5,0,2,9,5,7,6
AGTCCCCTGAAT_7,6,6,9,0,3,9,5,8,2,7
CGTCAGAGGTTG_7,6,5,5,7,3,9,3,8,6,6
CGGCCTTGCAAC_7,9,1,7,7,8,5,9,2,5,5
ACTGAGGTATTG_7,1,3,4,1,5,3,0,7,8,1
ACCACCCCCAGC_7,8,2,1,3,7,2,8,4,5,6
TACAATCGGAGC_7,6,1,8,8,4,6,9,8,3,6
CTGGACACGGAA_7,2,9,0,9,1,1,1,1,1,2
GACGATTCACAT_7,8,6,8,2,0,2,2,7,0,4
TTCACTTGTCGT_7,4,1,3,2,5,4,1,5,7,8
CCACACCCTTGG_7,6,1,2,6,8,5,6,7,9,2
GGGATGAGATTA_7,0,8,2,6,4,6,7,5,9,9
GCGGACCCTATA_7,8,5,6,3,6,7,4,2,6,6
AACGGCTGATCA_7,2,3,8,9,1,4,0,7,8,2
CACAAGATATTC_7,9,9,1,2,4,1,0,7,0,6
CGCCGCGAGCAC_7,9,6,6,1,6,3,8,6,5,0
CAAGGGTTGCCG_7,2,5,0,9,0,1,6,2,3,6
CGGATGTGCCAG_7,9,5,2,6,2,4,0,6,7,5
CCCGGACGGCTG_7,4,9,7,4,0,2,9,4,1,3
TGTCAATCGTAG_7,0,6,0,8,9,6,3,4,4,3
AGCCCGCCGCAT_7,6,8,0,5,1,4,1,6,8,5
TGACTTGGTTCA_7,7,9,3,1,9,3,4,8,4,1
CGAAGGGCGATC_7,2,9,1,4,5,1,7,1,8,4
TATCAACTCGCA_7,2,9,0,4,2,1,2,4,7,3
AGATTGTAGGTA_7,1,6,3,7,9,3,5,8,1,1
TCTTCGCATGAC_7,5,6,4,1,9,3,5,3,4,1
GACGCTGCCCGT_7,5,7,5,7,6,7,5,8,5,7
CCGAGCTCCGAT_7,7,3,5,1,3,9,8,3,2,1
ATACTTCGACTC_7,7,8,9,0,6,6,8,9,2,0
ATGGCGCCGCCC_7,7,3,2,1,3,0,4,9,2,0
TATTGTTAGTCT_7,5,8,4,0,3,0,5,3,0,1
TCGCCATCTTCT_7,5,8,6,3,3,9,3,8,5,7
AGACATCAGTGA_7,1,1,3,9,8,6,0,6,0,5
GGAGATGGCGAC_7,6,5,3,4,0,4,2,7,7,8
GCACTGGCGCAG_7,1,8,0,4,0,8,2,9,1,4
CAAGCGGCCGCA_7,7,3,9,7,3,3,8,3,2,0
CGGTATCGTAGT_7,7,2,9,0,6,5,4,6,0,2
CGTGAATTTAAA_7,9,4,3,9,4,5,9,2,8,9
GCTCAATGCTTC_7,8,8,3,4,5,1,2,7,9,6
CCCCCGTGCCTT_7,2,9,3,9,9,1,9,0,5,3
GCATAACTGCAC_7,2,5,3,5,0,8,0,5,8,4
TAGATTATTAGA_7,9,1,0,9,1,1,0,2,5,9
ACTACGTCATGA_7,7,6,0,1,3,9,3,3,4,8
GGACACTAGGCA_7,2,8,0,6,1,4,6,5,7,8
CGGAGAGTCGGC_7,9,5,8,7,5,2,9,2,6,4
TTAATCCTTACA_7,8,2,7,7,1,1,4,8,3,9
AGGCTAATACGC_7,1,0,0,4,4,5,0,1,7,4
GAGGGTCGCGGA_7,9,4,5,7,1,4,7,2,6,8
TTACCGTTTGCG_7,9,9,0,9,8,4,1,0,1,9
CGAGTACCAAAA_7,3,4,8,6,4,1,6,6,3,2
CGCTAGAGGCAT_7,6,6,0,8,8,4,1,9,2,6
GACTTGGACGAG_7,9,5,5,8,0,1,6,6,8,8
GACATTTGCTCG_7,3,8,7,4,2,5,9,4,7,8
ACTCAAAGATCG_7,3,4,0,9,4,1,1,0,5,9
CAAGTGCGCCAG_7,0,8,7,2,4,6,8,0,7,0
ATCCTGTCAGCA_7,4,1,6,7,3,6,2,9,8,6
ATAACATGGGCG_7,4,7,8,0,8,0,4,4,2,4
CGTCTACGATCT_7,5,6,4,8,9,3,3,4,4,1
GAATCGTTTCGG_7,0,1,0,2,4,2,7,8,1,8
ATTTCTAGTATT_7,4,1,1,5,5,3,6,4,7,1
CAACGATATAAT_7,1,1,9,2,4,2,2,0,9,4
CTTAGAGGAAGC_7,3,2,9,7,8,5,9,0,5,9
GGTCCGGACGAT_7,2,9,0,5,0,1,2,5,8,2
TTAAAGTGACTG_7,9,7,8,6,5,5,4,0,3,6
GCGTTTTTGATC_7,7,6,6,0,3,9,3,9,0,7
CGCCGCGAGCAA_7,4,8,7,0,6,3,4,0,2,0
AATCCTCCTGCT_7,2,8,8,4,5,1,6,7,1,5
GTAGTCGTTACT_7,0,0,9,5,3,5,1,5,9,5
TTAGATCGAGGA_7,5,7,4,7,3,9,3,8,3,1
TTAGCGTTGCGA_7,9,9,0,9,2,6,2,4,7,8
TCGCTAGACCCC_7,7,6,9,6,3,3,8,9,0,0
CATATTCGTGTC_7,2,1,1,6,1,2,0,7,7,5
GCGGTCTACTCA_7,0,1,2,4,4,5,9,1,9,2
TATTTGCAAGGC_7,7,7,1,1,9,3,3,8,4,1
TAGACCTTGAGC_7,3,9,3,4,4,2,6,7,7,4
GTCGGAGAATTT_7,3,5,8,5,1,3,3,0,4,7
GAGTAACTAGTA_7,1,0,0,3,5,5,9,0,9,8
ATAATCGATTGA_7,7,6,6,8,3,7,3,8,2,8
TGGCAAGGACAA_7,3,4,7,9,6,2,0,5,8,8
CGCACGACAGGA_7,9,8,7,9,4,4,0,0,9,7
TGCTATGTTCCT_7,9,1,3,4,2,1,7,1,1,2
CCCTACCCGCTG_7,0,4,0,4,4,1,2,7,7,5
GGCGCCCCAACG_7,8,0,6,3,1,2,4,9,6,4
TTACCAAGATCG_7,5,3,0,7,9,6,0,5,6,0
GTTCTTACGCAA_7,0,0,8,4,0,2,0,4,1,5
GCGCCGCGATGT_7,6,0,0,4,4,8,0,1,9,8
CGCATCCCGTCG_7,1,4,7,4,0,5,0,0,5,6
GTAACGTCCGAT_7,8,3,9,0,6,7,4,8,6,2
GATCGAGGCAGG_7,8,0,2,2,5,1,9,7,0,4
CATGATCGATCC_7,6,8,7,3,8,1,7,1,3,6
CGCCCGGCGCGC_7,4,7,6,0,0,9,4,3,2,6
CGCATCCCGTCC_7,1,9,8,6,1,1,7,0,7,5
AGTACCTCTTTG_7,0,1,0,7,1,9,1,4,8,4
TACCCATCATGC_7,6,2,6,7,6,7,4,3,3,9
GTACAGCAGGTT_7,7,3,8,1,8,7,3,8,4,7
CCCACGGGCCTG_7,7,6,4,1,3,0,2,3,8,7
ATGCGGTCCATG_7,7,7,9,0,3,6,3,3,3,2
CGTGTCCTACTA_7,7,0,3,4,7,2,1,1,7,8
CGAAAGTTAATC_7,9,9,8,4,1,5,0,2,3,4
TCCGCACCATCG_7,5,3,4,8,9,3,5,8,4,1
ACGGTGATCGAC_7,0,5,2,4,1,4,7,5,7,8
GTCCCGTTCCTG_7,5,3,6,7,3,7,4,2,6,7
CCTCCAGCGGAG_7,6,8,2,9,0,2,0,1,9,8
TTTTTGCGCCAA_7,4,5,1,6,3,7,4,0,3,6
TCTCTCTGAGGC_7,0,9,5,4,5,4,7,5,7,2
CTCGGCGATGAG_7,1,7,9,0,6,7,3,9,2,6
TTCTTACCGAAC_7,7,6,6,0,3,9,5,3,2,2
AAGCCCAGGTAA_7,5,7,6,7,9,7,4,9,6,7
TCTCCACCCCAA_7,9,1,0,9,8,1,6,5,5,4
GTTGCTTTTCCG_7,1,9,8,9,4,4,9,0,5,8
GTACCCAGGCGT_7,6,2,6,7,3,2,9,0,5,9
CGCGCGTCCACC_7,6,7,9,8,6,7,3,8,2,0
CCGGGGCCTAAG_7,4,8,9,3,7,6,2,6,2,2
TTCGCATCCGTT_7,9,8,1,2,5,5,0,1,0,5
ATTGACAATCAG_7,2,3,8,2,1,4,2,7,0,5
TTGACGCACATA_7,2,9,3,6,7,1,0,7,7,8
ATTCCGCTCTGC_7,0,0,0,8,1,1,1,4,7,8
CGCCGCGAGCAT_7,8,0,6,1,3,4,2,2,0,0
GACCCGACGTAC_7,0,0,2,4,0,8,7,5,9,8
CCTCATGCGATT_7,9,8,9,0,3,0,2,9,2,6
ATTTAGTCTCCA_7,5,3,6,1,7,3,5,3,2,1
TCGGTGACGTAG_7,9,8,2,3,0,4,0,6,9,2
TCCTTTGCACGC_7,4,7,6,0,3,9,4,9,4,0
CCACCACATTGC_7,2,2,6,6,8,1,3,7,8,4
AAGTACGTAGAA_7,7,7,0,4,2,8,3,9,1,8
CCATGTCGTTGG_7,5,6,9,1,3,0,3,9,2,7
AGTGAATAGCAG_7,5,7,9,7,9,4,5,8,8,7
CAGAGAAGCCAT_7,3,2,3,6,7,1,6,4,7,2
CACCCGATCCCA_7,7,6,6,8,3,6,5,3,2,0
AGACCGTACCCT_7,1,8,0,4,2,8,7,1,8,5
ATTACGTCTCAT_7,2,9,0,4,8,1,6,7,8,3
GTAGACAAGATG_7,9,2,0,3,7,6,9,9,3,2
CCTTTACCTGGT_7,3,2,9,3,3,0,8,6,5,0
ACAACCGCTGTA_7,9,4,3,9,1,1,6,0,5,9
CGGAGAGTCGGT_7,8,5,7,5,6,5,9,2,6,6
CATCTCTCTATT_7,7,8,3,2,3,0,8,6,0,4
ATCCTTTTCGTC_7,6,7,5,1,3,9,3,3,4,7
ATCGTTTGAGGC_7,9,0,8,2,7,5,9,5,3,8
GTTGTAGGTATC_7,1,9,8,4,1,8,1,1,7,5
CACTTGCTGAGG_7,1,7,4,0,2,3,5,8,4,1
CTACCGCTTTAC_7,5,3,4,1,9,7,4,3,4,1
CAACACGTAATC_7,8,0,2,4,5,2,7,4,8,4
CGCCCGTGCCTA_7,8,5,4,8,6,9,5,2,6,7
CCCGGACGGCTC_7,1,7,3,9,2,0,1,0,3,7
GGATATCCACCT_7,5,9,4,7,2,2,4,3,3,1
CGGAGGTCGAGA_7,9,1,0,8,2,6,1,7,2,7
ACCAAACCTCAA_7,5,6,9,0,8,9,4,8,2,0
TAGAAGCGAAGT_7,5,7,4,1,3,5,0,4,4,1
TCAAGAAAATCC_7,5,7,6,7,6,7,4,2,3,0
GCCAAGAGATAG_7,3,2,6,3,5,5,4,2,5,6
CCCCTCTGGAAT_7,0,1,1,9,1,9,1,0,7,3
CGCCCGGATCTA_7,2,0,0,4,5,1,8,2,6,0
CTTCTCAATCTT_7,9,2,7,9,5,2,9,6,6,9
CGCACGACAGGC_7,1,8,3,5,4,4,2,1,0,8
CTACTACGTTCT_7,6,2,4,8,2,0,5,3,3,1
ATACGCACGGAC_7,4,8,0,6,1,4,0,6,5,0
GTACAACCCTAA_7,9,7,6,7,6,7,8,2,8,2
GAGCTCAATCCT_7,0,9,0,3,5,4,1,7,0,8
CCGCGCGGACGC_7,4,5,9,5,8,7,4,3,2,6
GTTGATTTGCAG_7,6,2,6,9,6,3,4,0,4,1
CGCGCAGGATTA_7,6,0,0,2,7,8,2,7,9,3
TGACTATTCGCG_7,9,2,8,2,4,2,9,6,3,3
ATGGATACGCCG_7,2,0,2,6,2,5,2,5,8,8
TTGGTGTCTTAG_7,3,5,4,9,2,1,4,0,3,9
TGTTTTAGGATT_7,3,1,8,4,2,4,1,4,5,4
CCCATAACTCTT_7,3,7,8,7,6,2,3,2,6,7
GCAGCGTTCAGA_7,4,4,2,3,5,6,8,6,6,0
AGACGTGGTCTC_7,7,6,6,0,3,6,3,9,2,0
TCCCATTGGATA_7,0,9,1,6,1,4,0,1,3,9
ACGATACCTTGC_7,1,4,3,2,4,1,9,1,9,3
GATAACCCAAAT_7,4,0,8,0,5,8,1,7,1,5
CTGCGCGCACGC_7,8,5,2,3,0,5,9,2,9,4
AACGACCAGATA_7,7,6,3,0,8,0,5,8,4,5
CTCCTTAGTGGT_7,1,3,9,8,2,0,9,6,6,4
CGCCTCATAGCT_7,1,1,7,6,1,1,9,2,6,9
CAGAGCCCCGGT_7,6,3,7,1,9,7,4,8,6,1
CACAGAGCGGCA_7,5,7,1,8,9,0,5,4,4,1
ACTCCGCTACCC_7,2,1,0,9,8,4,1,4,1,4
AGCTAAATGGCA_7,0,9,8,0,2,8,6,7,1,5
GTCACCTACCAG_7,4,6,4,8,5,9,3,3,2,7
TAGATGAATACA_7,7,7,8,1,3,0,8,3,8,6
CACAAGGGTCGT_7,7,8,6,3,3,6,4,9,2,8
CGCATCCCGTCT_7,6,9,8,6,4,2,9,0,3,9
CCTAACCGAAGT_7,5,3,4,1,8,3,3,8,4,1
TCTCCGCACCTG_7,0,9,3,6,1,8,6,1,1,3
ATTTAATAGCGG_7,7,8,6,6,7,0,2,1,2,4
CTTCGACCAGGA_7,1,9,3,4,8,6,6,4,7,4
GTTAAACGCCCT_7,0,9,1,6,2,5,2,7,1,8
CAGAGCTTTTGC_7,5,6,7,1,3,9,7,3,4,4
TTAAGAGTCTAT_7,3,0,1,9,5,1,7,4,9,5
AGCAGTGCCAGG_7,8,3,6,0,6,9,8,9,2,7
GTCCGCGAGTCG_7,0,0,8,6,4,2,2,3,7,4
TCCCCGATCGAC_7,5,2,9,6,1,7,9,0,5,9
CTTCAAGCTATT_7,7,7,5,8,6,3,3,3,6,1
AGCGCGAGCAAT_7,5,3,5,7,6,7,3,3,6,7
GCCAGGTCAAGT_7,1,9,0,5,5,4,1,1,7,8
TTCGTATATTGA_7,6,1,2,5,1,2,6,0,7,3
AACCATTGTATT_7,7,3,4,1,9,3,3,3,4,1
CCCCAGAACCGC_7,4,0,8,2,5,8,7,7,7,3
GAGCTCAATCCC_7,6,8,0,9,4,8,5,7,8,4
AGAAGCTTATGC_7,8,7,4,8,3,0,5,8,3,1
TGGAGCAGTTAC_7,8,7,6,3,6,0,8,5,2,7
CGGGTCGCGGTC_7,6,7,5,5,5,1,3,3,6,6
AACCATTCTTTC_7,0,0,1,2,7,2,2,5,1,4
GATGCTCATTCC_7,6,9,2,9,0,5,6,6,9,2
TGACCAAAGGTC_7,2,1,0,2,4,6,6,5,0,2
TGGCATACAGTC_7,4,3,5,0,6,9,3,3,8,0
TTATTCGCGATG_7,2,0,1,6,7,5,2,1,0,6
GCTCACGGAGGG_7,4,7,9,0,6,6,4,3,6,7
CCGGCGCCGTTT_7,9,4,2,9,5,4,0,0,5,9
GCCGGTCCGAGG_7,0,1,7,6,8,7,1,0,5,5
CGCATCCCGTCA_7,1,2,8,6,5,1,9,0,6,9
CCTGCATTTCCG_7,0,8,2,5,7,0,1,7,8,8
AAATACATCGTC_7,2,3,4,0,9,9,3,6,8,1
CCGCAGGCGGAT_7,8,0,2,5,8,6,6,1,3,5
CAGGATGGAAGT_7,3,2,8,3,4,2,9,0,5,9
GTTGAGGCCGAG_7,7,0,0,1,3,2,8,3,0,0
TTAACACCCCTG_7,3,9,3,1,2,5,8,7,8,4
ATCACCAGCCTG_7,8,7,4,1,3,9,5,9,8,7
AGAGTCTACCGG_7,1,0,1,4,7,8,9,7,7,2
GACAGTAAACCC_7,4,7,9,0,6,9,8,9,2,0
GCGCGTGAAACT_7,8,9,2,4,5,7,6,5,1,8
AGAGCAATCCGC_7,9,0,8,5,1,2,9,6,3,4
GACGCCTCCCTA_7,3,9,3,6,8,8,7,4,8,3
TCTTTGCTACTA_7,5,3,4,1,9,3,5,3,4,1
CGGGGATTGCCG_7,9,5,7,2,8,1,3,2,2,4
CCGTATAAGCCC_7,7,8,7,8,6,9,1,6,2,7
CCCGGACGGCTT_7,6,1,3,1,3,1,9,6,4,1
GGCGTAGTACCT_7,5,3,0,1,9,7,3,8,7,1
CCCGGTAGTAGA_7,6,5,6,5,6,5,4,2,6,6
AGCCCCAGGCTA_7,1,0,8,9,1,1,1,4,0,2
ACAGGAAATCCG_7,6,1,0,6,1,6,2,1,0,4
GCTCCTTCGTAG_7,4,8,7,0,7,3,8,3,6,0
AGTCGCGCTCGC_7,6,4,5,4,8,1,6,5,8,0
GAGCTCAATCCG_7,6,1,0,6,2,7,8,7,9,2
ACTAAGGCGAAC_7,7,3,5,1,2,3,5,3,4,1
ATTCCTGCCCTG_7,8,0,6,3,6,5,0,2,9,2
AGTCTCCCACAG_7,3,4,7,5,0,2,6,0,9,2
ACCCATTTCATG_7,2,9,8,9,2,8,1,1,7,4
CACCCTGCGGCT_7,8,5,4,8,1,4,9,4,6,3
TATGCATGCAGG_7,0,9,3,4,2,8,2,1,1,5
GACGAGCGGCAC_7,9,1,3,5,4,4,1,5,2,6
GGTGCCGTAAAC_7,5,5,3,8,4,3,6,4,7,3
GAGTCGCGATGT_7,4,0,8,5,0,8,7,4,1,8
GAGGCGGGATGG_7,6,7,7,1,6,9,9,8,6,1
AGCTAGCGGAGG_7,7,6,2,8,3,0,3,3,0,7
GGTAGCCGTAGA_7,8,6,6,7,6,7,3,3,2,0
CGACTTGTCTGT_7,2,0,8,8,8,8,1,4,1,3
TCTCTGTCTCCT_7,5,9,4,1,2,3,5,8,4,1
GGCAGACCGAAG_7,6,1,2,2,2,8,2,4,5,3
ATCCCGATGCGC_7,6,5,5,8,6,7,4,9,6,0
ATCGGCCTGTCT_7,4,0,6,0,5,0,1,5,0,4
CCTACATAAGGA_7,2,4,3,6,8,2,0,7,0,3
GTTACGCTTCTA_7,9,6,1,5,3,9,4,9,6,0
CGCCAATGATAT_7,2,0,3,2,7,3,7,9,1,4
AATTTTCGACGA_7,0,4,1,5,0,4,1,7,8,5
TCCGAGCGCTAG_7,6,1,0,5,5,8,7,4,1,3
CCCGGGCGAGGA_7,6,7,9,0,6,9,2,9,6,0
CATGGCATCGCC_7,4,8,6,4,7,2,1,5,8,0
ACCACGGGCTCC_7,5,2,6,0,6,9,4,2,3,7
GATCAAAATAAT_7,0,2,0,2,7,1,6,5,0,3
GGGAGGACTGTG_7,8,8,2,0,3,0,2,9,9,0
CGCTGACGAAAA_7,1,0,8,6,8,5,0,2,7,9
GCGCGTGAAACG_7,2,5,7,5,4,1,6,5,0,6
TAGGATGAACGA_7,7,6,4,1,9,3,3,4,4,1
CCTCACCCGTTG_7,2,0,2,5,7,5,2,1,7,6
TTTCCATACATG_7,7,6,9,7,6,3,5,3,2,7
TTTAACGCATAA_7,8,0,0,2,6,2,2,5,9,4
GACATCCTCCCT_7,9,9,3,2,2,8,2,6,9,4
TCCCCTACTTAG_7,4,4,7,6,7,4,2,0,5,0
CTCCGATCTGGG_7,2,9,0,9,8,6,7,7,7,4
GACGTCTGACGG_7,0,8,1,2,3,8,8,5,9,6
TGGGCCTATTAG_7,7,7,4,1,9,3,5,3,4,1
CAAAAAACACTT_7,5,3,4,1,3,7,5,8,4,1
GCTCACTGGCGC_7,9,9,7,4,5,2,0,0,5,4
GTGCTTCGACCT_7,0,0,2,9,5,5,7,0,0,5
ACCGGTCTGGAA_7,1,0,0,5,4,4,2,9,1,8
CCCGGACGGCTA_7,2,0,3,8,4,0,9,6,7,1
CGCGTAGATGCG_7,4,8,2,2,0,8,7,1,9,5
ATCCAGGCGCTG_7,9,8,8,4,5,8,7,4,7,6
CTCACTCGTCCT_7,7,9,3,6,1,8,7,4,6,4
GCCCGGAGCACG_7,1,4,0,4,1,2,6,1,1,5
AGTCTTTCACTA_7,6,1,0,2,5,1,0,4,0,8
CACATAATCCGG_7,5,3,4,1,1,7,3,3,4,1
GGTAAGGGCCGC_7,0,5,1,3,7,0,7,9,5,9
ACCCAAGTCGCG_7,4,8,7,2,5,8,2,1,0,2
ACTCACAGCGTG_7,3,8,9,1,4,4,0,4,0,8
GTAATAACAGTC_7,5,3,4,8,9,3,5,8,4,1
CATCTTCATTAC_7,5,2,9,7,3,9,9,6,5,9
CCGTAACGCTTC_7,5,6,9,8,6,9,3,8,2,7
CCGTAACGCTTG_7,7,3,9,7,8,9,0,8,0,7
ATAACCGATGAT_7,5,7,9,3,9,3,8,6,6,6
TAGCGCAGAAGC_7,4,5,3,4,4,4,9,0,5,6
GTTAGGACGAAG_7,8,1,8,0,0,5,6,1,7,4
CGAAAGGTCGTA_7,0,1,8,5,5,2,1,7,7,4
CGAGCGTTCCCC_7,6,5,3,8,1,8,5,7,0,8
AACCGAGCATGT_7,9,5,7,6,8,7,4,5,8,1
GACCATTAAGCA_7,7,7,9,7,6,9,8,3,2,7
TTCTGTCTTAGG_7,2,1,2,4,4,6,8,1,0,4
TTATATTTGCCC_7,2,1,1,2,1,8,0,4,1,8
GCTAAGCAGCAA_7,2,5,7,5,0,8,6,7,9,4
TCCCCTTGCCGT_7,0,4,3,2,4,1,2,6,1,3
CGGCTACTTTGT_7,7,3,1,1,8,0,3,3,4,7
TCAGCGACAGTA_7,6,0,8,5,2,8,9,4,1,8
TACGACGTGTTA_7,6,3,4,1,3,9,3,8,3,1
TACCTTGTGGCA_7,5,6,0,1,3,9,5,8,4,1
AAATTTGCAACG_7,6,8,7,1,3,4,4,5,6,0
CCAGCCAGGACG_7,9,7,2,6,7,8,6,1,9,4
CTAGATTACTGC_7,1,9,8,9,5,2,0,7,3,8
CTCACTCGTCCG_7,8,9,8,3,0,9,3,5,8,0
AATCTTCGAAAT_7,5,3,4,1,9,3,5,3,4,1
CTGACCGTCGGA_7,1,1,8,2,7,8,7,7,1,6
TCGCGCGGCCTG_7,4,7,5,8,3,7,4,3,6,2
ATGTCGTCTGCA_7,4,4,3,3,0,5,9,0,6,4
GCGCGTGAAACC_7,4,0,0,5,4,8,6,7,9,4
TGCCTGTTTAGG_7,0,9,3,9,4,2,9,6,9,4
ACCATACTACAA_7,0,2,7,9,7,4,1,7,7,2
CATCAGAATCGA_7,6,6,4,2,9,3,3,3,4,1
TTGGACAGCAAT_7,8,0,2,6,5,6,9,2,3,4
CCGCGCGGACGA_7,4,5,7,8,6,5,8,4,6,2
TTCGAGCACACA_7,3,4,7,3,6,4,2,6,8,0
TGCTCTGATACT_7,2,9,1,4,4,8,1,4,9,5
GAGCGGACGATG_7,4,5,6,5,5,5,9,2,9,6
ACCACAGGATGC_7,3,8,9,3,0,2,8,2,5,0
GCTGACAGTGAT_7,0,9,1,0,2,2,9,7,1,8
CGTGAAACACGG_7,5,7,1,1,6,7,5,3,3,1
GGATGGGTATCA_7,1,4,9,2,1,6,1,5,6,4
GGCAATAGCCCA_7,7,8,9,7,3,3,0,3,0,0
GGCAAGGATTTG_7,7,6,4,1,9,0,5,9,2,0
CTCACTCGTCCC_7,3,7,8,8,0,5,2,3,2,6
GAGGGGAGTGGT_7,8,6,6,7,1,0,4,0,5,9
GAGCTCAATCCA_7,7,8,3,0,4,1,0,8,1,5
GACTTGCATCCG_7,8,5,9,7,6,7,8,2,6,2
TCTCTGTCTCCC_7,5,9,5,8,9,3,5,7,1,1
CGCTTGCCAACA_7,9,4,0,3,5,8,0,6,9,9
CACTCAATCAGT_7,7,6,9,3,6,9,2,8,2,7
ATCAGTTAGTTC_7,2,1,2,2,2,8,7,1,7,8
GACAGAGGCAAA_7,0,4,2,4,1,9,6,5,9,3
TAAATCCGATTC_7,8,1,3,4,8,6,1,5,3,5
TCGCATTCGGGA_7,0,2,3,2,4,4,1,9,2,6
AGGCACCGACCT_7,6,5,9,8,2,9,3,2,6,7
GACTTGCATCCT_7,3,5,7,7,6,2,4,2,2,7
ATGGATTGCCAA_7,7,8,9,3,4,9,2,6,0,6
TCTCAATTGCGC_7,2,5,0,9,4,5,9,0,1,4
TCTATGGCTTCC_7,3,4,2,9,0,2,2,7,0,5
ACTAGGGCGAAC_7,0,7,0,2,3,9,5,3,4,1
CACCCGGAGCAG_7,4,0,8,4,0,4,6,7,8,3
ACGCAAACGTCG_7,3,9,0,4,2,5,1,7,8,8
CCGTAACGCTTT_7,7,6,6,1,6,9,3,9,6,7
CGTGCCGGTGCG_7,9,0,8,5,0,8,1,4,9,3
TAGGACCGGCCC_7,2,0,1,6,2,1,2,7,9,8
GGGAATAAATAT_7,6,9,8,2,1,4,6,2,9,4
CTATCCTCACTA_7,9,1,1,2,5,6,0,0,1,8
GCCTCAATCCAT_7,2,9,0,4,9,4,7,1,1,5
CGCACACTAGCA_7,5,3,4,1,9,3,3,8,4,1
TACTGCCGCGCT_7,9,6,4,8,5,5,3,9,1,2
AGACCTATCCCC_7,9,4,3,9,0,3,6,5,8,3
AGCCATTAAAGG_7,4,2,8,0,0,7,8,2,6,0
ATGAGAGTGCCG_7,4,7,3,0,1,9,5,9,8,7
AGGTGCACGGTG_7,7,6,9,0,3,6,5,9,2,7
CCTGAACTAATG_7,2,4,7,3,9,6,6,6,8,9
AAATTTGCAACT_7,3,4,5,7,6,8,8,4,3,0
CATAAAGATCCT_7,4,6,0,2,7,6,1,4,0,4
ATGGCATAGCGC_7,8,0,0,6,7,0,1,6,0,3
GGTGCCCGTGTA_7,2,8,2,4,4,2,9,9,6,7
TGATGTGTCTAT_7,2,1,0,2,4,3,1,6,7,5
GATGGGTACATC_7,7,3,5,1,9,9,3,8,1,1
GCGCGTGAAACA_7,6,5,2,0,4,8,2,5,7,3
CCACGACCAATG_7,8,9,8,6,0,4,0,6,0,0
TCGTTACCCCGG_7,0,0,8,4,7,4,1,1,9,8
GTACCGCACAGA_7,4,6,9,6,4,2,9,6,0,9
TCTCTGTCTCCG_7,5,3,4,2,2,3,5,3,4,1
GATCGCCTATGG_7,3,2,1,9,4,2,9,0,3,9
AATCTGGCGTAT_7,7,3,4,0,6,3,4,8,8,1
AGCCGTGGAACA_7,4,5,7,3,0,1,4,2,8,3
CGTGCCCGCCAA_7,8,0,1,4,8,2,0,1,9,8
ACCTCTGGAATA_7,2,5,8,4,0,5,6,2,2,2
ATAATGTTCTAT_7,1,4,3,9,4,1,7,0,7,3
TTACCGGCTCAC_7,4,8,9,7,7,7,8,5,6,8
ATGACTACGTAG_7,0,2,7,9,4,2,9,0,5,9
TGTTTAATTGGC_7,0,6,1,3,7,5,2,5,7,2
GGGCCTCCTGCG_7,5,7,4,1,9,3,5,8,4,2
GTGGAGTGAAGT_7,3,2,0,9,7,4,0,5,8,9
AGTAATCTGGCT_7,9,0,8,4,0,8,1,4,6,3
GCCGAATCGGAC_7,8,6,6,0,6,3,5,6,6,0
CGCACGACAGGT_7,3,8,7,0,4,8,0,0,0,8
GGAGCCCAGACA_7,4,7,7,3,0,7,4,6,2,0
AATAATAGGACG_7,6,6,0,0,8,8,8,4,2,8
ATCGGCATATTC_7,6,7,5,8,6,0,3,8,3,7
GACGCTGATCTG_7,9,7,6,9,3,4,4,0,6,9
CGTAAACACGTT_7,0,8,3,2,7,6,7,6,3,5
CCAATTCCCAGG_7,8,7,1,2,6,9,2,2,6,7
CTTCATGTTGAC_7,0,4,2,4,8,8,7,6,8,3
TGTAGGTAGCTC_7,4,0,8,2,7,8,2,1,9,6
GTGGTTTCGGAG_7,4,4,1,3,0,6,7,7,0,5
TTTGCAAATAGC_7,9,6,6,3,0,4,6,9,9,6
AAATTTGCAACC_7,4,2,5,0,6,7,3,0,3,0
CAGAACGTGTAA_7,6,8,6,1,2,3,3,6,8,7
GACTTGCATCCC_7,4,6,6,7,6,7,8,2,9,2
TGTCGGAATTGC_7,6,5,9,8,5,9,8,0,6,2
CGCGTAATACAG_7,8,2,6,7,3,7,4,2,3,9
GGTACTTCAGGT_7,0,9,1,9,2,8,0,4,7,4
GCGAAGGCGCAA_7,9,5,6,5,1,0,1,0,3,9
CATCCGGTGCTT_7,0,0,2,6,5,2,6,4,7,4
TCTGTCGTTCAG_7,0,1,1,4,0,6,7,7,1,3
CCAGGGCGCCAT_7,8,7,9,5,8,2,2,9,9,7
CCGTTGGGAATC_7,9,2,6,3,3,0,8,2,5,9
CCGGTTCGGTTG_7,6,3,0,5,1,0,5,3,0,1
CACTCCCCACCG_7,4,1,9,3,0,1,7,6,8,2
ACGAACTCCTTT_7,3,2,5,3,2,4,8,0,5,9
CCCGAACCTTGA_7,2,9,8,4,0,8,0,7,1,5
GCTCACTGGCGG_7,6,1,7,4,5,4,2,1,3,5
GGTCCGTTGGTT_7,1,0,3,5,7,8,7,7,9,5
CTAGACCAGTGC_7,0,1,2,2,0,8,7,1,9,6
TCGTGTTGCTAG_7,4,9,3,2,7,0,1,3,9,4
ACTGCATCCACT_7,4,6,5,7,3,7,3,0,3,7
ATGGACTTTCAG_7,1,0,1,2,4,5,2,1,8,2
CGGCGCGTCGGT_7,2,5,2,0,0,8,4,1,1,8
TGGGCTCGCTCG_7,0,1,3,9,0,1,6,0,1,3
CTATTCAGACAC_7,7,5,5,8,6,5,3,5,3,6
CCACGACCAATT_7,3,0,0,9,1,7,0,0,0,8
TCTCCCATTTCA_7,0,0,0,5,7,2,7,5,0,3
TCGCGCCAAAGT_7,6,8,6,0,6,0,5,9,0,0
TGGGTGCACTTC_7,6,6,2,8,7,8,3,9,2,0
CACGTTACTAGA_7,2,0,1,2,2,8,6,7,7,5
TTGGACTCGATT_7,8,2,6,8,3,7,4,2,2,1
CCCTAACCCTGG_7,1,2,0,3,5,1,9,2,5,9
ATGTCCTCCGAG_7,8,8,9,3,5,1,8,9,9,4
GCGCCGGGAGAG_7,2,3,9,5,7,0,3,3,2,0
GGTGCCTGCCAA_7,3,5,5,3,6,7,9,2,5,9
GTATGAAAGCTT_7,7,1,0,1,7,9,3,1,1,8
CCAATCCTGGAT_7,3,4,0,3,7,4,6,1,9,3
TTTAGTTGGGAC_7,3,5,7,5,0,5,2,0,3,6
AATGCCAGCAGG_7,0,8,1,8,8,4,2,4,7,5
ATTTCTCCCTTA_7,2,1,0,4,8,6,0,5,7,8
TCAGAAGTCCTA_7,0,4,3,9,1,0,7,5,1,9
CTGTCCCCACTT_7,8,4,8,3,7,2,6,0,0,0
GAGGCACGCAGG_7,1,5,2,9,1,5,6,1,3,9
TGCCGAATAGAT_7,1,4,3,6,8,7,9,0,9,9
AGCTACCTAGAT_7,9,6,3,6,4,4,6,5,0,8
CCAGTCTTAGCC_7,3,4,7,3,4,4,6,6,0,3
CCAACGTTAGTG_7,7,6,6,0,7,4,2,8,2,8
AAATTTGCAACA_7,3,5,2,7,6,7,5,6,6,0
TAACTAATTAAC_7,8,5,7,7,5,4,9,6,9,3
CCACGACCAATC_7,0,4,1,9,7,0,8,6,2,6
AACCCACTCTGG_7,6,1,1,6,1,0,7,1,0,4
GGACATCGCTGC_7,6,0,1,3,7,8,7,0,6,0
ACACCTAGAGTA_7,5,6,4,1,9,0,5,8,4,7
CCATTTGGTAGC_7,2,4,2,6,7,4,0,6,8,5
TAGCCTCATCAT_7,0,8,6,3,7,0,1,8,2,7
GTAATCTGTGAT_7,4,1,7,9,5,8,6,1,9,4
CACGATACGAAT_7,1,6,2,0,0,0,1,6,0,0
CTACCTCCAAGA_7,3,9,8,3,1,8,6,0,5,8
GTAAGCGGGGTC_7,7,6,2,0,3,7,3,3,8,7
AGTTACAGCTCA_7,7,6,9,0,9,3,4,8,4,7
GCCATTTCATAA_7,4,0,8,9,8,8,2,4,0,4
TCGGTGTGTGAA_7,9,1,2,9,4,2,9,0,5,9
CGAACCCTATCT_7,7,6,6,0,8,0,5,8,8,2
AGACACCACTAC_7,1,9,3,9,9,6,2,0,7,3
AGTAATCTGGCC_7,0,8,5,4,7,6,1,9,7,8
ACCAGCTGACCT_7,0,1,0,4,2,1,1,1,2,4
AACTCCTGAGCC_7,0,4,7,0,5,1,8,5,6,8
ATAGTATCCAAC_7,3,2,3,9,2,8,6,4,7,3
CATCACGCCAGT_7,4,5,5,0,3,7,8,8,6,1
TCTACTTTCCTC_7,7,8,6,8,2,9,1,9,2,0
CCCCATTAAGCT_7,0,4,7,8,2,4,1,1,0,4
GTCCCTAGGTGA_7,6,5,2,4,0,2,1,5,1,6
AATTGAATTTAT_7,3,4,2,3,0,2,8,0,5,9
TAAACTGGCATC_7,2,0,3,4,2,2,2,7,7,3
TAATTCTTTGAC_7,2,1,8,2,7,2,2,7,1,3
TCCTGTCTGACG_7,7,7,1,2,5,0,8,3,3,7
CGTAGGTCTTGC_7,8,5,5,3,3,5,4,0,6,6
GGCTGTCGTGTC_7,1,0,2,2,1,8,6,4,1,4
GGTGCAGCAAGC_7,4,8,7,3,0,7,4,9,2,0
ATTTATTAGCTG_7,7,3,2,0,3,6,2,9,4,7
TCTCACTTGTTC_7,0,9,1,0,1,1,7,4,9,5
GGCGATCGTGGA_7,9,0,7,6,5,2,6,7,8,4
TTTCTGACTGGA_7,3,2,1,7,1,7,0,0,5,9
AGTAATCTGGCG_7,4,5,1,4,7,8,1,5,9,6
TTAGACTATAAA_7,0,1,3,2,0,5,7,6,8,5
TGTGTCTGGTCA_7,4,8,0,3,4,8,1,3,0,6
ACCTGCCCGAAG_7,0,9,0,2,0,8,2,7,7,5
TCCACTTTCTCC_7,9,9,5,9,8,1,0,0,8,9
TTTAAACCCAAC_7,0,3,6,3,7,1,1,9,0,5
CGGGAACAGACT_7,7,8,4,2,9,8,4,5,6,3
TTGCCGAGCTTG_7,3,2,3,9,2,1,8,0,9,9
CTATTTCGTTTC_7,0,4,8,9,1,1,0,4,8,9
GGCGCCGCGTCA_7,8,2,2,5,4,4,9,5,9,5
CATATTGTTTTG_7,3,8,0,2,8,6,0,1,8,8
TGAGATATCATT_7,8,7,1,3,1,0,9,6,8,6
