,0,1,2,3,4,5,6,7,8,9
ATGCACCGCTTA_4,3,8,3,1,6,3,8,6,4,9
ATACCTACAAAC_4,7,4,1,8,6,0,8,6,2,9
ACCCAGCTACAG_4,2,7,3,7,2,2,1,8,4,9
AAAAATCTCTCG_4,3,4,8,8,3,5,8,8,5,9
GTGCAATTAAAT_4,6,4,2,1,6,9,0,8,2,3
TAGACGCGCATA_4,8,0,5,9,8,1,8,1,2,2
CAGTGGTTAGCG_4,8,4,6,6,0,0,2,5,7,0
TAAAATGCCCAC_4,0,2,7,1,0,2,1,8,2,9
TGGAGGCTCTCT_4,4,7,7,7,6,2,9,6,6,9
ATAGCGCACTTT_4,8,7,9,6,2,8,8,0,9,7
CCCTCTACCGGC_4,8,0,9,2,6,7,2,4,9,1
ATATATTTCCTA_4,5,8,9,7,3,2,8,7,4,6
AGTACCTGAAGC_4,0,7,5,2,3,5,1,1,7,6
TTCGCCAACCGT_4,6,4,8,6,1,8,5,8,9,8
TTATGGTCACAT_4,0,2,3,5,3,2,1,2,5,2
CCCAATTAGACG_4,3,8,5,3,7,3,4,1,4,4
CAGTCAAGACTA_4,3,7,5,6,2,5,9,8,6,5
ACCCAGCTACAT_4,3,7,2,7,3,8,1,8,6,9
CAGCCTCTTAAG_4,7,5,1,5,9,6,3,3,2,5
CTCTGCCGTTAG_4,5,2,3,6,5,0,1,0,0,3
CCTCCGCCGACC_4,2,6,2,3,8,8,4,8,8,3
TGCCCCGTAGGT_4,8,8,3,3,6,2,8,4,6,2
AGTGCGGCCTGA_4,0,6,3,7,2,5,7,7,1,4
TCTAGCAACGAC_4,2,4,5,4,2,3,5,6,2,6
TAGAAAGACGGC_4,0,7,3,7,5,5,2,3,4,9
ATAATTAGACAC_4,4,5,6,8,0,6,3,9,8,0
AGGATTTTGGCA_4,5,8,7,1,2,2,1,2,0,4
ACCCGTTTGCCA_4,2,5,8,4,4,1,0,5,9,8
CACACCAAGTTA_4,7,5,1,5,2,6,3,3,2,3
CCGACATGCAGA_4,9,9,8,2,1,8,6,1,9,1
GCGCCCAGTCAC_4,0,9,0,4,4,0,8,9,8,5
ACTCACTGGTCT_4,3,7,3,6,7,9,8,2,8,6
ACACAGCGATCT_4,7,5,1,8,5,4,3,3,7,7
GGCAATCTATCA_4,6,0,5,5,7,7,8,5,6,3
ACCCAGCTACAC_4,6,8,5,5,2,3,7,6,4,9
TACTAGTTCTCG_4,6,4,5,5,0,5,0,8,6,6
CCGGGACCACGT_4,9,6,3,2,7,8,1,9,3,2
AATTGATCCTGT_4,5,7,7,8,3,3,4,1,4,5
TAGCGAATAGGC_4,0,5,1,2,0,2,9,3,8,0
GCACAACATATT_4,8,3,2,9,5,2,0,8,5,3
TACCGCAATCTC_4,0,8,8,5,9,3,1,8,5,9
TTGACCCGCACT_4,5,2,4,4,6,3,7,7,1,9
CAGTGAGCTCGT_4,8,2,3,4,3,8,9,1,1,5
TGCACGAGGTAT_4,7,5,6,8,5,6,3,3,7,0
GCATGGCTTCTT_4,7,0,6,6,4,1,8,9,3,0
GTACATAGTGAA_4,7,1,1,5,5,6,9,3,2,6
TTACCATTTCTG_4,3,7,3,5,3,0,9,8,4,3
AACAGTTCCTGG_4,8,8,0,1,3,0,0,8,5,2
ATCATTTGAACA_4,0,4,8,2,1,0,6,1,9,9
GCGGGAGCATGC_4,8,7,0,6,0,8,6,4,3,3
GTATAAGCGACC_4,6,1,3,3,6,9,8,2,0,3
GTTTACAGAGAT_4,6,8,2,3,3,5,2,7,2,9
GGCAACGGAGAC_4,8,0,3,4,0,8,9,0,5,1
AGGCCCCTGCTG_4,8,9,5,2,8,1,6,6,9,9
AGCAGAGTCCAA_4,2,6,8,6,0,1,8,9,8,1
GCGTTAAGCTGG_4,8,4,8,1,3,8,0,2,6,2
AATATTCATCTG_4,7,4,6,8,5,9,8,2,8,8
TATCTGCACACG_4,0,8,3,6,2,2,0,6,8,6
TATCCACCCCAA_4,8,6,7,3,6,3,0,5,5,4
TACCGCAATCTT_4,8,7,3,1,3,9,9,4,5,3
TACCTTGGGTAA_4,1,7,6,7,1,5,1,1,5,9
TAACGCAGCCCT_4,0,8,7,3,6,2,7,7,4,4
TCGCCTAGAGGA_4,8,1,3,4,0,5,2,7,9,7
TCGTAACCTACC_4,5,4,7,7,3,2,2,4,4,4
TCACGCGAAATT_4,0,4,5,5,5,4,9,1,6,3
ATAATACGGGGC_4,6,8,2,7,2,2,1,8,4,4
TCAGACCATACT_4,7,4,2,8,0,5,4,4,2,5
ACCCAGCTACAA_4,5,4,3,5,5,7,1,8,4,4
AACTGCTAAGAT_4,7,5,8,8,3,6,1,0,7,7
CCGCTTGGAGGA_4,7,5,6,8,4,9,3,3,2,7
CGCCCCGACGGA_4,2,1,0,2,0,0,4,9,8,0
GCGATATTCATT_4,1,1,6,5,0,6,3,3,8,8
ACAGGTCCCCTG_4,3,8,5,8,6,5,1,7,6,3
ATGGCTGAAGTT_4,5,8,3,6,3,5,8,1,8,9
TGAGTTGTACCC_4,2,0,0,2,8,1,0,9,9,1
AAGTTGTCCGTT_4,1,4,7,8,5,3,3,8,5,6
CCGCATTCACGC_4,6,7,8,9,4,0,3,5,0,3
AGTCTGTGAGGC_4,8,8,9,6,6,2,9,4,0,9
CTGATGTTTATC_4,4,5,6,8,8,6,3,3,2,7
TCCAGCGGCAAC_4,1,7,2,1,3,2,6,0,0,4
ATTAATCATCAA_4,1,1,3,5,9,9,2,0,7,5
CCTGTCCGGCGG_4,6,7,5,4,8,0,5,2,9,9
TTTCATGCTAAC_4,3,4,5,1,6,8,9,8,2,5
TTGGAGAGCCGT_4,9,0,0,9,3,1,0,0,5,5
GCATTTTATCAA_4,8,1,6,6,3,9,3,9,8,7
CCTACCATCTAC_4,7,1,1,8,5,6,3,3,2,5
TTTATATCGAGC_4,3,6,7,4,2,2,7,0,0,6
CGAATTATCATT_4,3,8,7,7,3,2,7,4,1,6
GAGAGACCGCCC_4,2,4,4,5,0,4,8,2,9,3
TACCGCAATCTA_4,6,7,3,2,3,8,4,8,5,1
GTATGGTAGCAT_4,1,1,1,6,0,9,3,5,2,7
GGCCGCCGCACG_4,8,9,0,9,1,3,5,6,6,1
GCCGTGTCGTTG_4,2,4,2,5,5,0,1,3,1,3
CTATAGGAGGTC_4,5,7,1,3,3,9,2,8,0,6
GCAGTTCGATCG_4,0,1,3,5,8,2,1,2,2,2
GCTAATGACAGG_4,3,8,5,5,4,0,2,1,9,6
TATGTACCTGGT_4,8,7,2,3,2,3,1,8,1,5
CCAGCAAAATTG_4,3,6,3,5,1,5,9,8,6,9
CTCGCCTCGAAC_4,7,5,6,3,4,6,8,3,2,0
TTATCCAAGTAA_4,8,7,5,7,2,8,1,8,6,9
GAAACGGGATTC_4,5,2,3,7,6,0,4,7,1,9
GGCGACACCGGT_4,0,6,3,5,4,1,4,2,0,4
TGTCGAACCCAC_4,5,2,7,3,9,3,3,0,7,3
ACTATTTGACTG_4,2,7,8,2,6,1,8,5,9,9
CTAACGGATTCT_4,8,7,0,6,6,1,6,1,9,9
GAGTGGCAAGAG_4,6,1,2,3,8,8,5,3,9,2
ACTATTTCCGGT_4,7,5,1,8,5,9,3,3,2,7
AGTCATTGGTAA_4,0,6,5,8,3,5,2,6,4,5
TACGGCACCGGT_4,2,4,5,4,0,2,5,8,1,3
GTATTGCAACAG_4,0,5,6,8,4,0,8,9,2,8
CCAAACGTTGCC_4,2,6,2,6,2,1,6,6,8,3
CTAACCCAGAGT_4,5,8,1,7,3,2,1,7,4,9
GTATCAGTTGCG_4,4,0,9,8,5,0,2,0,6,0
GTTCGACACGAT_4,0,6,1,5,7,1,3,8,2,3
TGGTTTCGTGGT_4,6,8,5,1,5,2,9,0,6,3
AGACGAACCCCA_4,4,6,0,4,6,1,0,1,3,3
TGAATAAGGAAT_4,3,4,5,3,3,0,9,8,4,9
TGGCGCTACCGG_4,1,1,6,8,9,4,3,9,8,0
GCCACTCGCGCT_4,2,4,8,4,7,0,8,0,3,0
TACGCGTGCTAT_4,6,4,1,8,5,0,5,8,2,9
CCGCTTTCCCTC_4,7,1,8,8,0,8,8,9,0,9
TTAACGGATCAT_4,0,3,9,5,3,5,1,8,2,8
CCTTCAGCGCTA_4,8,9,8,2,7,8,8,6,9,1
TTATCACGCCTT_4,7,4,0,8,0,4,3,9,8,0
GCCCGTACCCTA_4,7,1,6,8,4,0,3,3,8,0
GATTCGGACCCT_4,8,8,4,7,6,3,4,7,4,4
ATCCAAGTAAGT_4,0,6,4,6,3,2,1,8,1,9
GTGCGGCTACGT_4,5,8,3,6,0,8,7,4,1,3
GCCGTTTAATTT_4,9,3,2,3,8,7,1,4,9,1
TAAGTGTAGTAT_4,2,5,6,8,0,9,4,3,2,0
ACACCCATCTTA_4,0,7,6,8,3,2,0,3,2,6
GGAGTGTTAAGC_4,9,6,3,2,0,1,0,1,6,6
CCAATAGCTACT_4,6,8,5,2,3,5,7,2,1,9
CCCTCCAAGAGA_4,4,5,1,8,8,9,3,9,7,7
CGGGTACGATGG_4,3,7,7,6,3,8,5,8,5,6
AGTGGCTCCCCC_4,0,5,1,8,8,1,4,9,3,7
CCAAATCGTTTG_4,5,8,4,7,6,2,7,1,1,4
CCCGATCTATAT_4,6,4,0,6,1,8,6,2,9,1
AGTAATGAGGTG_4,6,4,7,2,3,8,9,3,5,5
CGGCCTTCAACG_4,8,8,8,2,9,7,9,4,5,5
TACTTTGGCAGA_4,5,6,7,1,6,2,2,8,1,4
TGGCCCCCACGA_4,0,0,2,2,9,3,8,2,8,8
TCCACATGGGGC_4,3,6,5,3,3,2,1,0,1,3
CACATCCACGAC_4,3,4,3,7,5,3,2,7,4,4
CGACGTCTGGGA_4,6,1,8,4,8,0,3,9,7,0
TTTCATATTACC_4,3,3,5,3,2,5,2,2,9,9
CTGGCTCACTAG_4,0,6,4,7,2,7,7,0,4,3
TCTACAGTACAA_4,1,8,9,7,9,2,1,1,0,3
CGGTTTCGACTG_4,9,9,2,2,3,1,5,1,0,3
ACCGCCCGAATC_4,6,0,5,6,7,8,0,9,5,6
CAGCCGATAACG_4,9,9,8,2,8,1,6,0,9,1
TCCGAAGACAGG_4,6,7,1,5,3,1,1,1,8,6
TCCGTAAGACCG_4,0,6,1,2,1,2,0,6,3,3
GATGCTGAAGAG_4,8,3,7,1,2,2,4,4,1,9
TGGCTGTTCTCC_4,0,8,7,7,0,5,4,7,7,5
TTGAACTAGCGA_4,0,8,4,1,0,3,2,0,8,3
CTGGAGATATGC_4,9,0,8,1,1,7,0,4,3,2
CAGACCATCGCT_4,2,1,1,8,9,0,4,3,0,7
GAACCCGCAACC_4,9,7,0,0,1,8,9,8,6,3
GGTGCAGGATTG_4,6,6,2,8,1,9,5,4,0,5
GCGTCGTAGTTG_4,4,1,6,8,4,6,3,3,2,8
GTAAGGTTCACC_4,9,9,8,1,1,1,5,6,3,2
GGAGACAAGTAC_4,4,6,0,3,3,8,0,4,2,2
GACTACGTGTCA_4,2,4,3,9,0,0,5,1,6,0
GATCCAGACTAA_4,7,5,1,8,5,6,4,0,2,0
CTCACTAATGAT_4,4,5,8,8,1,9,8,1,8,5
GCTCCCATTCTG_4,8,7,8,1,1,7,1,2,6,3
AACGTTGCAACG_4,3,7,7,7,2,5,7,2,4,4
GCACCTTTAAGC_4,1,1,6,8,4,4,4,3,7,0
AAGCTGCAATAA_4,0,3,5,3,0,7,0,7,4,4
GGACGTGCAGAT_4,2,0,2,2,1,8,6,4,6,1
AATGGCCCTACG_4,6,6,2,6,1,3,1,4,5,2
CCCGGTCATGAT_4,8,6,3,1,7,3,4,5,5,4
CTCCTCCTTGCC_4,8,0,0,2,3,0,1,4,5,2
GGCCAGATTGCC_4,5,3,4,4,5,0,5,2,4,4
GGTTAGGCAATG_4,6,8,3,3,3,3,1,6,4,5
CAGCCGAAGACT_4,5,7,7,3,2,5,7,7,4,9
CTTTAAATACAG_4,8,4,0,8,1,8,8,9,5,3
CGTCGTCTACCT_4,4,1,6,5,6,9,3,3,2,0
GCACTGGGCAGT_4,8,6,0,3,5,8,6,7,2,6
TTTGTGTGACGT_4,0,8,7,7,3,5,2,4,1,4
CGATCCACTTCT_4,7,1,6,8,4,6,3,3,2,5
CCGAAAATGAGT_4,1,1,1,9,4,6,3,3,7,0
GCACACGTTCAC_4,8,9,0,2,1,7,8,2,0,2
CGCCCACCGCGT_4,4,6,4,3,7,1,6,1,9,7
GCAGCGGCGGGA_4,0,0,8,4,7,8,9,4,5,1
TTAGCCGTGGCG_4,1,1,0,5,0,6,8,3,8,6
CCTGCTCGATAA_4,9,2,0,1,8,8,0,0,6,6
GCGGACGTATCA_4,8,7,0,1,0,7,0,1,1,1
TAGAGGTGAACG_4,6,3,5,6,3,7,8,8,5,2
GTTGCAGTTCAC_4,7,0,6,8,1,7,8,9,3,0
TGCGACGACATG_4,9,9,0,2,1,1,6,1,3,1
GAGCCGCCACGC_4,8,4,5,1,7,7,5,6,6,3
ATGCATATAATG_4,0,5,1,8,8,9,0,3,6,7
CTTTCTCTTCCG_4,7,1,8,4,9,0,8,9,2,0
AATCATCTGCGG_4,6,4,3,1,7,7,6,4,5,9
GACAAAACGGCT_4,4,5,8,5,0,7,2,2,7,5
ACAGCGTAACCT_4,3,8,5,9,2,2,9,8,1,4
GTACACCGGTCA_4,9,6,0,9,8,1,5,2,9,6
AATCAGTCAGAG_4,6,8,7,7,2,3,4,7,4,6
CTCTAAGAAGCC_4,6,6,1,4,9,4,4,8,8,7
GGTGCAGGATTT_4,2,7,3,5,2,8,1,4,4,2
CTACTACTATGT_4,6,6,7,2,8,5,8,6,3,9
CTTGAAAACGCG_4,8,2,8,1,7,8,5,4,6,3
TTTGAGTGTCGA_4,4,0,3,6,0,1,5,1,0,2
AAGTTGTAACGT_4,2,5,6,5,9,0,3,3,8,7
CCCCCCGCCCAA_4,7,4,0,3,1,6,8,3,8,3
CTGTTGAGATCC_4,1,0,9,3,1,9,5,0,6,3
GGTGCAGGATTC_4,6,8,2,2,3,2,0,1,5,7
GCGCTTAATATA_4,6,8,3,7,3,2,1,8,0,4
TACGAGCCCATG_4,2,1,6,4,5,0,8,3,7,8
TTTGATCTGCTT_4,8,9,3,4,3,1,6,1,6,1
TAATATCCGGAA_4,7,7,6,8,5,4,1,2,5,8
TTAGCGTTCAAC_4,1,2,8,6,8,5,5,0,3,9
ACGCCTTAGTCC_4,5,4,9,9,4,0,1,4,2,5
GACAGAGTGACA_4,1,5,1,3,4,9,3,3,7,7
ACTGCAAGTTGT_4,3,6,4,7,7,0,4,7,1,6
ATCCCATGCTAT_4,8,2,8,9,2,7,9,2,2,9
TACCTTTGCCCT_4,2,2,9,4,7,7,4,7,7,8
CCCAGTATCCGT_4,5,8,5,3,4,5,4,7,1,2
GAGGCGGTAATG_4,0,4,4,4,9,5,4,2,5,4
CTAAGCAGAGGT_4,8,3,2,1,1,3,8,0,3,5
CCCGTGTCGCAG_4,7,1,4,8,0,4,8,0,8,3
CCCCAGGAAAGG_4,3,1,6,7,2,6,5,2,7,3
AAACCACCCCTA_4,8,9,5,1,4,8,1,6,3,2
TGCGCATGGGAT_4,7,1,0,9,7,5,3,9,2,3
TTGGATCCACTG_4,8,2,8,6,1,8,8,0,3,3
GGGAAACGAGCA_4,8,8,9,4,3,4,1,0,5,2
CACATTGTAGTG_4,6,7,8,2,5,7,1,0,6,9
CAATAAACAAGA_4,6,4,3,2,1,8,6,6,3,1
AACCGGTCGCCT_4,6,3,7,9,3,7,1,0,1,6
CGGCTTCGCAGA_4,8,8,2,4,2,4,5,0,0,9
CCTAGTATTGTC_4,4,5,0,0,0,6,3,5,8,0
TTCTATTGTGCG_4,8,8,4,4,6,4,4,7,1,2
CCAATAACAATT_4,7,5,5,5,0,6,3,9,8,8
TTGGTATTCACG_4,4,5,1,8,9,6,2,3,8,7
GTAGTTGAAAAG_4,4,4,9,3,2,5,4,5,4,6
AGAGACCTTCAG_4,3,9,4,2,2,7,9,4,3,9
ACAAAATGATTA_4,6,7,0,2,6,4,2,4,6,6
CAAGTCGTAGTT_4,7,5,1,8,5,9,8,3,7,5
ACACCTTTGGTC_4,1,0,2,2,0,4,6,6,0,2
CGAACTGGAGTG_4,0,8,4,4,3,3,5,6,1,9
ACTATTGTTCTT_4,0,7,9,3,8,7,4,0,4,3
ACGCCTGTACAA_4,6,7,9,7,5,2,2,7,4,4
GCCTAGGTTTCT_4,5,3,7,7,2,5,4,8,1,4
CACGCGCTTACA_4,9,9,8,2,1,8,6,4,9,2
GATGCTGAAGAT_4,8,3,3,8,3,7,0,6,4,3
GGCTTGGCGGCA_4,2,2,3,1,1,4,9,4,6,9
TACTATTCCTGC_4,0,8,7,1,2,7,5,0,1,9
CACGGCTCCTTA_4,9,9,9,1,2,1,8,5,3,1
GTTAGCAATCGT_4,5,2,7,3,9,2,4,2,4,9
ACTTTCACCACC_4,3,7,5,5,3,4,6,0,0,8
CTCCCATCGGGG_4,5,6,6,7,2,5,7,8,1,4
TTCTATTGTGCA_4,5,8,3,7,6,7,4,8,4,9
ATGACGCTAAGA_4,7,2,4,8,4,4,0,3,7,3
CCTGCAAGCGTG_4,8,3,5,6,7,3,7,1,4,2
TACAGAAACGCG_4,3,3,3,9,5,7,0,0,3,2
TCCCAGCAATCT_4,9,9,0,6,1,8,6,0,6,2
CCCAGCTATAGC_4,1,0,2,1,6,2,5,7,5,9
ATTAGATAACAC_4,0,7,3,1,9,3,2,4,5,6
GGAGTCATACGC_4,6,6,4,4,2,7,4,9,9,1
AATTAACCCACC_4,8,7,5,9,3,5,5,4,6,9
GCCAGATAGCGG_4,5,2,9,7,3,3,4,2,4,6
TAGGACCCAGCT_4,1,8,5,4,3,7,4,4,5,5
ACCTCCTATCCA_4,2,4,9,6,9,7,0,7,1,3
AAGGACCGATGT_4,4,0,0,6,8,7,9,1,9,2
ATGCGGTCACTC_4,8,9,2,6,7,9,1,0,5,9
GGGGCCACCACG_4,1,5,6,0,8,6,8,9,7,0
GATGCTGAAGAC_4,5,2,4,7,9,0,1,4,5,3
CTAAAACAGCTA_4,1,7,0,3,0,7,0,7,5,5
GGCGCTGGTAAG_4,2,8,0,4,5,5,2,4,6,6
TCACCGGGATCG_4,9,0,0,2,1,8,5,1,3,2
CGATTGAGATAT_4,8,7,2,6,7,1,0,4,9,3
TTGACGCAGTCT_4,0,5,6,8,5,9,3,9,7,6
GAGGACGTCCCG_4,6,6,0,6,3,3,7,2,4,4
GTTGTAAGGCCA_4,9,9,8,2,1,1,6,1,6,1
AAGACGATATCG_4,3,6,4,7,6,5,7,7,1,4
TTCCGGGGGCCC_4,0,3,9,6,6,4,2,6,0,9
ATTGTAGCTAAA_4,5,7,7,1,2,5,9,2,5,6
GGGAATAGATCA_4,7,1,1,8,3,8,5,3,2,7
TTAGCCACGGGT_4,2,8,2,2,9,1,9,7,3,9
AGACGTCGTTAT_4,1,5,6,8,0,1,4,8,2,5
CTAGCCAGCAAC_4,7,5,1,8,9,6,3,3,7,0
TACGTCTTTCGT_4,8,4,5,6,4,7,8,2,2,2
TAATATACGTCT_4,9,0,5,6,7,7,0,4,3,5
GGTGCAGGATTA_4,1,4,3,6,2,2,5,8,5,5
ACCTTGAACACT_4,5,3,7,9,3,5,2,7,4,4
GTAGCGTGGGGG_4,9,4,9,2,0,8,8,4,5,5
TTCTATTGTGCC_4,5,8,5,3,2,7,4,7,0,4
ATCCCGAGCCCG_4,8,8,9,3,2,0,4,8,4,4
TGGTAAACTATT_4,7,9,0,8,5,8,3,5,8,7
AGGAACGTTCTG_4,3,8,9,7,5,9,1,2,8,9
TCAATCCGCAGT_4,1,5,1,0,4,6,3,3,2,0
GCTGGCGTAACG_4,5,0,6,0,6,6,3,5,7,0
AATCTCTATCGC_4,1,6,3,3,2,5,9,7,6,9
AGTTGCATCAGT_4,5,8,5,7,3,3,2,4,1,4
GCTAACTAGTAT_4,9,9,8,6,1,1,6,3,9,1
TTGACTACTCGA_4,1,8,9,2,3,4,1,7,4,6
TGTCCAATATGA_4,4,0,6,8,8,6,8,9,8,0
CTGACGCCCTCG_4,0,5,3,6,5,1,0,5,3,0
GATGCTGAAGAA_4,1,2,5,1,3,2,2,7,1,6
CCGCTATTGTCC_4,5,6,4,7,3,2,1,8,1,4
ACCGTTCTCTTA_4,0,4,2,4,1,1,8,7,0,6
GTAAACCCGGGG_4,3,7,7,5,3,3,8,7,0,8
ATCCAGAGCAAT_4,3,3,3,4,6,0,9,4,1,5
AACCTCCCGCTC_4,1,1,1,8,9,6,8,9,2,8
CTTGACAAGAAT_4,8,0,8,4,1,5,9,4,4,9
CAGCTCCGAAGC_4,4,5,4,0,4,6,8,9,8,8
ACTATTGTTCTA_4,6,8,5,4,4,7,5,2,0,2
ATAAAGTTATCT_4,8,4,8,0,9,9,9,6,6,7
GTCCCACTATAG_4,8,7,2,6,1,8,9,2,9,1
CGGCTATATGGC_4,5,8,4,9,6,3,7,7,1,4
AATCTAGGCGTC_4,7,1,6,0,4,9,3,9,7,8
CTCGAGGTCTCA_4,8,2,8,1,9,8,6,2,3,1
TCCAAAGCACTG_4,9,4,8,0,7,8,6,0,9,2
ATTGTCTATCAC_4,7,1,1,0,6,6,4,5,8,7
CACCAGTCACCC_4,6,1,3,6,4,3,0,0,5,4
ACTATTGTTCTC_4,5,0,4,5,9,3,4,7,4,7
TGCTGCTGTATA_4,0,8,2,5,4,0,1,7,1,4
GGGCGCCTAGAT_4,3,6,3,7,6,2,7,8,8,8
GCCCCCAAAAAT_4,4,5,6,0,4,6,5,9,8,8
GTAACCACGGAT_4,5,8,7,1,3,9,7,7,4,4
TGTAAGTGGGGC_4,9,9,8,2,1,8,6,4,0,1
CCCGTGTCGCAT_4,1,2,4,9,0,7,4,5,7,8
TTAGCCGTGGCC_4,7,6,1,9,4,9,0,9,8,8
CGACTGGTCGGT_4,8,6,4,3,7,5,9,5,3,0
AATTTTGTCATA_4,5,2,9,7,3,0,5,7,9,9
CTTCCTATGGCC_4,3,7,8,1,3,5,5,8,6,6
GGGATAGTCCTC_4,2,1,6,5,0,4,3,9,2,5
ATCCCGAGCCCC_4,5,3,4,3,2,3,0,2,4,4
CCGCGGCGAATG_4,6,3,7,7,3,3,1,7,4,4
GTATCGGCCATT_4,4,0,0,0,0,9,6,9,7,8
ATCATGTGACTA_4,3,2,9,7,3,5,1,7,1,4
CGTGTTCCCGGA_4,6,8,5,1,6,4,4,0,1,4
GAGCGCAGAAGC_4,1,6,1,2,6,7,4,7,5,8
ATATCTAACTCG_4,4,5,1,0,5,9,3,3,7,0
CTACTACTTGTT_4,4,8,0,2,5,2,9,2,2,9
AATGTACCGCCT_4,3,7,7,6,1,5,2,4,5,9
TTCGCTACGCGT_4,9,3,0,2,2,3,5,4,9,1
GCGACAGAGCAT_4,1,1,2,8,0,2,8,5,8,0
ACTGATCATTGT_4,8,3,7,7,3,2,7,7,1,4
TATCGCCTGAAC_4,8,9,5,6,1,8,9,0,6,1
CTAAACCAAGAC_4,0,7,3,0,3,5,9,6,5,9
TTAGTAATATAG_4,8,6,7,7,3,2,4,7,4,4
TTAGCCGTGGCA_4,2,0,1,0,8,6,8,5,7,8
CCCGTGTCGCAC_4,1,1,4,4,7,0,4,5,7,0
CTACTACTTGTC_4,5,7,8,2,3,7,8,8,2,5
AAAGGCCTACAT_4,9,9,8,2,1,3,6,2,3,2
GCCGCTATTAGT_4,7,1,1,8,0,9,5,9,6,0
CTTGCATTCGGC_4,2,5,1,0,5,6,3,9,2,5
TAGCCTTGAACT_4,9,7,2,1,1,8,0,0,6,2
TTAAGGAGGAGA_4,8,8,7,9,7,7,2,2,5,6
GGATCAAACGAT_4,9,7,0,1,1,8,6,5,9,2
ATCGAGCTCCCG_4,8,8,4,4,4,5,2,7,4,4
CCCGTGTCGCAA_4,4,1,4,3,4,4,4,5,8,7
ATCCCGAGCCCT_4,5,7,1,7,3,2,7,6,4,4
CTTTGAGCTGGC_4,7,1,6,0,4,9,3,3,2,7
GCTGGCGTAACC_4,2,8,1,7,3,0,4,8,8,4
CTAATGAGGGTT_4,6,7,0,2,7,2,6,8,6,2
GCGCGTGAAAGA_4,9,9,3,9,1,8,6,7,3,2
ACGCGGAACCCG_4,1,1,8,8,0,1,1,6,8,0
TGCGAGCCTCCG_4,1,4,8,0,9,8,5,8,1,2
CTACTACTTGTG_4,7,2,3,4,7,5,8,6,6,3
CCTAATATTTAT_4,9,0,8,6,6,7,6,2,6,2
AACCGGTCGCCG_4,8,2,7,1,6,2,8,6,9,3
GGTATTTAACGG_4,3,2,5,3,4,5,4,2,1,3
TTTGTATCCGTG_4,1,8,4,6,7,4,2,7,5,3
GCGACAGAGCAG_4,4,1,1,5,9,6,3,9,2,8
CACGTCTCGCTA_4,8,2,4,9,0,8,5,8,8,5
ATGCTGGGTGCC_4,9,4,2,2,7,8,1,4,6,2
TATGAGGAGAGA_4,2,0,1,8,5,4,5,3,2,3
GAAGGGTTAGTC_4,9,9,0,6,1,8,6,6,3,1
GTGGTACCGGGG_4,2,0,0,6,9,4,8,2,3,8
CTGGTGTTCGCA_4,7,5,6,0,5,0,3,3,2,3
TACCACATTCTT_4,1,7,1,2,2,2,9,6,5,6
TGCTCGATCGAT_4,8,8,4,3,2,5,7,6,1,4
GCTGGCGTAACT_4,7,1,1,4,5,4,4,6,8,4
AGCCCAACAGGA_4,1,2,0,4,2,5,6,5,4,7
AATCTCGTGGTG_4,5,8,9,4,2,5,4,7,0,6
GGCTACCTGCAT_4,2,0,8,4,8,1,6,1,6,3
TATATGATTGGC_4,1,9,5,2,1,4,2,7,6,3
AGGCGTGTGTGG_4,6,8,9,3,2,8,5,0,0,2
GCGTCTCTGAAG_4,1,1,4,3,6,2,8,2,1,6
TGAGTGTCGCGT_4,9,9,8,6,1,1,0,1,3,1
TAAAGCAAACCG_4,1,5,1,0,5,0,7,1,7,6
GCTGGCGTAACA_4,1,1,1,5,3,1,1,3,7,3
CGATGTCGGAGC_4,1,2,4,1,6,3,0,0,9,1
ATGTCTGCATCG_4,4,0,4,3,1,0,5,1,3,1
CTCCGAGTCACG_4,3,8,7,7,3,5,7,0,0,6
TCGACCCAGGCC_4,5,8,7,7,3,2,2,4,4,4
TAATATCCGGAG_4,1,1,5,9,5,5,8,4,8,7
GTAGTACGCAGA_4,7,1,6,3,5,9,8,9,7,5
TGCGCGTCGCCC_4,9,2,8,9,6,1,0,1,9,1
CTGTATCTGCGT_4,2,2,6,3,0,4,0,9,7,6
CGTCATACTGCA_4,4,5,6,4,9,1,3,3,7,8
AGACGTACTAAC_4,9,9,0,2,0,8,9,6,6,9
GATCGGCTGCGC_4,8,6,4,0,4,2,4,5,1,9
GGTCACTCGGGG_4,3,6,5,1,2,8,9,2,1,9
CGTCTGCTATCA_4,0,1,5,8,5,9,3,9,8,7
GGAACCAGGCCT_4,9,9,8,2,1,1,6,1,3,1
ACCACCTGAGTG_4,1,4,8,9,0,7,4,5,3,9
GACCCGCGTGAG_4,1,6,4,4,4,4,2,4,7,4
GTAACCTGATAT_4,4,5,1,5,8,6,3,3,7,0
GGCGGCATCCCA_4,5,8,7,7,3,5,4,7,1,4
CCCGAGTGATGC_4,1,8,0,9,4,8,0,4,1,4
TTCTATTGTGCT_4,6,8,9,9,6,3,4,4,4,3
TGCAGCGCGGAG_4,7,5,4,5,4,6,3,3,8,8
ATAGGGGCCGCG_4,9,0,2,6,7,1,0,2,9,2
CGCCTTATATTT_4,7,5,1,5,5,9,3,3,2,7
TTAGCCGTGGCT_4,0,7,0,0,8,5,5,3,7,5
ATATAGGTCGTG_4,6,4,5,8,5,2,8,7,8,3
ATATTCATATGG_4,2,0,3,8,4,0,9,8,7,9
TCGCAAACCACA_4,6,5,1,0,0,6,4,3,7,0
GCCCCTGCCTGG_4,9,9,8,2,1,1,6,1,3,1
TATGTGCACAAG_4,8,3,0,6,1,1,1,2,1,6
TCTACTGCTTGT_4,7,1,1,8,8,9,3,3,7,5
AAAGTTTAAGTC_4,9,4,8,2,7,1,6,9,2,1
GATCTGGGTGAG_4,9,0,2,6,3,7,8,6,0,9
ATCGCAGCCGAC_4,1,3,7,9,3,5,5,7,5,6
ACGCGGAACCCC_4,1,9,4,0,6,0,5,4,6,8
GTGTCAGGCCAT_4,9,5,0,0,0,4,6,5,8,0
ACCACGACCCAC_4,5,8,4,9,2,2,7,4,1,4
ACGCGGAACCCT_4,9,2,0,4,6,4,0,2,9,8
CAACGTATCCGG_4,1,7,8,6,1,0,8,7,2,6
CCGCGGCGAATC_4,5,3,2,0,2,5,8,1,1,4
GATAATTCTTAC_4,2,5,6,8,4,6,3,3,7,5
ATAACCGAGGTG_4,6,3,7,7,7,3,7,2,1,4
CCTTCCTATCGG_4,1,6,3,0,3,3,1,2,1,4
CCGGTTGCGCGA_4,2,1,5,0,7,4,4,5,7,8
TTATGTTGTGCC_4,3,3,7,7,7,2,5,0,1,4
CGCACTGTGATC_4,4,7,4,3,7,4,0,0,7,3
TTAATTAGTGCA_4,7,5,6,0,5,6,3,9,7,5
TGTCTCCAGCTT_4,7,5,1,0,0,6,3,9,7,5
ATCCCGAGCCCA_4,5,8,4,3,2,2,4,0,4,4
GTGGCGACCAAC_4,8,6,7,4,6,4,5,4,4,9
CCGTTCGGTGAG_4,0,3,4,6,6,4,9,6,0,2
CGCATTGAGCCT_4,8,3,7,3,6,5,5,7,2,9
GATCGGCTGCGG_4,0,4,9,9,4,2,1,7,9,4
ACCTAATAGAGG_4,9,7,0,1,1,8,0,5,6,2
GCGACAGAGCAC_4,4,1,6,9,4,0,3,3,7,7
GCGACAGAGCAA_4,2,1,6,0,7,0,4,5,7,8
ACGAGCCATGTA_4,2,1,1,0,4,5,3,3,3,0
AGTCAGGAGCGA_4,4,1,1,3,5,9,3,9,8,5
ATATCGAACCAT_4,9,9,2,5,1,1,6,4,6,5
CAAACTGGCCCT_4,1,1,2,5,7,0,3,2,5,8
ACACTATCCGGT_4,4,1,6,8,4,6,3,3,2,8
AATAGTATATTC_4,6,8,7,7,9,2,2,7,4,9
AACGGCACCGAT_4,1,3,5,1,7,5,7,7,4,3
CCAGTGGGGGGC_4,5,8,7,6,2,7,2,7,6,6
CGGGTCCTCCCA_4,8,9,5,4,0,8,0,5,6,2
GGAATCATAGGC_4,4,1,6,0,9,6,3,5,7,8
ATGCCGCCAATG_4,6,6,1,0,4,1,1,3,8,5
GAGACCGGGAAC_4,8,3,2,1,0,7,1,2,5,6
ACACGTTATGAC_4,9,0,5,1,6,3,6,4,5,2
TTACTGTGATGA_4,1,6,0,9,4,7,4,4,1,5
AGCCATCTCTAA_4,7,1,1,0,5,9,3,3,8,7
GTCAATCGGGCT_4,8,7,1,6,1,0,2,5,6,8
