,0,1,2,3,4,5,6,7,8,9
ATGCACCGCTTA_4,1,8,8,6,3,2,3,8,9,3
ATACCTACAAAC_4,3,5,1,9,8,5,5,2,3,7
ACCCAGCTACAG_4,4,8,6,3,5,1,0,3,5,2
AAAAATCTCTCG_4,1,9,7,1,2,1,1,8,3,4
GTGCAATTAAAT_4,3,5,6,7,2,8,3,5,3,8
TAGACGCGCATA_4,4,6,4,2,8,2,2,7,9,2
CAGTGGTTAGCG_4,7,4,1,5,0,6,8,1,1,2
TAAAATGCCCAC_4,9,0,6,4,2,5,4,2,1,4
TGGAGGCTCTCT_4,1,1,8,8,5,2,3,5,4,6
ATAGCGCACTTT_4,3,8,6,8,2,4,4,9,3,6
CCCTCTACCGGC_4,5,7,4,8,0,1,4,6,4,4
ATATATTTCCTA_4,0,3,3,1,4,2,3,8,5,8
AGTACCTGAAGC_4,3,0,4,8,7,0,4,5,7,0
TTCGCCAACCGT_4,3,2,8,6,8,8,5,7,3,6
TTATGGTCACAT_4,3,0,8,7,7,2,5,2,7,0
CCCAATTAGACG_4,6,8,3,3,4,2,9,6,5,9
CAGTCAAGACTA_4,9,8,9,1,7,1,5,0,7,4
ACCCAGCTACAT_4,4,3,6,3,5,3,4,0,9,0
CAGCCTCTTAAG_4,8,4,1,9,7,6,8,8,1,3
CTCTGCCGTTAG_4,1,8,7,2,0,4,9,5,9,9
CCTCCGCCGACC_4,5,4,8,2,0,9,2,7,1,3
TGCCCCGTAGGT_4,4,3,9,3,5,3,3,4,9,9
AGTGCGGCCTGA_4,6,8,3,3,0,3,0,4,5,8
TCTAGCAACGAC_4,6,8,2,1,5,5,8,0,3,2
TAGAAAGACGGC_4,4,3,3,1,0,3,1,8,5,5
ATAATTAGACAC_4,7,4,1,1,6,6,8,4,1,1
AGGATTTTGGCA_4,0,1,3,3,4,3,9,8,5,8
ACCCGTTTGCCA_4,7,4,1,6,9,7,6,4,1,1
CACACCAAGTTA_4,7,4,1,0,1,6,2,0,1,4
CCGACATGCAGA_4,5,6,8,8,8,7,5,7,4,0
GCGCCCAGTCAC_4,4,9,7,2,9,5,4,5,4,6
ACTCACTGGTCT_4,3,0,6,1,5,2,1,0,3,4
ACACAGCGATCT_4,7,5,0,9,6,6,8,3,1,3
GGCAATCTATCA_4,1,6,6,2,2,1,2,2,4,2
ACCCAGCTACAC_4,9,9,6,7,5,1,4,9,8,4
TACTAGTTCTCG_4,9,2,6,4,2,5,1,5,7,4
CCGGGACCACGT_4,4,0,8,7,9,7,6,9,9,6
AATTGATCCTGT_4,7,3,1,4,5,2,4,5,9,7
TAGCGAATAGGC_4,1,5,5,6,4,5,1,2,9,8
GCACAACATATT_4,9,8,0,0,7,8,3,2,7,2
TACCGCAATCTC_4,1,0,4,5,5,0,4,2,3,4
TTGACCCGCACT_4,6,0,0,1,0,1,0,8,5,3
CAGTGAGCTCGT_4,3,2,4,2,2,0,7,5,3,2
TGCACGAGGTAT_4,8,4,0,9,6,6,6,1,1,7
GCATGGCTTCTT_4,5,7,1,9,1,6,6,4,6,1
GTACATAGTGAA_4,8,5,1,1,5,6,1,5,2,4
TTACCATTTCTG_4,3,5,6,8,0,1,1,5,7,6
AACAGTTCCTGG_4,4,9,4,5,4,2,3,5,7,0
ATCATTTGAACA_4,1,6,8,7,7,8,5,4,3,4
GCGGGAGCATGC_4,1,6,4,7,2,0,5,3,3,4
GTATAAGCGACC_4,4,0,5,1,4,5,9,3,1,6
GTTTACAGAGAT_4,0,8,3,5,4,3,0,8,5,8
GGCAACGGAGAC_4,9,9,4,8,0,7,7,4,9,6
AGGCCCCTGCTG_4,3,7,8,8,7,7,7,7,3,0
AGCAGAGTCCAA_4,3,7,5,8,5,7,8,3,9,1
GCGTTAAGCTGG_4,9,0,9,7,5,8,5,5,7,7
AATATTCATCTG_4,4,5,1,0,0,6,8,3,2,7
TATCTGCACACG_4,6,3,3,7,0,3,3,8,8,9
TATCCACCCCAA_4,5,1,3,4,3,1,0,5,0,8
TACCGCAATCTT_4,9,2,4,3,2,5,4,2,7,2
TACCTTGGGTAA_4,4,0,6,2,7,4,3,5,7,4
TAACGCAGCCCT_4,0,1,3,5,4,3,0,8,5,9
TCGCCTAGAGGA_4,6,8,7,6,4,8,4,9,3,8
TCGTAACCTACC_4,0,1,3,3,3,3,9,8,8,9
TCACGCGAAATT_4,4,0,2,8,7,8,7,5,3,6
ATAATACGGGGC_4,0,3,3,3,4,4,9,3,8,9
TCAGACCATACT_4,1,0,4,2,1,6,6,7,2,7
ACCCAGCTACAA_4,0,3,0,3,0,3,5,6,5,8
AACTGCTAAGAT_4,3,4,0,1,7,2,1,7,2,7
CCGCTTGGAGGA_4,7,4,1,4,6,6,8,4,1,1
CGCCCCGACGGA_4,8,4,2,2,6,9,4,4,6,1
GCGATATTCATT_4,8,5,0,1,6,0,8,7,2,3
ACAGGTCCCCTG_4,4,3,0,6,7,1,1,3,7,2
ATGGCTGAAGTT_4,7,8,1,9,3,8,2,3,8,8
TGAGTTGTACCC_4,1,7,8,7,8,5,8,7,2,6
AAGTTGTCCGTT_4,3,5,6,1,5,8,3,5,1,4
CCGCATTCACGC_4,4,0,7,0,5,5,5,7,2,7
AGTCTGTGAGGC_4,6,8,4,3,3,9,3,2,8,9
CTGATGTTTATC_4,8,4,1,9,6,9,6,1,2,1
TCCAGCGGCAAC_4,4,2,9,3,5,1,3,0,7,2
ATTAATCATCAA_4,7,1,5,1,4,6,4,4,1,6
CCTGTCCGGCGG_4,1,0,4,1,5,7,4,4,0,6
TTTCATGCTAAC_4,3,8,1,6,0,1,5,3,3,6
TTGGAGAGCCGT_4,4,6,2,4,5,0,7,7,6,9
GCATTTTATCAA_4,8,4,2,5,9,6,8,9,1,3
CCTACCATCTAC_4,8,5,5,2,6,6,8,1,2,7
TTTATATCGAGC_4,0,3,3,6,3,3,9,5,8,5
CGAATTATCATT_4,0,1,3,3,3,2,0,6,5,5
GAGAGACCGCCC_4,4,0,2,4,7,9,2,5,7,6
TACCGCAATCTA_4,9,0,6,5,2,8,3,0,3,4
GTATGGTAGCAT_4,4,4,0,4,5,6,8,4,1,3
GGCCGCCGCACG_4,9,6,8,8,5,0,6,7,9,6
GCCGTGTCGTTG_4,2,0,2,4,7,0,9,5,0,1
CTATAGGAGGTC_4,1,8,0,1,7,0,3,5,5,2
GCAGTTCGATCG_4,3,0,6,9,5,4,3,2,3,7
GCTAATGACAGG_4,1,0,7,6,2,7,5,7,3,4
TATGTACCTGGT_4,9,9,2,7,7,0,3,2,9,2
CCAGCAAAATTG_4,9,0,4,5,5,8,1,5,7,2
CTCGCCTCGAAC_4,7,7,0,9,6,6,8,1,2,1
TTATCCAAGTAA_4,3,9,6,8,5,8,0,5,7,4
GAAACGGGATTC_4,6,3,7,2,7,1,6,4,0,3
GGCGACACCGGT_4,0,7,5,6,3,1,9,0,5,9
TGTCGAACCCAC_4,5,1,1,2,3,1,6,6,6,9
ACTATTTGACTG_4,9,7,4,6,2,5,5,9,9,6
CTAACGGATTCT_4,1,8,2,7,5,2,3,9,6,2
GAGTGGCAAGAG_4,4,0,7,1,9,9,2,4,7,0
ACTATTTCCGGT_4,8,4,0,9,5,6,1,1,2,3
AGTCATTGGTAA_4,0,1,6,4,4,3,3,5,8,9
TACGGCACCGGT_4,1,2,8,4,7,8,7,2,4,6
GTATTGCAACAG_4,8,4,1,9,6,6,6,1,1,4
CCAAACGTTGCC_4,1,7,1,2,0,7,4,0,7,2
CTAACCCAGAGT_4,0,3,3,3,3,3,0,8,5,5
GTATCAGTTGCG_4,8,7,5,9,6,0,2,5,1,3
GTTCGACACGAT_4,7,8,0,4,8,2,4,9,2,6
TGGTTTCGTGGT_4,6,5,6,7,4,0,4,2,7,0
AGACGAACCCCA_4,3,9,9,5,9,5,7,7,9,6
TGAATAAGGAAT_4,3,0,6,2,2,4,1,9,7,4
TGGCGCTACCGG_4,8,7,1,9,0,6,2,1,1,3
GCCACTCGCGCT_4,4,6,9,4,1,7,6,8,0,1
TACGCGTGCTAT_4,9,7,0,1,1,9,3,5,9,4
CCGCTTTCCCTC_4,1,9,0,1,7,6,8,4,4,7
TTAACGGATCAT_4,7,2,6,5,5,0,1,2,3,7
CCTTCAGCGCTA_4,9,6,4,8,8,2,4,5,7,0
TTATCACGCCTT_4,2,5,2,9,1,9,8,3,1,7
GCCCGTACCCTA_4,7,4,0,9,6,6,1,1,2,3
GATTCGGACCCT_4,4,3,7,2,0,3,9,4,5,9
ATCCAAGTAAGT_4,4,8,0,3,0,3,0,5,0,5
GTGCGGCTACGT_4,1,1,6,5,0,1,9,0,8,6
GCCGTTTAATTT_4,9,8,9,2,5,7,4,6,3,2
TAAGTGTAGTAT_4,7,4,0,1,6,5,8,1,1,4
ACACCCATCTTA_4,3,8,0,4,1,0,0,9,4,7
GGAGTGTTAAGC_4,3,0,9,4,2,5,3,5,3,6
CCAATAGCTACT_4,6,1,6,6,5,2,9,5,5,5
CCCTCCAAGAGA_4,8,6,0,9,1,6,6,1,1,7
CGGGTACGATGG_4,9,2,6,5,2,1,7,2,9,4
AGTGGCTCCCCC_4,8,7,0,1,6,6,8,4,2,3
CCAAATCGTTTG_4,0,1,3,3,3,3,9,6,5,9
CCCGATCTATAT_4,1,9,2,5,8,5,4,0,4,4
AGTAATGAGGTG_4,9,9,8,1,7,5,5,3,2,4
CGGCCTTCAACG_4,1,0,8,8,2,2,7,5,7,0
TACTTTGGCAGA_4,0,3,3,3,3,3,9,6,8,8
TGGCCCCCACGA_4,9,7,4,0,8,7,4,9,6,4
TCCACATGGGGC_4,9,1,7,6,4,1,0,2,9,5
CACATCCACGAC_4,0,1,3,3,3,3,9,6,5,5
CGACGTCTGGGA_4,8,4,7,5,7,5,6,4,6,1
TTTCATATTACC_4,3,2,3,4,0,2,7,0,9,0
CTGGCTCACTAG_4,0,1,6,3,3,3,9,8,8,9
TCTACAGTACAA_4,0,8,3,3,3,3,0,6,5,2
CGGTTTCGACTG_4,9,9,8,6,7,7,7,4,0,8
ACCGCCCGAATC_4,9,0,2,7,2,8,7,5,9,2
CAGCCGATAACG_4,9,6,2,8,7,5,7,7,4,0
TCCGAAGACAGG_4,4,9,9,7,7,0,3,0,7,4
TCCGTAAGACCG_4,6,5,4,7,5,9,5,7,3,6
GATGCTGAAGAG_4,4,3,3,3,3,2,3,4,5,2
TGGCTGTTCTCC_4,0,0,3,0,0,3,1,0,0,9
TTGAACTAGCGA_4,2,2,1,8,1,7,6,5,1,8
CTGGAGATATGC_4,2,9,8,7,8,7,7,2,6,4
CAGACCATCGCT_4,7,6,0,0,1,6,2,4,1,3
GAACCCGCAACC_4,9,5,4,4,7,0,1,0,4,7
GGTGCAGGATTG_4,9,5,6,3,2,5,1,2,7,2
GCGTCGTAGTTG_4,8,4,1,9,0,9,6,1,0,1
GTAAGGTTCACC_4,5,0,2,8,8,7,7,5,6,0
GGAGACAAGTAC_4,9,7,4,5,1,7,4,4,3,6
GACTACGTGTCA_4,8,7,8,4,0,8,4,3,4,6
GATCCAGACTAA_4,7,4,7,1,6,9,6,1,1,3
CTCACTAATGAT_4,8,5,5,8,0,0,8,1,1,7
GCTCCCATTCTG_4,9,8,2,4,8,7,5,7,9,6
AACGTTGCAACG_4,0,1,3,3,4,3,9,6,8,5
GCACCTTTAAGC_4,8,4,1,9,0,4,8,1,1,2
AAGCTGCAATAA_4,1,0,3,5,7,2,9,9,5,8
GGACGTGCAGAT_4,9,9,4,7,8,7,5,2,9,6
AATGGCCCTACG_4,9,0,4,2,5,0,5,3,4,9
CCCGGTCATGAT_4,4,3,1,1,7,5,0,7,7,2
CTCCTCCTTGCC_4,9,9,8,7,2,5,3,2,6,4
GGCCAGATTGCC_4,0,3,3,4,0,3,0,8,5,8
GGTTAGGCAATG_4,6,7,3,8,0,1,4,7,5,6
CAGCCGAAGACT_4,4,3,7,5,0,5,9,5,5,2
CTTTAAATACAG_4,9,0,8,7,8,5,5,2,3,6
CGTCGTCTACCT_4,7,5,0,9,6,6,6,1,2,7
GCACTGGGCAGT_4,9,2,6,6,2,5,7,8,7,9
TTTGTGTGACGT_4,6,1,3,5,3,3,9,8,8,5
CGATCCACTTCT_4,7,4,5,0,6,6,8,1,2,3
CCGAAAATGAGT_4,7,7,0,0,6,0,1,1,0,3
GCACACGTTCAC_4,3,7,7,6,5,7,2,5,4,4
CGCCCACCGCGT_4,3,0,8,5,5,4,7,0,6,1
GCAGCGGCGGGA_4,9,6,4,8,7,1,7,7,7,9
TTAGCCGTGGCG_4,1,4,2,5,0,2,6,1,7,7
CCTGCTCGATAA_4,3,2,8,7,8,8,5,5,7,0
GCGGACGTATCA_4,4,0,0,6,2,4,1,5,0,9
TAGAGGTGAACG_4,9,8,9,6,5,2,3,0,3,0
GTTGCAGTTCAC_4,5,6,5,1,5,5,6,4,6,0
TGCGACGACATG_4,3,0,4,7,7,7,5,2,3,2
GAGCCGCCACGC_4,1,9,2,5,5,5,4,5,0,6
ATGCATATAATG_4,7,5,5,9,9,8,2,3,2,6
CTTTCTCTTCCG_4,8,7,1,1,9,6,2,1,1,7
AATCATCTGCGG_4,9,3,2,7,8,3,3,3,6,9
GACAAAACGGCT_4,9,2,9,2,9,5,4,9,7,5
ACAGCGTAACCT_4,6,3,3,3,3,3,9,0,8,8
GTACACCGGTCA_4,1,0,4,4,2,8,4,7,6,6
AATCAGTCAGAG_4,0,3,3,3,4,1,9,8,8,9
CTCTAAGAAGCC_4,8,5,7,4,0,4,1,0,2,5
GGTGCAGGATTT_4,1,0,5,8,9,0,5,3,7,6
CTACTACTATGT_4,9,2,4,7,2,0,7,2,7,8
CTTGAAAACGCG_4,1,0,4,8,2,1,8,7,3,6
TTTGAGTGTCGA_4,3,7,9,8,4,3,4,9,4,0
AAGTTGTAACGT_4,7,4,1,9,6,9,8,3,2,7
CCCCCCGCCCAA_4,8,7,8,8,5,7,8,7,0,6
CTGTTGAGATCC_4,2,8,7,2,7,0,5,5,9,6
GGTGCAGGATTC_4,1,0,0,6,2,7,5,2,3,4
GCGCTTAATATA_4,0,3,3,3,4,2,0,8,8,9
TACGAGCCCATG_4,5,4,5,1,6,6,2,0,6,6
TTTGATCTGCTT_4,5,9,5,8,2,5,4,9,6,6
TAATATCCGGAA_4,5,7,1,2,2,5,6,5,2,6
TTAGCGTTCAAC_4,3,6,7,8,2,9,4,3,9,0
ACGCCTTAGTCC_4,3,3,5,6,0,2,9,8,7,9
GACAGAGTGACA_4,8,5,1,1,1,6,2,1,1,3
ACTGCAAGTTGT_4,6,8,3,1,3,1,0,6,5,8
ATCCCATGCTAT_4,1,2,4,1,5,1,4,6,7,8
TACCTTTGCCCT_4,6,3,1,0,6,2,0,4,8,3
CCCAGTATCCGT_4,9,8,7,2,0,2,9,8,5,9
GAGGCGGTAATG_4,4,1,3,2,3,1,0,6,8,4
CTAAGCAGAGGT_4,6,5,2,6,2,0,4,9,8,6
CCCGTGTCGCAG_4,8,7,1,2,6,6,6,1,4,8
CCCCAGGAAAGG_4,8,3,6,1,4,1,8,1,9,2
AAACCACCCCTA_4,1,7,8,5,2,7,5,5,4,4
TGCGCATGGGAT_4,4,0,5,3,5,9,5,8,7,6
TTGGATCCACTG_4,6,8,1,5,7,8,8,8,3,2
GGGAAACGAGCA_4,1,6,7,6,7,8,5,7,8,8
CACATTGTAGTG_4,3,9,8,8,9,2,5,7,4,0
CAATAAACAAGA_4,5,9,8,7,4,8,4,9,9,6
AACCGGTCGCCT_4,1,1,6,6,4,2,4,0,8,8
CGGCTTCGCAGA_4,6,1,3,2,5,1,0,7,5,4
CCTAGTATTGTC_4,8,4,0,1,1,9,6,3,2,7
TTCTATTGTGCG_4,6,6,7,2,3,3,9,6,8,8
CCAATAACAATT_4,4,7,5,0,9,6,6,1,2,3
TTGGTATTCACG_4,7,5,5,5,1,2,1,3,0,4
GTAGTTGAAAAG_4,1,3,5,5,0,9,3,5,9,6
AGAGACCTTCAG_4,3,2,9,5,7,7,4,4,6,8
ACAAAATGATTA_4,4,0,9,5,7,8,7,3,7,0
CAAGTCGTAGTT_4,8,9,5,9,7,6,8,3,1,7
ACACCTTTGGTC_4,1,9,4,1,8,5,7,2,3,0
CGAACTGGAGTG_4,7,2,7,1,9,2,0,5,8,8
ACTATTGTTCTT_4,0,8,7,5,1,1,8,6,5,8
ACGCCTGTACAA_4,0,3,3,0,4,2,9,2,8,5
GCCTAGGTTTCT_4,0,1,3,3,3,3,0,6,5,8
CACGCGCTTACA_4,3,6,2,7,8,7,5,4,3,6
GATGCTGAAGAT_4,2,8,7,5,3,1,1,9,7,9
GGCTTGGCGGCA_4,3,9,2,6,7,1,7,5,9,4
TACTATTCCTGC_4,5,7,7,3,0,3,9,6,8,0
CACGGCTCCTTA_4,5,9,8,7,8,7,4,7,6,6
GTTAGCAATCGT_4,5,8,5,6,3,3,9,8,5,9
ACTTTCACCACC_4,1,5,8,8,2,5,5,5,7,4
CTCCCATCGGGG_4,0,1,3,3,0,3,0,6,8,5
TTCTATTGTGCA_4,2,3,5,2,3,4,0,8,5,5
ATGACGCTAAGA_4,6,8,5,4,1,6,2,9,8,7
CCTGCAAGCGTG_4,5,1,7,2,4,7,4,0,8,0
TACAGAAACGCG_4,3,0,9,5,2,0,7,2,7,2
TCCCAGCAATCT_4,5,0,2,7,7,5,7,3,4,0
CCCAGCTATAGC_4,3,6,8,7,8,0,5,3,3,4
ATTAGATAACAC_4,3,3,4,8,7,2,1,9,3,4
GGAGTCATACGC_4,5,3,2,8,3,5,4,6,6,1
AATTAACCCACC_4,4,2,7,2,9,5,1,8,3,5
GCCAGATAGCGG_4,6,1,3,2,3,2,9,8,8,5
TAGGACCCAGCT_4,1,8,4,4,0,4,3,7,9,5
ACCTCCTATCCA_4,5,7,8,4,3,8,2,8,0,0
AAGGACCGATGT_4,3,6,8,6,8,7,7,7,9,6
ATGCGGTCACTC_4,2,2,4,6,2,5,4,7,4,8
GGGGCCACCACG_4,8,4,5,1,9,6,8,1,1,1
GATGCTGAAGAC_4,3,8,6,5,3,1,0,8,8,2
CTAAAACAGCTA_4,3,9,0,4,8,0,5,0,7,7
GGCGCTGGTAAG_4,1,2,7,1,2,7,5,5,7,5
TCACCGGGATCG_4,3,6,4,8,2,0,7,6,4,6
CGATTGAGATAT_4,1,3,8,5,7,5,7,2,9,6
TTGACGCAGTCT_4,8,5,0,0,6,6,8,1,2,4
GAGGACGTCCCG_4,6,1,9,4,9,3,4,8,3,5
GTTGTAAGGCCA_4,1,6,8,8,9,7,7,9,4,6
AAGACGATATCG_4,0,1,3,5,3,3,9,0,5,9
TTCCGGGGGCCC_4,2,0,9,6,5,2,5,3,6,8
ATTGTAGCTAAA_4,0,0,6,5,2,1,5,5,7,6
GGGAATAGATCA_4,0,5,1,6,6,5,5,1,1,3
TTAGCCACGGGT_4,3,2,9,8,2,1,3,9,7,0
AGACGTCGTTAT_4,7,7,8,9,5,9,1,5,0,1
CTAGCCAGCAAC_4,8,5,5,1,6,6,1,1,2,3
TACGTCTTTCGT_4,9,6,8,6,2,8,1,7,0,4
TAATATACGTCT_4,5,7,6,7,8,8,7,6,4,2
GGTGCAGGATTA_4,3,3,8,1,2,8,5,4,3,7
ACCTTGAACACT_4,0,8,3,3,4,3,9,0,8,9
GTAGCGTGGGGG_4,9,2,4,6,2,8,7,5,3,6
TTCTATTGTGCC_4,4,1,7,4,3,1,9,8,5,2
ATCCCGAGCCCG_4,5,6,7,3,3,2,9,4,9,9
TGGTAAACTATT_4,7,0,1,6,0,0,8,1,3,3
AGGAACGTTCTG_4,9,8,0,7,5,1,3,6,5,2
TCAATCCGCAGT_4,7,5,1,9,6,0,8,1,1,1
GCTGGCGTAACG_4,7,4,0,1,4,9,9,1,5,1
AATCTCTATCGC_4,2,0,8,6,2,0,0,3,7,4
AGTTGCATCAGT_4,0,1,6,3,3,3,9,8,8,8
GCTAACTAGTAT_4,2,6,2,8,1,6,7,4,1,1
TTGACTACTCGA_4,4,2,4,7,9,9,0,4,5,5
TGTCCAATATGA_4,8,7,1,9,1,5,6,1,1,3
CTGACGCCCTCG_4,7,7,9,8,1,7,6,8,1,1
GATGCTGAAGAA_4,3,1,6,5,0,2,1,5,7,2
CCGCTATTGTCC_4,0,1,0,3,3,3,0,8,5,9
ACCGTTCTCTTA_4,3,2,9,7,2,8,4,2,9,4
GTAAACCCGGGG_4,9,0,7,6,2,1,1,0,7,4
ATCCAGAGCAAT_4,5,6,4,6,5,5,9,5,3,6
AACCTCCCGCTC_4,8,4,1,4,1,6,1,1,1,7
CTTGACAAGAAT_4,9,0,7,5,1,5,5,5,3,4
CAGCTCCGAAGC_4,7,4,1,1,6,6,6,4,1,3
ACTATTGTTCTA_4,7,3,3,4,0,1,0,6,0,1
ATAAAGTTATCT_4,9,9,6,1,5,8,5,2,7,4
GTCCCACTATAG_4,1,6,2,7,8,7,5,9,3,2
CGGCTATATGGC_4,6,0,3,3,3,1,9,6,5,8
AATCTAGGCGTC_4,8,4,1,9,6,9,8,1,2,7
CTCGAGGTCTCA_4,3,0,9,7,2,2,4,3,3,0
TCCAAAGCACTG_4,1,7,9,8,9,4,5,2,0,1
ATTGTCTATCAC_4,8,0,5,6,6,9,6,3,1,3
CACCAGTCACCC_4,3,5,6,1,5,0,4,0,3,2
ACTATTGTTCTC_4,2,4,3,9,0,2,3,4,8,9
TGCTGCTGTATA_4,0,8,1,2,3,5,9,8,5,9
GGGCGCCTAGAT_4,6,3,5,3,4,2,3,8,8,2
GCCCCCAAAAAT_4,4,4,2,9,9,6,6,9,1,1
GTAACCACGGAT_4,0,3,0,3,4,2,0,5,5,5
TGTAAGTGGGGC_4,3,6,8,8,9,0,7,7,4,2
CCCGTGTCGCAT_4,2,7,1,6,6,6,2,9,4,3
TTAGCCGTGGCC_4,7,0,7,9,9,9,3,2,2,1
CGACTGGTCGGT_4,3,7,4,6,7,0,7,3,6,6
AATTTTGTCATA_4,2,8,3,6,4,4,3,6,8,9
CTTCCTATGGCC_4,9,6,7,4,2,4,5,5,7,6
GGGATAGTCCTC_4,8,7,1,0,1,6,8,1,1,1
ATCCCGAGCCCC_4,6,3,6,3,3,4,7,5,8,5
CCGCGGCGAATG_4,6,5,6,3,3,1,9,8,5,5
GTATCGGCCATT_4,5,4,9,9,1,9,8,9,1,1
ATCATGTGACTA_4,0,1,0,3,4,2,3,8,8,8
CGTGTTCCCGGA_4,2,2,7,6,4,1,4,8,5,2
GAGCGCAGAAGC_4,2,8,2,2,5,9,2,2,6,1
ATATCTAACTCG_4,8,5,0,9,0,6,8,1,1,7
CTACTACTTGTT_4,9,2,6,7,8,5,5,2,3,4
AATGTACCGCCT_4,9,9,6,4,2,8,1,7,7,6
TTCGCTACGCGT_4,2,2,9,6,9,7,3,7,4,0
GCGACAGAGCAT_4,8,4,1,0,7,0,2,0,0,4
ACTGATCATTGT_4,6,1,3,2,3,2,0,8,5,5
TATCGCCTGAAC_4,1,6,4,7,8,0,7,2,9,0
CTAAACCAAGAC_4,6,8,0,5,4,1,5,8,9,4
TTAGTAATATAG_4,6,3,3,3,4,2,0,9,9,5
TTAGCCGTGGCA_4,9,9,6,1,9,2,1,3,4,1
CCCGTGTCGCAC_4,5,9,1,1,6,9,7,4,2,1
CTACTACTTGTC_4,9,8,6,5,2,3,5,5,4,0
AAAGGCCTACAT_4,9,6,8,8,8,5,4,5,3,2
GCCGCTATTAGT_4,8,5,1,0,6,9,8,4,2,3
CTTGCATTCGGC_4,7,5,5,9,9,6,8,8,2,3
TAGCCTTGAACT_4,3,5,4,8,2,0,3,2,3,0
TTAAGGAGGAGA_4,6,1,3,3,4,3,9,6,5,5
GGATCAAACGAT_4,6,2,4,8,8,8,1,2,7,6
ATCGAGCTCCCG_4,5,8,3,6,3,3,9,6,6,8
CCCGTGTCGCAA_4,8,4,7,6,1,1,2,4,2,1
ATCCCGAGCCCT_4,0,3,3,4,3,3,9,6,8,9
CTTTGAGCTGGC_4,7,4,5,0,6,6,2,1,2,7
GCTGGCGTAACC_4,2,4,0,2,1,2,2,8,5,8
CTAATGAGGGTT_4,2,8,9,4,2,8,1,0,7,2
GCGCGTGAAAGA_4,3,6,2,6,7,3,7,7,3,6
ACGCGGAACCCG_4,2,4,1,4,9,4,1,9,6,3
TGCGAGCCTCCG_4,3,9,6,7,2,2,5,5,4,2
CTACTACTTGTG_4,1,3,6,7,8,5,0,0,4,6
CCTAATATTTAT_4,5,6,4,8,8,0,5,4,4,0
AACCGGTCGCCG_4,6,3,7,6,3,1,7,0,9,9
GGTATTTAACGG_4,0,5,7,5,5,1,0,2,7,9
TTTGTATCCGTG_4,6,8,3,2,1,3,8,6,8,8
GCGACAGAGCAG_4,7,0,1,8,1,4,1,5,2,2
CACGTCTCGCTA_4,2,5,6,4,5,0,5,6,7,6
ATGCTGGGTGCC_4,9,2,4,7,8,5,1,2,9,4
TATGAGGAGAGA_4,4,4,0,5,8,0,8,4,0,7
GAAGGGTTAGTC_4,1,6,2,8,8,7,5,3,6,0
GTGGTACCGGGG_4,1,6,4,4,8,7,6,3,6,0
CTGGTGTTCGCA_4,8,5,5,4,1,2,2,4,1,3
TACCACATTCTT_4,3,9,6,5,2,8,3,0,3,6
TGCTCGATCGAT_4,2,1,4,4,3,1,0,6,5,9
GCTGGCGTAACT_4,2,8,5,9,9,9,2,9,1,4
AGCCCAACAGGA_4,1,2,8,1,0,8,6,6,4,2
AATCTCGTGGTG_4,0,1,3,6,3,1,9,4,8,9
GGCTACCTGCAT_4,5,0,2,8,8,7,6,4,0,1
TATATGATTGGC_4,3,7,4,2,5,0,0,8,7,2
AGGCGTGTGTGG_4,1,6,4,2,3,5,9,0,5,2
GCGTCTCTGAAG_4,4,9,1,2,3,4,1,8,5,4
TGAGTGTCGCGT_4,5,6,9,8,8,7,7,7,4,0
TAAAGCAAACCG_4,0,3,0,1,7,2,6,7,0,9
GCTGGCGTAACA_4,1,7,1,2,1,4,6,1,1,3
CGATGTCGGAGC_4,9,2,8,6,7,4,6,2,3,1
ATGTCTGCATCG_4,1,9,1,8,9,9,8,7,0,0
CTCCGAGTCACG_4,6,3,3,3,3,2,3,8,8,5
TCGACCCAGGCC_4,6,8,3,3,3,3,0,6,5,8
TAATATCCGGAG_4,1,5,0,5,1,9,5,5,2,7
GTAGTACGCAGA_4,4,4,5,5,9,6,2,4,1,4
TGCGCGTCGCCC_4,2,6,9,4,7,4,7,7,6,1
CTGTATCTGCGT_4,5,9,1,0,1,6,2,5,4,3
CGTCATACTGCA_4,2,4,1,4,6,9,2,3,1,1
AGACGTACTAAC_4,1,2,7,6,8,0,5,7,6,8
GATCGGCTGCGC_4,7,4,7,4,9,2,6,7,9,1
GGTCACTCGGGG_4,6,8,3,3,0,1,4,0,8,2
CGTCTGCTATCA_4,7,5,0,9,6,6,6,1,2,3
GGAACCAGGCCT_4,3,6,4,8,8,7,7,3,9,0
ACCACCTGAGTG_4,2,6,8,4,7,4,4,2,4,0
GACCCGCGTGAG_4,5,2,5,3,0,4,9,3,9,1
GTAACCTGATAT_4,8,5,1,0,9,6,8,1,0,7
GGCGGCATCCCA_4,6,3,3,6,3,3,9,8,5,5
CCCGAGTGATGC_4,5,7,6,6,9,5,8,6,5,1
TTCTATTGTGCT_4,0,1,4,2,4,3,9,6,8,8
TGCAGCGCGGAG_4,7,4,1,9,6,4,8,4,1,1
ATAGGGGCCGCG_4,3,6,4,8,4,8,7,9,4,0
CGCCTTATATTT_4,7,5,0,0,5,0,1,3,7,7
TTAGCCGTGGCT_4,3,5,7,1,1,2,6,7,1,7
ATATAGGTCGTG_4,4,8,6,3,7,2,1,3,7,9
ATATTCATATGG_4,9,0,7,4,2,1,1,8,6,4
TCGCAAACCACA_4,7,5,0,0,6,2,6,1,0,3
GCCCCTGCCTGG_4,5,6,2,8,8,7,7,4,6,0
TATGTGCACAAG_4,3,2,2,4,5,5,6,9,6,6
TCTACTGCTTGT_4,2,5,5,1,0,6,6,0,1,3
AAAGTTTAAGTC_4,5,7,4,8,7,7,8,9,6,0
GATCTGGGTGAG_4,4,7,0,0,9,4,1,9,7,0
ATCGCAGCCGAC_4,3,8,6,6,5,4,0,2,7,9
ACGCGGAACCCC_4,1,0,2,1,0,4,2,5,0,8
GTGTCAGGCCAT_4,7,2,9,8,1,5,1,9,2,1
ACCACGACCCAC_4,6,8,3,7,3,3,7,6,8,5
ACGCGGAACCCT_4,4,7,5,9,9,5,1,0,6,1
CAACGTATCCGG_4,4,6,4,5,9,5,6,7,7,3
CCGCGGCGAATC_4,0,1,3,3,0,2,9,8,5,8
GATAATTCTTAC_4,4,5,0,4,1,6,8,1,1,4
ATAACCGAGGTG_4,0,3,4,5,3,1,0,6,5,5
CCTTCCTATCGG_4,9,0,7,4,5,0,9,0,7,2
CCGGTTGCGCGA_4,5,7,1,9,9,4,8,6,8,1
TTATGTTGTGCC_4,0,1,3,3,3,3,0,6,5,8
CGCACTGTGATC_4,7,6,7,4,9,5,9,6,9,3
TTAATTAGTGCA_4,7,7,5,1,1,6,8,1,0,1
TGTCTCCAGCTT_4,5,7,5,9,6,6,6,4,0,3
ATCCCGAGCCCA_4,4,1,3,4,3,3,9,8,8,2
GTGGCGACCAAC_4,2,2,9,8,9,4,7,7,7,0
CCGTTCGGTGAG_4,5,3,6,6,9,1,3,9,4,6
CGCATTGAGCCT_4,3,8,7,1,0,0,8,3,4,5
GATCGGCTGCGG_4,3,7,4,4,3,9,2,7,5,1
ACCTAATAGAGG_4,5,2,4,8,8,8,5,7,3,4
GCGACAGAGCAC_4,2,9,0,0,0,6,6,9,2,4
GCGACAGAGCAA_4,8,0,7,2,6,4,1,1,4,1
ACGAGCCATGTA_4,7,4,1,2,7,9,8,1,0,3
AGTCAGGAGCGA_4,7,7,7,7,9,6,8,1,2,7
ATATCGAACCAT_4,3,2,4,8,8,0,4,3,3,0
CAAACTGGCCCT_4,8,9,7,0,9,4,1,2,7,7
ACACTATCCGGT_4,7,5,5,3,1,6,1,1,2,7
AATAGTATATTC_4,6,8,5,5,3,1,9,6,5,5
AACGGCACCGAT_4,2,1,1,3,0,2,0,9,5,8
CCAGTGGGGGGC_4,0,2,6,4,2,8,9,8,8,0
CGGGTCCTCCCA_4,1,0,8,4,7,5,6,9,6,6
GGAATCATAGGC_4,8,7,1,0,9,4,1,4,1,7
ATGCCGCCAATG_4,2,5,9,8,5,6,6,7,9,3
GAGACCGGGAAC_4,3,6,9,8,8,1,3,2,9,0
ACACGTTATGAC_4,3,0,2,7,2,0,7,7,3,0
TTACTGTGATGA_4,6,7,9,2,1,9,4,8,4,1
AGCCATCTCTAA_4,7,5,0,7,1,6,8,1,1,7
GTCAATCGGGCT_4,5,7,1,0,0,6,2,3,1,3
