,0,1,2,3,4,5,6,7,8,9
TAAACGCCTTAT_8,2,6,2,3,8,7,9,4,6,0
GATACACTGAGG_8,9,6,7,1,8,6,3,2,7,4
CTCCACCGTGTC_8,2,7,4,8,9,3,4,0,6,2
GTTTCGCGAGCA_8,9,4,6,8,2,1,5,4,7,4
TGCCTATTCTGA_8,1,2,0,2,7,2,6,0,1,1
GGAATTACTTGT_8,5,2,9,2,3,3,8,2,2,2
AACAGGTCATTC_8,0,7,9,4,5,9,2,6,9,8
AATTTCAGCACG_8,8,2,3,0,3,0,3,9,4,9
CTTGCCGATATC_8,3,2,8,2,1,9,6,8,1,2
TGGAGCCGGCGG_8,6,4,4,6,9,1,0,9,0,9
GGTCCGACCCAG_8,4,7,9,8,6,3,2,1,4,4
CTAATAGTGGAC_8,2,2,8,0,7,8,6,6,0,2
TTTAAACACCCA_8,2,2,8,3,6,2,8,7,8,1
GACCACTAGTGC_8,3,5,0,2,2,7,0,4,3,8
AGGCCAATTTGT_8,1,5,3,7,6,7,7,3,4,6
TGTACTTACCTC_8,5,6,2,8,8,1,5,2,3,6
GATGCATACCGC_8,4,6,7,5,2,6,3,2,7,9
TTTGTCCGTGAA_8,5,9,7,3,7,5,2,2,0,3
GCCATATGCAAC_8,9,3,6,1,3,5,1,4,7,5
ATCGTGTTATCA_8,8,5,4,2,9,6,7,7,7,8
ATGGTGCACACT_8,2,8,3,0,6,3,3,8,9,1
CCCCTCTGCCCG_8,9,2,5,0,4,2,2,6,2,1
TAAGCGGGTAGT_8,1,2,5,0,7,1,8,6,2,3
TTTGCTTATCCG_8,6,4,2,7,0,7,7,4,1,8
TCTCAATTGCGT_8,8,5,7,0,0,2,1,8,0,3
GACACGTCAGTC_8,9,1,5,8,2,9,5,9,0,4
GCAATTCGAATA_8,1,5,1,6,0,5,4,3,0,2
AGCGAGATCCGC_8,7,8,7,2,8,9,6,0,2,7
GGCAAGGCGAAG_8,6,7,3,8,7,2,1,5,8,5
GCCATAAACGCA_8,1,0,0,6,4,9,9,7,5,1
TAACCCTTTCCT_8,0,7,8,4,6,2,6,7,2,3
GGAAATTTCCAG_8,1,9,5,5,5,2,4,8,1,0
ACTCGAGGTTCC_8,9,4,8,4,3,1,1,1,5,8
TCACTAAATTGA_8,5,0,8,0,7,4,6,1,5,1
GCCGGATTCTAC_8,2,7,0,9,6,2,8,5,9,0
CGACTGACTTCA_8,3,2,6,1,2,3,9,7,8,5
AAGACGGATGCG_8,3,5,8,1,4,3,4,1,7,3
GCGTGTAGAGAT_8,5,5,1,5,8,7,7,8,3,5
AACCCCCGACTT_8,0,9,5,9,5,2,2,7,6,3
AGTAGCGAGGTG_8,9,2,2,8,4,6,7,4,7,5
TATCAGAACTAA_8,2,4,6,2,8,3,8,1,8,1
ATAGGAATTAAG_8,0,1,6,9,6,9,2,0,9,0
GTCCTGACATCG_8,6,9,7,5,9,3,3,1,1,6
AGCGTCGGGTAC_8,1,2,6,1,1,0,9,0,6,7
CCCACATTCGAG_8,8,3,2,7,3,4,7,4,4,4
TTCCGGACCTGC_8,5,2,8,2,3,3,2,2,9,3
CCGGCCTCCCGG_8,5,5,7,2,4,3,3,0,2,9
GAAAACCATAAG_8,9,3,6,1,3,6,3,1,7,9
GTCAACCTGGGA_8,3,2,8,0,4,0,2,7,6,1
AACTCAAGTCCT_8,4,7,8,3,4,2,8,5,8,0
AGCCGCTCGTCG_8,8,4,5,8,0,7,7,4,5,8
GCACTTACATTA_8,2,8,9,4,0,8,6,7,9,7
AGTCTGGTGAAG_8,9,5,2,8,1,7,9,5,0,4
GACTCCCATAGA_8,6,1,2,8,3,2,9,1,3,6
GGAAGGCCCTTC_8,5,4,2,5,1,7,5,4,4,0
TCAGACGGAAGG_8,9,4,5,1,3,5,0,3,1,8
ACAGGACGCCTG_8,6,4,3,9,5,1,2,7,4,6
CGCACATGGATA_8,6,5,2,1,8,7,7,9,5,6
GTCATTCAACTA_8,0,9,4,4,7,1,1,5,6,1
GCCGATACTATG_8,2,0,8,4,6,9,4,4,6,3
ACTCTAACCGCC_8,0,5,4,0,7,9,6,0,8,1
CGCCCGCATCCC_8,4,5,7,9,1,7,4,1,1,6
CGTCATTGCACG_8,1,7,5,3,1,9,3,0,8,7
AGAGACTATCTA_8,2,7,0,7,7,1,2,6,8,3
TTCCAGTACGTA_8,3,9,4,0,3,8,2,5,6,3
AAGCCTACCGTA_8,4,5,6,5,9,7,3,9,3,4
CCGACCTCTTTG_8,0,7,4,9,7,8,3,5,8,1
GGCGCTTCGGCA_8,5,5,0,5,5,5,2,5,9,4
GCAATTCATCGG_8,3,9,8,3,0,2,9,2,4,2
ACATTGTACGAG_8,2,7,8,0,0,8,9,8,8,9
ACGCGGCCCCAG_8,9,5,7,2,9,1,3,3,5,6
ATAAATGTCGGT_8,8,0,3,7,5,1,8,7,8,1
CATCGTCGCTCT_8,5,4,5,8,6,1,6,5,3,6
ACGGGTTGGTAA_8,3,3,7,5,3,5,9,9,3,7
ATAGTTTCGTGA_8,4,8,8,3,3,0,2,6,6,8
GAGACGTGGACA_8,7,4,0,0,9,4,3,3,7,0
TACTAGCATACT_8,2,6,8,9,5,2,0,0,0,1
ACGCAAATTCTT_8,2,9,9,0,5,8,6,6,9,7
GCAGAACGAATC_8,5,1,5,2,5,0,4,4,5,9
GCCTAAACGTCG_8,2,8,8,4,6,0,2,1,8,1
GGAATGCGCATC_8,4,3,5,8,8,3,3,3,3,9
CCACCATCACGG_8,0,7,9,4,7,4,5,7,9,5
CCATGGTTATCT_8,5,8,2,7,3,4,9,3,5,6
ATCCACGGAGGC_8,3,7,8,3,5,0,1,3,9,7
TGCCTGTCGCCG_8,5,7,8,3,5,8,8,5,2,8
AGCCCATAGGTC_8,9,7,6,1,8,3,9,0,5,1
AGCCAACACCAT_8,5,2,4,3,7,9,4,8,2,2
TGATGGGTCGCA_8,7,6,2,8,9,4,1,3,3,0
AGCGCCGGGCTC_8,1,5,6,4,8,9,9,2,9,1
CTATGGGATACG_8,0,7,8,6,6,0,9,8,6,0
GCGGCCCCTATC_8,0,9,2,2,5,0,2,5,5,2
CGCAAGTCTCAT_8,7,4,2,8,1,1,6,6,7,3
GCCATGGTACCT_8,8,0,9,9,0,9,8,7,2,6
AGGTCAACCCGA_8,9,3,6,1,8,6,1,9,7,0
CTTAGTATTCAG_8,9,6,5,7,8,5,4,0,5,7
CCGGGCGTTTGA_8,3,9,7,3,0,1,2,1,7,4
TTCATGTAAGGG_8,5,2,8,7,9,9,1,6,8,8
AGGACGTTTCGA_8,7,3,2,2,3,7,7,3,4,6
ACGACAGATTCG_8,8,7,9,6,8,9,4,8,1,0
ATTTCCTGGCGC_8,1,3,6,1,8,5,1,4,3,7
GTTGAAGTAGCT_8,0,0,9,4,4,8,6,7,6,7
CGGCACCCTAGA_8,5,1,5,2,6,3,3,8,0,7
TTGACAGGCTGG_8,7,5,2,5,1,7,7,4,4,6
GAAGAGGACATA_8,0,1,4,4,0,9,6,5,0,7
CACATGCCTCCT_8,3,7,9,4,9,0,6,6,9,3
GCCCGGCAGCGC_8,9,4,2,8,2,5,5,0,4,6
AACGGCAGAAGC_8,8,8,4,1,0,1,8,1,4,6
ATCCTAGGCCTG_8,3,9,4,2,0,8,9,8,8,5
GAGCGCCTTCAT_8,6,4,2,5,2,3,4,9,3,0
CTATTCCTTGTG_8,6,1,7,8,2,4,3,1,1,3
TGCCACGTGCAG_8,4,9,4,2,3,9,4,5,4,5
AGTCTTCTTGGC_8,5,3,7,7,2,9,1,9,7,0
GATGACGCTTGG_8,6,6,1,1,4,1,1,0,5,9
ACACCCTTAAGT_8,1,4,4,5,7,9,4,6,9,6
TGCTCATCTCTC_8,1,7,8,4,5,8,9,8,8,7
AAAGCACTTGGT_8,4,2,9,6,7,0,6,8,6,2
TCGCCACTCCTT_8,3,8,4,9,7,2,2,1,1,3
GGTCGTATAGGT_8,0,7,4,3,5,0,9,6,1,8
CAACAAGATGCC_8,6,0,6,5,6,3,1,3,8,6
GTGCCTGAACTG_8,1,1,9,0,7,1,9,1,7,3
ACAAAGTGATCG_8,8,3,2,7,8,0,5,5,4,6
TAATGCACGGAG_8,9,9,1,6,5,9,6,7,8,3
TAGCGCTCCGAG_8,3,2,0,0,3,1,4,0,1,0
GATCGTACCATG_8,2,7,5,0,5,3,4,0,2,3
TGTCATGGCGAG_8,7,5,2,8,2,7,7,4,3,4
CGTAGATGGATA_8,1,5,5,5,2,1,5,4,5,7
ATTGATTAGCAC_8,5,1,3,8,2,6,1,4,7,4
AAGGGAGTGATT_8,2,8,8,4,1,5,3,5,0,8
CTGCGCCCGGTG_8,7,3,1,5,8,6,7,9,9,0
TCCCCCTTCGCA_8,6,9,0,1,8,9,1,9,5,9
CGCTCACGGTCT_8,0,8,7,4,8,8,5,1,9,1
AAGAATGATTTC_8,2,1,9,3,6,8,8,8,0,7
TCACCGGCCTAA_8,5,3,2,4,8,9,0,1,0,5
ACGTAATCCTCT_8,2,2,8,7,5,9,2,8,8,2
CATCTAATACGT_8,1,4,6,0,4,3,2,1,7,0
TCATCTCATAGA_8,3,7,9,4,4,2,8,2,8,2
CGTGTCTCTATG_8,5,0,3,0,5,0,2,2,1,5
TCTACCGGAACT_8,4,7,8,3,6,5,4,0,0,3
GTGCGCCTATCA_8,8,9,4,3,0,8,1,4,6,3
GTCCGGTAACAT_8,3,7,8,2,4,9,6,8,9,0
GGTACTGTCCGG_8,4,5,6,8,2,7,4,9,9,4
GCAGTCATACTG_8,1,5,2,5,0,0,6,5,8,7
ACGTTAGAGTGA_8,3,7,8,6,7,2,6,6,6,1
GACCACCGGAGA_8,9,9,3,7,4,1,5,8,4,6
TGCCGGTAGCGC_8,9,4,7,8,2,7,1,4,3,6
TGCGATAGTAAC_8,8,9,5,0,7,8,6,8,8,2
GTTAGGGTTACA_8,3,0,3,4,9,8,8,7,6,6
CTTACCTAAAGA_8,2,6,0,8,6,0,4,7,1,0
CACGCCGCCCAT_8,5,6,8,6,8,0,1,1,7,5
CATAATCTTCTT_8,6,0,7,0,9,4,6,8,5,2
GCGGATACAGGT_8,0,2,5,6,4,8,6,7,6,4
TCCCTAGCCCCA_8,0,6,4,2,7,2,9,7,5,1
TAGTCAATCGGT_8,3,5,8,6,5,1,6,2,8,2
CACCTATGTTCT_8,2,7,4,2,7,1,2,0,2,3
GCCTAGACCGAG_8,7,1,1,2,2,6,7,3,3,9
TCCTGTGATCAC_8,3,3,9,2,0,5,2,0,6,9
CACCGATGGACG_8,0,3,4,7,5,5,3,9,1,5
TTAGGCATGCTG_8,9,3,1,6,3,4,9,4,4,8
ATCCCAAGCCAC_8,5,6,9,3,8,9,2,7,2,4
CTCCATTGGCAC_8,1,3,2,1,8,0,4,0,5,6
CGCTGCGATGAG_8,5,6,0,3,0,8,3,8,1,2
CATGACCCCGAA_8,5,5,7,1,2,9,6,5,5,3
ATGGAGTGGGTT_8,2,0,9,9,5,2,1,2,2,2
TGTTCCTTGCAT_8,8,3,3,8,0,6,4,1,8,5
GAATAGAATTCT_8,3,9,0,6,4,4,9,6,8,5
TGTATGACCGAG_8,6,5,8,3,4,3,4,2,5,7
CTTGAGCCTTGT_8,6,5,5,0,7,1,6,6,4,2
CCCGGGTATTTT_8,0,5,8,6,7,2,1,3,8,5
TATGGCCAATCC_8,8,1,4,1,4,0,3,2,1,0
TCCGAGGCTTGG_8,9,3,6,5,2,5,3,3,7,4
CTTCGAGCCACC_8,3,8,3,0,5,1,3,2,4,0
TGCCCCTCAAGT_8,9,5,9,8,9,3,1,0,7,9
TCACTCGTTCGT_8,3,1,5,0,7,9,2,0,8,7
CGCTTTGTCCGC_8,3,1,7,5,3,5,9,0,6,9
ACAAAATTTCCG_8,2,2,9,3,5,2,2,0,6,1
CCAGTACTACGG_8,1,8,3,9,6,8,8,7,8,8
CACGAGGAAGCG_8,1,5,4,0,0,0,8,8,8,1
TAGACATGGCAG_8,8,0,3,7,4,9,6,5,1,5
TACCCGGGACGC_8,2,7,2,3,6,2,0,4,6,5
CGTCACTAATAT_8,3,6,4,0,7,0,3,3,8,2
TAGGGAAAGCAG_8,8,6,2,2,0,7,1,3,7,9
TTTCGCAAGCTA_8,2,8,9,7,8,8,9,8,6,4
CACGCGCGCCCA_8,5,5,2,1,8,1,4,3,4,9
TCTCTTGTGGAC_8,8,4,3,2,7,2,3,5,1,6
GTGAATTTCATC_8,1,2,0,9,5,2,5,2,6,2
GGACAACAGCAA_8,3,1,4,4,6,1,9,5,4,1
CGCCCCTCTATG_8,3,2,9,4,5,3,8,7,0,7
TTTCCCTGCTAT_8,2,9,1,1,1,5,3,4,9,5
CATAACCCATTC_8,1,7,8,0,5,0,8,8,6,3
CATTGGGTAACA_8,3,8,5,4,3,0,4,3,8,5
GCGGGACGGTTC_8,4,9,1,7,7,4,8,5,1,9
CCAGATATCCTC_8,0,6,4,6,7,9,2,5,2,7
CCTCTCCGGTAA_8,3,5,0,4,8,1,4,1,0,9
TTAAGTCATTCA_8,8,4,9,1,9,9,4,8,8,8
ACCTGCCATGCT_8,5,6,6,2,8,5,1,3,5,5
TCGTGACCTCGC_8,5,2,5,2,4,9,2,5,2,9
ATTCCACCGTAC_8,8,2,9,0,7,3,6,8,1,1
GCCGAGCCTGAT_8,3,9,0,0,9,8,6,6,6,1
CGTCCGGCGATC_8,6,0,1,8,8,7,0,4,4,4
CGGAGGCATCGC_8,3,7,6,9,4,3,2,1,4,4
CCCACGCTGGAG_8,7,4,6,1,2,6,0,4,3,9
TATGTCATAATT_8,5,5,0,4,1,6,0,0,3,1
TCACGGCGATAC_8,5,5,2,1,2,7,1,4,3,0
GATTGGAAGTTC_8,4,1,2,5,9,6,0,1,4,2
CTGTATGTCGCT_8,7,4,7,5,3,6,1,5,0,4
CGACCCATGTAG_8,2,0,3,7,6,3,6,2,6,3
GGCCAGCTCGAT_8,3,0,5,4,5,6,8,1,3,7
TCTTTGAATCCC_8,9,4,0,5,8,6,3,3,1,0
AATGGTAACCTA_8,7,9,4,1,0,1,9,6,1,7
TACCTCGAGATG_8,4,9,5,5,0,6,0,8,0,8
GCAGTCCTGCTT_8,7,3,2,8,1,7,5,3,7,9
CTATGCGCTTGA_8,1,1,1,5,2,6,3,4,4,5
ACCAAGAGTATG_8,0,2,3,2,5,8,9,5,8,2
CCCGAAAAGGCA_8,6,7,7,6,9,2,4,8,8,3
TTCTGATAGGGA_8,3,6,9,9,9,0,8,8,8,4
GCCCGGGCTTTG_8,5,3,2,7,3,9,1,3,9,4
ACCACCTCTAAC_8,7,5,6,8,1,5,1,1,3,4
ATTCCCTGGGAT_8,3,1,7,2,4,5,1,9,1,4
GCGTTTGCGAGA_8,1,4,2,4,2,3,1,9,4,9
CCCACGCTGGAT_8,6,6,1,5,1,6,7,4,3,9
GCCGGGACGCAA_8,1,3,2,4,2,6,3,9,4,0
CCTATTGCGCCT_8,6,6,0,7,1,2,6,0,1,1
TTAACAGCAGTC_8,3,2,9,6,7,9,8,5,8,3
TCGAGTTCTTAT_8,5,7,2,6,3,2,9,7,0,3
CCATCATTCTTG_8,4,7,0,2,7,5,0,7,6,5
AGTAGATGACGT_8,6,0,6,5,4,6,1,4,5,0
ATGACGTTCGTA_8,5,3,1,8,2,5,0,9,7,4
CACCACTAAGGT_8,0,8,6,6,6,2,2,5,6,3
CGCCTTAAAGCC_8,5,4,0,6,0,9,5,3,1,1
ACTACCGGGTAG_8,1,3,3,2,9,1,4,3,3,0
GACCGGTCTTTT_8,9,6,0,7,6,5,9,5,6,7
CACGGAGTACGG_8,1,1,9,0,5,9,6,5,9,8
GACACAGATGTC_8,9,4,8,6,9,4,8,2,4,1
CAGAGTCTGGGT_8,3,6,7,0,6,9,6,2,9,6
AGAGAGCGACCG_8,4,5,4,6,8,0,8,0,0,2
GTAACGTGAGGC_8,8,9,2,4,1,1,2,0,6,8
TCCCGACAGATA_8,1,3,5,2,5,2,8,0,0,8
GGGCATCTGTGA_8,5,7,7,9,1,4,6,5,9,6
CCCATATCTGAG_8,0,5,9,2,4,1,8,6,9,1
ACACCTTGATGG_8,8,9,2,8,3,7,3,3,1,8
GGCGTGTGTTTT_8,5,7,5,6,7,0,2,8,4,3
AGTGCCAGCGCC_8,5,9,3,2,3,8,1,0,9,6
CCCGGGCCGTTT_8,0,7,9,3,5,3,9,7,2,2
TGTCCTTCGTGC_8,8,4,1,8,8,7,1,2,9,4
TAGAACTCGAGC_8,5,7,3,6,7,8,6,2,9,1
AGACCCGCGTAA_8,7,0,6,6,2,4,1,2,5,4
TGCACGTTCCAA_8,1,4,1,7,1,4,1,3,3,6
AACTAAGGTGAC_8,3,0,9,2,6,2,6,0,8,1
GTCAGCCCCGGA_8,6,5,2,5,1,6,7,5,1,8
AACTAAGGTGAA_8,1,7,7,0,6,9,6,2,8,1
AAAGCTGGGGAC_8,5,7,9,2,5,8,9,7,0,3
CAGCCACTACCT_8,0,8,9,3,4,4,9,8,9,2
ATTCGTATCTTG_8,1,4,8,9,9,2,7,0,5,5
GCTACTGCCCAT_8,1,7,0,4,4,9,6,7,6,7
TTGCAGTAGGTA_8,0,0,8,6,1,1,6,6,9,2
CCTAACCGGGCC_8,7,9,0,6,8,9,2,1,5,7
GTAGGACGTGCA_8,9,5,1,8,1,6,2,9,7,7
TCAGTGCAGCGA_8,3,4,0,5,4,6,0,8,7,4
TGCGTCCTTCGG_8,8,7,7,7,8,3,6,9,2,6
CGCTCAAGGAAG_8,0,7,0,0,7,2,6,5,8,7
TCCGCCCAGCAG_8,1,6,4,0,7,8,2,5,8,2
GATGGACACCCG_8,9,1,9,6,9,8,1,9,5,9
ATCACGCCCATA_8,7,3,1,1,8,4,7,4,4,4
TCAACTCAGGAC_8,8,7,8,1,7,0,6,2,6,4
CGCCACAGCTGT_8,7,8,8,6,6,1,4,7,7,6
AAGGTGATCAGG_8,2,1,0,2,8,5,9,2,1,7
GAGACGTGGGAG_8,6,3,1,5,1,1,7,4,5,4
CCGCCAGGACCG_8,2,1,3,6,7,9,8,2,2,5
TAATCCGGCGCG_8,7,5,2,0,8,4,5,9,7,4
CGGATCCTCCCA_8,9,3,6,5,5,6,1,4,3,4
CGCATATGCCAA_8,1,5,3,5,3,3,0,8,9,6
GTCGTTCGCGCG_8,8,3,3,1,1,5,4,1,2,1
CCCACGCTGGAC_8,7,4,2,1,2,6,7,3,3,9
AGCGTCACGAAG_8,1,6,3,6,8,3,0,2,4,9
TGAGCCCGGTCG_8,8,3,7,4,4,6,6,1,4,7
CAGATTTCTCGA_8,7,9,2,1,1,7,7,1,0,6
CGATTCTCGCTT_8,2,0,4,2,5,3,4,8,8,6
CCAAAGTTCCAC_8,8,3,5,4,3,1,6,9,4,1
GCCCATGACGTA_8,3,7,7,0,3,9,1,6,6,9
GAAAAGATCTCA_8,2,0,9,9,6,9,9,2,8,1
CCGCTGTTACCC_8,2,7,2,8,3,2,1,2,0,3
CGGCTTGAAGTG_8,9,3,2,1,2,6,5,9,7,4
AACTAAGGTGAT_8,1,4,8,7,6,4,6,6,8,8
CCCCGGCCCCAT_8,6,7,5,1,7,6,5,5,1,6
TTTATTACAGGC_8,1,9,4,3,0,0,8,1,2,3
CTAGAGCCTGGG_8,3,9,5,4,5,9,4,7,9,3
TGTCTGTAGTTG_8,7,1,2,8,2,7,7,9,1,4
GGACGCACTGTC_8,6,5,6,7,2,1,5,3,3,3
GGCAGGGTATGG_8,3,4,7,6,0,2,4,8,5,4
TACTCCGTCGAG_8,3,5,4,5,1,3,5,9,3,8
CGTCACTAATAG_8,7,0,0,1,7,0,3,5,4,7
GAAGACTGTCAT_8,5,0,8,0,3,9,9,6,2,1
CTGTCCCAGCTG_8,1,4,3,1,0,2,2,2,5,9
TTCGCCTTCGCG_8,6,4,6,1,0,6,0,9,1,4
CGATTGTTCACT_8,9,8,0,4,5,2,6,1,6,8
CAGACTAAGTCT_8,3,8,3,8,4,5,1,1,6,4
TCTCGTCACGAT_8,0,6,5,0,7,9,6,1,0,9
CTACCGCATCGA_8,5,3,9,2,4,5,9,6,4,3
CATGATAAGAGG_8,7,1,4,4,6,0,2,6,1,0
TCCCGCGCCAGG_8,5,9,2,3,3,3,5,1,1,2
GAAGTGGATAAA_8,2,0,4,4,7,3,9,2,4,1
CAGAACTAACAC_8,2,2,4,6,5,2,2,8,1,7
AGCGGTTCTTTA_8,9,4,4,5,3,8,7,9,7,9
CCGGCATTCCAT_8,6,0,3,9,9,9,2,2,9,6
GGCGCCCTAGAC_8,5,1,0,2,3,9,5,4,9,0
AACCCATCGCGC_8,9,3,4,4,8,9,3,2,9,5
CCCACGCTGGAA_8,7,3,6,5,1,7,3,3,3,9
AGTAGGGTTGCC_8,4,0,9,7,1,2,0,2,4,1
GCCCGGGCTTTC_8,7,3,6,1,9,4,0,2,4,4
CATGGCTACGGA_8,9,5,1,7,1,1,7,3,5,6
GAGTCGAGGCGA_8,9,6,6,5,4,7,4,4,0,8
GACTCGATCTCT_8,3,2,3,6,5,2,8,2,9,0
CCTATGCACTGC_8,7,4,1,1,9,6,7,3,7,8
AGTCGCCAGTTG_8,9,3,0,3,5,7,8,3,7,2
TTATTCTGAGTT_8,3,7,6,7,8,1,8,7,8,5
CACACGTATCGC_8,9,5,6,7,3,4,5,4,1,7
GTAAAGGGCAAA_8,6,5,1,1,4,4,1,3,5,4
AAAAGAGTGACT_8,8,5,6,5,3,0,0,0,7,6
TCCATGCAGCAG_8,8,3,4,9,0,8,3,1,9,6
GGAGCTGTACAG_8,6,9,7,8,2,9,0,8,9,6
GAAGACTGTCAG_8,0,7,0,9,6,1,9,8,6,3
TAGTCCTATGGC_8,6,6,4,6,7,0,1,9,9,2
AACGAAGAACAC_8,0,2,4,4,6,9,2,0,8,2
CGTCACTAATAC_8,6,1,2,1,1,3,3,1,5,3
CAGATTGAATCG_8,5,2,0,2,4,4,3,8,3,6
GCCCGCCGCTGG_8,7,4,1,4,8,7,7,3,3,4
GACGGTCCTATT_8,0,7,5,4,3,2,9,7,5,6
GCACGGTAAGAG_8,6,9,1,7,2,4,1,3,9,6
TCACCCCAGTAC_8,9,2,0,6,5,9,2,9,0,1
GTAAATGCATCT_8,6,2,4,0,8,0,4,1,2,3
TTTGGCTCTCTT_8,0,9,8,2,4,8,6,7,2,3
GGTCCAGTCCGT_8,4,0,6,7,7,9,5,0,0,7
GTGGTCACGCCC_8,8,1,6,9,7,9,6,1,1,1
CGTAGGCGGATT_8,7,3,2,8,2,7,3,9,1,5
CACGCATACTTA_8,0,7,9,3,9,9,8,8,6,7
ACCCAGGCGTCC_8,2,8,0,0,3,1,8,7,8,7
GCTCGTCGCTGA_8,8,9,5,5,7,4,1,4,7,9
TCCCAATCGCCA_8,3,9,9,6,5,5,6,5,2,7
AACCACTCCCGA_8,8,1,3,6,1,4,1,5,0,6
CGGTCTTAATCA_8,3,0,4,6,4,8,2,6,8,2
TAATCCTATTTT_8,0,6,6,8,6,7,3,8,1,1
GATTAAACCTTG_8,0,2,8,7,6,9,2,2,8,3
CCGCGGCGCGAC_8,1,5,1,7,2,5,9,4,4,5
CAGTTCAATGGA_8,9,3,7,5,9,7,0,1,5,4
GACTGCGGATAC_8,8,4,2,5,2,6,1,3,4,9
GCACAAGCCAGA_8,3,2,1,6,7,1,6,8,8,5
ACGGAAATGGCG_8,2,4,4,9,7,1,0,1,8,9
GAAGACTGTCAC_8,4,2,8,3,4,0,8,5,6,3
GTACTGTGACCG_8,3,6,9,4,9,1,6,6,1,8
GTCAATGAATAT_8,8,4,7,5,8,5,4,0,4,6
CATCGCCCAGCA_8,6,5,9,1,2,0,8,5,4,3
TGGCCTGCCTTC_8,8,4,0,6,9,4,3,5,0,0
GAACATCCCCCA_8,2,2,4,2,2,3,6,7,5,3
ACAACTGGCCAC_8,9,2,3,9,7,9,9,0,5,8
CCTATTACGGAT_8,9,6,6,8,8,1,1,1,3,2
ATCACGAGGTCT_8,2,0,9,4,7,2,6,7,2,2
ATTCCGGCGGTT_8,3,1,7,0,9,9,3,6,9,8
CCTGCAGTACCC_8,5,0,1,7,6,5,1,7,8,5
CTGTTCTCGATG_8,0,8,8,3,6,0,9,1,1,3
TCGCTGACAGCT_8,5,0,5,0,7,0,6,5,9,8
TTATCCATCCTT_8,2,7,9,3,5,3,8,6,8,1
TACATAGGAAGA_8,6,6,6,2,1,5,6,1,7,2
GGTTAACGGGTC_8,0,7,9,0,5,0,1,0,8,1
TCACGGTTAATT_8,2,2,4,9,9,9,4,6,9,2
TATATTGAGACG_8,9,9,5,6,4,9,9,0,2,5
GTGCAACCCGCG_8,7,1,6,5,8,6,1,9,4,4
GCCTCGCGATTC_8,2,5,7,3,3,4,9,5,5,1
CATACGATGACT_8,9,1,5,1,0,3,3,1,4,0
ATTGACAGATGC_8,6,3,2,8,1,6,5,9,7,9
CGTGTCCCCTTC_8,5,8,4,9,5,2,8,8,0,1
AAGAGGCTGGCT_8,6,3,1,5,3,7,0,3,4,9
GCCCGGGCTTTT_8,6,5,5,1,2,6,0,9,7,6
AATCAGATTTCC_8,8,6,1,6,1,3,2,2,4,4
ACAAATCTTGTT_8,3,9,9,2,6,8,8,6,2,3
ATAGCTCGCTAC_8,1,7,8,9,0,3,2,8,8,2
TACAAGCTGAGT_8,2,2,4,6,5,0,0,5,6,6
TAACATCCTATG_8,6,9,6,9,0,0,3,5,4,9
CGGGTACCACTT_8,8,6,7,1,9,0,8,9,2,2
AAGCCGTTCCTT_8,3,2,0,3,3,9,9,5,6,3
TACCTAAGGCGA_8,8,7,3,3,1,0,8,1,2,7
CCGGTCCATCCG_8,7,9,2,5,1,6,0,4,5,6
GATAGCCCTGGA_8,4,0,4,8,5,3,2,2,4,5
TTGACCAATCCA_8,0,7,8,4,7,3,4,0,9,1
TTGAGAGTGATC_8,1,8,6,9,5,0,4,8,8,2
TGCCGTGACATT_8,2,8,8,4,1,5,9,7,8,2
CAAGTGGGACCG_8,2,9,3,1,6,3,1,0,9,0
GCACCTTGGTAT_8,0,0,4,3,7,1,9,7,9,6
GAAAACGGCCTT_8,0,1,8,0,3,2,1,1,1,8
GACCATTCTGCA_8,9,6,6,9,0,4,0,9,1,5
ATCAATGATGCA_8,2,9,0,3,7,2,6,8,6,1
GATACTTTGTAA_8,4,9,3,4,9,3,2,8,8,8
GTCCGGGATGGT_8,1,9,9,3,3,2,2,7,2,7
CTGGCTTGGGCA_8,6,1,6,4,3,4,7,9,4,7
AACAATGTCCCT_8,3,8,8,9,3,0,2,5,6,0
TCATAACACCTC_8,1,0,1,5,8,0,7,3,3,3
GACACTAAGGCT_8,3,0,5,0,6,1,1,0,9,7
AACGAATTACAT_8,6,5,0,1,1,5,3,3,1,4
CACCTCGCCTCC_8,5,7,7,4,9,0,2,7,6,3
CACGCCTGTACT_8,3,4,6,7,1,3,3,1,4,7
ACGCGGTGCTAC_8,7,5,1,5,2,5,3,4,1,4
AAGAAGATAGCG_8,8,3,3,6,6,3,4,7,8,9
ATGGCCACGTAT_8,1,5,1,4,7,1,6,8,6,8
GTTCATCCGACG_8,4,7,6,0,7,8,8,2,8,1
TGTACAGATAAT_8,2,6,8,7,9,1,2,8,1,6
TCCGACAAGTAT_8,3,8,9,3,4,0,0,6,6,8
TGTTCCCCGTCC_8,0,8,9,9,7,1,2,7,4,0
AATCCCATTTGA_8,0,7,9,9,3,9,6,5,6,2
TTACATCGTTAC_8,7,0,1,9,1,8,9,5,0,0
GTGCGTAAAATG_8,2,8,0,9,3,6,4,0,4,5
TTGGCACACCAG_8,1,7,5,9,5,0,4,6,8,0
ATAAGTTTGGCT_8,0,9,4,2,4,2,9,5,2,2
ACCTGTTAGATG_8,3,1,4,4,0,8,9,8,5,8
TACCTCGAGATC_8,9,3,6,5,8,5,1,9,4,3
CACCATGCATCA_8,2,1,8,9,5,8,6,8,8,3
GAACGGAATCGA_8,3,0,5,6,0,2,3,2,6,1
GCTTACGCCGCC_8,8,4,2,1,9,9,2,9,0,6
GTAGTTCGCTGG_8,5,0,4,7,6,4,5,2,6,1
ATACAAACTGGT_8,8,2,3,0,3,9,6,5,9,1
CGTGTTCCTAAT_8,3,3,4,9,1,9,6,8,1,0
AAGCCCGTCAAT_8,4,2,1,8,8,6,4,3,5,6
GCTTCACTATTT_8,8,8,1,6,3,6,7,8,3,0
GCAATGCCAAAT_8,0,6,4,4,6,9,8,6,6,1
CATATTCGTAGT_8,4,3,3,7,7,4,2,2,1,1
GTCAGGCCAAGT_8,6,9,1,3,8,4,6,1,8,9
GACTCTACCATA_8,3,7,2,8,1,2,2,8,6,1
AACGAATTACAG_8,5,3,7,5,9,3,7,3,0,9
CCCGGTAGTGCT_8,8,5,3,9,9,5,4,0,4,7
ACTGTATTTTGG_8,2,8,4,2,4,0,8,0,8,2
TTCCTAGCTGAA_8,7,8,3,9,2,1,6,0,0,8
AAAGGTGTTCAA_8,8,3,9,2,6,4,6,7,2,0
GTGGCGCGCGCA_8,1,4,4,1,6,0,1,4,3,0
ATAGCCTAACTC_8,1,6,9,6,5,5,9,8,4,6
CACGCGCTCGGG_8,0,9,3,7,1,1,0,8,5,1
AGACATGCGGAA_8,1,5,4,1,6,5,7,4,3,6
GCCAAGTACCCG_8,6,0,2,8,1,1,3,3,7,5
ATACTCCAGACT_8,0,7,9,2,4,0,9,6,6,1
GATTCGCGTTAA_8,6,9,7,5,9,5,4,1,3,4
GCTGAGCTTTTT_8,1,2,3,6,4,1,1,0,7,4
GTCGTCGCCGTG_8,7,5,1,1,2,6,0,4,7,9
CTATCAGGTAAG_8,1,6,4,0,1,1,7,0,7,5
CGGTAGTGCGCC_8,7,5,6,1,8,7,5,1,3,9
ATCGCGTAGCGC_8,9,5,3,5,7,4,3,3,1,0
TGATGCTATGTC_8,2,3,9,1,9,5,9,0,0,4
AAGAGTCGCTGT_8,5,2,0,4,0,5,9,8,0,6
GAAGCGAGATCG_8,7,3,2,5,2,5,1,4,7,6
CGAGCCGAGACT_8,0,6,9,0,0,6,2,0,0,1
CGTCACTAATAA_8,8,0,3,1,9,4,9,3,1,7
ATATTGACCGAA_8,1,9,1,2,6,2,0,0,0,3
CGAGATGGTGAA_8,4,6,0,2,6,3,1,8,6,5
GTACTCCGCCTT_8,0,8,9,0,0,2,5,2,9,6
AATATCACGAGC_8,7,8,3,9,4,8,4,8,1,5
GGCCCTAGTGTG_8,3,8,3,2,6,2,6,6,2,0
CGGAAAGGATCG_8,8,8,2,0,9,1,2,3,7,7
AGAACGGGACAG_8,5,9,1,5,2,6,7,4,7,8
TTTTAGCAAGAG_8,1,9,3,6,0,2,6,5,1,0
GCCCGGGCTTTA_8,7,9,3,5,0,7,1,2,5,9
GGTTGCACCTTA_8,6,3,8,4,9,8,4,1,8,8
TAGGCGAGATTC_8,0,0,8,9,5,9,6,6,8,1
GTCGACGCCGAG_8,6,7,1,4,5,0,5,9,5,5
TCCATACGAACC_8,6,0,3,0,8,5,6,8,8,3
TCGCGAAACTAC_8,7,3,5,5,2,7,7,4,4,0
GTGCATCCATCG_8,5,8,2,6,3,9,4,3,5,7
GATTAAACCTTT_8,2,6,6,3,4,5,0,1,1,0
GCAGTCGTACAC_8,7,4,2,7,8,6,7,3,3,9
GGTAGTTGCGCC_8,2,5,7,9,3,7,3,3,0,9
ATATTCAGAGGG_8,6,5,5,2,4,0,3,3,0,6
CCGGAGCCACAT_8,8,6,9,1,6,4,7,0,7,1
TACCCCATACGC_8,5,1,6,0,1,2,5,6,2,8
TTAACTGAACCC_8,4,5,4,3,5,5,5,3,2,5
GAGCCATCCGAT_8,1,2,9,4,5,1,4,6,8,0
CTAGACAGTTAG_8,7,3,1,3,8,6,3,2,9,1
TGCAATGGGGCC_8,8,2,9,2,4,9,9,8,2,3
GAAGACTGTCAA_8,3,0,5,9,7,5,6,7,2,3
TTGGATTTAGTT_8,1,0,6,7,2,1,9,2,1,6
TGGGTGCTACTG_8,9,9,4,5,6,3,3,9,5,9
CGACTTCTTCCG_8,9,1,2,1,0,7,6,4,6,0
CTCCTGCGAGGC_8,6,3,1,5,0,6,5,9,1,4
GTACGATATTTA_8,3,1,4,9,4,9,1,9,3,2
ACAGGATATAAC_8,4,3,0,3,6,1,2,8,1,3
CGAGGGCGCATC_8,2,9,4,7,3,1,1,1,5,6
AAAGCTATGTTG_8,2,2,0,2,4,8,6,1,1,1
GTAGGGAGCGGC_8,4,1,5,7,0,2,8,7,9,4
CGTACTACCGCT_8,5,5,2,1,1,9,2,4,9,9
ATTGTGAGGCGT_8,1,6,7,2,0,9,0,1,7,4
TCCAATTGCTCA_8,8,6,3,4,0,8,6,7,3,1
TTAAGTGCGGGC_8,8,8,4,6,4,3,9,7,8,7
GTCATGAAACTG_8,1,6,7,3,5,5,8,5,9,2
CGAACCGTGAAT_8,2,0,4,4,7,0,9,6,2,8
ACGGCCGACAGA_8,8,1,0,0,1,4,9,3,0,7
GGGGACAGTGAC_8,2,1,8,9,3,5,6,6,2,8
GATAATTATCTG_8,8,8,7,0,1,0,7,9,9,7
ACCCGCGGCGAA_8,7,3,7,1,3,6,7,4,7,7
TACCTCGAGATA_8,5,4,7,7,8,4,0,9,3,9
CAACGGATTTGG_8,3,2,0,3,6,0,6,5,8,8
GATTAAACCTTC_8,0,1,8,3,3,9,6,7,8,6
TGTCTCTCATTC_8,4,5,3,4,9,3,3,4,3,9
TGAGCTAGCTCG_8,5,4,2,4,9,9,0,9,4,0
TATGACGCACAG_8,4,6,0,4,4,8,5,1,2,0
TCACTTCGAGCT_8,0,2,4,6,3,1,8,6,2,5
TTTGCGGGCCGG_8,6,4,1,5,1,7,1,4,4,9
AGCCCAATAGAA_8,0,7,9,6,3,0,8,1,0,8
CACGGATCCGGT_8,6,4,2,1,4,4,3,9,3,9
GGGTCCACCTTC_8,5,7,0,6,9,2,6,8,2,2
GCACTTCTGAAC_8,2,7,6,6,5,8,9,7,9,8
ACCTAAGATCCC_8,2,6,9,9,9,8,2,8,6,5
AGTTGCGGCGGA_8,5,7,4,7,0,0,0,7,7,8
TTCACGGCGGTG_8,7,1,3,1,8,9,1,2,7,8
TGTACGAACCGG_8,3,7,3,4,4,1,9,0,1,3
TATATAACTGAG_8,0,4,1,9,4,2,6,8,1,2
GCTTAGAGTCGA_8,1,9,3,2,4,0,3,4,4,6
AGCACGCGTTAG_8,1,6,7,8,0,4,5,3,1,2
AGATTGATCCAT_8,2,8,1,9,3,1,5,8,8,3
GCAACGTCCGTT_8,5,3,2,5,8,9,3,9,3,6
TCGCAACACTTG_8,0,1,0,6,6,2,9,5,8,3
ACAATCTTGCTA_8,8,3,1,8,0,7,4,1,9,1
GTAGATTGTAAC_8,2,7,8,9,9,5,2,7,0,6
ATCCGTGGTCAG_8,8,7,8,6,4,5,1,0,3,2
TGAAGACAGCGC_8,9,4,2,5,2,6,4,3,1,7
CGTACTACCGCG_8,8,1,2,6,6,9,3,9,7,0
GCTGTGCAACGC_8,4,9,7,5,2,6,5,2,3,8
GCCGCCGGGGAG_8,7,3,5,5,6,4,5,8,2,2
TGTTTGATCCAC_8,9,6,7,4,4,1,5,1,1,8
CGGCACCTGTAT_8,4,3,8,3,7,8,4,7,2,8
ACACCTTGATGA_8,1,5,6,7,2,7,5,1,1,4
CAAGTGGTTACG_8,9,4,1,7,4,1,3,0,1,5
ATATCTTCATAT_8,0,7,7,7,0,0,2,8,8,6
CATGCCTATGGA_8,4,5,2,5,5,3,0,9,0,4
CTTCAGCTACTT_8,9,4,7,5,3,7,3,4,1,4
ATCGACTTAACG_8,2,0,3,9,1,5,3,0,6,7
ACATTCTTTAAC_8,0,5,8,9,7,9,9,2,9,6
GTGGGTTCGTTC_8,4,9,0,4,3,2,9,1,5,8
TTGGCCTAAAGT_8,6,9,9,0,6,2,6,8,3,1
GCAAGCAACTGG_8,1,4,1,8,2,7,0,0,3,9
GTTCATCCGACC_8,2,2,9,0,4,2,6,8,6,2
TGGTATAACCAG_8,8,1,0,4,2,0,1,3,2,7
GCAAGACGTAGT_8,3,5,8,6,5,8,9,2,8,1
TCAGATGCTCAC_8,3,0,9,0,5,3,6,7,2,3
ATAGTCTCGGTG_8,3,8,3,2,9,6,8,1,0,9
TCTGCAGACACT_8,3,2,0,0,7,9,6,8,2,1
TTCGACGTGCCG_8,9,9,1,5,3,4,3,3,7,4
TCTGTCTCTGTT_8,0,8,8,1,6,9,0,5,6,0
GTCCATAAAGTT_8,4,1,0,7,6,0,8,5,3,7
GAAAACCTCGTG_8,4,4,6,0,9,3,9,2,9,3
GGGAAGAAGAGC_8,0,1,1,6,5,1,3,2,1,6
CACGTCCTGGGA_8,5,8,2,9,3,0,6,2,0,6
GTAACCGTCTTG_8,3,9,4,4,7,3,3,7,5,2
AGAGATTCCTGG_8,1,5,7,8,5,9,0,2,9,1
ATAAAATAGCGC_8,0,8,8,0,7,8,9,7,2,1
ACCTCGTGATGC_8,3,0,8,9,5,9,4,1,0,9
GCCCGACTCTAT_8,2,0,5,4,3,0,6,2,9,3
TTCCATCTAAGC_8,7,5,8,2,2,8,3,7,7,0
CCCTTGCTGTAA_8,2,2,4,3,3,2,9,5,1,2
TACAGTGCCTCA_8,8,4,1,5,4,4,3,9,7,0
TGGGATTGGCGC_8,7,5,2,1,2,4,0,3,5,9
CTGGCAGTGCTA_8,4,3,7,1,1,4,7,3,3,4
TACGAATCTGAC_8,9,5,6,5,8,4,7,4,7,7
CAAAACGTAGCC_8,1,9,9,6,5,2,6,8,8,7
TCTCCTACCGCT_8,7,1,2,5,0,5,0,4,4,5
GCTATCCTGCCC_8,0,2,9,3,6,4,6,8,1,7
TTATTCAGCCTG_8,6,9,6,6,1,0,1,0,3,6
AGTTAAGTGTGG_8,8,2,4,9,5,1,0,5,4,6
CCTAAAATGCTT_8,0,7,9,4,7,2,2,7,8,7
CTGGTGCCCCCC_8,4,7,7,2,4,2,9,8,8,2
TCGGCCGGGGCT_8,7,3,6,1,2,7,7,3,7,5
ATAGCATTAACA_8,5,1,4,9,1,1,2,1,8,3
TATGCAGAACGA_8,0,2,9,9,5,2,8,1,2,7
ATGGCACCTGGT_8,6,4,1,2,0,6,6,2,0,3
TTAGAAGCGGAT_8,8,3,8,6,0,1,6,5,6,6
GGGCCAACCTAA_8,2,1,8,0,9,9,9,6,8,3
AGGAAGACCAGG_8,5,0,2,6,1,1,7,9,4,3
TGACAGTACGCT_8,2,7,8,3,7,2,6,7,8,1
ATTAGACAGCGA_8,9,1,6,2,5,5,9,5,5,1
GCCGCCTGAAAT_8,7,1,7,6,3,7,0,0,4,3
ACCCACGAATCG_8,0,7,8,3,7,2,2,7,2,2
CAGTCCGAATTC_8,7,5,3,4,5,5,1,9,7,2
GCCACTATATAT_8,9,4,6,4,1,5,3,4,3,6
CGACCTATCAGC_8,4,8,7,2,7,7,8,2,9,7
AGGCTCAATGCC_8,5,6,7,6,0,0,1,0,9,9
TACCTCGAGATT_8,7,9,7,5,9,4,3,4,3,8
GTATGGTGTACA_8,8,8,1,3,4,2,3,0,0,5
GTTCATCCGACA_8,2,7,4,3,5,8,8,0,6,1
CCTATATACCAA_8,8,2,6,3,5,0,3,2,2,2
GATATATCACTA_8,7,7,3,7,5,5,9,2,8,6
TTAATGCATGTT_8,9,9,3,3,4,3,4,5,6,0
GAGCGCACCTAA_8,2,1,6,9,6,5,4,1,1,2
CCAGAGTCATCC_8,8,3,3,9,1,2,6,2,9,3
CGTACTACCGCC_8,9,3,6,9,6,9,1,0,8,8
AACGAATTACAC_8,9,5,2,5,2,7,1,4,7,6
GTAAATGATTTC_8,7,5,1,1,4,0,5,3,0,9
AACCATTTAGCC_8,7,8,1,7,8,7,1,9,5,9
GCTCTAATATTA_8,0,7,9,4,1,2,2,8,6,6
TCCATAGAGACG_8,7,6,2,1,8,7,3,3,9,9
ACACCTTGATGC_8,1,5,2,5,6,7,5,4,3,0
CTATTAAGCTCG_8,3,6,9,9,0,1,6,8,8,0
AGTCACGGACGC_8,8,1,2,1,1,6,3,3,4,5
AATTGGCTGCTC_8,6,8,9,8,2,5,3,3,3,7
TTTCGCTACTGA_8,8,3,2,8,1,4,7,2,3,4
GCTTCGTCTAAA_8,9,5,2,1,2,4,1,3,4,9
GTAGCTATTTGA_8,8,7,8,9,3,3,1,2,4,3
AAGGCGGTAAGC_8,9,4,6,5,3,3,6,2,3,3
GTATTGTGTTTG_8,7,6,8,3,0,5,3,1,4,7
GTTTGAATTTCT_8,4,8,0,4,6,8,9,6,9,1
TCTGTCCACACG_8,1,1,1,1,2,9,7,9,4,8
AGAAACTAAGTA_8,3,3,2,1,3,6,1,5,3,8
GTTCATCCGACT_8,5,1,9,3,3,9,6,6,2,6
GTCACGGCCTGT_8,0,2,9,2,7,1,6,1,3,5
ATTCCGGCACAG_8,4,2,4,3,0,5,9,3,1,0
ATGCAGGTACCA_8,9,0,4,9,6,0,6,2,8,7
TAGACGTGTGTG_8,1,4,1,5,1,6,7,9,7,6
TTAGACAAACGC_8,0,1,8,0,5,9,6,5,9,0
ACTTTGGTGTGA_8,9,3,2,5,0,5,0,0,7,6
TCCCGCGCCAGA_8,6,6,1,5,2,0,7,3,7,6
CCTAGGCCGTAG_8,9,3,4,5,0,4,7,3,4,4
GTGCAGTTGATT_8,4,3,1,8,4,5,5,1,7,0
AGCAATCTACTG_8,0,2,8,3,3,2,8,7,8,2
CTCCCAGTATAG_8,9,6,1,5,2,7,3,3,3,8
TGCCTCTCTAGG_8,5,0,5,4,0,0,6,7,0,0
CGGCTTGAAGTA_8,7,5,2,1,8,6,1,3,3,6
GCAAGCAACTGT_8,6,5,5,2,3,7,0,8,3,5
GTTTATTCAAGC_8,7,4,2,8,2,9,5,9,5,6
CGTCAGTTAGCC_8,3,8,8,0,5,9,9,5,3,1
AATACTAGCACT_8,6,4,6,1,8,5,7,3,3,8
GAATACACCTAC_8,4,7,0,6,7,0,8,5,2,1
GCATCCCGGTAA_8,6,3,7,1,2,7,7,1,4,0
GCTACCGCTGGC_8,9,5,6,8,9,3,3,2,7,9
CGGACACTAGGA_8,8,3,1,6,1,3,5,3,1,9
CGCGTGAGGTGT_8,9,5,3,3,8,0,2,1,4,8
CGGCTTGAAGTC_8,7,4,2,8,2,7,0,4,3,6
CGGGCCGCAGTG_8,6,8,0,5,9,7,3,3,3,0
CGATCGGATGCA_8,9,4,3,0,1,7,1,3,1,5
GATTCGCCTACT_8,5,2,4,6,1,6,8,0,8,9
ATATTATCTATT_8,7,4,6,4,6,0,1,4,1,6
TTGATTGGTCAA_8,8,4,4,0,8,2,2,0,8,2
TTGGAGTTATAG_8,3,6,9,0,3,8,1,7,9,3
TTCCTGATACAA_8,2,2,9,0,5,2,8,6,8,1
ACTATGCAGCTC_8,3,2,8,6,4,2,1,6,1,6
GCAGCCGTATAC_8,0,9,0,6,3,4,9,8,0,2
CTAATTTGTTGT_8,0,2,8,0,3,2,6,7,2,0
CGGCACCTGTAG_8,3,6,4,7,3,3,1,6,3,7
TTTACCTACGGA_8,7,0,3,9,3,4,1,2,1,6
TACAACTCGTAT_8,5,2,0,0,4,9,9,6,3,1
ACGCTCGTGTGC_8,8,1,2,5,9,7,3,4,8,5
CTAACCCCGAGG_8,2,6,8,0,3,1,2,8,8,5
AAAACTAGAAGA_8,5,8,8,0,9,0,5,5,0,7
CGAAGGCCTTGC_8,4,0,0,8,5,5,3,7,9,0
GTCAGGGTGGTA_8,2,7,3,6,3,3,8,1,4,6
GCCGCCTAATTG_8,6,6,4,1,1,6,9,1,3,0
AGTCCATCCAAA_8,2,7,8,3,7,2,6,5,0,7
CAAAATGTCGTT_8,5,7,9,3,3,8,6,5,8,8
ACACCTTGATGT_8,6,3,0,1,8,4,4,9,3,6
GGCGTCCTCTAC_8,6,4,5,5,0,5,5,1,7,6
GTGCATCTGGGG_8,2,7,8,3,7,3,6,6,9,1
CCTCGCGTTGCA_8,7,1,5,3,4,9,9,5,3,7
CGGCTTGAAGTT_8,7,3,7,5,8,4,3,4,7,4
CTGGCAGTACAA_8,3,5,6,1,9,1,1,3,3,0
GATACCGACCAA_8,7,3,5,5,6,4,1,9,4,7
GTACCTCACCGG_8,0,2,4,2,1,0,6,6,6,2
CGGCCGGCATAC_8,8,2,7,9,5,3,9,0,5,6
ATATCTGCCGTC_8,6,8,8,4,5,9,8,6,8,8
GATTAAACCTTA_8,9,3,5,0,7,3,0,0,6,0
GCCGAGATCGGT_8,7,3,3,7,9,6,7,3,0,0
GTTGCAAGATTC_8,6,3,1,5,6,4,3,3,3,8
CGCAGGCAGTGT_8,5,1,9,9,8,5,6,6,8,7
CGGAGTGCCTTT_8,6,6,6,4,2,0,6,5,1,1
