,0,1,2,3,4,5,6,7,8,9
CCCAAGTAAGCC_7,2,1,6,3,1,1,4,4,0,1
TTGCATTTTAAC_7,5,7,9,0,8,8,9,5,5,5
TGTCCCACCTGC_7,0,2,6,0,8,5,6,7,6,0
GCGATCACTTTC_7,0,2,1,1,0,6,6,9,6,8
CGGGGAATCCGG_7,1,6,1,8,2,7,8,6,0,2
GCCGTTGGGTCC_7,8,8,5,5,3,9,8,8,1,2
CGTTTAGGTCTG_7,1,9,6,3,8,5,8,0,7,6
CCACCGCGGCCG_7,5,2,9,0,0,6,6,9,3,9
ATGGCCCCGTTC_7,7,8,6,7,8,3,5,8,7,7
CGCGCGATTGGC_7,5,7,2,9,5,4,3,7,0,8
GACCCGTCGATC_7,9,9,4,1,5,2,6,3,1,9
AGCCCACTCACA_7,2,9,6,7,7,1,0,2,0,4
AACCCCGGCGTA_7,2,6,8,6,1,9,3,6,5,1
CATGGGTGTCCC_7,8,4,4,0,7,1,6,0,9,4
CTCCTATTCTTG_7,1,3,2,4,4,1,8,8,5,3
CGTCACTCTTAA_7,5,5,0,9,6,8,1,5,2,7
GCAAGGCTCTGG_7,1,8,2,8,6,4,2,3,0,2
CGCCGCGAGCAG_7,4,6,1,0,9,7,6,2,7,5
TGATTGGCATTA_7,9,7,9,7,8,4,3,9,5,6
TAATCCTCGTAA_7,9,5,9,1,6,2,1,5,3,0
TAGGGAACGTAG_7,5,7,8,1,6,9,3,3,2,3
GGGCTACGAGCC_7,4,5,9,7,2,5,6,9,9,9
ACAGGTGCGAAA_7,3,9,2,7,1,0,0,8,1,3
ATCCAGCATGTG_7,8,4,2,7,4,3,9,8,1,1
TGCACGACTTCA_7,1,0,2,7,1,3,8,0,0,1
TGTAATAACTTC_7,7,0,2,4,9,9,3,3,4,4
TCGCATGACCAT_7,4,6,1,8,0,7,7,0,3,1
CGCGTAACACAT_7,7,7,6,7,1,0,3,2,0,6
CGATAACGCTAT_7,9,3,0,8,0,4,2,1,9,0
ATCGGTCCTCCT_7,1,4,6,7,9,7,4,6,7,3
CCAGCCCGCGCT_7,8,8,8,6,1,9,5,7,1,6
GGCTAACGCTTA_7,5,3,4,2,8,0,6,5,6,7
TCCGCACTCGTC_7,6,1,9,7,9,8,3,9,9,7
GTTTCCTTTGGG_7,9,5,7,1,8,2,2,9,3,8
TTCGTGGGGCCA_7,0,2,0,9,8,2,6,5,3,8
CAAAACTCGTCC_7,2,7,6,4,4,3,3,4,1,5
GTAGGAGGAGTC_7,5,7,0,8,9,6,6,9,6,8
CGAAACGGGAGC_7,5,1,7,8,6,2,6,5,8,8
GACATGAAGGGA_7,3,4,0,8,7,9,6,4,2,7
TGCCCTCCTGAT_7,5,5,3,9,8,2,1,3,9,8
TGCACAGCCAAA_7,4,2,4,5,8,2,1,1,2,5
GTCCGGCATGCT_7,2,6,8,2,3,1,4,7,0,5
GTGCGACGATTT_7,9,3,7,9,6,2,1,8,3,0
CCCGTATACCGC_7,4,7,7,8,0,8,6,9,6,7
TCGTCCGTCTAC_7,8,9,8,4,7,9,3,7,7,6
CACCCGATACGT_7,8,0,5,6,7,1,5,2,0,1
TTAGGGTCAGGC_7,6,5,7,1,9,4,6,3,2,7
CTACGTCGTAAA_7,6,3,7,9,8,5,1,5,6,9
TGCCGAGGATAT_7,2,6,6,5,2,9,0,2,0,4
TCCCTGCTCCTC_7,5,1,2,7,9,7,7,6,0,3
TTAAGAGGCGGT_7,2,7,0,3,1,8,7,0,9,7
AATACTCGCGCT_7,8,6,4,3,1,9,3,4,0,4
ATCCTGTCAGCC_7,5,5,8,0,3,5,5,1,9,7
GCCCGATAAAGT_7,8,0,6,5,2,6,8,4,8,3
CGGAGAGTCGGA_7,1,5,4,4,8,1,7,9,1,3
ACATAGCCTGGC_7,1,0,2,5,0,3,4,0,4,1
TGGATCGTAATG_7,3,8,8,3,5,7,4,6,7,2
AGAGTAGCCCGT_7,5,2,7,1,0,4,2,3,7,0
CGTCCCAAGTGC_7,4,2,7,9,8,6,2,5,2,7
CAGCCTAAGTTT_7,3,8,4,2,4,3,8,2,1,1
GCAATTCGCTTC_7,8,4,3,7,1,5,4,7,5,5
TGCAAGAAACGG_7,4,2,9,8,8,4,7,4,9,0
ATTCGAAGGCAA_7,4,9,8,2,4,9,3,0,3,0
ATTGGACCAGAC_7,6,5,0,1,9,2,7,5,9,0
TGGAAATCACTC_7,1,4,6,0,2,3,0,0,1,2
GTGATCAGTAGC_7,0,5,9,8,8,2,2,9,6,0
ATTAACATTAAG_7,4,5,0,0,8,8,2,9,2,7
CGGGTTATATTT_7,9,4,8,7,5,1,4,3,7,4
CACTCCTGTCCG_7,7,9,8,2,7,1,3,0,7,5
GATTCCCCAGAA_7,5,8,6,6,1,1,9,4,0,3
CGGGGCCACCTC_7,1,6,6,7,7,1,4,8,7,2
ACGACATCGGCT_7,2,8,6,5,9,1,3,6,2,5
ATCCTGTCAGCT_7,5,8,4,0,6,0,9,3,2,7
TCTCGTTATCCC_7,2,0,5,3,5,3,8,3,7,1
CAGCCGACACGG_7,9,2,6,3,0,4,7,3,7,4
CTAGCGAATTCG_7,3,9,8,6,4,1,9,8,1,5
CTAGTTGCTGCG_7,7,6,5,7,6,7,0,6,4,6
CGCATGAAACTT_7,7,8,2,3,3,7,8,8,5,4
TCCTAGCTCAGT_7,5,7,7,9,6,8,1,1,3,0
CCGGCTATTTTT_7,7,0,8,3,9,8,8,6,1,4
CTGATAGGGCAC_7,9,5,9,0,8,6,1,3,6,8
ATACAAGCGTGA_7,7,4,3,3,4,3,8,7,1,8
CTGGTTTGACAC_7,0,2,1,1,1,1,7,5,7,2
TGCAGTGCGCCG_7,4,4,6,0,6,4,1,6,3,6
GATGAATGCGGT_7,7,9,2,2,5,3,3,7,5,5
CGTCACCTTTCG_7,3,9,2,5,7,5,3,4,5,6
CCGTGCTAGTAG_7,6,3,8,6,8,1,2,7,2,3
AGAAGCCCAGGA_7,3,1,8,5,4,7,8,8,1,4
ACCGACCCTGGG_7,7,6,3,2,4,9,3,4,7,3
CAGTGTGCCCTG_7,4,8,2,5,5,1,4,4,7,6
GTAAGATGGATG_7,8,6,8,7,1,1,5,4,8,6
ATGCATGATCGC_7,8,9,2,7,1,0,4,8,0,5
AGTCCCCTGAAT_7,0,1,9,1,8,2,7,5,2,0
CGTCAGAGGTTG_7,6,7,1,0,0,1,2,0,9,7
CGGCCTTGCAAC_7,7,6,8,0,3,3,3,4,1,4
ACTGAGGTATTG_7,9,5,9,7,6,9,5,0,2,2
ACCACCCCCAGC_7,7,0,2,7,3,1,8,8,4,1
TACAATCGGAGC_7,9,6,4,7,5,2,1,5,2,8
CTGGACACGGAA_7,9,8,2,7,2,3,8,7,7,3
GACGATTCACAT_7,8,6,8,4,7,4,7,9,5,4
TTCACTTGTCGT_7,2,0,4,7,7,3,9,8,5,3
CCACACCCTTGG_7,3,8,3,6,4,1,5,3,0,4
GGGATGAGATTA_7,2,9,4,4,1,3,9,8,0,3
GCGGACCCTATA_7,0,4,1,0,0,8,1,5,3,0
AACGGCTGATCA_7,9,4,6,2,7,6,1,8,0,0
CACAAGATATTC_7,2,0,8,7,7,1,8,2,5,1
CGCCGCGAGCAC_7,8,3,3,8,9,9,3,6,4,8
CAAGGGTTGCCG_7,0,9,3,4,4,5,0,0,5,4
CGGATGTGCCAG_7,8,6,2,2,7,1,8,3,2,1
CCCGGACGGCTG_7,9,7,6,3,9,8,0,0,5,4
TGTCAATCGTAG_7,6,5,6,1,8,6,3,7,3,6
AGCCCGCCGCAT_7,3,4,6,2,2,0,0,2,7,3
TGACTTGGTTCA_7,5,7,7,8,9,5,1,7,9,0
CGAAGGGCGATC_7,3,4,8,5,7,7,3,8,0,6
TATCAACTCGCA_7,1,8,3,2,3,8,3,7,7,1
AGATTGTAGGTA_7,0,5,7,1,3,2,1,1,4,8
TCTTCGCATGAC_7,6,5,0,0,8,2,7,3,9,0
GACGCTGCCCGT_7,5,2,9,0,0,4,2,5,6,8
CCGAGCTCCGAT_7,9,7,9,3,0,4,6,5,2,0
ATACTTCGACTC_7,0,7,6,1,0,4,7,5,3,8
ATGGCGCCGCCC_7,4,7,0,1,0,4,6,9,1,7
TATTGTTAGTCT_7,9,7,9,9,6,4,0,9,3,1
TCGCCATCTTCT_7,6,5,9,1,0,9,6,5,9,8
AGACATCAGTGA_7,7,6,6,3,1,1,9,4,1,5
GGAGATGGCGAC_7,2,9,3,6,2,1,8,7,0,4
GCACTGGCGCAG_7,1,0,5,7,2,7,0,2,1,3
CAAGCGGCCGCA_7,9,1,9,1,3,8,6,1,2,9
CGGTATCGTAGT_7,6,5,0,1,0,8,7,9,9,9
CGTGAATTTAAA_7,3,4,3,3,2,3,8,2,5,5
GCTCAATGCTTC_7,3,0,6,5,3,8,5,6,8,4
CCCCCGTGCCTT_7,1,8,4,2,5,6,9,2,7,4
GCATAACTGCAC_7,1,9,8,3,4,7,3,6,4,1
TAGATTATTAGA_7,8,3,6,0,3,3,0,3,7,4
ACTACGTCATGA_7,9,5,9,1,9,6,1,1,3,8
GGACACTAGGCA_7,3,9,2,4,0,1,3,0,1,2
CGGAGAGTCGGC_7,2,4,1,5,0,2,0,8,2,7
TTAATCCTTACA_7,1,3,0,9,1,5,6,6,3,7
AGGCTAATACGC_7,2,8,4,5,2,1,3,7,0,5
GAGGGTCGCGGA_7,1,0,4,5,2,3,8,4,4,3
TTACCGTTTGCG_7,8,9,4,4,7,1,8,8,4,4
CGAGTACCAAAA_7,2,3,6,7,4,3,4,4,7,2
CGCTAGAGGCAT_7,4,6,6,3,6,1,6,0,1,3
GACTTGGACGAG_7,2,9,5,6,4,1,9,8,5,4
GACATTTGCTCG_7,8,6,8,2,4,3,5,4,4,2
ACTCAAAGATCG_7,7,9,3,7,5,9,3,6,5,2
CAAGTGCGCCAG_7,8,0,6,3,3,0,8,8,5,6
ATCCTGTCAGCA_7,3,4,4,0,0,2,6,8,2,7
ATAACATGGGCG_7,4,7,5,0,0,2,2,0,6,8
CGTCTACGATCT_7,6,3,7,9,0,8,2,9,9,0
GAATCGTTTCGG_7,7,8,6,6,7,9,5,4,7,3
ATTTCTAGTATT_7,0,0,5,5,5,8,7,2,3,0
CAACGATATAAT_7,1,0,6,7,6,5,8,0,5,2
CTTAGAGGAAGC_7,5,4,6,2,7,3,6,6,7,2
GGTCCGGACGAT_7,2,0,8,6,7,7,3,6,5,6
TTAAAGTGACTG_7,2,7,0,0,0,6,0,9,9,8
GCGTTTTTGATC_7,4,2,7,8,8,4,2,3,4,8
CGCCGCGAGCAA_7,1,4,0,4,4,5,5,6,5,5
AATCCTCCTGCT_7,8,1,2,7,5,0,8,8,7,5
GTAGTCGTTACT_7,1,8,2,2,4,3,3,1,8,1
TTAGATCGAGGA_7,1,7,8,8,0,2,6,1,8,5
TTAGCGTTGCGA_7,3,8,8,8,6,9,8,7,0,5
TCGCTAGACCCC_7,4,2,7,9,9,6,6,9,6,5
CATATTCGTGTC_7,8,7,8,2,3,3,3,4,1,2
GCGGTCTACTCA_7,7,0,8,6,3,3,4,8,0,5
TATTTGCAAGGC_7,6,7,0,9,8,2,7,5,9,8
TAGACCTTGAGC_7,7,6,4,2,1,6,5,3,1,1
GTCGGAGAATTT_7,7,5,0,0,3,6,2,5,1,1
GAGTAACTAGTA_7,3,3,0,6,9,2,0,0,1,6
ATAATCGATTGA_7,0,4,7,6,6,5,6,2,6,8
TGGCAAGGACAA_7,2,4,2,7,7,1,5,0,0,3
CGCACGACAGGA_7,8,6,3,7,6,9,0,2,5,6
TGCTATGTTCCT_7,7,6,2,5,4,5,9,0,7,5
CCCTACCCGCTG_7,3,2,8,3,9,3,0,4,1,6
GGCGCCCCAACG_7,7,6,5,0,1,1,5,0,8,7
TTACCAAGATCG_7,6,2,9,5,4,1,1,5,1,3
GTTCTTACGCAA_7,1,3,4,2,9,1,4,4,7,2
GCGCCGCGATGT_7,1,1,0,4,6,4,5,3,8,5
CGCATCCCGTCG_7,2,6,3,6,5,0,8,0,7,3
GTAACGTCCGAT_7,4,7,0,0,8,6,2,5,2,7
GATCGAGGCAGG_7,8,3,2,3,7,9,4,7,5,3
CATGATCGATCC_7,3,9,5,8,5,3,9,7,7,1
CGCCCGGCGCGC_7,0,2,0,8,0,8,7,1,6,5
CGCATCCCGTCC_7,2,9,4,5,6,3,3,4,1,6
AGTACCTCTTTG_7,8,3,3,7,9,1,9,2,9,2
TACCCATCATGC_7,0,7,9,0,8,6,7,5,3,7
GTACAGCAGGTT_7,4,5,9,1,8,6,1,9,6,0
CCCACGGGCCTG_7,8,2,9,9,7,5,2,5,2,7
ATGCGGTCCATG_7,4,7,1,1,0,5,6,9,6,9
CGTGTCCTACTA_7,1,9,8,3,1,4,3,8,8,6
CGAAAGTTAATC_7,3,8,3,3,2,1,8,8,9,2
TCCGCACCATCG_7,4,7,9,0,0,6,6,5,6,7
ACGGTGATCGAC_7,2,0,5,4,2,0,5,2,8,6
GTCCCGTTCCTG_7,9,2,9,0,8,2,1,9,2,7
CCTCCAGCGGAG_7,1,1,9,6,2,9,4,6,4,5
TTTTTGCGCCAA_7,4,7,7,0,5,4,4,3,9,8
TCTCTCTGAGGC_7,2,3,8,4,1,1,5,7,7,2
CTCGGCGATGAG_7,4,7,7,0,9,2,7,5,6,7
TTCTTACCGAAC_7,6,2,0,8,8,8,1,5,9,0
AAGCCCAGGTAA_7,6,7,9,8,8,4,7,9,3,0
TCTCCACCCCAA_7,8,9,8,7,7,1,3,0,4,4
GTTGCTTTTCCG_7,3,8,4,7,1,7,9,2,5,2
GTACCCAGGCGT_7,2,5,0,1,7,7,8,3,3,0
CGCGCGTCCACC_7,6,5,7,8,0,4,2,9,6,7
CCGGGGCCTAAG_7,6,1,5,3,7,8,5,8,9,1
TTCGCATCCGTT_7,1,4,6,5,4,3,4,4,4,5
ATTGACAATCAG_7,3,4,2,4,4,1,6,8,1,3
TTGACGCACATA_7,3,8,3,2,4,7,0,4,7,5
ATTCCGCTCTGC_7,3,9,2,2,3,0,3,6,4,1
CGCCGCGAGCAT_7,8,9,2,7,7,8,6,8,2,1
GACCCGACGTAC_7,8,6,8,4,3,1,8,0,4,6
CCTCATGCGATT_7,8,7,7,9,8,8,1,9,9,7
ATTTAGTCTCCA_7,5,5,0,1,8,6,1,9,6,9
TCGGTGACGTAG_7,1,6,5,3,3,7,3,6,2,3
TCCTTTGCACGC_7,6,7,0,9,3,8,1,1,8,9
CCACCACATTGC_7,7,8,4,7,5,7,7,4,9,0
AAGTACGTAGAA_7,0,6,2,0,5,1,1,6,2,9
CCATGTCGTTGG_7,0,2,9,1,0,6,6,5,2,0
AGTGAATAGCAG_7,0,5,9,3,5,5,1,6,2,8
CAGAGAAGCCAT_7,7,3,6,3,4,0,9,4,5,1
CACCCGATCCCA_7,0,5,9,9,0,6,1,1,9,8
AGACCGTACCCT_7,3,2,2,2,1,9,0,4,1,5
ATTACGTCTCAT_7,8,0,3,6,6,3,3,7,7,2
GTAGACAAGATG_7,2,6,6,0,7,9,4,5,4,1
CCTTTACCTGGT_7,6,5,7,8,5,2,3,2,0,7
ACAACCGCTGTA_7,7,1,8,7,3,0,3,2,7,5
CGGAGAGTCGGT_7,8,0,5,7,7,5,3,6,2,9
CATCTCTCTATT_7,8,5,5,7,9,8,5,0,8,7
ATCCTTTTCGTC_7,4,7,9,1,6,2,1,3,3,8
ATCGTTTGAGGC_7,4,6,5,4,5,1,8,7,0,5
GTTGTAGGTATC_7,1,9,4,3,4,3,0,8,7,3
CACTTGCTGAGG_7,4,2,9,1,0,6,6,5,2,0
CTACCGCTTTAC_7,5,2,7,9,0,2,1,9,6,7
CAACACGTAATC_7,8,0,6,6,0,5,9,6,7,3
CGCCCGTGCCTA_7,6,2,1,9,6,4,7,9,9,9
CCCGGACGGCTC_7,4,5,7,0,4,9,0,5,0,9
GGATATCCACCT_7,9,3,7,1,6,2,1,1,2,8
CGGAGGTCGAGA_7,0,1,5,0,4,5,3,7,5,6
ACCAAACCTCAA_7,9,5,1,9,8,4,6,3,9,9
TAGAAGCGAAGT_7,5,3,6,7,5,2,2,1,0,5
TCAAGAAAATCC_7,5,2,1,8,0,8,6,9,2,8
GCCAAGAGATAG_7,8,9,7,1,5,0,6,1,8,4
CCCCTCTGGAAT_7,5,1,0,7,7,5,6,7,9,5
CGCCCGGATCTA_7,3,1,2,2,2,1,0,4,7,6
CTTCTCAATCTT_7,8,8,5,3,1,0,4,3,2,3
CGCACGACAGGC_7,3,0,8,0,8,0,9,7,1,3
CTACTACGTTCT_7,5,5,0,8,0,4,5,5,9,9
ATACGCACGGAC_7,7,0,1,5,7,0,4,0,4,3
GTACAACCCTAA_7,5,7,1,0,6,6,6,9,5,6
GAGCTCAATCCT_7,3,8,2,5,2,7,0,0,4,0
CCGCGCGGACGC_7,4,0,1,8,2,4,6,9,0,9
GTTGATTTGCAG_7,6,7,7,7,6,6,6,9,7,0
CGCGCAGGATTA_7,2,4,5,5,2,3,3,8,5,1
TGACTATTCGCG_7,8,6,8,4,9,4,4,4,7,5
ATGGATACGCCG_7,3,9,2,4,6,1,9,4,5,4
TTGGTGTCTTAG_7,4,5,7,0,8,8,6,5,6,8
TGTTTTAGGATT_7,8,6,3,7,1,7,3,6,1,1
CCCATAACTCTT_7,0,5,7,9,0,2,6,5,6,0
GCAGCGTTCAGA_7,1,2,5,4,0,7,3,8,4,6
AGACGTGGTCTC_7,4,1,0,8,3,8,0,1,9,7
TCCCATTGGATA_7,7,8,2,6,1,7,0,0,7,5
ACGATACCTTGC_7,3,9,4,7,7,3,9,0,1,1
GATAACCCAAAT_7,3,0,5,5,5,1,3,1,0,2
CTGCGCGCACGC_7,2,9,5,6,7,7,9,6,8,3
AACGACCAGATA_7,0,5,6,9,0,1,2,0,3,0
CTCCTTAGTGGT_7,1,2,0,5,9,4,3,3,2,5
CGCCTCATAGCT_7,1,4,5,7,4,7,9,4,5,2
CAGAGCCCCGGT_7,0,5,0,8,9,6,6,1,6,7
CACAGAGCGGCA_7,0,7,0,1,8,2,1,9,6,7
ACTCCGCTACCC_7,7,3,4,4,2,3,0,3,0,2
AGCTAAATGGCA_7,7,3,8,2,2,0,4,6,4,2
GTCACCTACCAG_7,2,2,1,9,8,2,2,5,9,9
TAGATGAATACA_7,5,0,9,2,0,5,6,2,3,0
CACAAGGGTCGT_7,4,2,1,6,8,4,7,5,1,9
CGCATCCCGTCT_7,8,3,4,7,5,1,0,0,5,4
CCTAACCGAAGT_7,4,2,7,1,8,6,6,3,3,7
TCTCCGCACCTG_7,3,9,5,5,1,2,9,4,4,4
ATTTAATAGCGG_7,9,3,3,5,8,9,6,0,4,7
CTTCGACCAGGA_7,3,8,6,5,7,5,0,0,1,5
GTTAAACGCCCT_7,7,4,8,4,4,0,5,3,0,2
CAGAGCTTTTGC_7,6,2,9,8,6,2,2,7,1,9
TTAAGAGTCTAT_7,7,0,4,5,4,3,9,0,1,1
AGCAGTGCCAGG_7,0,2,6,1,0,4,6,1,2,9
GTCCGCGAGTCG_7,3,1,4,5,9,0,9,6,7,6
TCCCCGATCGAC_7,6,4,9,9,4,2,6,6,3,9
CTTCAAGCTATT_7,5,5,1,1,9,6,7,5,9,8
AGCGCGAGCAAT_7,0,2,0,8,3,6,6,9,6,8
GCCAGGTCAAGT_7,1,8,4,4,2,3,5,2,0,6
TTCGTATATTGA_7,2,0,3,7,2,3,9,4,7,2
AACCATTGTATT_7,0,5,0,9,9,5,1,9,4,9
CCCCAGAACCGC_7,2,8,4,5,5,7,9,8,7,3
GAGCTCAATCCC_7,6,9,3,5,2,7,3,6,2,6
AGAAGCTTATGC_7,0,3,9,9,8,6,6,9,6,7
TGGAGCAGTTAC_7,6,2,1,0,3,4,7,9,6,0
CGGGTCGCGGTC_7,6,1,4,8,3,9,8,1,3,5
AACCATTCTTTC_7,7,9,2,7,2,7,8,8,7,5
GATGCTCATTCC_7,3,4,4,6,4,3,9,8,1,4
TGACCAAAGGTC_7,1,0,8,2,4,3,8,4,0,5
TGGCATACAGTC_7,9,2,0,8,0,6,5,1,2,7
TTATTCGCGATG_7,1,0,6,5,4,0,5,6,4,2
GCTCACGGAGGG_7,0,3,9,9,2,6,6,5,6,7
CCGGCGCCGTTT_7,7,0,4,3,1,0,3,8,0,3
GCCGGTCCGAGG_7,7,4,5,3,5,1,8,7,5,6
CGCATCCCGTCA_7,3,1,8,2,4,7,0,0,5,3
CCTGCATTTCCG_7,1,9,5,5,5,0,8,6,4,5
AAATACATCGTC_7,5,5,9,2,6,6,1,3,4,6
CCGCAGGCGGAT_7,1,4,1,4,5,7,3,6,7,3
CAGGATGGAAGT_7,4,4,3,2,1,3,0,3,5,4
GTTGAGGCCGAG_7,9,2,0,4,3,6,2,1,4,9
TTAACACCCCTG_7,1,0,8,7,6,3,3,8,7,2
ATCACCAGCCTG_7,5,5,9,1,0,6,1,5,8,8
AGAGTCTACCGG_7,8,9,2,5,7,9,4,3,1,1
GACAGTAAACCC_7,6,3,1,0,3,2,6,9,6,9
GCGCGTGAAACT_7,7,4,4,5,1,7,4,8,7,6
AGAGCAATCCGC_7,4,8,5,2,9,9,3,7,0,4
GACGCCTCCCTA_7,9,8,6,2,1,0,3,8,1,2
TCTTTGCTACTA_7,6,5,9,1,6,6,2,9,6,9
CGGGGATTGCCG_7,7,1,5,6,0,6,5,7,8,6
CCGTATAAGCCC_7,4,3,7,0,9,8,6,1,2,9
CCCGGACGGCTT_7,8,9,7,7,9,1,7,1,7,9
GGCGTAGTACCT_7,1,2,0,8,9,4,6,4,2,0
CCCGGTAGTAGA_7,0,0,5,8,7,7,3,7,8,6
AGCCCCAGGCTA_7,2,0,0,5,9,0,7,4,5,2
ACAGGAAATCCG_7,9,1,8,5,2,3,0,8,4,2
GCTCCTTCGTAG_7,6,9,5,4,6,6,6,3,2,8
AGTCGCGCTCGC_7,7,0,5,6,2,0,3,6,4,4
GAGCTCAATCCG_7,4,7,2,8,6,9,0,0,0,1
ACTAAGGCGAAC_7,6,5,7,1,9,2,1,1,6,0
ATTCCTGCCCTG_7,4,0,3,3,7,4,6,1,1,6
AGTCTCCCACAG_7,8,3,8,7,5,7,5,2,8,5
ACCCATTTCATG_7,9,0,4,2,1,3,4,0,0,6
CACCCTGCGGCT_7,5,3,5,5,6,6,7,9,5,2
TATGCATGCAGG_7,3,6,2,3,7,1,3,7,7,3
GACGAGCGGCAC_7,2,7,0,2,0,9,6,0,4,5
GGTGCCGTAAAC_7,4,0,5,3,9,7,9,4,5,2
GAGTCGCGATGT_7,3,6,4,4,4,7,4,4,0,3
GAGGCGGGATGG_7,6,6,0,1,0,5,6,9,9,7
AGCTAGCGGAGG_7,0,5,1,1,3,5,1,5,6,7
GGTAGCCGTAGA_7,4,3,9,0,9,6,6,9,2,7
CGACTTGTCTGT_7,8,8,5,7,9,7,0,6,7,8
TCTCTGTCTCCT_7,9,5,7,8,0,5,6,3,3,0
GGCAGACCGAAG_7,8,8,2,4,4,0,3,6,2,2
ATCCCGATGCGC_7,0,3,1,1,0,5,1,5,2,7
ATCGGCCTGTCT_7,3,9,8,4,5,9,0,4,8,6
CCTACATAAGGA_7,2,8,4,2,2,7,0,7,7,6
GTTACGCTTCTA_7,5,2,1,9,3,8,1,6,6,9
CGCCAATGATAT_7,8,7,6,5,3,1,3,7,2,6
AATTTTCGACGA_7,8,9,3,3,7,1,4,7,5,2
TCCGAGCGCTAG_7,2,4,2,4,7,7,4,4,4,2
CCCGGGCGAGGA_7,0,5,1,8,8,8,1,1,6,7
CATGGCATCGCC_7,2,0,4,4,3,9,3,2,1,6
ACCACGGGCTCC_7,4,2,0,9,9,6,2,5,2,0
GATCAAAATAAT_7,2,8,3,2,6,3,5,0,0,3
GGGAGGACTGTG_7,5,9,4,4,2,5,2,8,8,1
CGCTGACGAAAA_7,7,1,3,5,1,8,0,4,5,2
GCGCGTGAAACG_7,1,4,3,0,3,0,3,8,7,6
TAGGATGAACGA_7,6,5,7,9,9,2,6,1,6,8
CCTCACCCGTTG_7,2,1,4,6,0,1,3,4,8,3
TTTCCATACATG_7,9,2,7,0,9,2,6,1,6,9
TTTAACGCATAA_7,1,0,4,4,2,1,3,8,4,2
GACATCCTCCCT_7,8,6,3,2,3,3,3,8,1,4
TCCCCTACTTAG_7,8,4,6,4,3,0,8,4,8,6
CTCCGATCTGGG_7,3,0,6,2,3,0,4,0,4,4
GACGTCTGACGG_7,3,4,3,5,2,0,9,2,5,3
TGGGCCTATTAG_7,0,7,9,1,3,2,2,5,6,8
CAAAAAACACTT_7,0,3,7,1,8,2,2,5,6,8
GCTCACTGGCGC_7,8,1,3,8,9,9,5,4,7,3
GTGCTTCGACCT_7,7,0,4,5,5,9,5,2,0,6
ACCGGTCTGGAA_7,3,9,4,5,1,9,3,7,0,3
CCCGGACGGCTA_7,8,5,4,2,6,2,5,5,3,8
CGCGTAGATGCG_7,3,8,4,5,3,5,4,4,1,2
ATCCAGGCGCTG_7,7,1,3,5,3,1,9,8,8,3
CTCACTCGTCCT_7,6,5,0,5,6,2,6,7,8,5
GCCCGGAGCACG_7,7,0,5,6,7,3,0,2,8,6
AGTCTTTCACTA_7,8,9,3,4,6,7,9,8,0,3
CACATAATCCGG_7,4,5,0,0,9,4,4,5,3,8
GGTAAGGGCCGC_7,1,4,4,7,9,5,7,2,7,4
ACCCAAGTCGCG_7,8,3,1,0,1,1,1,7,8,9
ACTCACAGCGTG_7,7,0,5,8,7,2,4,8,2,9
GTAATAACAGTC_7,9,5,7,1,3,2,2,5,6,8
CATCTTCATTAC_7,9,3,0,9,6,6,2,5,6,8
CCGTAACGCTTC_7,0,5,7,8,3,5,7,1,8,0
CCGTAACGCTTG_7,6,5,9,0,0,4,6,1,8,0
ATAACCGATGAT_7,6,2,7,0,8,1,1,1,8,8
TAGCGCAGAAGC_7,3,8,5,4,3,1,3,4,0,6
GTTAGGACGAAG_7,6,3,1,5,6,9,2,8,8,6
CGAAAGGTCGTA_7,7,0,2,5,5,3,0,6,4,6
CGAGCGTTCCCC_7,3,0,2,3,7,9,3,2,2,6
AACCGAGCATGT_7,6,7,1,1,9,6,2,3,3,7
GACCATTAAGCA_7,4,2,9,8,3,6,7,9,9,7
TTCTGTCTTAGG_7,5,8,8,4,7,9,9,3,7,2
TTATATTTGCCC_7,2,6,3,2,2,1,8,2,9,1
GCTAAGCAGCAA_7,3,8,2,3,7,0,8,2,5,3
TCCCCTTGCCGT_7,3,8,2,3,3,1,3,2,1,6
CGGCTACTTTGT_7,5,2,7,1,0,4,1,9,2,0
TCAGCGACAGTA_7,8,9,4,2,5,5,3,2,5,3
TACGACGTGTTA_7,8,0,0,8,8,4,6,0,9,7
TACCTTGTGGCA_7,6,7,7,0,6,4,1,9,3,9
AAATTTGCAACG_7,9,6,2,5,6,2,2,4,6,9
CCAGCCAGGACG_7,2,0,8,4,3,9,5,1,8,1
CTAGATTACTGC_7,4,4,5,4,7,9,3,7,7,4
CTCACTCGTCCG_7,3,3,8,0,5,8,6,5,4,0
AATCTTCGAAAT_7,0,7,0,1,6,6,6,9,3,0
CTGACCGTCGGA_7,1,0,5,6,7,7,3,4,8,5
TCGCGCGGCCTG_7,6,5,9,1,0,4,7,1,6,9
ATGTCGTCTGCA_7,4,9,2,5,7,0,0,6,5,3
GCGCGTGAAACC_7,3,0,3,6,5,7,8,0,4,6
TGCCTGTTTAGG_7,8,8,8,3,4,9,0,7,7,2
ACCATACTACAA_7,8,4,1,7,9,5,3,2,8,3
CATCAGAATCGA_7,0,2,7,1,9,2,2,9,3,8
TTGGACAGCAAT_7,7,1,5,2,2,3,5,6,5,2
CCGCGCGGACGA_7,6,6,1,6,1,5,3,5,8,3
TTCGAGCACACA_7,2,4,2,5,3,9,9,6,8,8
TGCTCTGATACT_7,3,6,6,5,4,0,8,4,2,3
GAGCGGACGATG_7,8,6,3,6,0,9,5,6,1,3
ACCACAGGATGC_7,5,4,4,7,0,7,0,1,5,1
GCTGACAGTGAT_7,8,6,2,6,7,0,9,7,1,5
CGTGAAACACGG_7,6,7,1,9,6,6,6,1,8,9
GGATGGGTATCA_7,7,0,5,2,6,0,3,6,4,6
GGCAATAGCCCA_7,2,6,7,1,1,8,1,8,4,1
GGCAAGGATTTG_7,5,7,0,9,8,4,7,5,6,0
CTCACTCGTCCC_7,4,4,3,5,9,2,6,7,6,0
GAGGGGAGTGGT_7,5,6,1,9,0,2,5,5,3,8
GAGCTCAATCCA_7,2,9,5,4,3,1,8,6,4,8
GACTTGCATCCG_7,0,5,3,3,0,6,1,6,8,7
TCTCTGTCTCCC_7,0,5,7,8,6,1,2,5,9,8
CGCTTGCCAACA_7,8,1,2,4,1,5,3,0,0,4
CACTCAATCAGT_7,5,2,0,0,8,5,7,1,4,8
ATCAGTTAGTTC_7,5,6,2,4,7,7,3,4,7,3
GACAGAGGCAAA_7,3,4,8,4,4,9,8,7,8,3
TAAATCCGATTC_7,2,8,3,5,3,0,5,4,0,2
TCGCATTCGGGA_7,7,8,8,6,1,7,0,2,4,2
AGGCACCGACCT_7,7,7,1,0,4,8,7,9,9,8
GACTTGCATCCT_7,3,6,1,1,2,4,1,9,1,9
ATGGATTGCCAA_7,3,0,0,1,2,8,6,9,7,1
TCTCAATTGCGC_7,7,8,2,6,2,3,8,0,7,2
TCTATGGCTTCC_7,1,9,8,5,3,7,4,8,4,4
ACTAGGGCGAAC_7,4,5,7,3,0,4,2,9,6,0
CACCCGGAGCAG_7,7,3,6,2,6,8,4,4,1,4
ACGCAAACGTCG_7,7,8,8,5,4,0,0,8,0,2
CCGTAACGCTTT_7,0,5,0,8,8,4,7,1,8,7
CGTGCCGGTGCG_7,3,0,5,2,3,5,0,7,0,3
TAGGACCGGCCC_7,7,1,1,3,6,3,9,0,0,5
GGGAATAAATAT_7,1,1,5,3,5,3,0,8,8,3
CTATCCTCACTA_7,7,9,8,2,2,7,3,6,4,6
GCCTCAATCCAT_7,8,8,3,4,2,9,3,6,4,3
CGCACACTAGCA_7,6,5,7,9,8,6,1,1,6,8
TACTGCCGCGCT_7,2,2,2,0,0,5,8,1,0,5
AGACCTATCCCC_7,3,3,8,6,4,7,5,4,9,3
AGCCATTAAAGG_7,3,6,0,1,2,4,0,9,7,7
ATGAGAGTGCCG_7,5,7,6,5,0,6,2,1,6,9
AGGTGCACGGTG_7,0,5,7,9,3,8,6,5,2,7
CCTGAACTAATG_7,3,0,6,5,1,7,9,1,0,6
AAATTTGCAACT_7,7,7,1,9,2,8,2,1,4,5
CATAAAGATCCT_7,4,0,0,4,5,9,8,1,4,3
ATGGCATAGCGC_7,1,8,4,4,3,0,4,2,0,5
GGTGCCCGTGTA_7,8,3,5,3,4,9,5,2,7,1
TGATGTGTCTAT_7,7,8,2,2,9,3,3,4,0,2
GATGGGTACATC_7,8,3,9,3,0,6,6,5,3,9
GCGCGTGAAACA_7,3,4,6,3,1,5,0,8,1,5
CCACGACCAATG_7,3,3,5,4,2,0,5,7,0,1
TCGTTACCCCGG_7,8,8,2,2,4,9,4,0,1,4
GTACCGCACAGA_7,3,1,5,6,2,9,3,7,8,1
TCTCTGTCTCCG_7,7,1,0,1,8,2,7,5,3,0
GATCGCCTATGG_7,7,8,6,5,9,1,0,4,5,4
AATCTGGCGTAT_7,6,5,6,1,8,6,7,5,3,7
AGCCGTGGAACA_7,2,4,2,5,7,0,0,7,1,1
CGTGCCCGCCAA_7,1,4,3,4,7,0,0,8,2,4
ACCTCTGGAATA_7,4,0,6,2,3,7,0,6,7,1
ATAATGTTCTAT_7,2,4,2,2,1,1,9,8,7,5
TTACCGGCTCAC_7,8,8,6,3,3,7,0,7,4,6
ATGACTACGTAG_7,2,8,6,3,5,1,5,2,4,2
TGTTTAATTGGC_7,2,0,3,2,5,5,8,8,1,2
GGGCCTCCTGCG_7,8,7,0,1,9,4,6,1,6,8
GTGGAGTGAAGT_7,3,9,3,6,2,3,9,8,7,6
AGTAATCTGGCT_7,8,0,6,0,6,0,3,0,4,1
GCCGAATCGGAC_7,6,2,0,9,6,6,1,5,6,0
CGCACGACAGGT_7,8,8,0,1,2,0,0,4,9,6
GGAGCCCAGACA_7,5,2,1,8,2,8,6,9,6,9
AATAATAGGACG_7,9,8,5,4,0,4,5,0,4,7
ATCGGCATATTC_7,0,3,1,1,6,4,2,5,6,9
GACGCTGATCTG_7,6,7,8,5,6,7,1,2,7,8
CGTAAACACGTT_7,8,0,3,2,4,1,9,8,8,2
CCAATTCCCAGG_7,5,6,6,1,9,5,7,0,3,0
CTTCATGTTGAC_7,2,1,2,6,7,7,4,2,0,1
TGTAGGTAGCTC_7,3,9,8,4,9,0,0,6,4,3
GTGGTTTCGGAG_7,3,6,8,2,1,0,4,2,4,6
TTTGCAAATAGC_7,3,4,4,2,4,7,5,2,8,2
AAATTTGCAACC_7,0,2,8,1,3,4,1,1,5,3
CAGAACGTGTAA_7,6,5,0,1,6,4,6,1,8,1
GACTTGCATCCC_7,5,4,7,3,8,4,5,5,2,1
TGTCGGAATTGC_7,4,7,5,6,2,1,0,1,8,7
CGCGTAATACAG_7,6,2,9,0,6,6,6,1,5,9
GGTACTTCAGGT_7,1,6,4,5,5,7,4,4,7,3
GCGAAGGCGCAA_7,8,6,2,3,6,0,3,4,4,8
CATCCGGTGCTT_7,2,4,8,7,4,1,8,7,5,6
TCTGTCGTTCAG_7,2,8,5,5,3,5,0,6,8,4
CCAGGGCGCCAT_7,0,2,4,9,0,2,5,2,5,7
CCGTTGGGAATC_7,4,5,7,4,8,8,4,3,2,4
CCGGTTCGGTTG_7,3,3,9,1,3,6,2,9,8,0
CACTCCCCACCG_7,3,8,8,3,5,0,9,7,1,1
ACGAACTCCTTT_7,8,6,8,4,6,9,3,3,1,2
CCCGAACCTTGA_7,3,8,4,2,5,3,0,7,4,3
GCTCACTGGCGG_7,3,0,3,4,5,0,9,4,7,1
GGTCCGTTGGTT_7,3,8,6,4,3,7,8,0,8,3
CTAGACCAGTGC_7,7,0,8,4,1,4,3,2,4,3
TCGTGTTGCTAG_7,1,7,4,4,9,0,9,8,8,2
ACTGCATCCACT_7,4,7,7,1,3,6,2,5,6,0
ATGGACTTTCAG_7,3,0,3,2,4,1,0,8,1,4
CGGCGCGTCGGT_7,6,0,5,6,7,5,9,7,7,4
TGGGCTCGCTCG_7,1,8,8,3,4,7,9,6,4,5
CTATTCAGACAC_7,5,4,1,1,0,8,7,1,2,0
CCACGACCAATT_7,9,1,2,2,8,5,0,7,0,2
TCTCCCATTTCA_7,3,9,5,4,5,0,5,4,4,2
TCGCGCCAAAGT_7,0,2,7,1,0,6,6,1,8,9
TGGGTGCACTTC_7,5,7,0,1,0,4,7,1,4,7
CACGTTACTAGA_7,1,0,8,4,5,1,4,0,4,3
TTGGACTCGATT_7,5,5,0,4,0,4,7,5,2,8
CCCTAACCCTGG_7,7,3,5,5,4,3,8,3,5,1
ATGTCCTCCGAG_7,4,9,2,3,9,7,3,5,4,5
GCGCCGGGAGAG_7,9,5,9,1,8,6,2,1,9,0
GGTGCCTGCCAA_7,4,0,0,9,3,8,5,0,8,4
GTATGAAAGCTT_7,2,7,7,2,7,1,9,4,4,2
CCAATCCTGGAT_7,8,9,5,5,5,3,9,6,4,3
TTTAGTTGGGAC_7,7,6,5,4,9,0,9,2,4,2
AATGCCAGCAGG_7,7,1,5,2,1,7,9,7,5,2
ATTTCTCCCTTA_7,7,8,3,6,2,7,5,8,4,3
TCAGAAGTCCTA_7,1,9,3,6,1,3,8,8,7,6
CTGTCCCCACTT_7,8,0,8,7,6,9,0,1,0,2
GAGGCACGCAGG_7,7,6,5,3,5,0,5,0,4,4
TGCCGAATAGAT_7,2,4,4,3,5,7,8,8,8,2
AGCTACCTAGAT_7,3,4,8,3,5,3,4,0,1,1
CCAGTCTTAGCC_7,2,8,2,7,1,1,0,0,4,3
CCAACGTTAGTG_7,4,0,5,6,7,0,1,5,9,9
AAATTTGCAACA_7,6,1,1,4,2,0,7,2,8,0
TAACTAATTAAC_7,7,3,4,8,9,1,5,4,0,8
CCACGACCAATC_7,7,9,4,5,7,0,4,6,1,3
AACCCACTCTGG_7,1,8,5,4,4,9,0,7,8,4
GGACATCGCTGC_7,1,1,5,6,5,9,3,2,0,6
ACACCTAGAGTA_7,5,7,7,9,9,2,2,1,6,0
CCATTTGGTAGC_7,3,8,3,6,9,3,9,8,4,6
TAGCCTCATCAT_7,9,3,1,9,1,8,6,5,9,7
GTAATCTGTGAT_7,7,6,6,6,7,3,8,7,0,2
CACGATACGAAT_7,8,3,2,7,7,8,3,2,4,4
CTACCTCCAAGA_7,7,7,6,4,4,0,3,7,5,2
GTAAGCGGGGTC_7,5,3,0,1,0,4,7,9,6,8
AGTTACAGCTCA_7,0,5,0,6,0,4,7,9,9,8
GCCATTTCATAA_7,3,8,5,4,5,9,8,7,0,1
TCGGTGTGTGAA_7,3,8,3,7,4,5,7,1,1,2
CGAACCCTATCT_7,4,5,0,9,8,6,6,1,9,9
AGACACCACTAC_7,1,8,6,2,5,0,8,2,8,4
AGTAATCTGGCC_7,1,3,6,7,7,3,8,2,8,6
ACCAGCTGACCT_7,3,9,2,4,9,9,4,8,1,4
AACTCCTGAGCC_7,3,9,3,7,1,9,5,3,4,3
ATAGTATCCAAC_7,2,8,5,4,9,3,0,7,1,4
CATCACGCCAGT_7,4,2,6,2,9,6,1,9,9,8
TCTACTTTCCTC_7,7,8,6,4,2,1,4,8,4,0
CCCCATTAAGCT_7,3,8,5,7,3,7,8,8,0,2
GTCCCTAGGTGA_7,7,8,4,4,4,7,9,8,1,3
AATTGAATTTAT_7,7,4,4,3,5,7,0,4,1,6
TAAACTGGCATC_7,1,1,4,5,2,5,9,7,8,2
TAATTCTTTGAC_7,2,9,8,5,5,3,5,4,0,6
TCCTGTCTGACG_7,6,5,0,9,9,2,2,1,6,8
CGTAGGTCTTGC_7,4,3,1,8,9,6,7,5,8,9
GGCTGTCGTGTC_7,3,9,3,2,5,9,0,8,8,2
GGTGCAGCAAGC_7,9,2,9,3,3,4,7,9,6,8
ATTTATTAGCTG_7,0,7,0,1,8,4,6,1,9,9
TCTCACTTGTTC_7,1,8,8,6,5,0,8,6,0,1
GGCGATCGTGGA_7,8,4,8,2,5,1,3,7,0,5
TTTCTGACTGGA_7,8,3,4,5,2,3,3,0,8,1
AGTAATCTGGCG_7,6,9,2,6,3,0,7,1,1,2
TTAGACTATAAA_7,2,8,4,2,7,9,4,4,4,5
TGTGTCTGGTCA_7,9,9,1,8,2,7,6,6,2,2
ACCTGCCCGAAG_7,3,4,3,5,5,0,3,8,1,6
TCCACTTTCTCC_7,1,2,2,6,5,0,0,4,0,4
TTTAAACCCAAC_7,2,8,8,3,9,0,9,0,1,7
CGGGAACAGACT_7,7,6,6,5,5,1,9,4,8,6
TTGCCGAGCTTG_7,3,4,6,4,1,7,4,0,5,2
CTATTTCGTTTC_7,1,8,6,4,9,5,8,0,1,6
GGCGCCGCGTCA_7,7,0,3,4,4,0,3,3,8,4
CATATTGTTTTG_7,3,7,6,3,1,0,8,2,0,4
TGAGATATCATT_7,4,6,7,6,9,9,4,1,2,9
