,0,1,2,3,4,5,6,7,8,9
ATGCACCGCTTA_4,4,1,6,7,4,8,7,1,5,4
ATACCTACAAAC_4,3,0,6,7,6,7,7,1,5,9
ACCCAGCTACAG_4,0,0,9,4,5,4,4,9,6,4
AAAAATCTCTCG_4,3,2,9,7,5,7,2,3,7,4
GTGCAATTAAAT_4,9,3,5,1,0,2,5,9,8,9
TAGACGCGCATA_4,7,9,3,9,3,7,3,7,7,0
CAGTGGTTAGCG_4,9,1,4,8,0,6,8,3,5,9
TAAAATGCCCAC_4,0,2,6,0,0,2,7,1,0,3
TGGAGGCTCTCT_4,7,5,6,7,6,9,3,7,5,3
ATAGCGCACTTT_4,2,1,9,7,4,4,4,1,5,9
CCCTCTACCGGC_4,2,1,3,1,4,8,6,4,0,4
ATATATTTCCTA_4,4,2,9,1,5,9,0,2,1,9
AGTACCTGAAGC_4,7,9,0,0,6,1,7,1,6,4
TTCGCCAACCGT_4,2,1,6,0,3,8,5,1,3,8
TTATGGTCACAT_4,7,0,6,6,5,2,5,5,7,4
CCCAATTAGACG_4,4,7,1,5,5,5,3,2,0,0
CAGTCAAGACTA_4,4,0,6,6,6,4,3,7,4,2
ACCCAGCTACAT_4,1,2,9,5,6,5,5,5,2,7
CAGCCTCTTAAG_4,9,8,5,2,0,7,8,3,8,1
CTCTGCCGTTAG_4,8,7,9,3,5,5,4,7,1,9
CCTCCGCCGACC_4,4,9,4,9,5,2,4,9,9,9
TGCCCCGTAGGT_4,7,9,1,9,5,8,3,2,7,9
AGTGCGGCCTGA_4,4,0,1,4,5,5,0,2,7,4
TCTAGCAACGAC_4,8,1,9,0,6,6,5,1,8,2
TAGAAAGACGGC_4,4,8,1,1,8,4,0,2,7,4
ATAATTAGACAC_4,5,3,7,8,2,0,8,6,2,1
AGGATTTTGGCA_4,0,2,0,4,8,9,6,7,0,2
ACCCGTTTGCCA_4,7,4,4,8,2,8,9,6,8,9
CACACCAAGTTA_4,8,8,0,2,7,4,4,3,8,3
CCGACATGCAGA_4,6,6,0,6,4,1,1,4,3,8
GCGCCCAGTCAC_4,7,4,0,7,7,8,2,4,0,0
ACTCACTGGTCT_4,2,7,9,7,0,4,4,7,0,4
ACACAGCGATCT_4,5,8,4,2,2,4,8,3,4,6
GGCAATCTATCA_4,2,2,0,7,5,1,6,5,5,2
ACCCAGCTACAC_4,1,1,2,5,6,9,2,7,5,4
TACTAGTTCTCG_4,0,1,6,6,0,8,2,5,5,2
CCGGGACCACGT_4,3,1,7,0,6,7,2,4,3,4
AATTGATCCTGT_4,0,2,4,7,5,9,9,7,6,2
TAGCGAATAGGC_4,8,9,6,7,0,4,4,7,4,4
GCACAACATATT_4,4,2,6,4,8,7,7,7,5,0
TACCGCAATCTC_4,3,1,3,6,6,4,4,5,1,4
TTGACCCGCACT_4,1,9,1,4,5,9,3,7,5,2
CAGTGAGCTCGT_4,7,5,1,9,5,2,3,7,0,4
TGCACGAGGTAT_4,8,8,4,2,2,6,8,3,4,1
GCATGGCTTCTT_4,5,4,4,8,1,8,9,8,8,9
GTACATAGTGAA_4,8,8,5,2,7,7,2,6,2,1
TTACCATTTCTG_4,3,0,9,1,6,1,4,6,1,3
AACAGTTCCTGG_4,0,9,3,1,3,2,5,5,5,2
ATCATTTGAACA_4,7,1,6,6,0,7,5,4,3,0
GCGGGAGCATGC_4,2,9,0,3,7,4,5,3,2,9
GTATAAGCGACC_4,4,4,0,1,5,0,2,3,1,9
GTTTACAGAGAT_4,4,0,2,4,9,7,0,2,7,3
GGCAACGGAGAC_4,7,0,3,0,3,3,7,4,2,8
AGGCCCCTGCTG_4,6,6,0,0,3,1,1,4,3,4
AGCAGAGTCCAA_4,6,0,3,6,1,3,9,6,6,9
GCGTTAAGCTGG_4,7,1,3,9,6,2,6,5,6,4
AATATTCATCTG_4,9,8,5,7,7,4,4,3,4,5
TATCTGCACACG_4,3,5,1,1,6,9,7,0,7,3
TATCCACCCCAA_4,1,9,2,5,9,5,6,7,1,4
TACCGCAATCTT_4,9,9,2,7,3,7,2,1,5,4
TACCTTGGGTAA_4,7,0,6,7,6,9,2,1,6,7
TAACGCAGCCCT_4,4,7,2,5,5,5,2,2,7,0
TCGCCTAGAGGA_4,7,4,0,3,1,4,5,7,8,7
TCGTAACCTACC_4,1,7,2,4,5,7,0,2,7,6
TCACGCGAAATT_4,9,9,6,7,4,2,6,9,2,9
ATAATACGGGGC_4,0,7,2,4,8,4,0,2,1,0
TCAGACCATACT_4,8,4,7,1,7,2,8,8,2,9
ACCCAGCTACAA_4,0,9,9,5,8,7,0,1,5,9
AACTGCTAAGAT_4,8,0,4,2,0,4,4,3,5,2
CCGCTTGGAGGA_4,9,3,5,2,7,0,8,8,8,9
CGCCCCGACGGA_4,5,4,4,8,2,6,8,6,4,8
GCGATATTCATT_4,5,4,4,8,7,9,3,3,4,9
ACAGGTCCCCTG_4,0,8,9,9,6,9,2,6,6,3
ATGGCTGAAGTT_4,4,2,0,4,5,2,5,2,2,0
TGAGTTGTACCC_4,6,3,7,3,7,2,1,4,2,9
AAGTTGTCCGTT_4,0,2,6,7,5,4,7,3,5,1
CCGCATTCACGC_4,7,0,4,3,1,8,2,3,2,0
AGTCTGTGAGGC_4,1,5,1,9,5,9,2,7,1,9
CTGATGTTTATC_4,9,4,4,2,2,8,8,3,2,1
TCCAGCGGCAAC_4,7,5,6,4,5,7,3,7,5,4
ATTAATCATCAA_4,8,5,1,2,5,9,7,6,9,6
CCTGTCCGGCGG_4,3,9,9,3,0,4,5,1,2,3
TTTCATGCTAAC_4,7,2,6,1,5,9,7,1,0,0
TTGGAGAGCCGT_4,6,1,0,7,0,7,1,5,3,3
GCATTTTATCAA_4,8,4,4,2,5,0,7,1,5,6
CCTACCATCTAC_4,3,8,5,2,7,6,4,3,2,1
TTTATATCGAGC_4,4,2,1,4,6,9,0,2,7,2
CGAATTATCATT_4,1,7,2,5,5,9,0,2,6,6
GAGAGACCGCCC_4,6,4,9,8,7,3,5,8,2,9
TACCGCAATCTA_4,7,0,9,6,3,2,2,4,0,2
GTATGGTAGCAT_4,5,8,0,2,7,4,2,3,2,1
GGCCGCCGCACG_4,6,9,3,9,0,1,1,1,3,4
GCCGTGTCGTTG_4,9,5,0,6,0,8,1,7,1,3
CTATAGGAGGTC_4,3,9,1,2,8,3,3,5,1,4
GCAGTTCGATCG_4,5,7,0,3,5,6,2,1,7,0
GCTAATGACAGG_4,3,1,4,0,0,4,2,5,6,9
TATGTACCTGGT_4,4,0,6,7,3,7,6,9,6,2
CCAGCAAAATTG_4,7,9,3,7,4,7,2,5,1,4
CTCGCCTCGAAC_4,5,8,5,8,7,0,8,8,8,1
TTATCCAAGTAA_4,7,1,6,7,1,1,2,1,1,2
GAAACGGGATTC_4,5,5,1,3,8,9,0,0,7,0
GGCGACACCGGT_4,4,1,1,4,8,1,3,8,7,0
TGTCGAACCCAC_4,0,7,2,1,5,9,0,0,0,0
ACTATTTGACTG_4,6,1,6,6,5,1,1,4,3,4
CTAACGGATTCT_4,2,9,6,7,4,2,5,7,3,4
GAGTGGCAAGAG_4,7,5,4,3,4,0,4,0,8,9
ACTATTTCCGGT_4,5,8,5,2,7,6,8,8,4,3
AGTCATTGGTAA_4,0,8,6,6,5,4,0,5,6,9
TACGGCACCGGT_4,7,9,0,7,1,3,2,7,3,3
GTATTGCAACAG_4,5,8,7,2,2,6,8,8,9,5
CCAAACGTTGCC_4,7,4,2,9,4,2,7,4,0,9
CTAACCCAGAGT_4,1,2,2,5,8,5,0,2,0,2
GTATCAGTTGCG_4,8,4,0,1,6,0,9,8,8,4
GTTCGACACGAT_4,5,1,6,3,7,3,5,5,2,6
TGGTTTCGTGGT_4,2,0,9,7,4,2,2,5,6,0
AGACGAACCCCA_4,7,5,3,7,1,2,5,8,2,4
TGAATAAGGAAT_4,9,1,5,2,7,2,3,9,6,2
TGGCGCTACCGG_4,5,3,7,8,2,8,8,3,4,9
GCCACTCGCGCT_4,7,6,5,1,0,3,5,4,4,9
TACGCGTGCTAT_4,3,2,6,8,4,6,3,5,2,7
CCGCTTTCCCTC_4,8,6,9,7,2,3,8,8,2,3
TTAACGGATCAT_4,3,2,0,5,6,2,4,1,2,3
CCTTCAGCGCTA_4,6,6,6,9,3,7,6,5,3,4
TTATCACGCCTT_4,8,8,4,2,4,6,9,6,4,1
GCCCGTACCCTA_4,5,8,7,2,2,0,8,8,4,1
GATTCGGACCCT_4,4,5,1,5,9,8,6,6,1,7
ATCCAAGTAAGT_4,1,0,3,7,4,7,4,1,1,7
GTGCGGCTACGT_4,0,5,1,9,5,9,0,2,7,7
GCCGTTTAATTT_4,7,4,3,0,1,3,7,7,7,9
TAAGTGTAGTAT_4,3,8,7,3,2,7,4,3,5,1
ACACCCATCTTA_4,8,1,6,2,4,4,5,6,0,0
GGAGTGTTAAGC_4,7,1,9,9,3,3,4,4,3,4
CCAATAGCTACT_4,7,1,1,0,4,7,3,7,7,3
CCCTCCAAGAGA_4,5,8,4,2,2,0,8,3,4,1
CGGGTACGATGG_4,7,2,0,5,0,9,4,1,0,5
AGTGGCTCCCCC_4,8,3,7,8,2,6,8,8,9,1
CCAAATCGTTTG_4,1,2,1,4,8,5,0,2,7,0
CCCGATCTATAT_4,7,4,3,0,4,0,1,1,3,8
AGTAATGAGGTG_4,7,1,9,3,2,8,2,1,1,0
CGGCCTTCAACG_4,7,1,3,7,3,4,7,7,6,0
TACTTTGGCAGA_4,0,7,1,4,5,5,0,2,7,2
TGGCCCCCACGA_4,7,1,6,7,3,0,7,7,7,6
TCCACATGGGGC_4,1,5,1,7,9,7,7,2,1,7
CACATCCACGAC_4,1,2,1,5,9,5,0,2,7,7
CGACGTCTGGGA_4,5,4,5,8,2,8,1,0,9,7
TTTCATATTACC_4,4,1,2,7,6,2,7,5,7,2
CTGGCTCACTAG_4,1,7,1,4,8,5,3,2,7,2
TCTACAGTACAA_4,1,7,2,5,5,7,5,5,2,6
CGGTTTCGACTG_4,7,1,3,6,4,2,7,4,1,4
ACCGCCCGAATC_4,2,1,3,7,1,4,4,1,8,4
CAGCCGATAACG_4,6,6,3,9,3,3,1,4,2,8
TCCGAAGACAGG_4,2,6,3,3,3,3,5,8,7,9
TCCGTAAGACCG_4,2,1,6,9,4,2,4,5,2,0
GATGCTGAAGAG_4,7,2,2,5,6,7,3,2,7,0
TGGCTGTTCTCC_4,7,1,6,1,8,4,9,7,0,4
TTGAACTAGCGA_4,4,4,3,6,5,7,3,0,7,2
CTGGAGATATGC_4,2,6,0,6,3,0,1,5,3,8
CAGACCATCGCT_4,9,8,4,3,2,0,8,8,5,1
GAACCCGCAACC_4,5,8,5,3,4,2,8,3,4,1
GGTGCAGGATTG_4,0,0,9,6,0,7,3,5,4,9
GCGTCGTAGTTG_4,8,4,7,8,2,0,9,3,9,3
GTAAGGTTCACC_4,2,6,3,0,3,3,1,4,3,8
GGAGACAAGTAC_4,7,1,6,6,7,3,2,8,8,9
GACTACGTGTCA_4,8,1,3,9,4,8,1,1,5,2
GATCCAGACTAA_4,5,4,4,8,2,4,8,3,5,1
CTCACTAATGAT_4,8,1,6,0,0,6,4,3,1,9
GCTCCCATTCTG_4,7,1,0,3,3,2,4,9,6,3
AACGTTGCAACG_4,0,0,1,4,5,4,3,2,7,6
GCACCTTTAAGC_4,5,3,5,8,7,8,9,8,8,3
AAGCTGCAATAA_4,7,7,8,5,1,8,0,5,5,6
GGACGTGCAGAT_4,6,6,9,0,3,1,1,4,3,8
AATGGCCCTACG_4,7,5,4,6,1,7,6,9,1,3
CCCGGTCATGAT_4,7,5,5,8,3,3,3,9,7,6
CTCCTCCTTGCC_4,2,4,6,7,4,2,7,1,3,6
GGCCAGATTGCC_4,4,4,2,5,6,5,0,2,7,0
GGTTAGGCAATG_4,2,7,2,6,8,2,7,9,6,2
CAGCCGAAGACT_4,4,2,1,1,5,2,2,9,8,3
CTTTAAATACAG_4,8,1,9,7,4,1,7,5,1,9
CGTCGTCTACCT_4,5,3,5,2,2,6,8,8,9,5
GCACTGGGCAGT_4,0,7,0,0,6,3,6,6,6,7
TTTGTGTGACGT_4,0,0,1,5,9,9,0,2,7,2
CGATCCACTTCT_4,5,8,5,2,7,0,8,8,9,1
CCGAAAATGAGT_4,5,8,7,2,2,6,8,6,9,1
GCACACGTTCAC_4,7,1,6,1,6,7,7,4,1,6
CGCCCACCGCGT_4,7,0,3,9,3,3,5,1,0,8
GCAGCGGCGGGA_4,6,5,9,6,5,8,9,7,5,9
TTAGCCGTGGCG_4,9,4,7,9,1,8,9,8,2,7
CCTGCTCGATAA_4,1,6,6,0,0,7,5,5,6,2
GCGGACGTATCA_4,6,1,0,3,1,7,4,5,1,8
TAGAGGTGAACG_4,2,9,3,7,5,2,6,5,8,8
GTTGCAGTTCAC_4,8,3,5,3,0,8,9,4,2,3
TGCGACGACATG_4,6,6,3,0,3,1,1,5,3,8
GAGCCGCCACGC_4,6,4,4,0,1,3,2,9,3,8
ATGCATATAATG_4,8,9,5,7,3,2,9,3,9,9
CTTTCTCTTCCG_4,9,4,5,2,7,6,8,3,4,1
AATCATCTGCGG_4,3,9,9,0,5,9,7,9,3,8
GACAAAACGGCT_4,7,9,4,3,2,0,4,8,7,3
ACAGCGTAACCT_4,1,7,0,3,8,5,0,2,5,9
GTACACCGGTCA_4,6,5,3,9,3,3,5,7,0,0
AATCAGTCAGAG_4,0,5,2,4,8,9,6,7,7,0
CTCTAAGAAGCC_4,4,3,4,3,4,6,9,8,5,2
GGTGCAGGATTT_4,9,1,6,9,3,4,3,5,2,2
CTACTACTATGT_4,5,9,9,7,1,8,3,7,6,7
CTTGAAAACGCG_4,7,9,3,7,4,1,4,4,2,4
TTTGAGTGTCGA_4,7,1,3,0,5,1,4,7,5,3
AAGTTGTAACGT_4,9,8,7,2,7,6,9,8,8,9
CCCCCCGCCCAA_4,2,1,5,8,0,4,4,4,2,9
CTGTTGAGATCC_4,7,4,4,1,1,4,6,4,2,7
GGTGCAGGATTC_4,3,9,6,1,4,2,5,5,1,2
GCGCTTAATATA_4,1,5,9,4,6,9,0,7,5,2
TACGAGCCCATG_4,5,5,0,0,3,6,8,8,8,1
TTTGATCTGCTT_4,6,1,3,0,4,1,1,9,3,8
TAATATCCGGAA_4,2,9,0,0,5,6,2,1,2,6
TTAGCGTTCAAC_4,2,6,3,7,5,8,9,9,0,9
ACGCCTTAGTCC_4,0,7,2,5,9,5,7,2,1,3
GACAGAGTGACA_4,8,4,4,2,7,4,8,6,9,6
ACTGCAAGTTGT_4,4,5,1,3,9,5,6,2,1,0
ATCCCATGCTAT_4,7,5,9,1,4,1,7,7,2,0
TACCTTTGCCCT_4,6,2,8,8,1,8,3,2,0,0
CCCAGTATCCGT_4,0,0,2,5,8,4,6,7,7,7
GAGGCGGTAATG_4,0,4,5,5,8,5,3,7,7,0
CTAAGCAGAGGT_4,3,5,0,7,3,4,7,5,0,7
CCCGTGTCGCAG_4,3,5,9,8,4,8,9,8,2,9
CCCCAGGAAAGG_4,3,0,5,3,9,0,2,1,6,3
AAACCACCCCTA_4,6,9,9,7,3,3,7,7,0,4
TGCGCATGGGAT_4,5,3,4,2,1,8,9,8,9,4
TTGGATCCACTG_4,7,0,3,0,1,0,9,0,7,4
GGGAAACGAGCA_4,3,0,3,5,0,9,9,2,5,7
CACATTGTAGTG_4,2,1,6,9,3,3,5,1,3,4
CAATAAACAAGA_4,2,1,9,6,6,2,2,5,6,0
AACCGGTCGCCT_4,4,9,9,1,8,7,0,2,1,6
CGGCTTCGCAGA_4,0,9,2,1,4,4,3,2,0,0
CCTAGTATTGTC_4,8,3,7,2,2,8,8,3,4,5
TTCTATTGTGCG_4,0,7,1,1,8,9,0,2,0,3
CCAATAACAATT_4,8,8,7,2,7,4,3,3,9,3
TTGGTATTCACG_4,9,8,2,2,1,0,9,6,1,1
GTAGTTGAAAAG_4,8,5,1,7,1,9,6,6,7,0
AGAGACCTTCAG_4,3,7,3,0,8,8,9,7,1,9
ACAAAATGATTA_4,2,9,3,6,6,4,9,5,1,9
CAAGTCGTAGTT_4,9,8,7,2,2,4,3,3,4,1
ACACCTTTGGTC_4,6,1,3,6,3,8,1,7,3,8
CGAACTGGAGTG_4,0,0,2,5,3,4,6,0,0,6
ACTATTGTTCTT_4,7,9,0,3,8,5,7,2,7,3
ACGCCTGTACAA_4,1,2,2,5,8,2,0,9,6,2
GCCTAGGTTTCT_4,4,2,1,1,9,5,3,2,5,0
CACGCGCTTACA_4,2,9,8,3,1,2,1,5,2,5
GATGCTGAAGAT_4,1,1,6,1,6,2,2,7,0,3
GGCTTGGCGGCA_4,7,0,8,6,6,3,6,4,0,4
TACTATTCCTGC_4,1,0,2,4,5,5,6,2,7,0
CACGGCTCCTTA_4,2,6,3,0,4,2,1,4,3,8
GTTAGCAATCGT_4,7,5,8,1,8,9,0,2,5,0
ACTTTCACCACC_4,6,4,9,6,7,7,2,0,6,1
CTCCCATCGGGG_4,1,7,1,3,5,9,0,0,8,7
TTCTATTGTGCA_4,1,9,1,4,9,9,0,0,0,7
ATGACGCTAAGA_4,4,3,2,1,2,4,0,0,9,3
CCTGCAAGCGTG_4,2,0,1,9,4,3,5,9,7,9
TACAGAAACGCG_4,7,1,9,7,6,1,4,5,5,6
TCCCAGCAATCT_4,6,6,8,0,3,3,1,4,3,8
CCCAGCTATAGC_4,1,6,7,7,3,1,3,7,6,9
ATTAGATAACAC_4,2,0,9,0,6,7,3,5,6,7
GGAGTCATACGC_4,7,5,3,0,1,0,3,1,7,9
AATTAACCCACC_4,6,0,9,6,6,7,6,7,6,4
GCCAGATAGCGG_4,0,2,2,5,8,5,0,2,7,7
TAGGACCCAGCT_4,6,4,1,1,5,2,0,0,7,7
ACCTCCTATCCA_4,4,1,6,9,6,1,3,7,1,4
AAGGACCGATGT_4,6,6,3,9,4,1,1,4,3,4
ATGCGGTCACTC_4,7,6,6,6,6,1,7,7,3,7
GGGGCCACCACG_4,9,3,5,2,2,6,9,6,4,1
GATGCTGAAGAC_4,3,2,9,0,9,9,6,9,1,4
CTAAAACAGCTA_4,2,5,9,2,0,8,7,8,8,3
GGCGCTGGTAAG_4,2,5,6,6,3,1,4,1,2,7
TCACCGGGATCG_4,6,6,3,9,1,3,1,4,3,8
CGATTGAGATAT_4,6,5,3,6,3,2,5,0,3,6
TTGACGCAGTCT_4,9,8,7,2,2,4,6,3,4,1
GAGGACGTCCCG_4,7,2,2,5,5,2,4,7,0,7
GTTGTAAGGCCA_4,6,6,9,0,1,3,1,4,2,8
AAGACGATATCG_4,1,0,2,4,9,5,0,2,5,2
TTCCGGGGGCCC_4,7,2,4,7,3,1,4,6,1,3
ATTGTAGCTAAA_4,4,9,9,7,6,7,5,5,2,4
GGGAATAGATCA_4,9,2,5,2,7,7,2,3,2,9
TTAGCCACGGGT_4,0,6,6,9,3,3,5,9,0,5
AGACGTCGTTAT_4,2,1,4,3,7,8,8,8,9,1
CTAGCCAGCAAC_4,5,8,5,2,2,0,8,8,9,1
TACGTCTTTCGT_4,2,0,3,6,9,3,2,1,1,5
TAATATACGTCT_4,7,5,9,9,5,1,1,4,5,0
GGTGCAGGATTA_4,6,0,9,6,4,4,6,5,4,9
ACCTTGAACACT_4,0,5,2,4,8,9,4,2,6,2
GTAGCGTGGGGG_4,6,1,0,6,3,3,5,4,5,9
TTCTATTGTGCC_4,4,7,2,1,5,3,7,2,8,2
ATCCCGAGCCCG_4,4,7,1,1,6,5,0,2,0,7
TGGTAAACTATT_4,4,3,7,2,7,6,8,6,4,9
AGGAACGTTCTG_4,1,7,2,6,9,5,3,6,5,7
TCAATCCGCAGT_4,5,4,4,1,2,0,8,8,8,5
GCTGGCGTAACG_4,9,5,7,8,6,9,6,8,7,9
AATCTCTATCGC_4,6,0,9,9,4,1,2,5,2,3
AGTTGCATCAGT_4,4,2,2,4,9,5,0,2,5,0
GCTAACTAGTAT_4,6,3,8,6,1,0,1,4,4,8
TTGACTACTCGA_4,5,4,1,1,5,0,6,9,0,2
TGTCCAATATGA_4,4,5,7,8,2,6,9,3,9,7
CTGACGCCCTCG_4,8,1,4,3,5,0,1,6,2,8
GATGCTGAAGAA_4,0,5,1,4,6,4,9,9,8,3
CCGCTATTGTCC_4,1,2,1,4,8,7,0,2,0,7
ACCGTTCTCTTA_4,6,1,6,9,3,1,2,0,6,7
GTAAACCCGGGG_4,1,7,0,1,0,3,2,0,6,2
ATCCAGAGCAAT_4,3,2,4,1,1,6,9,9,1,9
AACCTCCCGCTC_4,8,8,5,2,2,6,8,8,2,6
CTTGACAAGAAT_4,3,9,3,0,1,2,6,1,7,9
CAGCTCCGAAGC_4,8,4,7,3,2,6,8,8,4,5
ACTATTGTTCTA_4,0,5,1,4,5,5,7,2,9,4
ATAAAGTTATCT_4,2,9,0,2,7,7,2,1,6,2
GTCCCACTATAG_4,0,1,0,7,5,2,6,9,7,8
CGGCTATATGGC_4,1,7,2,4,8,5,0,2,5,4
AATCTAGGCGTC_4,9,3,4,8,7,8,8,0,2,1
CTCGAGGTCTCA_4,2,6,3,7,4,3,3,5,6,3
TCCAAAGCACTG_4,7,9,3,7,1,4,9,7,0,0
ATTGTCTATCAC_4,5,8,5,8,7,6,8,3,9,9
CACCAGTCACCC_4,3,6,9,7,3,3,4,5,5,2
ACTATTGTTCTC_4,3,5,2,1,6,5,7,7,7,6
TGCTGCTGTATA_4,1,9,1,1,9,5,0,9,1,0
GGGCGCCTAGAT_4,1,8,2,4,6,9,0,2,5,7
GCCCCCAAAAAT_4,5,1,5,2,2,6,9,3,8,9
GTAACCACGGAT_4,0,5,2,5,6,7,0,2,5,3
TGTAAGTGGGGC_4,6,6,8,9,3,1,4,4,6,9
CCCGTGTCGCAT_4,5,6,7,8,0,8,7,1,9,4
TTAGCCGTGGCC_4,5,3,0,3,7,3,5,0,8,9
CGACTGGTCGGT_4,6,6,2,6,4,3,6,9,3,3
AATTTTGTCATA_4,4,5,1,5,1,9,6,2,7,2
CTTCCTATGGCC_4,2,1,6,6,5,7,5,4,0,7
GGGATAGTCCTC_4,8,4,4,8,2,4,9,3,9,1
ATCCCGAGCCCC_4,1,7,2,1,6,5,0,0,1,0
CCGCGGCGAATG_4,1,5,2,5,9,5,0,2,5,6
GTATCGGCCATT_4,3,4,8,8,7,0,9,0,3,8
ATCATGTGACTA_4,1,0,2,1,9,9,2,2,7,7
CGTGTTCCCGGA_4,1,5,1,5,3,5,7,7,0,2
GAGCGCAGAAGC_4,7,1,1,6,4,8,4,7,6,0
ATATCTAACTCG_4,3,3,4,2,2,4,4,8,4,9
CTACTACTTGTT_4,0,7,0,0,4,9,6,9,6,6
AATGTACCGCCT_4,2,0,6,0,0,7,4,1,1,4
TTCGCTACGCGT_4,3,6,3,3,1,3,5,6,0,4
GCGACAGAGCAT_4,5,8,4,1,2,0,7,9,8,3
ACTGATCATTGT_4,4,5,2,1,8,5,0,2,7,4
TATCGCCTGAAC_4,2,0,6,6,3,1,1,5,3,8
CTAAACCAAGAC_4,0,9,2,1,9,5,4,1,8,2
TTAGTAATATAG_4,0,0,1,5,9,5,0,2,5,6
TTAGCCGTGGCA_4,8,3,5,1,4,1,2,3,9,9
CCCGTGTCGCAC_4,7,3,0,3,1,8,1,6,1,5
CTACTACTTGTC_4,2,9,3,7,1,8,6,1,5,9
AAAGGCCTACAT_4,2,6,3,7,1,2,1,5,3,8
GCCGCTATTAGT_4,9,8,5,8,7,6,8,3,4,1
CTTGCATTCGGC_4,8,3,7,2,7,6,8,6,4,1
TAGCCTTGAACT_4,6,6,3,6,3,8,2,1,2,3
TTAAGGAGGAGA_4,7,5,9,5,8,2,6,2,1,9
GGATCAAACGAT_4,6,6,3,6,3,1,5,4,3,5
ATCGAGCTCCCG_4,7,7,8,5,5,5,7,2,5,4
CCCGTGTCGCAA_4,7,5,7,8,2,0,1,1,9,5
ATCCCGAGCCCT_4,1,5,2,5,8,5,6,2,7,2
CTTTGAGCTGGC_4,9,8,7,8,7,4,8,8,2,5
GCTGGCGTAACC_4,5,3,1,2,0,6,9,8,0,7
CTAATGAGGGTT_4,7,0,3,7,6,7,2,5,1,2
GCGCGTGAAAGA_4,6,5,8,9,5,1,1,7,3,4
ACGCGGAACCCG_4,3,8,8,3,0,1,6,0,9,3
TGCGAGCCTCCG_4,4,0,5,6,1,3,5,1,8,9
CTACTACTTGTG_4,2,6,9,7,4,1,4,9,1,3
CCTAATATTTAT_4,6,6,3,7,3,3,1,4,3,8
AACCGGTCGCCG_4,1,5,2,7,8,8,5,5,6,9
GGTATTTAACGG_4,1,0,6,6,9,7,3,1,5,5
TTTGTATCCGTG_4,7,7,1,5,5,9,6,9,5,7
GCGACAGAGCAG_4,5,8,4,8,2,6,4,8,4,6
CACGTCTCGCTA_4,7,9,2,5,0,6,9,9,2,5
ATGCTGGGTGCC_4,6,6,9,6,4,2,7,4,0,8
TATGAGGAGAGA_4,5,8,5,8,7,6,8,6,9,5
GAAGGGTTAGTC_4,6,6,3,6,4,1,1,4,3,8
GTGGTACCGGGG_4,6,6,4,6,3,2,6,0,9,3
CTGGTGTTCGCA_4,8,3,7,8,7,0,9,6,9,5
TACCACATTCTT_4,1,2,3,4,4,3,6,7,1,0
TGCTCGATCGAT_4,4,5,1,9,5,9,6,0,1,7
GCTGGCGTAACT_4,9,8,4,1,5,6,3,3,5,7
AGCCCAACAGGA_4,2,7,0,1,3,4,3,5,5,0
AATCTCGTGGTG_4,0,2,1,5,5,5,0,2,7,7
GGCTACCTGCAT_4,2,6,4,8,1,3,1,4,3,9
TATATGATTGGC_4,7,5,9,7,1,1,7,6,8,0
AGGCGTGTGTGG_4,7,9,1,4,5,1,6,5,0,4
GCGTCTCTGAAG_4,1,0,1,1,8,6,7,2,7,6
TGAGTGTCGCGT_4,6,6,3,7,1,3,1,4,3,8
TAAAGCAAACCG_4,1,4,8,2,5,9,6,6,9,0
GCTGGCGTAACA_4,9,5,4,3,1,0,9,8,5,7
CGATGTCGGAGC_4,6,3,8,7,1,3,1,5,0,7
ATGTCTGCATCG_4,6,4,1,6,1,1,1,0,4,0
CTCCGAGTCACG_4,1,2,1,5,9,2,6,0,0,2
TCGACCCAGGCC_4,0,2,2,5,6,5,0,2,5,7
TAATATCCGGAG_4,2,7,4,3,7,6,3,1,5,6
GTAGTACGCAGA_4,8,8,5,2,7,4,8,3,8,5
TGCGCGTCGCCC_4,6,6,8,0,3,1,1,4,3,8
CTGTATCTGCGT_4,3,7,3,8,7,0,3,6,8,9
CGTCATACTGCA_4,8,4,7,2,7,0,5,3,9,6
AGACGTACTAAC_4,0,5,8,6,1,0,6,1,6,3
GATCGGCTGCGC_4,9,3,0,5,3,7,5,1,0,7
GGTCACTCGGGG_4,4,4,9,4,6,9,2,2,7,2
CGTCTGCTATCA_4,8,8,5,8,7,6,9,6,4,3
GGAACCAGGCCT_4,2,6,3,6,3,3,1,5,3,8
ACCACCTGAGTG_4,7,6,8,9,1,0,6,4,3,6
GACCCGCGTGAG_4,0,4,7,5,5,9,6,7,7,0
GTAACCTGATAT_4,5,8,4,2,0,0,4,8,9,1
GGCGGCATCCCA_4,1,7,2,5,9,5,0,2,1,2
CCCGAGTGATGC_4,3,6,8,1,1,9,5,5,2,7
TTCTATTGTGCT_4,1,2,0,0,8,9,7,9,6,3
TGCAGCGCGGAG_4,5,3,7,2,2,0,8,3,9,1
ATAGGGGCCGCG_4,6,1,3,9,4,1,5,4,3,4
CGCCTTATATTT_4,9,8,5,2,7,7,8,3,4,1
TTAGCCGTGGCT_4,8,1,0,3,2,1,7,8,2,3
ATATAGGTCGTG_4,0,5,1,1,5,9,2,5,1,2
ATATTCATATGG_4,6,4,0,7,3,6,3,0,8,9
TCGCAAACCACA_4,5,3,7,2,2,0,8,3,4,1
GCCCCTGCCTGG_4,6,6,8,8,1,3,1,4,3,8
TATGTGCACAAG_4,2,7,0,6,0,8,3,4,0,8
TCTACTGCTTGT_4,3,3,4,2,2,6,5,3,4,5
AAAGTTTAAGTC_4,3,6,3,0,3,3,1,4,3,8
GATCTGGGTGAG_4,6,1,6,7,9,6,7,9,6,0
ATCGCAGCCGAC_4,7,3,2,4,4,3,6,1,1,2
ACGCGGAACCCC_4,3,5,4,0,9,3,9,5,2,6
GTGTCAGGCCAT_4,6,3,0,8,3,6,9,8,9,6
ACCACGACCCAC_4,7,5,2,9,1,5,0,9,7,4
ACGCGGAACCCT_4,3,7,7,0,7,3,5,4,8,7
CAACGTATCCGG_4,7,9,3,6,0,3,6,5,0,7
CCGCGGCGAATC_4,4,0,1,5,9,7,7,9,0,7
GATAATTCTTAC_4,9,4,7,3,0,4,9,0,9,5
ATAACCGAGGTG_4,1,7,2,4,6,5,0,5,7,6
CCTTCCTATCGG_4,1,6,9,7,9,3,4,9,0,3
CCGGTTGCGCGA_4,5,4,7,1,1,4,7,0,0,2
TTATGTTGTGCC_4,1,7,2,4,9,5,0,2,5,0
CGCACTGTGATC_4,0,7,7,1,7,5,5,6,1,6
TTAATTAGTGCA_4,5,8,5,2,7,6,9,8,9,3
TGTCTCCAGCTT_4,9,3,7,1,2,0,9,3,4,1
ATCCCGAGCCCA_4,1,2,1,4,9,5,4,2,7,2
GTGGCGACCAAC_4,3,5,8,9,0,7,9,6,6,0
CCGTTCGGTGAG_4,3,9,2,9,8,1,7,5,1,6
CGCATTGAGCCT_4,1,7,1,3,0,1,6,1,2,5
GATCGGCTGCGG_4,1,4,8,0,1,3,5,0,0,4
ACCTAATAGAGG_4,2,6,9,6,4,1,7,4,3,6
GCGACAGAGCAC_4,5,4,0,3,2,0,9,8,2,5
GCGACAGAGCAA_4,5,3,4,8,2,0,8,8,2,5
ACGAGCCATGTA_4,8,3,4,2,0,8,8,8,9,5
AGTCAGGAGCGA_4,5,8,4,2,0,6,4,3,2,1
ATATCGAACCAT_4,2,7,9,9,1,1,4,4,3,5
CAAACTGGCCCT_4,5,3,4,2,2,6,2,8,6,9
ACACTATCCGGT_4,5,8,7,2,2,8,8,0,4,1
AATAGTATATTC_4,1,3,1,5,4,5,0,2,5,6
AACGGCACCGAT_4,0,5,2,5,6,5,0,9,7,0
CCAGTGGGGGGC_4,2,2,1,5,6,4,3,5,7,7
CGGGTCCTCCCA_4,7,6,6,6,3,8,5,4,3,3
GGAATCATAGGC_4,5,8,7,2,2,6,4,8,9,3
ATGCCGCCAATG_4,9,4,8,7,2,1,5,0,1,4
GAGACCGGGAAC_4,6,5,0,1,1,3,9,0,3,7
ACACGTTATGAC_4,7,6,3,7,3,3,7,5,0,3
TTACTGTGATGA_4,5,5,1,5,8,9,9,6,7,7
AGCCATCTCTAA_4,9,8,5,2,0,6,4,8,9,9
GTCAATCGGGCT_4,3,4,5,3,1,1,1,3,8,5
