,0,1,2,3,4,5,6,7,8,9
ATGCACCGCTTA_4,2,5,9,2,6,8,0,8,0,8
ATACCTACAAAC_4,3,9,9,4,0,3,0,7,8,4
ACCCAGCTACAG_4,7,1,7,0,6,2,4,0,9,6
AAAAATCTCTCG_4,5,9,9,9,6,2,0,9,8,2
GTGCAATTAAAT_4,1,9,1,9,7,9,2,5,4,2
TAGACGCGCATA_4,8,4,8,7,5,8,0,6,9,2
CAGTGGTTAGCG_4,1,9,0,5,9,4,5,3,2,5
TAAAATGCCCAC_4,2,7,3,7,0,3,6,3,4,5
TGGAGGCTCTCT_4,4,6,1,3,5,3,4,8,9,2
ATAGCGCACTTT_4,7,9,8,7,4,1,6,6,0,1
CCCTCTACCGGC_4,2,5,5,3,5,8,6,6,6,6
ATATATTTCCTA_4,8,6,4,3,2,6,4,1,8,3
AGTACCTGAAGC_4,7,7,3,1,5,0,3,0,9,7
TTCGCCAACCGT_4,8,7,8,0,1,0,7,5,9,6
TTATGGTCACAT_4,8,4,4,0,8,2,8,9,5,9
CCCAATTAGACG_4,7,7,2,3,5,0,0,2,8,3
CAGTCAAGACTA_4,8,1,8,6,0,2,7,2,5,3
ACCCAGCTACAT_4,6,1,2,9,1,9,4,6,9,2
CAGCCTCTTAAG_4,5,3,7,5,0,4,2,3,2,2
CTCTGCCGTTAG_4,8,6,0,7,5,9,6,7,6,4
CCTCCGCCGACC_4,5,5,5,3,3,4,2,5,0,5
TGCCCCGTAGGT_4,4,1,3,9,0,3,5,9,4,5
AGTGCGGCCTGA_4,4,6,4,0,5,6,5,6,4,1
TCTAGCAACGAC_4,8,4,5,7,9,9,2,3,7,6
TAGAAAGACGGC_4,8,1,7,8,4,9,4,2,3,6
ATAATTAGACAC_4,5,3,3,5,7,4,1,3,2,2
AGGATTTTGGCA_4,2,6,1,3,3,6,4,1,4,6
ACCCGTTTGCCA_4,2,4,9,3,9,0,8,4,4,1
CACACCAAGTTA_4,1,3,9,5,9,4,2,4,1,4
CCGACATGCAGA_4,2,2,5,1,1,8,5,6,4,9
GCGCCCAGTCAC_4,2,4,6,3,6,2,0,6,3,8
ACTCACTGGTCT_4,3,9,8,4,5,3,4,0,4,7
ACACAGCGATCT_4,0,3,0,8,9,5,1,3,1,4
GGCAATCTATCA_4,7,1,2,8,0,2,2,8,5,1
ACCCAGCTACAC_4,8,9,7,1,6,6,9,1,0,7
TACTAGTTCTCG_4,4,7,8,6,8,9,5,2,4,7
CCGGGACCACGT_4,7,4,1,9,2,0,7,6,0,4
AATTGATCCTGT_4,7,7,6,9,9,6,5,2,8,1
TAGCGAATAGGC_4,5,9,1,5,8,9,5,3,9,0
GCACAACATATT_4,8,6,1,7,4,2,6,7,4,5
TACCGCAATCTC_4,8,8,5,6,6,3,9,5,5,6
TTGACCCGCACT_4,8,6,7,7,8,3,6,0,5,7
CAGTGAGCTCGT_4,8,5,8,6,4,2,0,9,7,9
TGCACGAGGTAT_4,1,3,0,7,7,5,2,4,1,0
GCATGGCTTCTT_4,3,2,0,7,7,1,5,3,2,9
GTACATAGTGAA_4,1,5,0,8,2,5,9,3,1,4
TTACCATTTCTG_4,8,5,7,3,5,8,2,2,9,6
AACAGTTCCTGG_4,9,5,8,3,0,8,3,8,7,6
ATCATTTGAACA_4,7,5,9,0,1,0,3,8,7,9
GCGGGAGCATGC_4,6,6,9,7,9,1,8,8,2,4
GTATAAGCGACC_4,0,7,1,1,4,8,3,1,3,0
GTTTACAGAGAT_4,4,4,2,7,6,6,6,2,8,7
GGCAACGGAGAC_4,8,1,1,2,5,3,2,5,3,6
AGGCCCCTGCTG_4,9,1,4,9,5,8,5,1,9,2
AGCAGAGTCCAA_4,0,4,5,1,1,3,2,1,5,1
GCGTTAAGCTGG_4,6,7,1,7,3,3,4,5,8,2
AATATTCATCTG_4,5,3,0,7,2,9,1,3,1,9
TATCTGCACACG_4,7,6,7,1,5,9,8,9,0,8
TATCCACCCCAA_4,8,5,9,0,3,6,7,2,3,3
TACCGCAATCTT_4,7,7,4,0,0,8,2,2,8,9
TACCTTGGGTAA_4,2,8,1,1,8,9,0,2,9,3
TAACGCAGCCCT_4,8,6,2,1,5,8,3,0,3,7
TCGCCTAGAGGA_4,7,0,2,6,0,8,5,6,0,8
TCGTAACCTACC_4,4,1,8,3,6,2,6,5,0,8
TCACGCGAAATT_4,2,6,5,3,5,2,3,1,8,1
ATAATACGGGGC_4,9,7,2,4,0,9,4,0,4,3
TCAGACCATACT_4,1,9,5,6,2,9,7,1,6,0
ACCCAGCTACAA_4,2,9,5,7,6,2,6,2,5,2
AACTGCTAAGAT_4,5,0,9,7,2,5,2,3,8,6
CCGCTTGGAGGA_4,3,0,5,5,2,5,1,4,2,0
CGCCCCGACGGA_4,1,0,9,5,2,4,5,4,2,0
GCGATATTCATT_4,1,9,0,8,9,1,1,4,2,1
ACAGGTCCCCTG_4,6,4,2,7,1,9,0,9,6,8
ATGGCTGAAGTT_4,7,6,3,7,0,2,3,2,4,8
TGAGTTGTACCC_4,3,4,5,3,7,9,2,3,1,1
AAGTTGTCCGTT_4,8,9,8,2,8,7,9,2,1,6
CCGCATTCACGC_4,6,0,0,7,0,7,4,1,1,9
AGTCTGTGAGGC_4,8,7,4,2,6,0,9,5,0,9
CTGATGTTTATC_4,5,3,9,5,2,1,1,7,2,2
TCCAGCGGCAAC_4,7,5,1,2,0,2,6,5,9,3
ATTAATCATCAA_4,5,6,6,7,9,4,2,5,2,1
CCTGTCCGGCGG_4,2,2,3,9,3,2,2,1,9,1
TTTCATGCTAAC_4,4,1,4,9,4,3,3,1,3,3
TTGGAGAGCCGT_4,3,1,8,4,1,3,5,0,5,1
GCATTTTATCAA_4,5,3,0,7,9,4,1,7,4,8
CCTACCATCTAC_4,3,3,2,8,2,5,2,3,2,4
TTTATATCGAGC_4,5,1,3,0,6,0,4,1,5,3
CGAATTATCATT_4,4,8,7,6,4,2,7,9,6,8
GAGAGACCGCCC_4,3,3,9,5,5,3,2,9,6,0
TACCGCAATCTA_4,4,7,8,1,0,9,6,5,7,4
GTATGGTAGCAT_4,3,9,5,1,9,1,1,4,1,2
GGCCGCCGCACG_4,2,8,7,4,5,8,8,5,7,7
GCCGTGTCGTTG_4,5,9,1,6,2,2,6,5,3,2
CTATAGGAGGTC_4,0,4,4,1,0,1,7,0,2,3
GCAGTTCGATCG_4,5,3,5,4,2,2,6,5,1,2
GCTAATGACAGG_4,0,6,9,7,6,2,2,8,1,8
TATGTACCTGGT_4,9,9,4,1,5,2,9,5,3,6
CCAGCAAAATTG_4,6,8,8,0,5,3,4,5,5,1
CTCGCCTCGAAC_4,1,3,6,5,7,1,2,3,1,2
TTATCCAAGTAA_4,4,7,1,2,5,2,6,1,0,9
GAAACGGGATTC_4,5,3,3,7,0,4,7,5,9,6
GGCGACACCGGT_4,0,4,2,9,8,2,0,2,4,6
TGTCGAACCCAC_4,6,4,2,7,0,2,1,7,6,6
ACTATTTGACTG_4,8,5,7,9,5,2,8,0,2,9
CTAACGGATTCT_4,9,1,1,1,8,9,5,8,0,4
GAGTGGCAAGAG_4,2,4,6,7,6,4,8,6,0,4
ACTATTTCCGGT_4,5,0,0,8,7,4,1,4,1,2
AGTCATTGGTAA_4,0,4,3,1,0,9,6,2,9,1
TACGGCACCGGT_4,2,7,4,9,8,0,5,9,4,6
GTATTGCAACAG_4,1,3,6,8,9,5,1,3,1,4
CCAAACGTTGCC_4,7,8,1,3,6,2,7,8,5,4
CTAACCCAGAGT_4,4,6,7,2,0,9,4,1,9,2
GTATCAGTTGCG_4,5,3,0,8,4,1,1,3,2,4
GTTCGACACGAT_4,5,3,3,5,4,1,3,2,8,2
TGGTTTCGTGGT_4,2,0,8,3,0,8,3,9,9,5
AGACGAACCCCA_4,8,2,8,9,0,1,5,1,5,0
TGAATAAGGAAT_4,8,6,3,8,2,9,3,2,6,2
TGGCGCTACCGG_4,0,4,9,7,7,4,1,3,1,1
GCCACTCGCGCT_4,5,4,0,9,9,7,6,3,0,2
TACGCGTGCTAT_4,4,1,4,8,2,4,2,7,3,3
CCGCTTTCCCTC_4,5,3,5,4,9,5,6,4,0,4
TTAACGGATCAT_4,2,3,7,3,3,9,3,8,1,8
CCTTCAGCGCTA_4,6,2,8,9,0,6,5,6,5,9
TTATCACGCCTT_4,3,3,3,8,2,8,1,4,2,2
GCCCGTACCCTA_4,3,3,5,8,7,5,1,4,1,0
GATTCGGACCCT_4,0,8,7,7,5,7,6,8,4,3
ATCCAAGTAAGT_4,5,6,6,1,1,2,9,1,5,9
GTGCGGCTACGT_4,6,1,8,1,1,3,0,5,8,6
GCCGTTTAATTT_4,8,5,4,9,5,3,5,8,7,5
TAAGTGTAGTAT_4,1,0,9,8,2,4,1,3,2,2
ACACCCATCTTA_4,2,0,2,8,0,4,6,2,6,4
GGAGTGTTAAGC_4,9,1,4,3,1,9,3,0,0,3
CCAATAGCTACT_4,3,7,1,0,3,3,0,8,5,1
CCCTCCAAGAGA_4,1,3,0,5,2,4,2,3,1,4
CGGGTACGATGG_4,4,9,8,0,6,9,6,1,8,5
AGTGGCTCCCCC_4,5,9,0,8,9,4,2,4,2,2
CCAAATCGTTTG_4,6,6,2,7,6,6,4,2,8,3
CCCGATCTATAT_4,6,8,9,9,8,7,8,4,3,9
AGTAATGAGGTG_4,8,2,3,0,8,2,5,5,1,6
CGGCCTTCAACG_4,2,5,7,6,5,7,6,8,3,3
TACTTTGGCAGA_4,9,4,1,3,1,6,4,1,8,6
TGGCCCCCACGA_4,9,9,3,0,5,2,5,8,0,1
TCCACATGGGGC_4,9,8,8,3,3,3,4,7,5,3
CACATCCACGAC_4,4,5,8,2,1,2,3,7,8,5
CGACGTCTGGGA_4,8,3,6,8,2,1,5,3,0,2
TTTCATATTACC_4,8,8,3,1,6,9,6,1,0,6
CTGGCTCACTAG_4,0,8,8,2,8,8,8,2,6,4
TCTACAGTACAA_4,7,1,7,6,5,2,4,9,3,1
CGGTTTCGACTG_4,8,9,5,1,1,7,7,0,7,6
ACCGCCCGAATC_4,2,0,7,1,1,8,0,8,9,2
CAGCCGATAACG_4,2,8,9,0,4,0,5,6,5,5
TCCGAAGACAGG_4,0,7,9,1,4,3,8,7,0,4
TCCGTAAGACCG_4,5,4,5,0,5,1,8,5,5,2
GATGCTGAAGAG_4,6,6,1,1,0,9,4,0,8,7
TGGCTGTTCTCC_4,6,8,1,1,1,5,0,9,8,4
TTGAACTAGCGA_4,9,7,2,3,0,7,5,6,3,8
CTGGAGATATGC_4,0,4,4,7,3,2,5,8,5,7
CAGACCATCGCT_4,0,3,8,8,7,5,1,7,2,0
GAACCCGCAACC_4,0,0,0,1,9,0,7,2,2,1
GGTGCAGGATTG_4,5,9,3,1,6,6,9,9,5,8
GCGTCGTAGTTG_4,1,0,3,5,7,1,2,3,2,4
GTAAGGTTCACC_4,6,4,4,6,1,0,8,8,5,8
GGAGACAAGTAC_4,9,4,3,4,9,7,5,0,3,4
GACTACGTGTCA_4,9,6,9,7,3,3,3,7,3,0
GATCCAGACTAA_4,1,3,6,8,8,5,1,7,1,0
CTCACTAATGAT_4,0,9,3,5,7,0,3,7,2,4
GCTCCCATTCTG_4,8,1,7,3,8,1,9,1,4,5
AACGTTGCAACG_4,4,9,2,6,6,6,4,2,4,7
GCACCTTTAAGC_4,1,0,3,7,4,7,2,3,5,5
AAGCTGCAATAA_4,4,8,3,9,1,6,7,1,4,6
GGACGTGCAGAT_4,7,2,8,1,5,1,8,6,0,4
AATGGCCCTACG_4,7,2,6,4,1,0,7,2,8,4
CCCGGTCATGAT_4,2,7,6,4,0,7,7,1,3,9
CTCCTCCTTGCC_4,9,6,4,4,5,9,4,1,4,5
GGCCAGATTGCC_4,6,1,5,0,4,1,7,9,8,3
GGTTAGGCAATG_4,9,6,6,1,0,8,3,1,9,8
CAGCCGAAGACT_4,7,8,4,0,5,8,3,7,9,6
CTTTAAATACAG_4,7,4,8,3,0,2,8,7,0,9
CGTCGTCTACCT_4,3,0,0,7,7,5,2,3,2,0
GCACTGGGCAGT_4,8,6,7,2,8,3,8,6,5,1
TTTGTGTGACGT_4,4,8,4,9,5,2,0,0,9,9
CGATCCACTTCT_4,5,3,0,5,7,4,1,4,1,4
CCGAAAATGAGT_4,3,3,0,5,9,5,1,3,1,0
GCACACGTTCAC_4,9,8,8,9,5,0,8,9,3,5
CGCCCACCGCGT_4,9,2,3,9,4,7,5,6,7,6
GCAGCGGCGGGA_4,2,5,7,7,8,1,2,8,0,7
TTAGCCGTGGCG_4,6,5,9,4,9,5,7,1,6,0
CCTGCTCGATAA_4,3,1,7,7,0,7,8,2,3,2
GCGGACGTATCA_4,2,4,8,4,9,1,2,5,7,2
TAGAGGTGAACG_4,8,1,7,1,8,0,9,0,7,6
GTTGCAGTTCAC_4,1,4,0,5,2,1,5,3,2,5
TGCGACGACATG_4,7,2,9,3,0,0,5,6,3,1
GAGCCGCCACGC_4,7,1,4,6,1,7,8,7,6,6
ATGCATATAATG_4,2,3,5,5,9,5,2,1,2,4
CTTTCTCTTCCG_4,3,3,0,8,9,4,1,3,1,0
AATCATCTGCGG_4,6,7,7,2,5,7,4,0,5,3
GACAAAACGGCT_4,2,0,9,0,4,7,3,8,0,4
ACAGCGTAACCT_4,8,6,5,0,3,8,0,2,3,2
GTACACCGGTCA_4,9,5,6,1,4,3,8,8,7,7
AATCAGTCAGAG_4,2,1,4,2,8,6,6,2,8,8
CTCTAAGAAGCC_4,1,6,5,7,7,8,2,9,1,6
GGTGCAGGATTT_4,0,6,2,7,6,9,6,2,9,5
CTACTACTATGT_4,4,2,4,1,9,6,6,5,4,1
CTTGAAAACGCG_4,8,2,3,1,8,0,5,6,4,1
TTTGAGTGTCGA_4,8,4,6,2,1,8,3,6,5,5
AAGTTGTAACGT_4,1,3,0,8,2,4,1,7,1,4
CCCCCCGCCCAA_4,0,4,0,8,2,1,2,2,1,8
CTGTTGAGATCC_4,4,5,2,2,4,8,5,6,7,8
GGTGCAGGATTC_4,9,9,3,1,3,9,4,2,5,9
GCGCTTAATATA_4,9,1,1,2,8,6,6,7,8,6
TACGAGCCCATG_4,9,0,2,3,1,1,5,3,5,4
TTTGATCTGCTT_4,4,4,4,9,5,8,3,7,0,9
TAATATCCGGAA_4,5,9,3,6,9,2,3,5,9,4
TTAGCGTTCAAC_4,8,4,5,5,4,3,7,8,0,7
ACGCCTTAGTCC_4,9,6,3,9,6,6,0,5,4,3
GACAGAGTGACA_4,1,3,7,8,9,1,1,4,1,4
ACTGCAAGTTGT_4,9,5,1,7,3,3,2,9,3,7
ATCCCATGCTAT_4,9,8,1,7,1,7,7,7,0,7
TACCTTTGCCCT_4,9,7,8,7,2,1,5,7,4,9
CCCAGTATCCGT_4,6,5,2,1,5,0,7,7,3,6
GAGGCGGTAATG_4,4,1,3,4,9,6,7,5,9,6
CTAAGCAGAGGT_4,7,8,4,0,4,9,3,8,0,8
CCCGTGTCGCAG_4,0,5,1,8,3,2,0,9,2,2
CCCCAGGAAAGG_4,3,1,1,4,9,9,0,1,9,4
AAACCACCCCTA_4,7,8,4,9,5,3,6,0,5,5
TGCGCATGGGAT_4,5,3,0,7,1,3,6,3,1,1
TTGGATCCACTG_4,9,4,1,9,2,7,7,8,9,8
GGGAAACGAGCA_4,8,4,4,2,5,3,6,2,5,7
CACATTGTAGTG_4,7,1,8,4,0,0,3,9,5,6
CAATAAACAAGA_4,9,9,7,1,6,0,9,6,5,9
AACCGGTCGCCT_4,7,8,3,3,5,9,6,5,3,8
CGGCTTCGCAGA_4,2,6,8,9,0,3,3,1,6,7
CCTAGTATTGTC_4,1,9,0,8,9,5,1,3,2,4
TTCTATTGTGCG_4,8,8,2,3,3,3,2,7,7,8
CCAATAACAATT_4,3,9,0,8,9,4,1,4,2,0
TTGGTATTCACG_4,3,6,0,8,9,4,2,3,1,1
GTAGTTGAAAAG_4,8,8,8,6,6,7,0,5,3,7
AGAGACCTTCAG_4,7,5,4,7,1,9,5,6,0,8
ACAAAATGATTA_4,4,2,1,0,5,3,0,2,8,7
CAAGTCGTAGTT_4,0,3,6,5,7,5,1,3,2,0
ACACCTTTGGTC_4,7,4,5,6,3,7,3,8,3,4
CGAACTGGAGTG_4,2,4,6,0,9,3,9,1,8,3
ACTATTGTTCTT_4,9,7,8,9,6,6,3,9,9,1
ACGCCTGTACAA_4,7,1,1,6,6,3,4,2,8,4
GCCTAGGTTTCT_4,4,5,1,6,3,3,4,8,3,3
CACGCGCTTACA_4,6,4,3,6,9,8,7,5,4,1
GATGCTGAAGAT_4,5,6,5,2,6,3,6,8,9,7
GGCTTGGCGGCA_4,6,8,2,6,0,2,7,1,9,7
TACTATTCCTGC_4,2,1,7,3,3,3,9,0,4,5
CACGGCTCCTTA_4,6,1,4,6,3,7,5,8,7,8
GTTAGCAATCGT_4,4,5,7,2,0,7,7,8,4,9
ACTTTCACCACC_4,5,6,2,8,2,8,0,7,8,1
CTCCCATCGGGG_4,6,1,1,2,0,6,2,0,1,7
TTCTATTGTGCA_4,9,5,1,2,1,6,0,0,7,6
ATGACGCTAAGA_4,8,5,3,6,0,1,2,7,9,7
CCTGCAAGCGTG_4,7,2,8,6,3,2,8,8,0,9
TACAGAAACGCG_4,7,5,9,4,0,2,6,9,5,9
TCCCAGCAATCT_4,4,5,5,9,1,8,8,8,4,9
CCCAGCTATAGC_4,8,5,7,3,0,1,3,0,3,3
ATTAGATAACAC_4,8,1,5,4,9,1,3,5,9,9
GGAGTCATACGC_4,4,2,5,0,4,8,5,6,0,4
AATTAACCCACC_4,7,7,1,0,3,8,2,5,6,9
GCCAGATAGCGG_4,4,7,4,6,6,6,4,9,6,3
TAGGACCCAGCT_4,6,1,2,2,8,6,8,7,3,6
ACCTCCTATCCA_4,8,2,5,1,3,0,2,6,0,5
AAGGACCGATGT_4,6,8,6,1,1,8,5,9,4,2
ATGCGGTCACTC_4,9,7,4,2,4,9,5,9,0,9
GGGGCCACCACG_4,3,3,0,5,7,4,1,3,1,4
GATGCTGAAGAC_4,4,4,7,3,5,7,4,9,4,7
CTAAAACAGCTA_4,8,2,1,5,9,5,6,7,6,0
GGCGCTGGTAAG_4,4,4,3,3,5,3,0,7,4,8
TCACCGGGATCG_4,0,4,9,3,4,8,8,6,3,3
CGATTGAGATAT_4,6,2,4,4,3,8,8,6,0,8
TTGACGCAGTCT_4,1,3,0,5,2,4,2,4,1,2
GAGGACGTCCCG_4,4,7,1,0,6,0,7,9,0,7
GTTGTAAGGCCA_4,8,2,9,9,5,7,5,6,0,9
AAGACGATATCG_4,6,6,4,6,5,2,8,9,8,7
TTCCGGGGGCCC_4,8,5,9,2,4,7,9,1,5,6
ATTGTAGCTAAA_4,7,7,1,0,2,6,9,5,9,3
GGGAATAGATCA_4,1,3,0,3,9,4,2,2,3,2
TTAGCCACGGGT_4,7,8,8,2,5,0,4,8,6,5
AGACGTCGTTAT_4,1,2,3,3,9,2,6,1,2,9
CTAGCCAGCAAC_4,1,9,6,7,9,5,1,3,1,0
TACGTCTTTCGT_4,4,5,7,6,5,3,0,8,9,5
TAATATACGTCT_4,6,9,4,9,3,8,6,1,7,9
GGTGCAGGATTA_4,9,4,7,9,0,3,8,2,8,1
ACCTTGAACACT_4,0,1,4,3,5,6,0,2,8,3
GTAGCGTGGGGG_4,6,2,5,9,4,0,7,5,7,9
TTCTATTGTGCC_4,7,7,4,0,5,3,8,6,4,6
ATCCCGAGCCCG_4,4,1,4,4,4,3,4,1,7,5
TGGTAAACTATT_4,1,8,9,8,7,7,2,4,2,0
AGGAACGTTCTG_4,0,8,7,7,0,2,4,6,6,7
TCAATCCGCAGT_4,1,3,0,8,7,4,2,3,2,2
GCTGGCGTAACG_4,1,4,9,4,3,1,1,7,2,4
AATCTCTATCGC_4,6,8,8,3,0,9,0,5,9,5
AGTTGCATCAGT_4,6,6,2,3,0,6,6,5,8,3
GCTAACTAGTAT_4,1,9,5,5,9,8,2,3,7,0
TTGACTACTCGA_4,2,2,9,2,3,1,3,9,9,8
TGTCCAATATGA_4,3,0,5,5,2,4,1,3,2,4
CTGACGCCCTCG_4,2,5,0,8,9,3,5,7,2,1
GATGCTGAAGAA_4,9,4,8,0,8,0,0,8,9,2
CCGCTATTGTCC_4,9,7,2,4,3,3,4,7,4,3
ACCGTTCTCTTA_4,7,6,2,4,1,8,7,7,0,2
GTAAACCCGGGG_4,7,1,9,3,9,6,3,5,8,6
ATCCAGAGCAAT_4,7,4,0,7,1,6,3,5,4,5
AACCTCCCGCTC_4,1,3,0,8,9,5,1,4,1,0
CTTGACAAGAAT_4,0,8,8,3,8,9,0,5,4,8
CAGCTCCGAAGC_4,5,0,9,8,9,5,6,7,2,0
ACTATTGTTCTA_4,0,5,4,1,1,3,6,6,3,3
ATAAAGTTATCT_4,0,6,2,1,8,2,2,2,1,5
GTCCCACTATAG_4,6,1,7,9,1,2,5,9,8,1
CGGCTATATGGC_4,2,4,4,6,1,6,4,7,0,9
AATCTAGGCGTC_4,1,3,0,8,7,4,1,3,2,0
CTCGAGGTCTCA_4,7,1,4,4,4,2,9,9,9,9
TCCAAAGCACTG_4,6,5,7,9,5,1,7,9,7,5
ATTGTCTATCAC_4,1,9,9,5,9,5,2,3,2,9
CACCAGTCACCC_4,9,6,9,0,2,4,8,9,9,1
ACTATTGTTCTC_4,4,9,8,3,1,2,9,3,4,5
TGCTGCTGTATA_4,4,1,4,3,3,2,7,9,3,8
GGGCGCCTAGAT_4,2,0,2,7,0,4,4,2,8,0
GCCCCCAAAAAT_4,3,9,6,5,2,7,1,9,7,4
GTAACCACGGAT_4,4,6,6,1,1,2,4,0,8,3
TGTAAGTGGGGC_4,6,6,9,6,5,0,8,1,3,1
CCCGTGTCGCAT_4,2,9,9,1,4,3,1,2,3,0
TTAGCCGTGGCC_4,3,2,0,5,2,1,2,3,1,4
CGACTGGTCGGT_4,6,2,1,9,3,8,7,5,3,3
AATTTTGTCATA_4,2,7,9,3,8,9,9,7,3,8
CTTCCTATGGCC_4,8,6,2,3,0,9,3,6,3,5
GGGATAGTCCTC_4,3,3,9,8,2,1,2,3,7,4
ATCCCGAGCCCC_4,7,1,3,3,5,6,5,0,3,5
CCGCGGCGAATG_4,7,1,1,6,0,6,2,6,4,3
GTATCGGCCATT_4,6,4,9,8,7,1,2,6,2,4
ATCATGTGACTA_4,4,7,1,6,3,2,4,9,3,5
CGTGTTCCCGGA_4,2,2,9,9,3,6,8,8,5,3
GAGCGCAGAAGC_4,0,5,4,1,3,0,3,1,4,1
ATATCTAACTCG_4,3,3,0,8,2,4,2,4,2,2
CTACTACTTGTT_4,0,8,7,0,2,7,0,8,8,8
AATGTACCGCCT_4,7,9,5,3,8,9,9,0,6,8
TTCGCTACGCGT_4,4,8,9,0,3,7,7,8,4,1
GCGACAGAGCAT_4,1,3,2,8,9,7,2,7,2,2
ACTGATCATTGT_4,6,4,9,2,5,6,8,5,6,3
TATCGCCTGAAC_4,8,8,8,0,3,0,9,8,5,5
CTAAACCAAGAC_4,7,4,5,1,8,0,8,5,0,7
TTAGTAATATAG_4,9,7,7,0,3,6,7,9,5,3
TTAGCCGTGGCA_4,2,3,5,4,9,2,5,4,3,3
CCCGTGTCGCAC_4,6,2,4,5,3,5,3,7,3,0
CTACTACTTGTC_4,8,2,2,3,0,7,9,9,6,5
AAAGGCCTACAT_4,9,8,7,0,1,8,3,0,7,1
GCCGCTATTAGT_4,1,0,0,5,7,1,1,3,1,0
CTTGCATTCGGC_4,3,3,0,8,2,5,2,4,2,4
TAGCCTTGAACT_4,8,6,8,1,4,0,9,5,4,5
TTAAGGAGGAGA_4,9,8,8,1,6,6,7,9,5,3
GGATCAAACGAT_4,3,8,8,3,8,2,7,1,3,8
ATCGAGCTCCCG_4,4,8,1,6,1,7,8,5,3,8
CCCGTGTCGCAA_4,5,9,3,8,4,5,5,7,2,7
ATCCCGAGCCCT_4,6,1,1,6,4,6,9,7,8,3
CTTTGAGCTGGC_4,1,3,3,8,7,4,1,3,1,2
GCTGGCGTAACC_4,5,4,4,6,1,4,2,2,6,8
CTAATGAGGGTT_4,4,6,9,9,5,2,7,1,3,3
GCGCGTGAAAGA_4,8,1,4,9,3,7,5,5,3,3
ACGCGGAACCCG_4,3,2,8,7,8,6,3,5,0,4
TGCGAGCCTCCG_4,7,2,8,0,5,6,8,0,5,6
CTACTACTTGTG_4,7,6,1,7,0,2,0,2,9,4
CCTAATATTTAT_4,6,2,7,2,4,0,8,1,5,7
AACCGGTCGCCG_4,4,8,4,1,5,6,6,9,5,6
GGTATTTAACGG_4,2,8,8,4,4,6,8,9,6,3
TTTGTATCCGTG_4,3,2,8,1,3,6,3,7,4,5
GCGACAGAGCAG_4,1,1,6,8,2,5,2,2,3,4
CACGTCTCGCTA_4,5,3,3,3,8,7,7,2,7,9
ATGCTGGGTGCC_4,6,2,8,3,9,2,8,0,9,8
TATGAGGAGAGA_4,1,9,0,8,9,5,5,3,2,0
GAAGGGTTAGTC_4,0,8,8,9,3,8,5,8,5,1
GTGGTACCGGGG_4,6,5,6,2,4,1,5,5,7,0
CTGGTGTTCGCA_4,1,3,6,5,2,1,1,4,2,8
TACCACATTCTT_4,9,7,9,3,0,9,4,2,0,3
TGCTCGATCGAT_4,4,1,4,2,1,3,5,9,4,7
GCTGGCGTAACT_4,1,4,3,2,8,5,2,5,9,4
AGCCCAACAGGA_4,4,8,4,4,8,0,7,1,5,3
AATCTCGTGGTG_4,4,8,7,3,3,6,3,6,6,3
GGCTACCTGCAT_4,8,2,6,6,4,3,5,4,7,7
TATATGATTGGC_4,7,1,6,3,4,7,6,2,0,5
AGGCGTGTGTGG_4,7,7,2,9,1,6,7,9,7,6
GCGTCTCTGAAG_4,2,1,9,2,3,1,6,4,4,7
TGAGTGTCGCGT_4,8,5,4,1,5,8,5,6,3,1
TAAAGCAAACCG_4,0,3,6,7,0,5,6,9,4,1
GCTGGCGTAACA_4,1,4,0,0,7,3,5,4,8,4
CGATGTCGGAGC_4,2,4,5,6,1,8,7,6,5,5
ATGTCTGCATCG_4,6,8,6,0,4,7,5,7,3,9
CTCCGAGTCACG_4,8,8,9,6,3,7,4,6,3,5
TCGACCCAGGCC_4,6,5,7,9,4,9,4,1,7,3
TAATATCCGGAG_4,3,7,5,4,6,1,1,4,9,8
GTAGTACGCAGA_4,1,0,5,5,6,1,1,3,1,0
TGCGCGTCGCCC_4,0,5,8,9,4,0,8,8,0,9
CTGTATCTGCGT_4,5,5,0,0,5,1,5,1,7,0
CGTCATACTGCA_4,3,0,9,7,9,5,1,3,2,0
AGACGTACTAAC_4,9,8,2,6,8,0,9,0,8,8
GATCGGCTGCGC_4,0,4,2,2,3,3,8,5,6,0
GGTCACTCGGGG_4,2,8,9,6,5,0,6,9,8,5
CGTCTGCTATCA_4,3,3,6,8,7,5,1,4,2,2
GGAACCAGGCCT_4,8,5,8,6,5,8,5,6,3,7
ACCACCTGAGTG_4,4,1,2,6,1,1,8,9,3,6
GACCCGCGTGAG_4,4,8,3,1,3,6,7,7,3,9
GTAACCTGATAT_4,3,3,0,5,9,5,1,3,1,0
GGCGGCATCCCA_4,0,1,4,2,0,6,9,2,8,3
CCCGAGTGATGC_4,6,5,1,3,2,7,7,1,6,8
TTCTATTGTGCT_4,4,4,8,0,3,6,6,8,4,5
TGCAGCGCGGAG_4,1,3,6,5,2,4,1,3,1,0
ATAGGGGCCGCG_4,7,7,8,1,5,8,8,8,5,9
CGCCTTATATTT_4,1,3,0,8,9,4,1,3,1,2
TTAGCCGTGGCT_4,4,4,6,0,4,9,0,4,7,4
ATATAGGTCGTG_4,2,7,5,1,8,3,4,9,6,7
ATATTCATATGG_4,0,5,3,3,4,7,3,4,3,4
TCGCAAACCACA_4,1,3,6,5,7,7,1,3,2,0
GCCCCTGCCTGG_4,0,2,1,9,4,1,5,6,3,5
TATGTGCACAAG_4,6,2,8,4,1,6,5,6,3,6
TCTACTGCTTGT_4,3,3,5,5,7,5,2,3,1,2
AAAGTTTAAGTC_4,8,0,6,9,3,8,6,0,7,8
GATCTGGGTGAG_4,6,8,2,4,5,3,0,7,9,8
ATCGCAGCCGAC_4,9,1,6,7,3,3,7,5,6,3
ACGCGGAACCCC_4,2,2,6,0,3,3,5,1,6,8
GTGTCAGGCCAT_4,2,8,5,5,9,1,7,4,6,0
ACCACGACCCAC_4,0,7,4,9,4,3,4,9,3,7
ACGCGGAACCCT_4,6,8,6,2,4,9,8,1,0,5
CAACGTATCCGG_4,2,8,3,4,5,3,7,7,4,5
CCGCGGCGAATC_4,9,8,2,6,3,6,4,8,9,3
GATAATTCTTAC_4,5,3,0,5,9,5,1,3,1,1
ATAACCGAGGTG_4,2,5,7,2,8,3,0,9,6,3
CCTTCCTATCGG_4,9,8,1,4,4,7,0,5,6,5
CCGGTTGCGCGA_4,3,5,4,4,9,8,1,4,4,5
TTATGTTGTGCC_4,7,1,1,2,4,7,7,2,8,3
CGCACTGTGATC_4,6,8,3,9,8,7,2,9,8,8
TTAATTAGTGCA_4,1,0,0,8,2,5,2,4,2,2
TGTCTCCAGCTT_4,3,9,3,5,7,1,1,3,3,1
ATCCCGAGCCCA_4,4,4,1,3,0,2,9,1,7,6
GTGGCGACCAAC_4,0,1,4,6,4,7,7,6,4,3
CCGTTCGGTGAG_4,0,4,3,4,5,2,9,6,3,5
CGCATTGAGCCT_4,2,1,6,7,4,6,4,6,3,3
GATCGGCTGCGG_4,2,4,4,5,5,1,2,9,3,5
ACCTAATAGAGG_4,8,2,4,0,5,0,9,6,7,5
GCGACAGAGCAC_4,7,3,2,7,0,1,1,2,6,0
GCGACAGAGCAA_4,5,0,1,8,2,1,1,1,2,0
ACGAGCCATGTA_4,3,3,6,5,2,4,2,3,2,0
AGTCAGGAGCGA_4,1,3,9,8,7,4,2,4,2,0
ATATCGAACCAT_4,8,0,6,6,0,0,8,9,4,1
CAAACTGGCCCT_4,3,3,0,3,3,2,9,4,8,7
ACACTATCCGGT_4,2,0,0,8,7,1,1,4,1,2
AATAGTATATTC_4,7,5,8,2,1,3,9,2,5,3
AACGGCACCGAT_4,4,1,4,1,5,6,7,9,9,5
CCAGTGGGGGGC_4,0,1,7,2,3,2,9,9,8,3
CGGGTCCTCCCA_4,8,7,2,0,5,3,5,6,0,6
GGAATCATAGGC_4,1,0,3,8,7,5,1,4,9,0
ATGCCGCCAATG_4,3,8,3,9,2,1,8,5,2,5
GAGACCGGGAAC_4,8,8,8,6,5,0,0,9,0,5
ACACGTTATGAC_4,6,6,4,4,5,3,8,9,4,5
TTACTGTGATGA_4,9,8,8,2,8,7,3,6,7,5
AGCCATCTCTAA_4,1,3,0,8,7,8,1,3,0,0
GTCAATCGGGCT_4,1,9,5,4,9,7,5,4,2,4
