,0,1,2,3,4,5,6,7,8,9
ATGCACCGCTTA_4,7,3,9,0,4,6,7,2,1,2
ATACCTACAAAC_4,1,5,7,6,6,3,8,9,1,5
ACCCAGCTACAG_4,6,3,9,3,5,7,4,5,4,2
AAAAATCTCTCG_4,6,2,9,9,4,1,8,9,6,0
GTGCAATTAAAT_4,3,5,5,3,6,1,0,9,7,0
TAGACGCGCATA_4,3,4,2,5,8,3,8,3,5,1
CAGTGGTTAGCG_4,4,0,3,7,8,0,5,0,0,0
TAAAATGCCCAC_4,3,9,7,5,1,6,8,9,6,1
TGGAGGCTCTCT_4,6,3,4,4,6,1,2,9,7,6
ATAGCGCACTTT_4,3,3,0,1,1,3,4,6,4,1
CCCTCTACCGGC_4,1,3,8,6,4,1,7,1,5,9
ATATATTTCCTA_4,6,7,9,4,3,2,3,7,7,6
AGTACCTGAAGC_4,1,9,8,1,2,3,4,1,1,1
TTCGCCAACCGT_4,3,1,2,1,5,5,7,3,7,9
TTATGGTCACAT_4,8,9,7,5,1,1,4,3,1,3
CCCAATTAGACG_4,4,7,4,1,9,8,9,1,8,6
CAGTCAAGACTA_4,0,3,4,2,4,1,4,1,7,5
ACCCAGCTACAT_4,3,3,4,1,3,4,7,5,4,4
CAGCCTCTTAAG_4,2,2,3,7,0,7,5,9,2,0
CTCTGCCGTTAG_4,6,3,4,2,4,2,4,4,1,9
CCTCCGCCGACC_4,4,0,5,0,6,1,2,3,2,3
TGCCCCGTAGGT_4,3,9,2,1,2,3,4,4,6,1
AGTGCGGCCTGA_4,7,7,9,4,9,4,3,2,4,6
TCTAGCAACGAC_4,6,6,7,9,0,9,8,7,2,3
TAGAAAGACGGC_4,2,2,4,2,3,2,3,1,4,6
ATAATTAGACAC_4,2,4,5,9,7,5,1,0,0,0
AGGATTTTGGCA_4,5,7,1,1,4,1,4,5,8,6
ACCCGTTTGCCA_4,1,1,6,0,1,5,7,5,0,9
CACACCAAGTTA_4,2,0,7,7,7,3,8,9,6,3
CCGACATGCAGA_4,8,4,0,8,5,6,7,5,9,8
GCGCCCAGTCAC_4,0,9,0,1,1,8,5,8,7,2
ACTCACTGGTCT_4,5,1,4,2,1,4,8,6,5,5
ACACAGCGATCT_4,2,0,3,7,7,7,8,9,2,5
GGCAATCTATCA_4,8,6,0,0,5,2,6,6,0,5
ACCCAGCTACAC_4,6,3,8,2,3,0,4,4,6,6
TACTAGTTCTCG_4,3,9,2,8,5,2,2,6,7,9
CCGGGACCACGT_4,1,1,7,3,2,5,4,5,7,9
AATTGATCCTGT_4,5,6,9,3,2,2,8,1,6,0
TAGCGAATAGGC_4,8,8,5,3,7,2,5,9,3,5
GCACAACATATT_4,5,2,4,5,1,1,4,4,6,3
TACCGCAATCTC_4,4,5,7,8,4,3,8,9,5,4
TTGACCCGCACT_4,6,7,4,6,2,3,3,2,6,6
CAGTGAGCTCGT_4,8,3,8,1,8,1,2,2,4,6
TGCACGAGGTAT_4,2,0,5,7,0,7,8,8,2,0
GCATGGCTTCTT_4,4,4,3,9,0,0,7,0,0,8
GTACATAGTGAA_4,3,8,7,7,7,2,8,9,2,0
TTACCATTTCTG_4,1,9,7,4,1,2,4,9,5,1
AACAGTTCCTGG_4,7,1,2,5,1,1,4,7,7,5
ATCATTTGAACA_4,8,1,0,2,9,5,8,5,0,3
GCGGGAGCATGC_4,3,9,7,1,5,3,5,9,0,0
GTATAAGCGACC_4,4,6,9,3,8,3,4,6,1,1
GTTTACAGAGAT_4,6,6,9,5,3,2,8,9,4,6
GGCAACGGAGAC_4,8,4,0,6,6,6,7,8,5,1
AGGCCCCTGCTG_4,3,4,2,6,4,3,7,5,0,8
AGCAGAGTCCAA_4,4,5,0,7,1,5,8,6,0,0
GCGTTAAGCTGG_4,7,1,6,8,4,3,4,4,1,3
AATATTCATCTG_4,3,8,3,7,7,2,5,0,2,0
TATCTGCACACG_4,1,3,4,4,2,5,4,6,8,3
TATCCACCCCAA_4,5,9,4,8,5,4,4,2,4,5
TACCGCAATCTT_4,3,5,7,0,4,2,4,9,6,1
TACCTTGGGTAA_4,5,9,4,1,8,6,4,7,6,5
TAACGCAGCCCT_4,5,3,1,1,2,3,0,2,8,2
TCGCCTAGAGGA_4,4,7,9,4,2,3,4,6,6,1
TCGTAACCTACC_4,6,7,9,4,3,2,4,7,4,6
TCACGCGAAATT_4,5,9,2,7,1,5,0,5,6,3
ATAATACGGGGC_4,6,7,1,4,3,2,3,9,6,6
TCAGACCATACT_4,1,0,5,3,4,8,5,8,2,0
ACCCAGCTACAA_4,4,3,9,2,4,1,4,1,7,2
AACTGCTAAGAT_4,2,2,7,5,1,2,8,0,0,2
CCGCTTGGAGGA_4,2,0,5,7,4,3,5,8,0,0
CGCCCCGACGGA_4,1,4,3,0,7,0,1,8,5,0
GCGATATTCATT_4,9,6,3,9,7,1,1,9,2,7
ACAGGTCCCCTG_4,5,6,1,3,4,3,4,4,5,9
ATGGCTGAAGTT_4,4,3,8,1,8,8,4,5,1,9
TGAGTTGTACCC_4,8,4,6,0,5,8,1,3,5,8
AAGTTGTCCGTT_4,3,8,7,4,5,2,4,4,6,5
CCGCATTCACGC_4,0,4,0,0,1,5,5,5,5,2
AGTCTGTGAGGC_4,8,7,6,5,1,4,3,3,8,1
CTGATGTTTATC_4,2,0,3,7,7,0,5,0,2,0
TCCAGCGGCAAC_4,3,3,8,4,1,7,4,5,1,9
ATTAATCATCAA_4,2,5,4,7,3,2,4,8,2,0
CCTGTCCGGCGG_4,3,1,5,5,8,3,7,6,3,2
TTTCATGCTAAC_4,4,3,0,6,5,6,4,2,6,3
TTGGAGAGCCGT_4,8,1,0,3,4,6,4,7,1,1
GCATTTTATCAA_4,9,0,8,7,4,3,2,6,0,0
CCTACCATCTAC_4,9,8,3,7,7,8,8,8,2,0
TTTATATCGAGC_4,5,7,1,1,3,7,3,2,6,6
CGAATTATCATT_4,7,5,4,2,3,4,9,4,6,2
GAGAGACCGCCC_4,7,5,2,5,8,6,4,6,2,5
TACCGCAATCTA_4,5,9,7,5,5,3,4,6,6,3
GTATGGTAGCAT_4,2,0,4,3,7,2,8,9,2,0
GGCCGCCGCACG_4,8,4,0,8,8,6,2,5,5,3
GCCGTGTCGTTG_4,7,6,4,0,8,5,9,6,7,9
CTATAGGAGGTC_4,6,0,7,5,1,7,8,5,2,4
GCAGTTCGATCG_4,0,6,8,3,4,6,2,4,8,5
GCTAATGACAGG_4,0,3,2,5,1,2,0,8,5,5
TATGTACCTGGT_4,3,5,6,5,6,1,4,9,1,3
CCAGCAAAATTG_4,3,1,7,5,1,4,6,8,7,3
CTCGCCTCGAAC_4,2,6,3,7,0,5,1,0,0,0
TTATCCAAGTAA_4,1,8,6,8,8,4,0,6,7,9
GAAACGGGATTC_4,4,7,5,4,3,1,9,2,6,6
GGCGACACCGGT_4,5,7,4,0,2,1,3,1,8,0
TGTCGAACCCAC_4,5,3,3,4,2,2,9,1,0,6
ACTATTTGACTG_4,4,6,2,5,5,3,2,6,5,8
CTAACGGATTCT_4,3,1,6,6,1,6,8,5,7,1
GAGTGGCAAGAG_4,8,1,5,5,4,2,4,3,1,9
ACTATTTCCGGT_4,2,8,3,9,0,7,1,0,3,0
AGTCATTGGTAA_4,6,8,1,4,3,4,4,5,6,5
TACGGCACCGGT_4,3,6,6,8,9,4,8,3,5,3
GTATTGCAACAG_4,2,0,3,9,7,3,5,8,2,5
CCAAACGTTGCC_4,7,6,0,0,8,5,4,3,1,3
CTAACCCAGAGT_4,6,7,9,1,3,2,0,4,6,6
GTATCAGTTGCG_4,5,0,6,7,1,1,8,9,2,7
GTTCGACACGAT_4,3,0,2,7,8,4,2,9,7,4
TGGTTTCGTGGT_4,4,9,7,2,8,1,4,5,5,3
AGACGAACCCCA_4,3,1,2,1,4,5,4,6,1,9
TGAATAAGGAAT_4,3,2,7,1,8,7,5,6,6,5
TGGCGCTACCGG_4,9,0,5,0,7,5,8,1,2,0
GCCACTCGCGCT_4,7,2,0,9,4,5,4,0,0,3
TACGCGTGCTAT_4,7,0,5,5,1,3,8,6,2,0
CCGCTTTCCCTC_4,5,2,3,9,9,2,2,6,2,0
TTAACGGATCAT_4,8,1,7,4,4,0,2,9,1,5
CCTTCAGCGCTA_4,8,9,0,8,4,2,7,1,9,3
TTATCACGCCTT_4,3,8,5,8,7,0,1,6,2,5
GCCCGTACCCTA_4,2,0,3,7,7,0,1,0,3,3
GATTCGGACCCT_4,6,5,1,1,8,6,9,1,0,1
ATCCAAGTAAGT_4,6,5,7,6,9,2,4,7,6,5
GTGCGGCTACGT_4,5,3,4,4,9,3,9,4,6,6
GCCGTTTAATTT_4,8,4,5,1,9,8,4,1,5,5
TAAGTGTAGTAT_4,5,2,7,7,7,0,1,9,2,0
ACACCCATCTTA_4,5,5,8,5,2,8,4,6,6,5
GGAGTGTTAAGC_4,1,8,7,3,1,5,6,5,7,9
CCAATAGCTACT_4,7,5,6,6,2,8,2,1,4,4
CCCTCCAAGAGA_4,2,0,3,7,7,7,5,9,2,7
CGGGTACGATGG_4,3,9,2,1,5,4,6,5,1,1
AGTGGCTCCCCC_4,1,2,5,7,4,3,5,8,2,0
CCAAATCGTTTG_4,6,7,9,1,3,4,9,2,8,6
CCCGATCTATAT_4,4,6,8,8,2,6,7,3,5,8
AGTAATGAGGTG_4,3,8,2,5,9,3,0,8,7,3
CGGCCTTCAACG_4,8,6,4,8,6,8,6,3,7,1
TACTTTGGCAGA_4,5,7,9,2,3,7,3,2,4,2
TGGCCCCCACGA_4,1,6,8,9,9,5,4,5,5,9
TCCACATGGGGC_4,9,5,4,2,3,1,6,7,4,4
CACATCCACGAC_4,5,7,9,1,3,1,3,1,4,4
CGACGTCTGGGA_4,1,4,5,7,4,5,1,8,3,0
TTTCATATTACC_4,1,7,4,4,4,1,7,4,6,5
CTGGCTCACTAG_4,6,7,1,4,9,8,8,7,8,6
TCTACAGTACAA_4,6,3,4,4,2,1,3,1,4,4
CGGTTTCGACTG_4,7,6,0,0,9,5,7,7,7,3
ACCGCCCGAATC_4,3,2,8,6,6,2,2,4,5,9
CAGCCGATAACG_4,8,4,0,8,5,5,7,3,7,8
TCCGAAGACAGG_4,5,5,6,6,0,6,8,4,4,1
TCCGTAAGACCG_4,3,5,0,2,4,3,6,6,5,3
GATGCTGAAGAG_4,5,3,8,3,3,4,4,6,6,3
TGGCTGTTCTCC_4,9,3,4,2,3,7,8,8,8,3
TTGAACTAGCGA_4,5,2,0,8,4,3,7,4,6,5
CTGGAGATATGC_4,8,4,0,8,1,1,2,5,5,1
CAGACCATCGCT_4,2,2,3,7,0,8,5,9,2,3
GAACCCGCAACC_4,1,5,7,7,1,2,8,8,1,0
GGTGCAGGATTG_4,3,9,7,6,5,7,8,5,5,1
GCGTCGTAGTTG_4,2,8,3,6,0,8,5,0,3,0
GTAAGGTTCACC_4,8,4,0,8,5,6,2,7,9,8
GGAGACAAGTAC_4,9,6,8,1,8,0,2,5,7,4
GACTACGTGTCA_4,5,1,2,9,8,3,7,0,5,9
GATCCAGACTAA_4,1,0,3,7,0,2,1,0,2,7
CTCACTAATGAT_4,8,8,3,7,0,3,8,9,0,3
GCTCCCATTCTG_4,3,6,8,2,4,1,7,4,4,9
AACGTTGCAACG_4,6,7,9,2,3,3,3,4,6,6
GCACCTTTAAGC_4,0,2,3,9,0,8,1,8,2,6
AAGCTGCAATAA_4,1,6,6,2,9,6,9,3,7,9
GGACGTGCAGAT_4,1,1,2,8,5,1,7,3,7,1
AATGGCCCTACG_4,4,1,6,8,4,5,2,7,7,1
CCCGGTCATGAT_4,4,1,4,1,1,6,5,6,6,9
CTCCTCCTTGCC_4,3,6,5,8,5,9,6,1,4,5
GGCCAGATTGCC_4,4,7,4,2,3,1,3,8,8,2
GGTTAGGCAATG_4,3,5,8,3,1,1,4,5,6,5
CAGCCGAAGACT_4,5,7,4,3,5,5,6,1,4,4
CTTTAAATACAG_4,3,5,2,3,4,9,6,5,4,9
CGTCGTCTACCT_4,2,0,5,7,7,8,1,0,3,5
GCACTGGGCAGT_4,5,1,4,2,1,4,6,6,1,3
TTTGTGTGACGT_4,5,3,9,4,3,4,3,2,4,6
CGATCCACTTCT_4,2,2,3,7,0,0,5,9,3,0
CCGAAAATGAGT_4,2,8,3,7,0,3,1,8,3,3
GCACACGTTCAC_4,8,1,0,3,4,6,2,1,9,9
CGCCCACCGCGT_4,7,6,2,3,1,6,7,6,1,1
GCAGCGGCGGGA_4,8,5,6,8,9,2,4,6,7,4
TTAGCCGTGGCG_4,9,8,0,6,9,8,6,9,5,0
CCTGCTCGATAA_4,8,8,8,3,5,9,6,3,9,4
GCGGACGTATCA_4,8,8,0,9,6,0,7,6,5,5
TAGAGGTGAACG_4,0,5,0,3,1,9,4,7,7,1
GTTGCAGTTCAC_4,7,5,5,6,8,0,7,8,5,9
TGCGACGACATG_4,1,1,6,5,1,6,6,7,5,8
GAGCCGCCACGC_4,5,1,2,3,5,8,0,7,7,5
ATGCATATAATG_4,0,9,7,9,7,2,8,9,2,5
CTTTCTCTTCCG_4,2,8,3,7,7,0,1,9,3,0
AATCATCTGCGG_4,4,5,2,5,8,8,4,9,7,5
GACAAAACGGCT_4,0,2,7,3,9,3,4,0,2,4
ACAGCGTAACCT_4,6,3,6,9,9,7,0,8,4,7
GTACACCGGTCA_4,4,3,0,6,5,6,7,8,5,1
AATCAGTCAGAG_4,7,3,1,2,3,4,3,6,8,2
CTCTAAGAAGCC_4,0,2,5,5,0,4,8,8,7,5
GGTGCAGGATTT_4,1,8,7,4,4,7,8,6,4,3
CTACTACTATGT_4,8,9,0,4,5,2,2,5,8,2
CTTGAAAACGCG_4,1,5,2,3,9,6,6,4,5,1
TTTGAGTGTCGA_4,8,6,0,0,1,5,7,4,9,9
AAGTTGTAACGT_4,2,8,3,7,7,0,1,8,3,0
CCCCCCGCCCAA_4,8,9,5,9,4,0,5,6,3,5
CTGTTGAGATCC_4,9,0,0,6,8,8,8,7,2,0
GGTGCAGGATTC_4,3,5,2,5,4,7,8,5,7,4
GCGCTTAATATA_4,5,7,9,2,2,4,4,2,4,6
TACGAGCCCATG_4,1,6,5,0,4,6,5,8,2,3
TTTGATCTGCTT_4,4,1,8,8,1,5,0,8,0,8
TAATATCCGGAA_4,0,0,4,8,2,9,1,6,4,7
TTAGCGTTCAAC_4,0,1,0,3,8,4,6,7,5,1
ACGCCTTAGTCC_4,6,7,9,5,4,7,8,7,1,6
GACAGAGTGACA_4,2,2,3,7,7,3,5,9,2,7
ACTGCAAGTTGT_4,6,3,9,1,3,8,0,2,6,6
ATCCCATGCTAT_4,8,1,9,9,2,8,4,1,8,6
TACCTTTGCCCT_4,7,3,1,0,0,5,2,6,0,2
CCCAGTATCCGT_4,5,7,1,1,2,1,0,6,8,6
GAGGCGGTAATG_4,1,3,4,2,9,8,8,6,2,3
CTAAGCAGAGGT_4,7,7,8,8,4,0,4,4,4,1
CCCGTGTCGCAG_4,0,3,4,3,4,8,1,8,2,2
CCCCAGGAAAGG_4,0,5,0,9,4,7,0,8,7,0
AAACCACCCCTA_4,8,4,2,3,9,6,7,3,5,2
TGCGCATGGGAT_4,0,0,8,7,5,2,8,9,4,5
TTGGATCCACTG_4,8,1,0,3,1,5,4,3,9,7
GGGAAACGAGCA_4,3,3,4,4,4,6,4,4,1,6
CACATTGTAGTG_4,1,9,7,2,5,9,4,7,5,5
CAATAAACAAGA_4,4,9,8,3,5,4,7,5,0,1
AACCGGTCGCCT_4,7,3,2,4,3,2,0,1,4,2
CGGCTTCGCAGA_4,3,5,6,2,6,4,4,4,1,5
CCTAGTATTGTC_4,0,0,3,3,0,0,1,9,3,0
TTCTATTGTGCG_4,5,7,4,1,3,9,3,8,0,6
CCAATAACAATT_4,0,2,7,7,0,0,8,0,3,3
TTGGTATTCACG_4,9,8,3,7,0,7,5,9,1,3
GTAGTTGAAAAG_4,7,1,2,5,3,4,3,6,6,6
AGAGACCTTCAG_4,1,2,0,2,6,6,2,3,5,9
ACAAAATGATTA_4,8,9,7,8,5,7,4,4,1,9
CAAGTCGTAGTT_4,2,8,3,7,4,8,1,0,2,5
ACACCTTTGGTC_4,8,1,2,1,6,6,6,5,5,8
CGAACTGGAGTG_4,4,1,1,5,2,9,0,7,1,1
ACTATTGTTCTT_4,6,3,4,1,2,8,4,1,1,9
ACGCCTGTACAA_4,6,9,9,2,4,8,3,4,1,3
GCCTAGGTTTCT_4,5,7,1,4,3,8,0,1,8,6
CACGCGCTTACA_4,8,4,2,5,5,6,2,5,0,8
GATGCTGAAGAT_4,5,3,9,1,2,2,4,7,6,4
GGCTTGGCGGCA_4,5,5,6,0,1,1,0,2,7,4
TACTATTCCTGC_4,4,3,1,1,6,5,9,7,6,4
CACGGCTCCTTA_4,7,9,4,2,2,6,3,5,0,9
GTTAGCAATCGT_4,6,7,1,2,6,2,9,7,8,4
ACTTTCACCACC_4,3,0,2,6,5,7,6,5,7,7
CTCCCATCGGGG_4,5,7,1,4,3,4,0,1,4,6
TTCTATTGTGCA_4,4,3,9,1,6,8,4,2,4,3
ATGACGCTAAGA_4,4,2,7,4,4,8,0,5,8,2
CCTGCAAGCGTG_4,4,3,9,8,2,5,2,7,0,4
TACAGAAACGCG_4,5,8,4,3,5,2,6,4,1,1
TCCCAGCAATCT_4,1,4,6,3,4,5,7,6,9,8
CCCAGCTATAGC_4,0,1,2,5,5,6,6,6,5,5
ATTAGATAACAC_4,3,6,9,8,9,8,2,5,5,7
GGAGTCATACGC_4,0,9,0,0,2,6,0,2,0,8
AATTAACCCACC_4,1,5,8,5,1,6,8,4,5,3
GCCAGATAGCGG_4,6,7,9,1,3,4,9,2,8,6
TAGGACCCAGCT_4,7,7,4,2,8,8,4,7,1,9
ACCTCCTATCCA_4,4,9,6,0,9,5,4,4,0,1
AAGGACCGATGT_4,0,4,7,2,5,5,7,7,9,5
ATGCGGTCACTC_4,3,5,0,1,9,6,6,7,7,1
GGGGCCACCACG_4,9,0,5,9,4,3,8,0,3,9
GATGCTGAAGAC_4,4,3,4,5,4,7,4,7,8,3
CTAAAACAGCTA_4,9,0,2,5,8,2,8,4,5,7
GGCGCTGGTAAG_4,3,1,4,3,1,9,2,4,1,7
TCACCGGGATCG_4,8,4,0,8,6,6,7,5,9,8
CGATTGAGATAT_4,5,6,6,1,1,1,9,5,0,9
TTGACGCAGTCT_4,2,0,3,7,1,7,8,9,2,7
GAGGACGTCCCG_4,4,3,8,4,4,5,9,4,8,1
GTTGTAAGGCCA_4,1,4,0,8,8,8,7,3,5,8
AAGACGATATCG_4,6,7,4,4,3,4,9,1,8,6
TTCCGGGGGCCC_4,7,3,4,0,2,2,8,7,1,9
ATTGTAGCTAAA_4,7,1,2,1,2,8,2,6,1,5
GGGAATAGATCA_4,2,8,3,7,7,3,8,9,2,5
TTAGCCACGGGT_4,7,9,0,8,1,8,4,1,5,9
AGACGTCGTTAT_4,9,1,6,5,6,9,2,9,1,7
CTAGCCAGCAAC_4,2,2,3,7,0,0,1,9,3,0
TACGTCTTTCGT_4,0,8,7,6,8,9,6,1,5,1
TAATATACGTCT_4,4,9,0,1,9,8,9,3,5,8
GGTGCAGGATTA_4,3,5,7,5,8,7,4,9,7,3
ACCTTGAACACT_4,5,7,9,4,2,7,3,4,6,4
GTAGCGTGGGGG_4,5,1,2,2,1,6,2,4,4,2
TTCTATTGTGCC_4,3,5,4,4,2,8,3,2,8,6
ATCCCGAGCCCG_4,4,7,1,2,3,4,9,2,8,2
TGGTAAACTATT_4,2,8,0,7,2,0,1,9,2,5
AGGAACGTTCTG_4,3,3,9,5,8,2,6,8,6,5
TCAATCCGCAGT_4,2,0,3,0,7,3,1,9,2,7
GCTGGCGTAACG_4,9,6,5,5,7,3,1,8,6,0
AATCTCTATCGC_4,4,6,0,1,8,1,0,7,5,5
AGTTGCATCAGT_4,6,5,1,2,3,4,9,2,6,6
GCTAACTAGTAT_4,1,4,6,0,0,0,7,3,0,8
TTGACTACTCGA_4,4,9,8,6,1,3,6,8,6,0
TGTCCAATATGA_4,0,2,3,5,4,8,5,0,3,0
CTGACGCCCTCG_4,9,4,3,0,4,5,1,3,9,3
GATGCTGAAGAA_4,3,3,9,2,2,7,3,3,5,2
CCGCTATTGTCC_4,6,7,1,1,3,7,4,2,8,4
ACCGTTCTCTTA_4,7,9,2,5,1,1,6,4,5,9
GTAAACCCGGGG_4,3,1,1,3,5,7,6,7,4,1
ATCCAGAGCAAT_4,7,6,6,6,6,6,1,3,5,9
AACCTCCCGCTC_4,2,8,5,6,0,9,5,0,1,0
CTTGACAAGAAT_4,5,9,8,5,4,1,6,4,9,5
CAGCTCCGAAGC_4,2,2,5,7,7,0,5,9,3,7
ACTATTGTTCTA_4,9,3,4,2,0,3,4,1,0,2
ATAAAGTTATCT_4,3,9,7,5,5,7,6,3,1,1
GTCCCACTATAG_4,3,9,6,6,5,3,2,5,5,4
CGGCTATATGGC_4,6,1,1,4,8,2,3,2,6,4
AATCTAGGCGTC_4,9,0,7,7,7,9,1,0,0,0
CTCGAGGTCTCA_4,8,9,8,8,1,7,4,4,5,5
TCCAAAGCACTG_4,0,1,2,8,6,6,4,3,1,9
ATTGTCTATCAC_4,9,8,7,5,0,8,1,0,3,5
CACCAGTCACCC_4,3,1,2,5,2,3,6,7,7,7
ACTATTGTTCTC_4,7,3,6,8,9,3,3,4,8,2
TGCTGCTGTATA_4,6,7,4,4,3,2,3,2,8,2
GGGCGCCTAGAT_4,6,2,9,4,0,2,0,8,4,6
GCCCCCAAAAAT_4,0,0,6,0,0,5,5,8,2,9
GTAACCACGGAT_4,6,3,9,4,3,4,0,1,1,6
TGTAAGTGGGGC_4,1,5,8,1,2,5,7,5,5,5
CCCGTGTCGCAT_4,9,6,5,3,7,9,1,0,5,2
TTAGCCGTGGCC_4,3,8,3,5,4,2,1,3,5,5
CGACTGGTCGGT_4,8,1,6,6,2,1,6,7,9,1
AATTTTGTCATA_4,4,7,1,4,4,3,4,2,8,6
CTTCCTATGGCC_4,5,5,2,0,5,7,6,7,1,9
GGGATAGTCCTC_4,0,8,3,9,7,0,5,9,3,9
ATCCCGAGCCCC_4,6,7,4,2,3,8,9,2,8,2
CCGCGGCGAATG_4,5,7,1,1,3,4,4,4,8,6
GTATCGGCCATT_4,2,4,5,0,6,5,7,0,0,5
ATCATGTGACTA_4,6,3,4,1,2,4,3,1,4,4
CGTGTTCCCGGA_4,7,9,9,1,3,9,7,2,5,6
GAGCGCAGAAGC_4,0,5,4,8,9,4,8,3,4,4
ATATCTAACTCG_4,2,8,3,7,7,3,5,9,3,7
CTACTACTTGTT_4,3,5,8,8,4,6,0,5,7,2
AATGTACCGCCT_4,8,9,8,0,5,4,6,7,1,4
TTCGCTACGCGT_4,7,1,6,8,1,6,6,7,5,1
GCGACAGAGCAT_4,9,2,5,5,7,3,0,4,2,0
ACTGATCATTGT_4,9,7,1,2,4,4,3,2,4,4
TATCGCCTGAAC_4,8,4,6,8,9,9,7,5,9,8
CTAAACCAAGAC_4,6,6,9,1,9,2,0,4,7,1
TTAGTAATATAG_4,3,7,9,1,8,4,3,2,8,4
TTAGCCGTGGCA_4,3,6,5,3,5,8,5,8,2,0
CCCGTGTCGCAC_4,8,2,2,9,8,1,1,3,2,2
CTACTACTTGTC_4,9,5,5,5,5,1,4,5,6,9
AAAGGCCTACAT_4,7,4,6,2,5,8,2,5,5,4
GCCGCTATTAGT_4,2,8,3,7,8,5,1,8,2,5
CTTGCATTCGGC_4,0,8,3,7,7,9,8,0,3,7
TAGCCTTGAACT_4,0,2,2,6,8,8,6,5,1,1
TTAAGGAGGAGA_4,7,7,6,2,4,1,3,2,7,6
GGATCAAACGAT_4,3,1,2,6,6,6,2,5,5,9
ATCGAGCTCCCG_4,4,7,9,4,2,5,9,2,8,2
CCCGTGTCGCAA_4,9,8,4,0,0,3,5,1,2,5
ATCCCGAGCCCT_4,4,3,4,2,3,8,3,8,8,2
CTTTGAGCTGGC_4,9,8,3,9,7,7,5,9,3,7
GCTGGCGTAACC_4,9,2,5,5,4,3,3,0,6,2
CTAATGAGGGTT_4,7,9,2,8,8,4,0,1,5,4
GCGCGTGAAAGA_4,7,3,6,3,8,9,2,5,0,8
ACGCGGAACCCG_4,0,6,6,6,7,6,7,7,0,3
TGCGAGCCTCCG_4,3,1,0,5,2,6,6,6,5,1
CTACTACTTGTG_4,4,5,7,8,8,4,0,5,9,1
CCTAATATTTAT_4,5,4,0,8,5,6,6,5,9,9
AACCGGTCGCCG_4,5,3,9,3,2,9,3,2,5,1
GGTATTTAACGG_4,9,1,7,1,2,3,8,1,7,4
TTTGTATCCGTG_4,6,0,5,0,3,2,5,4,0,1
GCGACAGAGCAG_4,0,6,3,9,0,2,5,9,2,0
CACGTCTCGCTA_4,9,8,2,3,2,9,6,7,1,5
ATGCTGGGTGCC_4,1,8,8,5,8,9,7,4,7,3
TATGAGGAGAGA_4,7,8,3,7,0,5,0,3,0,0
GAAGGGTTAGTC_4,1,4,8,0,9,0,7,5,5,8
GTGGTACCGGGG_4,8,6,2,0,2,5,1,4,1,1
CTGGTGTTCGCA_4,0,2,3,9,0,7,5,6,0,7
TACCACATTCTT_4,6,9,2,5,4,9,6,1,7,4
TGCTCGATCGAT_4,5,7,6,4,6,4,9,7,6,4
GCTGGCGTAACT_4,2,0,5,7,9,3,1,9,3,0
AGCCCAACAGGA_4,8,5,0,0,6,9,2,6,4,7
AATCTCGTGGTG_4,4,7,1,2,4,1,9,1,4,4
GGCTACCTGCAT_4,1,1,0,8,6,5,7,3,9,8
TATATGATTGGC_4,5,9,5,0,5,8,0,3,9,4
AGGCGTGTGTGG_4,4,3,6,3,8,6,3,1,7,1
GCGTCTCTGAAG_4,7,5,5,1,4,8,3,7,8,4
TGAGTGTCGCGT_4,1,4,0,6,5,5,7,3,9,8
TAAAGCAAACCG_4,4,3,8,7,4,1,9,8,3,2
GCTGGCGTAACA_4,4,5,5,0,4,0,1,8,6,0
CGATGTCGGAGC_4,7,4,6,8,2,9,7,7,7,5
ATGTCTGCATCG_4,7,1,8,6,4,5,0,8,0,2
CTCCGAGTCACG_4,5,7,4,4,3,6,4,7,6,4
TCGACCCAGGCC_4,6,7,4,4,2,4,9,8,4,6
TAATATCCGGAG_4,9,0,5,6,5,9,6,3,7,2
GTAGTACGCAGA_4,2,2,8,9,7,8,8,4,3,7
TGCGCGTCGCCC_4,0,6,6,8,1,9,2,3,7,3
CTGTATCTGCGT_4,4,7,0,0,0,0,7,6,0,5
CGTCATACTGCA_4,0,0,5,0,0,8,1,8,0,0
AGACGTACTAAC_4,3,1,2,8,6,3,2,3,7,2
GATCGGCTGCGC_4,0,2,6,8,8,9,9,4,1,7
GGTCACTCGGGG_4,6,5,1,2,3,5,4,6,8,1
CGTCTGCTATCA_4,9,8,3,0,0,0,1,0,3,7
GGAACCAGGCCT_4,1,4,8,8,5,5,7,7,9,8
ACCACCTGAGTG_4,8,4,5,9,6,9,6,4,9,8
GACCCGCGTGAG_4,5,7,6,0,1,9,9,1,8,6
GTAACCTGATAT_4,2,0,3,6,7,3,5,0,2,0
GGCGGCATCCCA_4,6,7,1,2,9,1,0,2,8,6
CCCGAGTGATGC_4,9,1,9,5,0,9,0,8,5,3
TTCTATTGTGCT_4,7,7,6,1,6,3,3,4,8,2
TGCAGCGCGGAG_4,0,2,3,7,0,0,5,0,2,7
ATAGGGGCCGCG_4,7,1,6,8,5,6,4,5,9,9
CGCCTTATATTT_4,2,2,3,9,7,2,5,0,3,5
TTAGCCGTGGCT_4,2,9,5,1,9,0,8,8,0,7
ATATAGGTCGTG_4,5,2,8,2,3,1,3,9,6,6
ATATTCATATGG_4,1,2,0,2,2,7,8,7,1,9
TCGCAAACCACA_4,2,0,3,9,0,7,1,8,2,0
GCCCCTGCCTGG_4,1,4,5,8,9,5,7,3,9,8
TATGTGCACAAG_4,7,5,8,5,5,6,6,3,7,3
TCTACTGCTTGT_4,0,2,3,7,4,0,5,0,2,5
AAAGTTTAAGTC_4,1,4,0,8,9,5,2,9,9,7
GATCTGGGTGAG_4,7,2,7,8,9,7,9,7,1,5
ATCGCAGCCGAC_4,6,6,0,6,5,4,6,2,4,5
ACGCGGAACCCC_4,7,6,6,6,2,1,5,7,5,4
GTGTCAGGCCAT_4,0,4,8,9,7,6,9,9,2,7
ACCACGACCCAC_4,7,7,1,1,3,4,9,2,8,2
ACGCGGAACCCT_4,5,2,6,5,4,6,8,1,7,9
CAACGTATCCGG_4,0,5,7,5,5,6,9,8,5,7
CCGCGGCGAATC_4,6,7,9,2,3,4,0,1,6,4
GATAATTCTTAC_4,2,8,3,7,7,2,1,0,2,7
ATAACCGAGGTG_4,4,3,9,2,3,9,3,7,6,2
CCTTCCTATCGG_4,0,6,2,8,9,4,6,4,3,2
CCGGTTGCGCGA_4,0,6,6,0,8,1,3,4,0,2
TTATGTTGTGCC_4,6,7,1,4,3,1,0,2,8,6
CGCACTGTGATC_4,9,8,4,1,1,6,0,1,0,4
TTAATTAGTGCA_4,2,2,5,5,7,9,5,6,3,0
TGTCTCCAGCTT_4,2,9,3,9,0,0,1,0,3,5
ATCCCGAGCCCA_4,4,7,1,1,3,8,3,2,8,2
GTGGCGACCAAC_4,0,1,6,8,5,1,3,6,1,4
CCGTTCGGTGAG_4,6,5,8,2,8,3,0,7,1,4
CGCATTGAGCCT_4,7,1,5,8,8,9,6,0,9,4
GATCGGCTGCGG_4,0,0,2,8,9,6,5,1,3,6
ACCTAATAGAGG_4,8,1,2,3,4,6,9,5,9,8
GCGACAGAGCAC_4,0,2,5,9,7,3,0,0,0,7
GCGACAGAGCAA_4,5,5,5,9,0,1,1,0,2,3
ACGAGCCATGTA_4,9,0,5,9,0,7,8,0,3,7
AGTCAGGAGCGA_4,2,2,5,6,7,3,1,0,3,7
ATATCGAACCAT_4,1,9,8,8,4,5,6,3,9,4
CAAACTGGCCCT_4,0,6,2,6,7,3,6,6,7,5
ACACTATCCGGT_4,9,8,3,7,0,7,8,6,2,7
AATAGTATATTC_4,6,7,9,4,3,2,6,2,4,7
AACGGCACCGAT_4,4,7,1,4,3,9,3,4,8,2
CCAGTGGGGGGC_4,4,9,7,1,2,2,9,1,5,1
CGGGTCCTCCCA_4,3,6,0,8,5,9,2,1,7,1
GGAATCATAGGC_4,0,2,3,7,7,9,1,9,3,0
ATGCCGCCAATG_4,9,4,7,3,4,2,5,0,9,0
GAGACCGGGAAC_4,1,1,6,5,5,6,7,7,5,1
ACACGTTATGAC_4,0,9,1,2,1,7,2,4,5,1
TTACTGTGATGA_4,9,5,5,5,9,4,3,6,8,6
AGCCATCTCTAA_4,2,0,5,9,0,1,6,0,2,7
GTCAATCGGGCT_4,7,8,5,0,7,8,6,6,0,7
