,0,1,2,3,4,5,6,7,8,9
GACACGACCCAT_6,9,11,9,6,6,8,4,6,9,1
CGTACAGTAGAA_6,3,14,8,6,12,10,11,1,14,7
GTGCCATTGTGA_6,0,6,8,4,2,10,17,0,3,6
TGAGAATGCTTT_6,2,15,7,15,0,8,1,13,12,1
GGACAAAATTTG_6,3,11,8,6,17,8,11,2,11,11
ATTACATCAACG_6,6,4,1,12,17,19,17,1,6,3
TGTGAGGTGACA_6,4,11,3,2,11,8,18,1,11,9
GTCACGAATGGA_6,2,7,3,5,7,3,2,1,9,8
GCAACACGCCTT_6,17,12,1,5,17,7,14,2,18,8
CCTCTTCGTCCT_6,9,4,8,13,7,3,6,10,14,8
TAATGAGACCCC_6,9,13,1,7,7,7,4,13,9,9
CGATTCGTTCAC_6,7,11,14,6,7,17,4,3,9,3
GTATGGCACCAT_6,1,15,6,13,8,8,13,10,12,9
CTATGCACGATC_6,3,15,15,17,13,4,14,19,12,18
TGCCAACCGAGT_6,0,15,1,3,8,8,10,18,2,6
ACGACTGGAAAT_6,6,11,8,12,13,4,17,2,3,8
CACCATCGCAAT_6,3,13,10,12,1,4,2,11,14,8
TCTCTCTGCGAG_6,2,1,8,6,4,3,6,3,1,13
CTGAGTGTGCCC_6,9,14,10,2,13,4,17,11,6,8
TTTACAGAGATT_6,3,6,8,13,12,8,8,1,9,18
TCCACATAGCAC_6,9,11,8,4,11,16,11,18,9,7
CAACCACATACC_6,5,1,16,2,11,4,9,2,3,5
CGCCTACTGTAC_6,14,14,8,13,2,4,14,2,7,8
ACCTCGTATTCC_6,16,1,3,13,7,8,10,6,14,13
CGCGCCGAACCC_6,5,11,6,6,17,15,19,15,2,2
CCTCGCCGTGGA_6,3,1,5,3,7,8,6,6,18,13
TACGTCAGCGGC_6,0,7,14,12,17,4,6,11,1,13
ATATATTCTGAT_6,16,11,6,5,17,10,10,10,9,9
ATCCATTATTAC_6,4,8,15,14,0,4,13,13,12,9
CACGAGTAGGCA_6,14,10,3,12,12,4,10,1,10,8
GTCAAAGTGAAG_6,0,7,8,13,7,8,2,15,14,13
CCAGTCCGAGGG_6,2,4,8,6,11,6,6,10,3,8
ACGCTATTACGT_6,9,1,10,17,17,10,10,6,19,13
ACCCCGTGTCCG_6,7,14,14,12,3,3,6,11,14,8
CCCCCCTGCGAG_6,3,14,17,12,7,4,4,6,6,18
CGAACCACTGAA_6,4,15,7,4,8,10,1,4,11,1
GGCGACCTATAT_6,9,12,14,6,12,4,6,6,9,3
GTAGATTACAGT_6,2,1,10,12,11,7,2,6,9,8
CGCTCCAATAAA_6,19,14,8,6,17,10,4,1,19,8
CCTCGGGTCCGC_6,4,15,7,4,14,17,3,13,15,6
ACGCCGGGGGAC_6,4,14,1,5,17,10,13,0,2,6
GGCCACTGAATT_6,14,1,15,6,12,10,8,13,19,5
CTAGTGCAGCCT_6,11,13,8,6,2,8,0,6,18,8
AGTCCTGGTTTT_6,11,8,3,11,17,8,11,16,9,8
CCATAGATGAGA_6,5,15,19,6,3,4,10,6,14,4
GAACGTTGCCAC_6,7,10,3,6,11,7,4,11,9,3
CGTCCTTCTCCC_6,2,13,17,6,11,1,4,11,4,18
GAGTTGGTGAGT_6,4,15,7,6,17,8,3,1,3,1
CGCGCATCTTTC_6,3,14,8,4,11,4,19,10,12,9
CCATAGATGAGC_6,2,14,10,6,11,10,6,1,14,8
CGAATTGGTTCT_6,9,8,15,16,16,9,19,10,10,18
TGTTCTGAGACG_6,3,11,8,6,0,4,8,11,9,2
GCACATGAAGTG_6,19,7,3,6,19,3,17,11,2,8
AGTGACCAGCGC_6,0,14,17,12,17,3,17,18,7,13
GACTTCCTCGAC_6,7,13,1,19,2,17,3,3,1,3
AGGGAAACAGCT_6,4,14,7,4,0,4,10,1,2,1
CCATAGATGAGT_6,7,12,1,2,6,4,11,16,14,2
GAGGGGAGTCAC_6,7,7,11,13,17,3,6,6,1,2
CGATTCGCGAAT_6,3,11,8,13,1,10,3,1,7,19
ATGCAGCTCGTG_6,9,13,10,10,1,3,2,1,14,8
GCCTCGGTGCTA_6,14,1,15,17,13,19,9,18,7,6
CTAGTACGATAC_6,16,11,14,12,17,4,4,18,14,8
CATACTTGGCAT_6,2,1,5,8,4,3,6,16,2,8
GTGACTAGCTTC_6,14,9,14,7,12,4,9,10,2,18
TCCCCGCGCATA_6,3,12,1,10,7,4,17,3,3,7
TGTAGCTTGCAG_6,2,1,8,12,6,4,4,16,14,8
ATGATGACTGCG_6,9,13,8,2,13,12,9,12,3,19
AGTTGCTGTGGT_6,3,15,1,17,11,10,19,10,11,11
GCCGGGATACAA_6,6,9,8,1,13,6,7,11,13,16
GACCTCGAGGGG_6,17,10,10,19,7,7,6,6,18,8
AGTCCTGGTTTC_6,16,8,3,6,11,7,4,18,9,8
GCCGACGGCCAT_6,9,12,17,13,7,8,4,17,1,2
TATCCCTGTTGG_6,4,15,7,15,8,8,1,14,11,1
ACTTGATCTCCC_6,16,8,14,12,4,0,4,18,1,8
TCCCGTCATCAC_6,15,4,18,6,2,8,3,2,11,8
CAGATATTGATG_6,9,11,10,7,3,4,6,16,14,7
CACCTCAAGGCA_6,9,7,10,13,1,7,17,7,6,11
CGAACATGACTT_6,7,1,1,10,4,3,2,6,18,13
GGACGGGGGATC_6,1,8,7,1,13,4,19,13,2,1
GGACGGCACCAG_6,1,15,7,4,8,8,3,1,12,1
AGATCCTAGCAT_6,16,12,1,13,7,8,2,15,9,3
TAGGAACGCTCT_6,3,7,1,5,1,8,4,11,1,13
ACTACGAGGGAC_6,1,7,3,14,19,4,4,19,9,4
ACGGGTGAGTCT_6,3,15,7,15,0,16,10,0,12,1
ACACCGCACAGG_6,16,13,17,6,6,1,9,2,3,11
TACGAGCTACGG_6,0,17,7,11,8,2,18,14,11,1
GCGATCGCGAAA_6,19,13,1,12,4,12,17,1,18,3
GCCACGTGACAG_6,17,15,7,15,8,5,13,4,11,1
CGGGTATTCTTT_6,19,11,5,7,6,8,6,7,2,2
TGTCACCACCAA_6,9,8,8,12,3,3,17,6,1,13
CATGTACGTAGC_6,5,7,10,17,3,3,10,11,2,11
AACATATGTCAG_6,19,4,6,11,2,2,4,6,10,2
GTTCTTACTTCT_6,16,1,10,5,7,7,17,6,18,8
ACACCTATGACG_6,8,11,7,2,14,8,10,0,19,1
ACGCTTATCGTT_6,5,1,10,0,2,7,17,6,18,8
AAATTCCATATA_6,4,14,7,4,6,8,1,0,19,9
CGACGACGATCC_6,0,11,7,4,8,8,19,4,11,9
ACCTCTAGCGCA_6,9,13,1,13,7,7,6,6,1,13
CACGTGACCGGA_6,17,12,8,3,3,13,9,18,1,8
ATGCCTGTTTAT_6,3,14,7,17,7,5,17,17,9,1
GTACCGTCCGCC_6,9,17,17,6,12,0,2,6,16,10
AGTGCGCGATGT_6,16,1,10,5,17,10,2,16,0,3
CGCCCTCCTGCG_6,6,9,4,3,16,4,9,19,7,5
GTACTGCGAGCA_6,3,8,5,12,13,12,4,2,13,13
CGCGGTCCGTCC_6,0,4,1,6,13,6,9,11,7,8
GGTAATCATGCG_6,0,1,5,11,2,7,2,6,18,7
AATACCGTAGTG_6,3,14,3,5,4,15,4,11,10,19
CTGATGACGTCC_6,13,11,1,19,3,16,10,12,8,13
CAGCTCTGGCAC_6,4,15,7,4,14,17,13,14,2,13
ACAGCGGTACCG_6,4,15,7,4,2,17,0,18,2,6
GTTGTGAGGACG_6,3,15,7,15,8,8,1,8,1,7
CGTTTTATTCAT_6,11,14,10,10,3,16,4,16,1,2
ACTGATTGATAA_6,14,14,15,9,16,19,7,19,3,4
CTATTCCACAAC_6,0,15,7,15,0,10,1,4,12,1
AGTCACATCTAC_6,9,1,2,4,0,16,4,13,6,13
AGACAAATACGA_6,5,8,9,11,7,0,10,1,9,4
GTTCGACGTATT_6,6,14,1,6,7,10,11,1,2,8
AGGTCACTCGTC_6,9,13,9,13,3,7,2,3,18,7
GTGGCACCGTCA_6,9,7,11,5,17,3,6,3,9,11
TCTGTTTTAGCC_6,14,3,6,14,1,6,4,15,13,4
CTTCCGCCGCCC_6,9,12,5,3,9,4,17,17,2,13
CTGCCATGACCC_6,1,15,17,3,8,1,3,1,11,1
GCCGCAGGTTCG_6,15,8,8,6,12,4,19,19,0,6
GTCGCGAGTGGA_6,7,10,17,6,2,6,4,16,0,13
CTCACGCCGCGT_6,7,7,15,1,12,15,12,6,5,18
GCAGTTTCATCT_6,3,9,17,2,13,6,9,1,7,9
GGAGGACGAGGG_6,19,8,1,12,3,4,4,3,14,8
CTCTGGTGTATA_6,9,9,14,1,2,8,10,9,6,17
TAGAATCCTTAC_6,5,4,15,2,8,9,18,15,19,12
AAATTTATCGAT_6,14,14,9,7,6,0,8,13,2,2
TCAGTGGCACTT_6,3,7,3,14,7,2,2,10,3,8
ATAGCCGTTTGT_6,7,1,5,16,13,10,18,19,10,9
AGGTCACGCTTC_6,17,17,1,12,3,8,14,2,14,8
AGAAGGGAGAAC_6,17,1,8,10,2,0,4,3,9,13
GTTAGGGGCCGT_6,17,16,10,5,4,7,6,6,14,11
CGCGGTCGCCAG_6,13,3,17,6,4,15,8,3,14,8
TAGGTGGCGTTG_6,11,1,1,5,7,4,0,1,0,3
TCGAATTTGTTA_6,1,1,1,17,17,4,10,6,14,8
GACTAGCGTGTC_6,7,4,8,6,2,17,9,3,0,6
AGTCCTGGTTTA_6,11,11,3,5,17,10,4,16,9,8
CTTTTCGAGCTC_6,2,11,9,7,11,15,8,15,10,8
CGTTCTGTATTA_6,14,4,15,14,6,8,10,8,9,19
GCCGATCAAAGT_6,2,6,3,11,16,9,14,19,4,4
GGTACTAGGTGA_6,7,9,8,6,1,4,10,3,13,3
TCGCGGTAGCCT_6,13,18,5,13,1,2,6,11,19,10
GCCGCAGGTTCC_6,7,14,6,12,12,4,0,18,7,6
ACCATTTACCCC_6,9,1,7,7,6,8,3,15,12,12
GGTGTGCTACTC_6,7,8,5,13,12,6,10,1,14,13
CAAGAGCTCCCC_6,1,5,7,15,14,8,19,4,11,1
ACAGACGGACGG_6,19,18,16,13,1,9,2,13,5,6
GCAGCTCACACT_6,14,4,15,13,16,2,4,5,2,4
CGCGGTCGCCAT_6,3,6,15,17,2,4,11,12,14,5
AGCCCTTCGGGG_6,16,10,5,5,17,7,15,18,18,7
AGGCGCAATAAT_6,14,9,15,2,16,1,4,19,4,18
ACACAGACAGAT_6,5,10,15,7,11,8,19,15,12,9
CTGATTACGACC_6,7,10,14,18,9,6,9,9,19,10
GTTCCACCGTGC_6,14,9,16,16,4,10,8,10,7,5
TGTAGGCATCTT_6,11,9,3,4,7,17,19,6,18,8
GACTTGCTGTCG_6,17,16,1,12,17,6,6,11,18,13
GCCGCAGGTTCT_6,6,8,9,17,13,7,3,6,7,6
CTCGGGCCGTCC_6,17,7,5,12,17,13,11,3,4,2
GATGTATCTCTG_6,14,6,16,1,6,10,8,7,14,5
GCTACTCTAAAG_6,13,8,8,12,2,4,10,1,3,4
CGCGGTCGCCAC_6,5,1,8,12,4,9,6,11,1,5
TGTAGCTTGCAC_6,2,1,8,14,4,3,4,16,19,6
ACGCTAAGCCGG_6,9,15,7,4,8,1,17,8,6,8
ACTCAAAAGTGC_6,19,5,12,4,0,16,8,7,17,9
GCTCTCGTCATG_6,4,15,18,15,0,10,13,0,11,1
TGAAGACATATC_6,1,5,18,15,14,8,19,14,11,1
AGGAAAGGTACC_6,3,4,17,9,12,15,18,2,10,6
GCTGCATCAATT_6,6,4,8,12,7,12,9,10,11,8
GATATTCACCGT_6,0,11,7,4,6,8,19,0,3,1
GTTGCCGGAAGG_6,13,8,8,17,2,19,12,1,10,18
TCGGCCTCTCGT_6,4,5,18,15,14,12,1,4,11,1
TCGGCTGGATCT_6,12,14,14,1,18,6,5,9,19,14
ATACGATTCACC_6,17,1,8,19,4,16,6,12,16,8
TTATATATGCAC_6,14,6,6,13,12,2,14,19,3,4
TCAGTGGCACTC_6,13,13,10,13,12,10,2,1,10,3
TCAGCAAAGGAG_6,9,1,10,5,11,11,4,2,1,8
TAGCTACGAGTC_6,17,11,14,0,17,18,11,2,18,17
TCCGCCTCAACT_6,3,4,15,6,11,10,6,6,12,13
ATCCGAATTTTA_6,17,13,5,8,13,7,6,7,8,10
GGTCTTGCTCTA_6,0,11,18,7,8,5,4,4,12,9
GCTTTTCGCTAA_6,13,7,1,10,1,4,2,11,14,7
CTGCTCGGGATG_6,9,7,15,16,0,10,19,10,4,18
TTATCACTTGTT_6,1,11,6,13,13,1,17,10,1,2
GATCATATCGGT_6,14,6,12,19,17,10,13,7,2,7
TCAGTGGCACTG_6,2,15,3,12,11,10,4,10,9,3
CGCGGTCGCCAA_6,19,9,4,17,1,10,4,19,6,5
TGTAGCTTGCAT_6,17,8,19,4,2,7,8,1,1,11
CTGACTAAGCCT_6,12,14,19,0,9,6,11,12,19,8
TGTAGCTTGCAA_6,9,12,1,7,1,4,3,16,4,3
GCCGCAGGTTCA_6,6,6,1,17,4,17,0,18,10,6
GGGAGCTGCCGG_6,19,14,1,11,3,3,0,6,0,8
CAGAGACAACCA_6,1,16,5,0,0,16,14,6,19,9
AGATCATTGTAT_6,1,13,8,12,17,9,4,3,14,8
CGGGAAGGCAAC_6,19,12,19,14,3,7,9,12,3,12
GATCTGACCATT_6,9,1,2,6,3,4,2,2,1,2
TAGCTCCTACAC_6,15,13,11,3,2,18,2,11,19,17
CTAGCGTATCAA_6,16,1,11,6,17,18,2,9,16,7
TGACAATACATG_6,8,11,7,15,14,4,13,14,11,1
TGCTATTCTAGA_6,18,13,1,0,4,13,6,8,5,10
CACCTGTCGAGG_6,16,15,7,13,8,12,1,18,11,16
GGTCCGCGCCTG_6,9,1,17,12,2,3,2,4,0,10
CATAACTAGCCC_6,0,9,1,8,9,9,6,3,19,10
CTTTAGGAACGG_6,11,3,19,4,0,1,13,10,9,18
GTTAGAGGGTAT_6,3,1,16,2,0,4,14,13,6,16
GCCCCGGACGAT_6,2,10,1,5,9,12,9,1,6,16
TCTTATAAGATT_6,12,16,2,8,18,13,11,15,1,13
CCGCGCAGGCGC_6,2,9,11,1,19,12,17,1,7,19
GCCGCCGGAGTA_6,1,5,18,4,8,8,1,14,11,1
ACAGGTCTATGC_6,1,11,1,2,6,0,10,10,1,9
GCGGGACATTCT_6,3,15,6,14,0,8,16,18,9,7
TTATCACTTGTC_6,9,14,9,13,7,2,6,7,2,7
GCCAGAGTCGAT_6,9,1,16,10,16,1,8,13,14,4
GACGCAATCGCG_6,7,7,11,19,2,12,3,1,1,10
AGACCTTATGAG_6,5,7,9,13,1,3,14,5,16,13
CGCATCTCTGCC_6,17,3,12,13,3,3,10,8,16,12
CACGGGTAACTA_6,16,14,15,16,13,1,6,11,5,3
AGGGTACTTGCA_6,19,13,17,7,4,11,2,2,16,7
CGGATAAGACCG_6,6,8,0,19,12,12,0,3,13,3
CACCTGACGTTG_6,14,11,12,15,1,11,3,13,2,1
TGCCCTTAGCCT_6,7,7,2,6,5,0,10,4,12,13
ATCGACACCAAA_6,9,4,5,1,9,9,3,9,1,9
GCCACCGGTAGA_6,2,12,16,0,11,10,2,3,16,7
GGAAGCATACCA_6,7,7,11,3,19,1,2,1,18,11
GTTCGGGGTATC_6,18,14,1,11,11,7,11,16,12,2
TTAGGATCTAAG_6,7,16,1,5,13,6,10,13,18,8
TAATCGCAAATC_6,1,4,4,7,1,3,4,5,14,4
GCATCGTAGGGT_6,5,16,10,11,1,13,14,16,10,5
GCAACAATCGGC_6,17,4,5,10,9,13,6,3,16,8
GCCATCTTGTGC_6,14,6,4,16,16,2,16,19,4,15
TGTAGGCATCTC_6,15,2,19,17,12,12,0,16,13,17
GGACCGGAACAG_6,6,18,1,1,19,6,17,9,19,3
TTATCACTTGTG_6,2,12,17,13,13,1,14,18,2,2
AATAAACTATCT_6,12,9,5,2,19,6,5,11,19,3
GCTTCCTACGAA_6,14,6,6,2,6,9,13,1,3,18
ATGGCCTTACGT_6,17,13,10,19,3,7,2,8,14,9
TCCATAGCTTCT_6,14,6,6,14,13,15,16,10,4,2
GCATGTCAGATT_6,3,7,11,8,13,4,11,11,13,10
AATACTTTCAAA_6,5,1,9,13,13,4,12,7,13,4
GTACTTGGATCC_6,18,15,18,15,8,8,1,4,2,1
CTCTAGCTATGA_6,19,10,16,19,19,3,15,3,5,10
GTCGTGAGAAGA_6,1,10,5,10,15,0,19,11,6,3
CACGCAGTGGTG_6,16,7,10,3,17,10,2,9,1,3
GATCGATGGTTG_6,17,10,5,12,4,18,2,18,6,11
GAGAACCTTTCG_6,2,7,14,7,12,19,4,6,5,5
AGACACCCGCGC_6,16,13,10,7,6,7,18,15,14,2
GCCGCACAACCG_6,5,7,15,16,13,16,14,4,6,2
AAGTACTCAGAG_6,1,12,11,0,17,0,15,12,18,19
TTAGGATCTAAC_6,6,14,10,2,4,7,11,2,0,6
CCGCGCAGGCGG_6,4,0,1,3,4,19,3,11,5,5
CTGCAGCAGGGC_6,14,10,3,19,13,17,9,9,8,18
GCCCTTGAACGG_6,15,4,8,11,2,17,3,3,0,8
TGTAGGCATCTG_6,2,14,3,11,5,17,2,18,7,3
TCAGTGGCACTA_6,16,6,3,12,11,4,2,19,6,8
TGGACATCTCAA_6,3,6,10,0,7,12,4,2,8,5
CCAGTCGGGACA_6,16,10,7,5,8,10,13,13,12,7
ACCCACCTGGAA_6,14,8,2,16,16,1,7,15,19,15
CCGAGTGCACCA_6,9,3,17,19,9,19,6,5,1,10
AAGGGGTGCGCC_6,6,0,16,17,7,19,3,10,5,18
ATAGGCCCGGGC_6,7,13,14,19,4,7,3,11,1,3
CCGAGCGCGGCA_6,5,16,7,1,9,19,18,17,11,19
ATACACGTTGCT_6,17,17,12,12,3,13,2,12,8,11
AAACTACAGTAA_6,5,18,2,10,11,13,6,7,16,12
TCTAAGATCTTC_6,15,9,0,6,19,7,3,9,14,3
AGGCCGCTTTCC_6,10,6,17,10,5,9,9,19,4,18
CCCCTCACCGGG_6,3,18,5,5,15,12,15,2,1,14
AATTTTCGAAGC_6,17,10,15,13,4,9,7,12,5,19
GCGACGCTGGGA_6,16,16,5,0,2,3,2,11,14,16
AATAGCACACTG_6,19,16,19,16,15,11,8,8,14,10
TCTGGCCGTATA_6,2,8,6,15,8,16,8,13,12,7
GGCATTCTACCC_6,5,16,5,0,5,11,10,16,14,11
CACCCCCAGTGT_6,7,4,5,13,9,18,17,11,18,14
AGGCCGCTTTCG_6,10,2,3,17,5,1,2,1,4,19
TTAGGATCTAAA_6,6,8,10,1,17,4,0,15,15,4
TCCCTGGGGATA_6,9,7,18,7,7,10,3,14,6,6
CCCCGCACCGCA_6,9,9,14,18,9,19,3,17,2,11
CTTGATCCCTCT_6,13,10,9,7,6,1,16,13,12,2
TGTAAACCTAAA_6,1,5,18,15,2,8,19,14,8,9
TATCTATTCAAA_6,16,7,2,8,4,16,2,12,8,11
TTAAAGTAGATG_6,3,3,5,5,3,0,6,12,17,5
CGCATTTGCTTT_6,9,8,11,18,14,19,9,17,5,10
ACGAACACCCAC_6,13,8,15,9,15,2,7,19,10,19
ATGGGGCTTGCG_6,0,13,5,10,1,2,10,7,10,14
AGCCTAAGCGTT_6,12,16,5,3,13,18,2,11,14,13
TACAAGTGACGC_6,16,16,4,0,15,18,15,11,18,7
GCCCATGACCGT_6,4,15,12,4,8,10,18,14,7,4
CGCCAGGTGTGC_6,11,4,4,8,18,3,3,6,17,17
CAATGGGCTTGC_6,9,16,8,0,9,4,2,10,14,5
ACGTATACCCGG_6,12,0,12,3,4,17,7,17,7,19
ACTAAGCTGAGA_6,6,10,17,9,13,6,0,19,2,6
CGTGATGGAGCC_6,7,14,17,2,14,1,9,17,7,6
CTAACCGATAAC_6,3,13,10,11,2,12,6,11,16,11
CGAATCACGAAT_6,9,18,11,1,10,6,12,6,19,10
TGGGGGCATAGT_6,18,11,7,12,8,16,17,4,17,9
AGGCCGCTTTCA_6,11,14,17,17,5,1,17,10,15,8
CGCCCCCACATA_6,2,17,2,13,11,14,14,16,7,16
TGTAGGCATCTA_6,6,2,17,17,12,17,4,1,10,3
TTATCACTTGTA_6,3,0,14,17,13,10,17,10,7,4
TACCATACGGGA_6,4,4,18,2,8,16,11,13,6,4
GAAAAAACTAAT_6,16,15,7,4,14,8,1,14,3,1
CGGCCACACGCG_6,6,3,17,19,3,17,0,3,7,6
GATACAGGTTGG_6,9,16,2,10,18,13,14,9,12,12
AGGCCGCTTTCT_6,10,8,14,17,5,9,2,1,4,6
ATTGCCTCATAC_6,11,7,5,0,1,13,15,5,8,16
TATACACCTTAG_6,9,13,8,8,12,18,17,6,1,10
GCCTTCGGAATG_6,13,8,15,16,16,2,7,19,10,15
CCAGAGCGCAAG_6,17,10,14,19,2,17,3,1,7,14
GTCCTGATGATG_6,9,4,7,12,0,8,16,4,16,1
GGATTGGAACAG_6,17,3,6,5,1,1,6,5,16,2
TTTGTGATTCAC_6,19,17,15,14,6,11,17,7,10,9
GGGCGCACAATA_6,6,12,0,6,2,17,0,3,0,3
TTGGTAAGCCCC_6,0,10,18,4,0,6,11,8,2,10
CGTGAACACACT_6,14,10,15,7,16,1,8,7,12,5
AGGGCAAGCGAG_6,15,8,14,1,7,18,2,9,1,3
CGCAACTCAGTC_6,11,12,5,10,3,13,11,7,0,16
ACCCATCAGTGG_6,7,12,16,7,3,12,11,16,16,11
ACAAATATTCTT_6,4,17,18,7,1,16,17,16,11,7
AAGCCGGACCAG_6,5,18,15,16,9,5,9,17,3,10
AATCATGTGTGT_6,13,4,15,16,12,19,10,19,1,18
TTGCAGAGGCAT_6,14,3,11,16,5,15,3,19,7,0
CGCTCTATGCCT_6,11,17,11,19,7,11,11,2,5,14
GCTAGGAGTGAA_6,12,9,13,1,10,6,5,15,19,3
AACAAGAGCCAG_6,16,10,6,5,8,10,0,18,11,6
CCGAGCGGTCGC_6,4,5,7,4,8,8,1,14,11,0
GTAGCCCGCTTG_6,9,3,17,2,2,5,14,12,10,11
CTTCTTAAGATA_6,15,4,0,19,2,18,0,3,0,17
CCTTTAGAACTA_6,4,16,16,11,16,15,7,19,10,18
CCGCGCAGGCGA_6,6,9,17,3,19,19,0,1,7,5
CCTCGGTCCGCG_6,6,5,18,4,14,10,0,18,15,6
GTCCTCTTATGG_6,13,0,3,16,4,5,18,10,7,6
TGATATACGGGA_6,1,13,11,11,3,19,8,5,8,13
ACAAATATTCTC_6,18,17,12,15,2,11,18,14,12,6
TGTACCCATCCC_6,17,3,5,10,3,11,15,2,18,14
TCTGTAATCACA_6,3,4,12,0,8,1,11,15,3,11
CACGCAGTGGTC_6,11,8,17,11,12,9,3,19,1,3
CGTGCTGGTACT_6,1,17,2,0,1,11,15,6,1,14
AACAACGTCTGT_6,8,18,13,12,10,6,5,9,9,0
CGTTTGTGGCAA_6,14,0,4,14,13,19,8,13,2,18
ATAGCCTTCTAA_6,1,5,12,15,14,16,1,5,12,7
CACGCAGTGGTT_6,11,18,19,6,12,10,6,16,13,7
AACACGGTTCTC_6,6,16,5,8,18,8,10,5,16,17
CCGGTTACAAAT_6,18,16,19,11,7,7,14,3,16,12
TAGGCTACTGTT_6,11,17,12,14,6,9,16,3,12,14
ACCCTTCTCTAC_6,5,18,2,0,5,16,6,5,1,12
TGCTTTTGAGCA_6,17,12,8,10,5,17,0,3,0,17
CCTCGGTCCGCC_6,11,15,7,4,14,8,0,14,0,6
GTGCAGATCGGG_6,0,17,7,15,8,10,1,4,11,11
ACAAATATTCTG_6,1,15,9,4,17,9,10,7,11,11
GTAGCCCGCTTC_6,4,6,6,6,13,1,8,13,16,2
CATCTGGTAGTA_6,3,7,12,5,13,11,8,7,1,17
TCCTAAGATCTA_6,8,15,12,7,8,16,19,4,15,1
ACGACATAGCCT_6,5,16,9,7,6,9,16,19,14,16
CCAACTCCCCAA_6,5,7,2,16,13,5,12,4,1,18
TCGGCATTTGCT_6,14,18,4,9,16,4,14,5,5,10
CCCGTGCGGTCC_6,13,13,4,8,18,18,15,6,13,12
TTCTACACCCGA_6,0,7,11,0,4,11,6,7,10,10
AACCGCTCGGTG_6,9,9,14,18,9,13,17,16,18,10
GTAGCCCGCTTT_6,10,2,16,5,19,1,12,10,4,19
TACGCGTCCAGG_6,18,17,12,12,17,2,14,19,12,12
TTGCCGTCGATC_6,15,8,11,10,3,18,9,19,18,17
CGAAGTAAGTAT_6,16,1,11,3,5,7,14,5,8,14
AACCGCTCGGTC_6,19,17,10,4,13,6,2,9,18,13
GATGAATCCGAA_6,13,3,6,16,16,2,12,19,7,2
GGAATCTTGTCG_6,14,3,16,9,12,15,15,1,10,14
GGCACCTGCAGG_6,1,0,16,16,1,9,12,17,19,14
GGACCGGAACAC_6,7,9,0,1,19,12,9,9,13,3
GACGCAGGACGA_6,0,18,11,0,5,14,15,6,7,17
AGTGCGGCCGCT_6,19,16,16,7,9,13,3,8,16,7
AGTCCTGATGAT_6,8,10,18,15,4,5,19,8,17,1
GCTTGGCCACTG_6,1,15,11,11,17,13,11,3,0,17
TTGCATTCACGT_6,18,5,7,7,8,8,1,17,11,12
CACCTGTCGAGC_6,16,10,14,10,14,2,1,5,8,0
CGAGCGTCGTAA_6,14,16,4,8,16,16,15,7,13,5
CACCAATAGCAT_6,19,12,17,0,18,13,15,5,8,2
CCTCGGTCCGCT_6,4,15,17,19,2,12,0,18,15,19
TCCTCGCCTGCG_6,17,17,19,3,4,5,9,3,8,6
AGACCCTGAGCC_6,8,10,2,15,8,4,19,14,17,9
CGTAGTCTAAGC_6,18,15,7,15,8,10,1,14,12,0
CGTCGCTTGACG_6,12,18,13,18,10,9,5,17,19,10
CTGAGCGTACCA_6,8,3,4,0,9,9,17,5,8,10
ACCTTAGATGCT_6,12,8,9,9,19,1,12,19,2,10
TCCTCGCCTGCC_6,10,15,11,11,5,5,3,18,8,11
AGACCCTGAGCG_6,8,18,0,15,10,6,10,10,12,0
TGACTTCGCTTT_6,11,16,11,11,9,10,15,10,1,17
TCGTACGCTTGA_6,18,12,5,9,3,18,15,19,8,11
ATGTCCTCTCCG_6,19,16,9,3,13,9,18,15,8,2
CGCAGGGAACAT_6,6,16,4,10,18,16,16,15,10,5
AACATCTCACAT_6,11,6,2,8,15,16,15,5,16,10
TCCGCCCCCCGG_6,5,19,16,18,3,3,2,11,1,17
CACATGGGCCTA_6,14,3,16,11,16,15,15,5,19,5
