,0,1,2,3,4,5,6,7,8,9
CCCAAGTAAGCC_7,3,6,6,5,1,0,1,7,0,0
TTGCATTTTAAC_7,3,2,5,0,9,3,9,6,6,4
TGTCCCACCTGC_7,6,5,7,3,4,6,8,6,6,8
GCGATCACTTTC_7,7,5,0,3,5,2,8,1,6,0
CGGGGAATCCGG_7,8,0,4,2,3,0,4,9,5,3
GCCGTTGGGTCC_7,0,2,7,4,3,7,6,9,8,6
CGTTTAGGTCTG_7,7,6,6,4,0,7,1,8,1,5
CCACCGCGGCCG_7,4,1,3,6,7,5,3,0,9,3
ATGGCCCCGTTC_7,3,6,4,2,5,0,0,8,7,6
CGCGCGATTGGC_7,9,6,3,6,7,0,2,9,8,6
GACCCGTCGATC_7,1,9,0,4,8,6,4,2,3,3
AGCCCACTCACA_7,7,9,4,1,6,3,0,8,0,6
AACCCCGGCGTA_7,5,2,1,4,6,7,4,5,8,3
CATGGGTGTCCC_7,0,9,5,4,5,4,4,1,2,4
CTCCTATTCTTG_7,3,9,4,1,0,4,0,8,0,1
CGTCACTCTTAA_7,4,3,3,7,2,3,3,0,9,7
GCAAGGCTCTGG_7,8,2,7,6,7,4,6,5,4,4
CGCCGCGAGCAG_7,2,5,9,0,5,2,7,3,6,8
TGATTGGCATTA_7,0,1,5,7,7,9,3,1,2,8
TAATCCTCGTAA_7,4,1,3,7,7,5,3,4,4,1
TAGGGAACGTAG_7,6,2,2,1,1,2,6,2,4,7
GGGCTACGAGCC_7,8,7,1,0,6,3,9,8,3,0
ACAGGTGCGAAA_7,2,0,5,8,5,9,6,1,6,5
ATCCAGCATGTG_7,6,0,2,9,1,8,6,5,0,1
TGCACGACTTCA_7,5,8,8,4,3,4,1,7,1,5
TGTAATAACTTC_7,2,7,4,1,0,4,0,7,7,9
TCGCATGACCAT_7,4,2,2,2,8,7,4,4,3,3
CGCGTAACACAT_7,7,3,6,2,0,3,0,9,8,2
CGATAACGCTAT_7,9,5,0,6,4,3,9,6,5,0
ATCGGTCCTCCT_7,3,8,1,4,1,1,4,7,9,6
CCAGCCCGCGCT_7,2,0,5,2,9,7,1,9,3,4
GGCTAACGCTTA_7,5,1,7,2,5,8,0,3,5,1
TCCGCACTCGTC_7,0,0,5,3,9,9,6,1,2,4
GTTTCCTTTGGG_7,4,1,3,7,2,5,3,4,4,7
TTCGTGGGGCCA_7,4,1,3,6,7,5,3,4,2,7
CAAAACTCGTCC_7,3,2,5,1,0,3,0,8,6,2
GTAGGAGGAGTC_7,4,4,3,6,2,3,3,0,1,7
CGAAACGGGAGC_7,4,9,0,6,7,5,2,4,9,7
GACATGAAGGGA_7,8,1,2,5,9,3,5,5,8,2
TGCCCTCCTGAT_7,4,2,5,4,7,1,3,5,0,8
TGCACAGCCAAA_7,6,0,9,3,4,2,4,0,6,0
GTCCGGCATGCT_7,5,0,1,2,6,0,5,5,5,2
GTGCGACGATTT_7,4,1,3,7,2,5,3,4,1,7
CCCGTATACCGC_7,4,1,0,5,8,3,8,4,5,8
TCGTCCGTCTAC_7,3,3,7,2,3,1,1,3,8,8
CACCCGATACGT_7,3,8,5,1,9,8,5,7,3,5
TTAGGGTCAGGC_7,1,8,0,6,0,3,9,7,3,5
CTACGTCGTAAA_7,1,3,3,7,7,5,3,4,9,7
TGCCGAGGATAT_7,0,0,7,3,5,9,4,5,0,4
TCCCTGCTCCTC_7,8,6,4,9,9,1,2,2,8,5
TTAAGAGGCGGT_7,4,1,5,5,7,5,3,0,4,7
AATACTCGCGCT_7,8,6,5,1,6,3,0,5,5,2
ATCCTGTCAGCC_7,9,5,0,0,8,6,9,6,5,0
GCCCGATAAAGT_7,7,0,5,5,8,8,8,9,5,4
CGGAGAGTCGGA_7,4,0,7,2,5,3,6,3,5,8
ACATAGCCTGGC_7,8,6,1,4,6,4,0,9,8,6
TGGATCGTAATG_7,5,2,8,4,9,4,1,8,4,6
AGAGTAGCCCGT_7,4,1,7,7,7,3,8,0,7,0
CGTCCCAAGTGC_7,4,1,3,7,7,3,3,0,4,7
CAGCCTAAGTTT_7,7,2,8,1,1,8,1,2,0,1
GCAATTCGCTTC_7,3,8,2,9,6,1,2,9,8,2
TGCAAGAAACGG_7,7,4,7,3,4,9,4,1,2,8
ATTCGAAGGCAA_7,7,9,5,7,0,4,3,4,1,0
ATTGGACCAGAC_7,4,1,3,6,7,5,3,0,8,1
TGGAAATCACTC_7,2,2,1,9,0,1,1,8,7,1
GTGATCAGTAGC_7,4,1,3,6,2,5,8,4,1,7
ATTAACATTAAG_7,9,8,5,5,8,2,9,6,5,3
CGGGTTATATTT_7,3,9,8,1,0,4,0,7,7,6
CACTCCTGTCCG_7,5,8,8,4,6,0,5,7,5,2
GATTCCCCAGAA_7,3,6,4,8,0,4,1,7,7,6
CGGGGCCACCTC_7,3,6,4,2,6,1,7,9,5,2
ACGACATCGGCT_7,3,2,8,2,6,4,4,7,7,5
ATCCTGTCAGCT_7,9,5,0,3,5,3,2,6,6,0
TCTCGTTATCCC_7,0,3,7,8,1,9,6,1,0,4
CAGCCGACACGG_7,4,8,2,4,6,7,5,7,3,3
CTAGCGAATTCG_7,3,2,4,1,6,7,5,7,1,1
CTAGTTGCTGCG_7,6,0,7,8,1,8,6,5,0,4
CGCATGAAACTT_7,3,9,4,4,6,7,1,9,5,2
TCCTAGCTCAGT_7,4,7,0,5,4,6,8,4,4,9
CCGGCTATTTTT_7,7,2,1,1,9,2,4,9,7,9
CTGATAGGGCAC_7,1,1,3,7,2,3,8,4,4,0
ATACAAGCGTGA_7,0,0,5,8,1,1,4,1,2,8
CTGGTTTGACAC_7,7,9,5,5,1,3,0,3,2,4
TGCAGTGCGCCG_7,1,1,3,7,7,5,3,4,9,5
GATGAATGCGGT_7,3,2,1,8,8,1,2,9,0,2
CGTCACCTTTCG_7,8,2,4,4,9,3,5,5,6,2
CCGTGCTAGTAG_7,1,2,2,4,4,2,0,6,6,1
AGAAGCCCAGGA_7,0,2,7,5,1,4,0,9,8,5
ACCGACCCTGGG_7,0,0,7,8,1,1,5,5,0,4
CAGTGTGCCCTG_7,8,8,6,4,6,1,5,8,3,3
GTAAGATGGATG_7,6,9,6,2,9,0,1,9,6,6
ATGCATGATCGC_7,8,8,5,0,0,0,5,3,7,4
AGTCCCCTGAAT_7,9,8,8,0,4,3,9,6,2,5
CGTCAGAGGTTG_7,5,0,1,6,6,3,9,6,6,0
CGGCCTTGCAAC_7,0,0,7,3,1,9,6,2,0,4
ACTGAGGTATTG_7,4,1,3,5,7,3,3,0,1,7
ACCACCCCCAGC_7,5,4,5,8,3,4,4,8,7,4
TACAATCGGAGC_7,0,3,6,5,3,8,5,9,6,7
CTGGACACGGAA_7,5,9,2,9,0,4,5,8,1,2
GACGATTCACAT_7,9,7,1,0,6,3,1,6,3,5
TTCACTTGTCGT_7,3,2,4,1,0,2,1,9,0,6
CCACACCCTTGG_7,3,8,2,1,9,8,0,8,1,6
GGGATGAGATTA_7,9,9,6,8,1,1,0,2,0,1
GCGGACCCTATA_7,9,5,0,2,5,3,8,3,6,0
AACGGCTGATCA_7,5,9,4,1,0,7,5,8,3,5
CACAAGATATTC_7,3,8,5,4,3,0,6,5,0,2
CGCCGCGAGCAC_7,6,5,9,3,4,6,4,6,6,8
CAAGGGTTGCCG_7,8,0,7,2,5,0,7,5,9,5
CGGATGTGCCAG_7,0,3,5,3,1,1,0,3,8,8
CCCGGACGGCTG_7,4,3,3,2,0,4,3,9,1,1
TGTCAATCGTAG_7,4,6,8,6,2,3,2,4,5,7
AGCCCGCCGCAT_7,8,9,4,9,1,8,0,5,3,3
TGACTTGGTTCA_7,4,1,1,6,2,5,3,4,4,0
CGAAGGGCGATC_7,0,8,4,9,3,7,2,2,8,2
TATCAACTCGCA_7,3,7,2,4,0,7,5,8,7,7
AGATTGTAGGTA_7,4,1,5,7,2,8,4,0,9,7
TCTTCGCATGAC_7,4,3,3,6,2,5,3,4,9,7
GACGCTGCCCGT_7,4,5,9,7,7,6,6,4,6,7
CCGAGCTCCGAT_7,1,2,3,6,2,5,2,0,6,7
ATACTTCGACTC_7,7,7,0,6,6,6,9,6,8,7
ATGGCGCCGCCC_7,4,3,9,6,8,3,7,6,6,3
TATTGTTAGTCT_7,1,7,0,7,8,2,9,0,6,5
TCGCCATCTTCT_7,2,3,9,3,4,6,7,6,2,8
AGACATCAGTGA_7,7,6,2,8,1,4,6,9,6,9
GGAGATGGCGAC_7,8,9,4,1,3,4,1,9,1,2
GCACTGGCGCAG_7,8,7,5,9,6,0,5,8,8,5
CAAGCGGCCGCA_7,9,5,0,0,4,2,9,6,6,3
CGGTATCGTAGT_7,6,5,9,3,8,9,7,1,5,8
CGTGAATTTAAA_7,0,3,4,9,5,1,4,1,0,4
GCTCAATGCTTC_7,5,2,8,9,5,8,2,5,5,6
CCCCCGTGCCTT_7,0,6,5,8,1,4,6,7,0,4
GCATAACTGCAC_7,8,9,2,2,0,0,4,2,8,6
TAGATTATTAGA_7,0,0,7,8,1,9,0,2,0,6
ACTACGTCATGA_7,1,3,3,6,7,5,4,0,3,7
GGACACTAGGCA_7,9,7,5,9,9,1,7,9,8,2
CGGAGAGTCGGC_7,7,3,7,2,3,8,7,3,6,9
TTAATCCTTACA_7,0,3,5,5,8,9,0,1,9,4
AGGCTAATACGC_7,8,9,8,4,6,8,1,9,7,2
GAGGGTCGCGGA_7,3,2,2,3,5,4,0,2,5,6
TTACCGTTTGCG_7,8,0,4,9,1,0,0,2,0,2
CGAGTACCAAAA_7,0,0,7,8,3,4,0,5,0,8
CGCTAGAGGCAT_7,9,7,5,0,4,3,9,6,3,3
GACTTGGACGAG_7,5,2,4,9,5,4,0,3,6,9
GACATTTGCTCG_7,3,9,5,4,0,8,5,9,3,1
ACTCAAAGATCG_7,3,0,7,8,1,9,4,5,0,8
CAAGTGCGCCAG_7,2,9,5,8,3,1,0,3,0,1
ATCCTGTCAGCA_7,4,5,0,0,8,6,9,6,3,1
ATAACATGGGCG_7,1,0,2,6,8,0,9,4,3,0
CGTCTACGATCT_7,1,1,3,5,7,5,3,4,8,1
GAATCGTTTCGG_7,3,9,2,2,0,0,5,8,1,5
ATTTCTAGTATT_7,4,6,1,5,9,4,2,9,5,7
CAACGATATAAT_7,8,2,4,2,9,4,6,8,7,6
CTTAGAGGAAGC_7,0,0,5,3,1,9,8,1,9,4
GGTCCGGACGAT_7,3,9,4,4,9,7,1,9,0,6
TTAAAGTGACTG_7,4,3,1,3,3,8,4,1,9,4
GCGTTTTTGATC_7,6,7,9,0,4,6,9,6,8,7
CGCCGCGAGCAA_7,2,5,9,3,4,2,7,6,1,8
AATCCTCCTGCT_7,6,9,1,9,9,0,1,2,3,6
GTAGTCGTTACT_7,3,0,2,5,0,1,5,5,5,0
TTAGATCGAGGA_7,1,1,6,7,2,0,2,4,9,0
TTAGCGTTGCGA_7,9,2,1,4,0,5,5,2,5,3
TCGCTAGACCCC_7,9,4,9,0,6,2,9,6,3,7
CATATTCGTGTC_7,3,8,4,4,3,4,1,9,3,5
GCGGTCTACTCA_7,7,6,8,9,6,1,7,7,5,6
TATTTGCAAGGC_7,1,1,0,7,2,5,3,0,4,1
TAGACCTTGAGC_7,8,8,6,1,3,2,5,8,1,6
GTCGGAGAATTT_7,4,3,3,7,7,5,3,4,9,4
GAGTAACTAGTA_7,4,6,9,2,6,0,0,0,3,3
ATAATCGATTGA_7,7,5,8,0,0,0,9,6,0,3
TGGCAAGGACAA_7,2,9,5,3,5,1,5,8,1,2
CGCACGACAGGA_7,9,0,5,3,6,8,7,8,1,0
TGCTATGTTCCT_7,7,7,6,1,3,1,5,2,7,9
CCCTACCCGCTG_7,8,2,2,1,0,7,1,5,4,5
GGCGCCCCAACG_7,7,5,9,1,6,7,7,3,8,9
TTACCAAGATCG_7,3,8,6,0,8,6,2,0,3,3
GTTCTTACGCAA_7,5,8,4,5,0,1,5,9,3,6
GCGCCGCGATGT_7,3,8,5,4,0,0,5,8,6,4
CGCATCCCGTCG_7,0,0,4,2,5,4,6,2,0,4
GTAACGTCCGAT_7,6,3,9,2,6,3,8,0,0,1
GATCGAGGCAGG_7,5,0,5,4,9,3,5,2,8,2
CATGATCGATCC_7,3,2,7,5,1,8,7,8,5,6
CGCCCGGCGCGC_7,1,2,9,0,8,6,9,0,5,0
CGCATCCCGTCC_7,0,9,4,1,1,1,0,5,9,4
AGTACCTCTTTG_7,8,8,7,0,8,1,6,2,1,5
TACCCATCATGC_7,7,4,7,5,2,8,8,1,9,0
GTACAGCAGGTT_7,4,1,0,7,2,3,3,4,9,7
CCCACGGGCCTG_7,8,5,9,5,4,6,7,0,4,3
ATGCGGTCCATG_7,9,5,0,0,4,3,8,6,6,9
CGTGTCCTACTA_7,3,8,5,1,6,0,5,2,8,2
CGAAAGTTAATC_7,3,8,5,9,9,1,0,8,9,1
TCCGCACCATCG_7,4,1,3,6,2,5,8,0,1,5
ACGGTGATCGAC_7,3,3,2,2,3,4,5,5,1,2
GTCCCGTTCCTG_7,4,2,0,6,8,3,9,1,4,4
CCTCCAGCGGAG_7,8,2,7,8,8,6,5,5,4,4
TTTTTGCGCCAA_7,7,2,5,2,5,8,7,4,5,7
TCTCTCTGAGGC_7,2,8,5,9,0,7,0,8,1,2
CTCGGCGATGAG_7,4,3,3,6,2,2,2,0,5,9
TTCTTACCGAAC_7,6,5,0,0,8,3,9,6,7,7
AAGCCCAGGTAA_7,1,5,9,5,4,3,9,0,4,0
TCTCCACCCCAA_7,3,8,2,9,3,4,5,7,0,8
GTTGCTTTTCCG_7,0,8,5,9,1,4,6,9,1,6
GTACCCAGGCGT_7,0,4,5,8,2,9,8,1,2,8
CGCGCGTCCACC_7,4,5,9,6,4,5,7,0,6,3
CCGGGGCCTAAG_7,2,2,1,0,8,8,9,7,6,9
TTCGCATCCGTT_7,5,2,6,4,9,2,4,1,7,1
ATTGACAATCAG_7,1,8,0,0,6,1,5,6,3,3
TTGACGCACATA_7,3,8,4,1,3,0,0,2,0,5
ATTCCGCTCTGC_7,8,6,4,4,9,7,5,8,3,1
CGCCGCGAGCAT_7,6,5,9,3,4,2,4,1,5,3
GACCCGACGTAC_7,8,0,8,2,3,0,5,3,1,6
CCTCATGCGATT_7,9,7,9,0,4,3,9,6,6,0
ATTTAGTCTCCA_7,2,2,0,6,8,3,2,4,9,3
TCGGTGACGTAG_7,7,0,7,8,1,0,6,2,5,4
TCCTTTGCACGC_7,4,7,3,6,5,3,8,0,6,3
CCACCACATTGC_7,4,9,7,0,8,4,2,7,8,4
AAGTACGTAGAA_7,6,9,9,2,8,6,9,2,6,1
CCATGTCGTTGG_7,1,1,0,0,0,6,9,0,3,0
AGTGAATAGCAG_7,4,1,3,7,2,1,8,4,9,7
CAGAGAAGCCAT_7,3,0,8,1,9,8,0,8,9,6
CACCCGATCCCA_7,3,5,0,0,6,2,9,6,5,3
AGACCGTACCCT_7,8,6,8,1,6,4,1,7,7,5
ATTACGTCTCAT_7,7,9,6,4,0,8,1,2,3,6
GTAGACAAGATG_7,8,4,2,4,8,8,6,9,6,5
CCTTTACCTGGT_7,0,4,0,0,4,9,6,6,2,8
ACAACCGCTGTA_7,0,3,5,8,1,9,6,5,0,6
CGGAGAGTCGGT_7,5,0,7,3,5,9,7,3,5,3
CATCTCTCTATT_7,8,6,2,4,0,2,1,6,1,5
ATCCTTTTCGTC_7,4,9,3,7,7,5,3,4,4,7
ATCGTTTGAGGC_7,2,9,8,8,1,7,4,5,0,6
GTTGTAGGTATC_7,3,0,1,8,1,4,0,7,1,5
CACTTGCTGAGG_7,4,3,3,6,7,5,3,4,3,7
CTACCGCTTTAC_7,1,1,3,5,7,5,8,0,4,7
CAACACGTAATC_7,5,6,8,9,6,7,7,9,7,6
CGCCCGTGCCTA_7,5,5,0,6,7,6,8,4,5,0
CCCGGACGGCTC_7,4,2,6,7,7,5,3,0,2,7
GGATATCCACCT_7,1,1,3,8,7,5,8,1,9,0
CGGAGGTCGAGA_7,9,8,0,9,0,3,9,6,1,5
ACCAAACCTCAA_7,1,5,0,6,9,3,9,0,4,7
TAGAAGCGAAGT_7,0,3,6,6,7,5,3,1,9,8
TCAAGAAAATCC_7,7,5,0,3,4,6,8,1,6,0
GCCAAGAGATAG_7,2,2,5,3,1,8,6,3,5,0
CCCCTCTGGAAT_7,6,0,4,4,3,8,2,1,0,4
CGCCCGGATCTA_7,7,9,8,9,1,9,4,7,6,4
CTTCTCAATCTT_7,0,0,7,3,1,8,6,1,9,8
CGCACGACAGGC_7,5,2,4,1,6,0,4,2,0,3
CTACTACGTTCT_7,4,4,3,2,2,5,8,0,2,1
ATACGCACGGAC_7,6,0,5,9,5,4,4,5,6,4
GTACAACCCTAA_7,0,5,0,3,5,9,8,1,6,8
GAGCTCAATCCT_7,7,2,6,4,0,8,4,9,7,3
CCGCGCGGACGC_7,7,0,1,2,5,6,7,9,6,1
GTTGATTTGCAG_7,1,1,7,5,2,2,4,1,9,8
CGCGCAGGATTA_7,7,2,2,9,3,0,2,7,8,2
TGACTATTCGCG_7,0,0,7,8,3,9,6,9,0,8
ATGGATACGCCG_7,8,5,5,8,6,8,7,3,7,6
TTGGTGTCTTAG_7,0,3,5,5,7,2,3,4,2,8
TGTTTTAGGATT_7,5,8,4,4,3,4,5,7,8,5
CCCATAACTCTT_7,1,5,3,5,9,3,3,4,9,8
GCAGCGTTCAGA_7,6,5,9,4,1,2,6,5,6,6
AGACGTGGTCTC_7,4,7,0,4,6,2,9,0,3,3
TCCCATTGGATA_7,3,9,8,1,6,1,4,5,0,6
ACGATACCTTGC_7,2,8,4,5,9,7,8,8,3,2
GATAACCCAAAT_7,8,6,1,9,0,0,1,7,7,2
CTGCGCGCACGC_7,5,0,7,3,9,7,7,3,5,6
AACGACCAGATA_7,1,1,0,6,7,4,1,7,8,7
CTCCTTAGTGGT_7,9,8,5,5,0,2,3,8,9,1
CGCCTCATAGCT_7,0,3,4,8,9,1,6,5,0,4
CAGAGCCCCGGT_7,4,3,3,7,7,5,4,4,9,7
CACAGAGCGGCA_7,4,3,3,7,7,5,3,4,1,7
ACTCCGCTACCC_7,8,6,4,9,9,1,1,2,8,2
AGCTAAATGGCA_7,8,6,1,1,6,4,1,8,1,5
GTCACCTACCAG_7,5,5,3,5,8,3,3,4,9,7
TAGATGAATACA_7,5,4,3,1,9,4,5,4,4,5
CACAAGGGTCGT_7,6,5,9,0,4,6,9,6,5,3
CGCATCCCGTCT_7,7,0,4,2,3,1,6,5,1,4
CCTAACCGAAGT_7,4,3,3,7,7,5,3,0,4,7
TCTCCGCACCTG_7,7,6,4,4,6,4,1,7,1,5
ATTTAATAGCGG_7,6,5,0,0,4,2,9,2,1,9
CTTCGACCAGGA_7,6,0,5,5,1,7,1,7,8,1
GTTAAACGCCCT_7,2,9,4,9,3,7,5,7,7,2
CAGAGCTTTTGC_7,8,1,3,7,2,5,7,4,5,7
TTAAGAGTCTAT_7,8,9,2,9,6,2,5,9,1,4
AGCAGTGCCAGG_7,6,5,0,0,4,6,9,6,5,9
GTCCGCGAGTCG_7,3,0,5,9,3,7,4,5,5,6
TCCCCGATCGAC_7,0,4,7,8,1,9,8,1,2,8
CTTCAAGCTATT_7,7,1,3,6,8,5,8,5,4,7
AGCGCGAGCAAT_7,6,0,9,0,4,3,9,6,5,0
GCCAGGTCAAGT_7,9,6,2,5,6,1,5,2,8,2
TTCGTATATTGA_7,3,6,2,5,9,1,4,5,3,6
AACCATTGTATT_7,4,1,3,6,7,5,8,4,4,7
CCCCAGAACCGC_7,3,6,2,4,0,7,5,9,8,1
GAGCTCAATCCC_7,3,0,7,1,9,8,2,7,1,4
AGAAGCTTATGC_7,4,1,3,7,2,8,3,4,5,7
TGGAGCAGTTAC_7,9,5,0,3,4,6,9,6,5,3
CGGGTCGCGGTC_7,5,3,6,9,9,7,4,9,9,6
AACCATTCTTTC_7,3,2,2,9,9,4,2,7,7,5
GATGCTCATTCC_7,2,8,5,8,5,2,6,8,0,9
TGACCAAAGGTC_7,3,8,2,5,0,4,1,2,3,0
TGGCATACAGTC_7,2,5,0,0,4,6,2,4,5,5
TTATTCGCGATG_7,9,8,8,5,6,0,5,9,5,2
GCTCACGGAGGG_7,9,3,3,7,2,3,7,0,6,3
CCGGCGCCGTTT_7,0,2,5,8,1,8,6,5,0,6
GCCGGTCCGAGG_7,7,2,5,8,5,1,6,5,6,5
CGCATCCCGTCA_7,0,0,5,8,9,7,5,1,2,6
CCTGCATTTCCG_7,8,8,8,1,3,0,5,7,7,5
AAATACATCGTC_7,1,7,0,6,6,5,7,6,4,0
CCGCAGGCGGAT_7,8,6,5,9,0,4,7,9,7,0
CAGGATGGAAGT_7,0,4,5,8,1,9,6,1,2,4
GTTGAGGCCGAG_7,9,7,9,0,0,2,9,0,3,3
TTAACACCCCTG_7,5,8,4,4,0,1,1,2,8,3
ATCACCAGCCTG_7,1,1,0,7,7,5,2,0,4,7
AGAGTCTACCGG_7,6,8,8,2,0,0,6,9,7,2
GACAGTAAACCC_7,6,7,9,0,4,3,9,6,6,0
GCGCGTGAAACT_7,5,0,1,2,3,1,5,7,8,3
AGAGCAATCCGC_7,0,0,5,2,3,7,8,9,5,5
GACGCCTCCCTA_7,5,9,8,4,0,8,1,7,3,2
TCTTTGCTACTA_7,4,1,3,7,2,5,8,0,9,3
CGGGGATTGCCG_7,5,6,7,5,5,6,2,2,5,9
CCGTATAAGCCC_7,6,7,9,0,8,2,9,6,1,5
CCCGGACGGCTT_7,4,3,3,7,0,8,3,0,1,7
GGCGTAGTACCT_7,4,3,5,6,7,7,3,4,9,6
CCCGGTAGTAGA_7,6,9,9,2,9,6,2,3,6,4
AGCCCCAGGCTA_7,3,7,4,2,3,8,5,6,0,9
ACAGGAAATCCG_7,8,9,4,1,0,8,1,7,3,6
GCTCCTTCGTAG_7,2,5,0,3,5,9,9,6,6,9
AGTCGCGCTCGC_7,5,3,7,5,5,2,1,5,5,6
GAGCTCAATCCG_7,6,9,4,8,0,0,0,5,8,6
ACTAAGGCGAAC_7,1,1,3,7,2,8,3,4,9,7
ATTCCTGCCCTG_7,5,2,5,5,5,0,2,3,6,9
AGTCTCCCACAG_7,7,0,2,8,8,8,7,2,5,4
ACCCATTTCATG_7,5,6,1,8,0,1,4,7,7,5
CACCCTGCGGCT_7,9,9,2,0,2,6,8,0,1,3
TATGCATGCAGG_7,2,9,8,9,9,4,4,9,8,6
GACGAGCGGCAC_7,3,8,4,4,3,8,5,8,3,2
GGTGCCGTAAAC_7,5,9,7,2,3,8,3,7,7,6
GAGTCGCGATGT_7,5,8,1,9,6,0,5,8,1,3
GAGGCGGGATGG_7,4,3,3,3,2,8,3,4,2,7
AGCTAGCGGAGG_7,9,7,9,6,8,6,9,0,3,7
GGTAGCCGTAGA_7,9,0,9,3,4,2,7,6,6,1
CGACTTGTCTGT_7,3,6,2,4,6,4,0,7,0,9
TCTCTGTCTCCT_7,7,1,3,7,7,5,8,8,0,1
GGCAGACCGAAG_7,2,6,7,4,9,8,2,8,6,2
ATCCCGATGCGC_7,9,3,0,5,5,6,7,0,3,3
ATCGGCCTGTCT_7,8,7,4,8,3,4,1,9,7,4
CCTACATAAGGA_7,5,3,6,2,3,0,1,7,1,4
GTTACGCTTCTA_7,2,5,9,9,4,6,4,9,5,3
CGCCAATGATAT_7,2,7,6,4,0,7,1,8,1,5
AATTTTCGACGA_7,8,6,1,9,3,7,4,8,3,5
TCCGAGCGCTAG_7,3,8,1,9,9,1,5,5,3,6
CCCGGGCGAGGA_7,6,7,9,0,4,3,9,0,6,3
CATGGCATCGCC_7,2,6,1,8,1,0,5,5,7,0
ACCACGGGCTCC_7,9,5,6,3,7,9,6,1,9,8
GATCAAAATAAT_7,2,9,1,4,9,1,2,9,0,6
GGGAGGACTGTG_7,5,5,4,9,5,6,7,2,5,6
CGCTGACGAAAA_7,8,2,7,8,3,8,5,1,9,2
GCGCGTGAAACG_7,5,0,7,9,3,7,7,3,1,6
TAGGATGAACGA_7,9,1,3,7,7,5,3,4,9,0
CCTCACCCGTTG_7,7,9,1,5,6,8,2,8,8,6
TTTCCATACATG_7,6,7,9,0,8,3,9,6,6,7
TTTAACGCATAA_7,2,2,1,2,3,4,0,5,7,9
GACATCCTCCCT_7,3,9,8,9,0,2,7,7,7,5
TCCCCTACTTAG_7,2,0,2,3,9,9,6,5,0,9
CTCCGATCTGGG_7,3,6,2,1,0,4,0,7,1,5
GACGTCTGACGG_7,5,0,4,1,6,7,6,2,7,1
TGGGCCTATTAG_7,1,1,6,7,7,3,8,4,4,7
CAAAAAACACTT_7,1,1,3,7,2,5,3,4,9,7
GCTCACTGGCGC_7,2,3,4,2,5,1,4,2,1,6
GTGCTTCGACCT_7,2,9,4,9,6,8,6,7,7,0
ACCGGTCTGGAA_7,6,8,1,9,6,8,2,8,0,2
CCCGGACGGCTA_7,5,0,6,2,6,4,4,4,1,7
CGCGTAGATGCG_7,5,6,1,0,5,0,5,3,8,9
ATCCAGGCGCTG_7,8,5,1,2,9,6,2,2,5,6
CTCACTCGTCCT_7,2,0,2,1,6,3,1,6,1,2
GCCCGGAGCACG_7,5,6,5,1,6,0,4,5,0,5
AGTCTTTCACTA_7,2,8,8,8,9,8,5,5,0,1
CACATAATCCGG_7,4,3,3,7,7,5,7,4,4,7
GGTAAGGGCCGC_7,3,2,6,1,1,1,0,5,2,9
ACCCAAGTCGCG_7,5,2,8,9,6,0,2,3,5,6
ACTCACAGCGTG_7,9,9,9,3,5,8,5,2,6,5
GTAATAACAGTC_7,1,1,3,7,7,5,3,0,4,7
CATCTTCATTAC_7,0,4,0,3,8,9,6,1,2,8
CCGTAACGCTTC_7,6,7,8,0,2,3,9,6,3,5
CCGTAACGCTTG_7,9,2,6,6,8,4,2,6,7,7
ATAACCGATGAT_7,2,4,3,5,7,2,8,0,4,7
TAGCGCAGAAGC_7,5,2,1,9,1,7,0,8,5,2
GTTAGGACGAAG_7,2,9,5,5,9,8,1,8,0,4
CGAAAGGTCGTA_7,5,8,2,9,3,0,1,8,8,6
CGAGCGTTCCCC_7,8,6,2,9,3,0,2,9,1,5
AACCGAGCATGT_7,7,0,2,5,2,5,7,0,2,8
GACCATTAAGCA_7,6,5,0,0,9,8,9,6,5,0
TTCTGTCTTAGG_7,3,9,4,5,9,8,6,3,7,2
TTATATTTGCCC_7,3,6,2,8,6,0,5,7,8,6
GCTAAGCAGCAA_7,5,6,1,1,3,1,4,9,3,5
TCCCCTTGCCGT_7,7,8,2,9,5,1,4,2,1,6
CGGCTACTTTGT_7,1,1,3,7,2,5,3,4,9,0
TCAGCGACAGTA_7,8,3,2,2,3,1,0,9,7,2
TACGACGTGTTA_7,9,7,0,0,8,3,7,6,5,3
TACCTTGTGGCA_7,1,7,0,6,9,3,2,0,9,7
AAATTTGCAACG_7,9,4,7,9,8,9,0,9,2,1
CCAGCCAGGACG_7,5,2,9,8,6,3,0,3,6,6
CTAGATTACTGC_7,0,9,1,2,3,7,4,5,8,6
CTCACTCGTCCG_7,7,2,5,2,9,0,4,7,5,1
AATCTTCGAAAT_7,1,1,3,6,7,5,3,0,9,7
CTGACCGTCGGA_7,5,8,8,8,9,7,0,7,6,3
TCGCGCGGCCTG_7,4,1,8,5,9,8,7,3,4,7
ATGTCGTCTGCA_7,7,2,4,2,5,7,7,3,1,3
GCGCGTGAAACC_7,5,0,1,4,3,7,1,9,1,5
TGCCTGTTTAGG_7,2,8,4,1,1,1,0,8,0,6
ACCATACTACAA_7,5,8,1,4,6,2,4,7,8,0
CATCAGAATCGA_7,4,7,0,7,7,3,3,0,4,1
TTGGACAGCAAT_7,0,1,1,1,0,7,0,8,2,2
CCGCGCGGACGA_7,5,2,1,5,5,6,5,0,6,0
TTCGAGCACACA_7,2,0,6,8,9,9,6,1,0,4
TGCTCTGATACT_7,5,9,4,1,0,0,1,7,8,1
GAGCGGACGATG_7,5,9,1,1,4,8,7,3,5,2
ACCACAGGATGC_7,7,4,5,3,5,1,6,3,2,4
GCTGACAGTGAT_7,8,6,8,9,9,0,0,8,3,2
CGTGAAACACGG_7,9,4,3,7,2,5,8,0,9,0
GGATGGGTATCA_7,2,2,1,4,1,1,6,5,7,4
GGCAATAGCCCA_7,6,5,9,0,4,6,1,6,6,3
GGCAAGGATTTG_7,4,6,9,6,2,5,9,0,4,7
CTCACTCGTCCC_7,5,9,5,5,6,2,7,9,6,2
GAGGGGAGTGGT_7,0,5,7,0,2,9,4,1,2,0
GAGCTCAATCCA_7,6,2,6,4,8,6,5,9,7,2
GACTTGCATCCG_7,2,4,5,3,5,6,7,1,2,4
TCTCTGTCTCCC_7,7,3,3,7,2,5,3,4,9,0
CGCTTGCCAACA_7,7,0,6,8,1,1,7,5,1,9
CACTCAATCAGT_7,8,7,0,0,6,6,9,6,2,4
ATCAGTTAGTTC_7,8,7,2,4,6,8,7,7,7,2
GACAGAGGCAAA_7,5,6,8,8,1,1,5,7,8,5
TAAATCCGATTC_7,8,0,4,0,0,1,5,9,8,5
TCGCATTCGGGA_7,8,0,5,4,6,2,0,5,8,2
AGGCACCGACCT_7,8,0,3,2,4,3,8,1,5,1
GACTTGCATCCT_7,7,0,0,0,4,8,4,6,5,4
ATGGATTGCCAA_7,3,4,0,0,3,2,4,6,7,0
TCTCAATTGCGC_7,0,0,4,1,3,4,5,8,8,6
TCTATGGCTTCC_7,2,8,7,8,1,1,1,8,7,2
ACTAGGGCGAAC_7,1,7,0,2,7,0,2,0,5,7
CACCCGGAGCAG_7,5,6,5,4,0,0,1,9,7,2
ACGCAAACGTCG_7,5,9,4,4,1,4,4,7,9,4
CCGTAACGCTTT_7,9,1,0,0,2,3,9,6,0,1
CGTGCCGGTGCG_7,8,6,5,2,9,7,4,8,1,6
TAGGACCGGCCC_7,8,9,5,2,0,1,1,7,6,2
GGGAATAAATAT_7,6,2,4,8,1,1,6,5,5,9
CTATCCTCACTA_7,8,6,1,4,3,1,2,5,0,5
GCCTCAATCCAT_7,3,6,4,8,9,2,1,5,7,6
CGCACACTAGCA_7,4,1,3,7,7,5,3,4,4,8
TACTGCCGCGCT_7,9,5,1,4,6,0,9,8,3,3
AGACCTATCCCC_7,2,2,4,1,9,1,5,9,4,1
AGCCATTAAAGG_7,8,7,9,0,6,6,7,9,3,3
ATGAGAGTGCCG_7,9,6,9,6,4,2,7,0,7,1
AGGTGCACGGTG_7,6,6,9,0,8,2,9,0,3,7
CCTGAACTAATG_7,6,2,4,8,1,3,5,7,1,0
AAATTTGCAACT_7,8,5,7,3,8,6,7,6,5,4
CATAAAGATCCT_7,7,7,1,0,6,8,2,2,1,1
ATGGCATAGCGC_7,5,0,6,6,0,7,5,7,3,6
GGTGCCCGTGTA_7,6,0,2,4,3,2,1,3,8,6
TGATGTGTCTAT_7,3,2,2,4,6,4,1,8,1,5
GATGGGTACATC_7,4,1,0,7,2,5,3,0,4,7
GCGCGTGAAACA_7,3,3,1,2,6,0,4,7,8,5
CCACGACCAATG_7,8,8,5,4,6,2,1,5,1,9
TCGTTACCCCGG_7,3,8,8,4,9,0,4,5,7,2
GTACCGCACAGA_7,2,0,2,4,9,9,1,8,2,4
TCTCTGTCTCCG_7,1,2,3,6,7,5,3,4,3,1
GATCGCCTATGG_7,0,4,7,8,1,9,6,5,2,8
AATCTGGCGTAT_7,1,1,3,6,2,5,3,4,8,0
AGCCGTGGAACA_7,7,9,0,2,5,6,5,3,6,9
CGTGCCCGCCAA_7,8,0,4,1,6,0,1,7,8,6
ACCTCTGGAATA_7,7,9,2,2,3,2,2,5,9,0
ATAATGTTCTAT_7,3,8,5,8,1,9,0,8,9,6
TTACCGGCTCAC_7,5,5,2,1,5,2,7,9,6,6
ATGACTACGTAG_7,0,4,5,8,3,9,8,1,2,4
TGTTTAATTGGC_7,3,9,7,9,1,0,6,5,8,2
GGGCCTCCTGCG_7,1,6,3,6,7,5,5,4,8,7
GTGGAGTGAAGT_7,6,2,1,8,1,4,8,7,2,9
AGTAATCTGGCT_7,8,6,1,1,0,2,1,5,8,0
GCCGAATCGGAC_7,6,3,9,3,5,6,9,3,6,3
CGCACGACAGGT_7,2,7,5,4,3,2,0,5,6,0
GGAGCCCAGACA_7,6,2,9,3,9,8,7,6,6,3
AATAATAGGACG_7,6,7,8,0,6,4,1,5,3,9
ATCGGCATATTC_7,1,4,0,7,7,5,8,4,9,6
GACGCTGATCTG_7,7,3,2,3,9,8,7,9,9,4
CGTAAACACGTT_7,5,2,6,1,6,4,2,8,7,1
CCAATTCCCAGG_7,9,3,0,8,9,9,9,5,8,0
CTTCATGTTGAC_7,9,6,6,9,0,8,2,7,7,5
TGTAGGTAGCTC_7,7,7,1,1,5,8,2,7,5,5
GTGGTTTCGGAG_7,7,3,7,8,3,1,5,9,5,9
TTTGCAAATAGC_7,7,2,7,8,4,9,7,1,5,6
AAATTTGCAACC_7,8,9,6,5,9,8,6,2,2,8
CAGAACGTGTAA_7,2,7,9,6,2,2,9,0,6,5
GACTTGCATCCC_7,5,4,9,5,4,6,7,2,6,8
TGTCGGAATTGC_7,4,9,3,9,3,3,8,9,1,5
CGCGTAATACAG_7,0,4,7,3,1,9,8,1,2,8
GGTACTTCAGGT_7,5,7,1,9,3,0,1,7,1,6
GCGAAGGCGCAA_7,0,2,5,3,3,8,0,1,5,4
CATCCGGTGCTT_7,8,3,7,9,9,9,4,9,7,4
TCTGTCGTTCAG_7,5,2,6,2,3,4,1,7,7,6
CCAGGGCGCCAT_7,9,5,9,0,5,8,7,8,5,3
CCGTTGGGAATC_7,6,7,9,0,8,2,8,6,2,8
CCGGTTCGGTTG_7,4,3,1,6,2,5,3,0,3,7
CACTCCCCACCG_7,5,9,8,4,1,1,7,9,5,9
ACGAACTCCTTT_7,0,4,7,8,3,9,6,1,2,8
CCCGAACCTTGA_7,2,2,6,8,0,1,5,7,0,2
GCTCACTGGCGG_7,7,0,4,1,5,2,5,2,0,5
GGTCCGTTGGTT_7,6,2,6,9,0,0,1,7,1,3
CTAGACCAGTGC_7,2,6,8,9,6,0,1,8,6,3
TCGTGTTGCTAG_7,3,8,9,9,6,2,2,7,5,6
ACTGCATCCACT_7,1,1,8,7,3,9,6,4,4,7
ATGGACTTTCAG_7,6,9,5,1,5,1,4,2,1,2
CGGCGCGTCGGT_7,8,4,1,4,6,0,5,2,3,3
TGGGCTCGCTCG_7,8,9,4,1,3,2,0,7,9,2
CTATTCAGACAC_7,7,2,9,2,2,6,0,4,0,1
CCACGACCAATT_7,3,0,0,5,3,1,7,2,2,1
TCTCCCATTTCA_7,6,9,1,2,6,2,4,7,7,6
TCGCGCCAAAGT_7,1,7,9,0,4,8,9,6,3,3
TGGGTGCACTTC_7,9,7,9,0,4,8,9,6,6,3
CACGTTACTAGA_7,8,7,1,4,3,7,5,2,7,5
TTGGACTCGATT_7,7,4,9,6,4,5,2,1,2,1
CCCTAACCCTGG_7,0,2,7,8,9,9,6,1,0,4
ATGTCCTCCGAG_7,5,7,6,4,5,1,7,6,6,6
GCGCCGGGAGAG_7,9,2,9,4,4,3,9,8,1,3
GGTGCCTGCCAA_7,0,4,7,3,1,2,8,9,9,4
GTATGAAAGCTT_7,9,7,2,4,4,0,7,7,7,5
CCAATCCTGGAT_7,7,8,4,8,3,8,6,5,3,6
TTTAGTTGGGAC_7,2,2,2,5,1,2,4,5,5,3
AATGCCAGCAGG_7,8,8,4,4,0,8,1,7,0,2
ATTTCTCCCTTA_7,9,8,8,1,6,8,0,5,3,1
TCAGAAGTCCTA_7,3,2,5,1,6,9,6,7,0,9
CTGTCCCCACTT_7,6,9,7,8,8,8,6,5,9,5
GAGGCACGCAGG_7,7,0,2,8,1,8,0,5,0,4
TGCCGAATAGAT_7,0,0,8,8,1,9,0,5,0,5
AGCTACCTAGAT_7,7,8,7,8,3,9,0,5,1,9
CCAGTCTTAGCC_7,2,6,5,1,1,2,0,2,9,4
CCAACGTTAGTG_7,6,4,9,0,6,6,9,6,7,9
AAATTTGCAACA_7,2,3,2,2,2,8,4,1,9,3
TAACTAATTAAC_7,8,3,2,2,1,9,8,9,5,1
CCACGACCAATC_7,6,9,5,0,3,6,4,2,1,5
AACCCACTCTGG_7,3,8,1,4,9,1,1,7,1,2
GGACATCGCTGC_7,6,0,7,5,1,4,6,5,2,9
ACACCTAGAGTA_7,1,1,3,7,2,5,3,0,4,7
CCATTTGGTAGC_7,9,2,1,8,9,2,4,7,6,6
TAGCCTCATCAT_7,3,7,9,0,0,3,9,6,4,0
GTAATCTGTGAT_7,8,0,5,1,0,0,5,8,5,5
CACGATACGAAT_7,9,6,9,1,6,0,2,5,7,9
CTACCTCCAAGA_7,7,2,2,8,1,1,0,7,9,9
GTAAGCGGGGTC_7,9,6,3,6,7,3,9,0,5,7
AGTTACAGCTCA_7,1,2,9,6,8,6,7,6,3,3
GCCATTTCATAA_7,8,8,1,9,0,1,1,8,7,5
TCGGTGTGTGAA_7,0,0,7,8,3,8,6,1,2,9
CGAACCCTATCT_7,1,7,5,6,8,5,8,1,8,7
AGACACCACTAC_7,2,6,5,9,2,4,5,8,9,6
AGTAATCTGGCC_7,2,9,1,4,6,6,5,7,7,9
ACCAGCTGACCT_7,5,9,5,1,0,1,1,8,7,2
AACTCCTGAGCC_7,9,9,8,1,3,2,5,7,0,6
ATAGTATCCAAC_7,2,8,1,8,3,1,8,9,1,1
CATCACGCCAGT_7,1,3,5,2,2,8,3,0,9,3
TCTACTTTCCTC_7,8,8,6,0,4,2,1,6,1,9
CCCCATTAAGCT_7,3,7,6,9,0,0,5,8,3,2
GTCCCTAGGTGA_7,5,9,2,5,3,0,7,2,4,1
AATTGAATTTAT_7,0,2,7,8,3,8,6,3,2,4
TAAACTGGCATC_7,3,8,2,4,0,0,5,7,1,2
TAATTCTTTGAC_7,3,8,0,1,9,7,2,8,8,6
TCCTGTCTGACG_7,6,5,9,0,4,3,9,6,7,5
CGTAGGTCTTGC_7,5,3,6,2,2,2,4,4,5,8
GGCTGTCGTGTC_7,8,6,2,4,6,7,1,8,3,5
GGTGCAGCAAGC_7,7,2,0,3,4,6,7,6,6,8
ATTTATTAGCTG_7,9,7,0,6,4,6,7,0,3,9
TCTCACTTGTTC_7,7,6,1,1,9,3,1,7,1,2
GGCGATCGTGGA_7,2,9,8,9,9,4,5,5,6,2
TTTCTGACTGGA_7,0,0,7,8,5,9,4,1,2,4
AGTAATCTGGCG_7,5,6,5,5,6,0,2,9,8,7
TTAGACTATAAA_7,3,8,6,8,6,1,8,2,0,6
TGTGTCTGGTCA_7,5,9,5,1,0,2,9,6,5,0
ACCTGCCCGAAG_7,2,6,4,2,3,0,5,2,8,2
TCCACTTTCTCC_7,7,9,6,8,9,1,7,1,0,0
TTTAAACCCAAC_7,2,0,5,0,3,1,2,3,2,3
CGGGAACAGACT_7,8,9,1,5,6,1,5,9,0,1
TTGCCGAGCTTG_7,0,4,7,8,1,1,0,5,0,4
CTATTTCGTTTC_7,0,8,5,4,1,9,6,5,0,1
GGCGCCGCGTCA_7,5,0,7,1,3,7,5,8,8,2
CATATTGTTTTG_7,9,2,0,8,1,9,7,2,0,4
TGAGATATCATT_7,6,7,9,1,4,8,7,6,3,9
