,0,1,2,3,4,5,6,7,8,9
TATGATACCCTA_2,1,4,2,0,7,5,9,4,4,4
GATCGCGGCTTC_2,3,7,1,3,5,9,5,5,5,7
CCGCATTAACGG_2,1,5,2,0,3,9,9,5,1,2
CCCGTCCGATCT_2,1,6,2,9,2,0,9,5,9,1
CAGGGTCGCCAA_2,3,6,3,0,0,4,4,9,4,1
GAAGCATCACGG_2,2,9,4,1,8,2,2,3,6,4
CGTCCTGATAAA_2,8,0,7,3,6,3,5,3,1,3
CCCCACCTCCAG_2,3,1,2,1,8,0,5,3,1,1
ATGCAAGCCACG_2,9,4,3,5,8,6,1,3,2,0
CGTTGTACTACC_2,4,1,7,0,9,5,5,5,1,7
GTTATCAGGCGT_2,0,0,8,7,6,8,2,4,1,9
ACCGTTAAAGCC_2,9,2,4,7,2,5,7,6,1,1
CTTTCAGGGTGA_2,0,2,7,7,5,8,8,7,8,9
CATCTCACGCCA_2,4,2,5,3,2,3,3,5,8,7
CATCTCGGGCTT_2,4,2,1,7,5,8,8,6,1,7
CATCGTCGCTAG_2,6,4,2,5,8,7,4,5,2,8
AGCAATATCAGG_2,6,4,2,5,4,1,2,3,3,1
GGATCAAACTTG_2,9,1,4,8,4,5,7,4,9,6
ATAATCACATTG_2,9,6,3,6,8,1,1,3,3,1
CATTTGGTCGCG_2,1,4,6,0,8,0,0,9,9,1
GGACCCCTGTCT_2,6,8,1,1,3,7,1,9,1,2
TGACGTAAATCC_2,3,9,5,0,3,1,1,5,4,2
GGCTTTCACCAC_2,3,8,6,0,3,9,2,6,3,4
CGGCAAAGCGAG_2,1,5,4,9,3,7,2,2,2,8
GGGTTATTGTTG_2,1,1,2,1,2,7,1,3,4,0
TCGCCATCCAGC_2,6,6,5,6,2,1,3,3,0,4
CAGTATAGGGCT_2,3,8,3,1,3,1,3,7,3,1
GGAATCTAGACT_2,6,1,3,0,8,0,3,5,1,1
TCTGGGGAGAAT_2,9,8,3,5,8,0,6,3,4,4
TCTCACTGAAAG_2,9,0,8,3,5,3,5,7,8,3
CCCCACCTCCAT_2,6,1,3,1,8,1,3,7,4,1
TTACCGTTGACC_2,6,8,3,1,3,7,4,4,4,0
CACCCTTAGGGT_2,8,2,1,3,5,8,5,4,9,9
AAATACATGTTC_2,4,0,3,5,5,8,5,3,8,9
GTAGCCGTCTTG_2,7,6,6,3,3,6,5,5,4,4
GCGACACGCAAG_2,0,2,2,3,6,4,5,8,1,7
ACTAGTTTCCTA_2,1,8,1,6,2,6,4,2,8,7
GCATTGGGATGT_2,4,4,3,5,5,4,2,6,4,4
CACGGATATCGA_2,6,1,4,8,4,6,2,3,9,7
TCCCCCGGCGCC_2,4,7,1,3,9,4,9,6,5,7
CCCCCATACTAT_2,3,8,3,6,3,7,7,9,4,1
CCCCACCTCCAC_2,3,3,5,1,2,0,3,3,1,3
GGCCCAAGATGC_2,4,0,4,4,5,4,5,4,1,3
GGCTGACGATTT_2,4,3,0,1,6,0,2,1,6,1
TTTGCTCATCGC_2,1,9,3,2,1,2,0,2,9,4
AGTTCTACGATC_2,9,3,9,2,7,6,5,2,7,6
CGTCAGATGCAC_2,0,2,1,7,5,8,8,0,5,9
GCTACATTGCAC_2,7,2,1,7,2,4,6,6,9,7
ATTCTAACGCCG_2,9,6,2,0,8,2,7,5,4,1
TGCGTTATCACA_2,9,5,4,5,8,1,2,4,4,8
GTGGCACAGGTC_2,8,4,4,5,9,7,1,9,1,1
GCATTAAGTGGG_2,3,8,3,5,8,0,7,3,1,2
TAGCTCTAAGCA_2,3,2,3,0,1,1,3,4,4,1
CTAAAGCGCGGA_2,7,5,7,4,3,9,2,5,9,3
AGTGACTTATAA_2,1,6,3,0,0,4,4,3,1,1
CATCAACTGGCC_2,6,1,9,1,7,5,7,4,9,1
GTAGCAACGTTT_2,1,9,4,1,3,1,1,7,4,1
TCATTCCCAAGG_2,9,2,6,5,8,6,4,3,0,0
AGACAAAGTAGT_2,6,6,2,6,3,6,1,7,0,0
AATACCAAGAGG_2,6,2,5,1,8,6,3,7,2,4
AGCTCTACCTCA_2,6,4,6,6,2,7,3,9,2,2
GGAGCTTGTTGC_2,5,1,3,0,7,7,9,8,9,7
GAGCGCTCATGC_2,4,5,4,3,6,4,9,6,9,7
CCCAAATAAAGA_2,3,9,2,1,8,1,2,7,6,1
TTCGTTATCAGA_2,6,2,1,0,5,4,2,6,2,3
AGGAGACGGATA_2,7,0,7,4,4,6,8,4,1,1
AGCGATTACTGG_2,2,6,5,0,3,1,3,7,2,4
TGAGAGAGACTG_2,6,6,2,1,8,1,6,0,9,1
GGCCAGGTCTTG_2,0,2,4,5,3,0,1,9,8,6
AAGCTGCAATAT_2,1,8,6,0,3,5,0,8,7,5
ATACAACAACTG_2,8,6,4,5,3,1,1,3,4,7
GGCCAGGTCTTT_2,9,2,7,1,3,3,2,6,5,1
ATTGTGAAAGTG_2,9,9,5,9,3,6,0,4,4,0
GGTCAACCAAAG_2,1,0,5,5,8,3,6,0,9,8
TCCCCCCGCGGA_2,1,4,5,6,1,1,6,9,2,2
CTTGAGACGAAT_2,1,1,2,9,8,4,9,8,2,7
CACACGGTACGG_2,0,0,1,7,5,4,3,1,1,6
CCCAGACTTCGT_2,6,1,5,5,3,7,5,4,4,8
ATGCTTCATTCG_2,6,6,6,6,1,6,2,7,3,7
CCCCACCTCCAA_2,6,4,2,1,8,1,0,4,0,1
AATCCGTATCTC_2,1,6,6,6,3,1,4,9,4,8
CAGACTGGTAGG_2,3,6,1,6,1,6,1,7,4,1
GGCCAGGTCTTC_2,9,1,7,8,8,1,3,6,0,4
GGCTGTCTTGTG_2,2,5,4,1,3,1,0,2,3,6
CTCGGACGTCCG_2,1,9,2,4,1,7,4,5,2,2
ACGAAGTCGCAT_2,9,6,4,1,8,0,1,7,7,4
ACTGCGATCCGC_2,3,4,6,1,2,0,6,5,4,7
TGTACGACGCAT_2,6,5,6,1,8,7,3,0,3,8
GACACGCATCAG_2,7,1,7,4,6,9,9,8,1,6
GCCCTAGAGATG_2,0,3,4,7,5,4,2,3,1,6
TCGCTTACCCAG_2,1,3,3,1,2,9,2,9,4,4
CACGTGAAGGAT_2,0,3,5,1,8,4,4,0,9,4
CCGGGACGGAGC_2,1,4,3,0,8,1,4,3,4,7
CTTTACACGTTG_2,0,2,5,7,9,0,5,4,1,9
TTCACCGTTGGG_2,0,2,8,3,5,4,9,5,8,7
AAGCTGCAATAG_2,5,8,9,0,9,5,4,8,9,8
CTGCAATGGTTG_2,9,1,0,8,4,1,5,3,6,0
GCCAAGAGCATG_2,8,4,7,8,6,4,2,5,2,7
CTTGTATATAGC_2,6,2,6,8,4,1,3,3,1,6
TGGAGATCGCAA_2,7,4,1,0,1,7,6,8,2,7
TCAGGGGAAATT_2,3,3,3,1,6,6,2,4,2,4
CGCCGTGCTCTC_2,5,1,4,9,7,4,9,1,0,6
GCTCCGACACTT_2,1,6,6,6,3,7,6,9,4,2
CTAGAATAGATA_2,3,9,2,6,8,4,6,0,2,8
TTACACCAGCAA_2,0,7,4,4,0,2,2,6,0,3
ACGCCAGCATCC_2,6,9,5,6,8,1,9,7,3,0
CCTCCGTAGTGG_2,0,8,5,8,2,3,1,5,2,1
ACTTCGTATATG_2,5,3,2,4,2,0,5,5,7,6
CCTCAGTGCTCT_2,1,4,6,0,1,1,6,5,4,1
AACTCGAGGCAA_2,5,3,4,1,9,9,5,5,9,1
TTGGCGTGAGAC_2,9,5,9,2,7,2,7,2,7,6
TCGAATTCTGCA_2,0,4,3,5,1,6,3,4,1,8
GCTTATGTCTTT_2,6,6,2,5,8,6,4,7,4,8
CCTAAGTATGCT_2,0,2,5,3,8,4,6,5,6,7
ATAATAGCCACT_2,3,0,2,0,9,3,6,4,1,0
CACTCTAGAACC_2,0,1,4,4,8,0,2,2,7,6
AATAAACTATCG_2,0,5,7,7,4,8,5,5,1,7
CTCCAGTCCGCG_2,3,4,6,3,2,7,4,5,4,1
ATCACCGCGATT_2,5,5,2,7,4,5,0,4,7,6
TCCTCTGAGCGT_2,8,2,6,5,1,1,9,6,1,4
AAGCTGCAATAC_2,1,5,4,9,0,5,7,8,7,1
GGCGGCTGTTCG_2,8,9,3,9,0,4,4,0,2,2
CAAAAGCAGTGT_2,3,0,5,5,8,0,2,3,4,8
AAGACGTAGCAT_2,5,5,4,2,7,5,7,2,7,6
CTGATGGATGGA_2,1,6,3,6,0,6,9,9,3,2
GTTAGGAGCGCA_2,6,7,8,8,9,4,9,0,2,7
AGATTGGAGCCG_2,7,1,2,3,5,4,8,5,1,3
TGTCCTGTCGGC_2,5,3,8,2,5,9,2,5,9,3
TTCGCGAAACGT_2,0,2,8,3,5,3,8,8,5,7
AGCCGTCACAGG_2,0,2,0,3,6,4,1,6,3,9
AATTGAGTTCCC_2,9,9,6,6,0,0,1,2,2,8
TACCGCTAGCAT_2,2,3,1,7,5,9,7,8,8,3
TCGATGCGGAGC_2,4,2,8,7,5,8,8,8,8,9
GCTGCCCTTGCC_2,5,5,9,2,7,9,9,1,7,7
CGACTTATACTG_2,7,0,7,7,9,3,8,5,5,3
CTTAGTATTTTC_2,0,2,4,7,5,8,3,6,5,3
CTACAAGTCGGA_2,2,5,4,4,2,7,0,3,4,4
TGGTATGAACAC_2,7,0,7,7,6,3,8,1,5,9
TCATGCAGAGCG_2,7,2,5,4,5,8,8,0,1,1
ACCTATCCGTTC_2,6,3,4,1,5,9,5,7,8,7
GGATTATAAAAG_2,1,9,5,0,8,7,1,4,4,4
GGCTCGCTCAAG_2,7,4,3,6,8,9,2,8,0,9
TCAATTAGCCGC_2,3,6,6,5,0,1,3,3,2,4
AAGCTGCAATAA_2,5,5,4,9,9,4,6,8,9,4
CACCTTTGTTTC_2,2,1,9,2,7,2,5,1,7,5
CTAGCGGATGAG_2,1,4,5,4,4,9,4,7,4,1
GTAATAGCGCCG_2,4,2,1,7,5,8,8,6,8,4
ACCATACTTAAC_2,3,2,3,6,2,1,6,6,6,4
GGCCAGGTCTTA_2,4,1,0,6,5,0,5,2,2,0
CTCCTACAGTGC_2,4,2,7,2,4,3,7,4,1,4
TATGCCCTAACT_2,9,8,3,5,8,0,9,4,6,2
CCCCCATCGTTA_2,1,8,2,9,3,7,4,7,4,0
CTCGAGGGTGCT_2,9,1,4,8,6,1,3,3,7,1
GCGAGGTAAAGG_2,3,8,6,1,8,0,2,2,2,8
TGTTGCATGAGT_2,9,6,0,1,4,3,2,2,9,1
GAGAACCCTTCG_2,1,6,6,1,1,7,0,9,3,1
CGGATATGAGCG_2,3,4,7,5,9,6,3,9,4,7
GGGCCCAATACC_2,1,8,3,6,2,7,4,7,9,2
GTAGGCGATCCC_2,4,5,6,9,2,3,9,2,1,7
TTGTGCCTAAAT_2,7,5,1,7,5,8,5,3,9,9
GAGACGCGGGGG_2,2,1,5,0,6,5,2,4,8,6
GGTCGCGTAATT_2,6,8,3,5,3,7,2,4,3,1
GCTAACCGGTCC_2,5,5,9,2,0,5,7,1,1,6
CACTATCCCTCT_2,8,3,7,3,2,8,9,8,8,9
TAAAGTCGCGCA_2,9,1,4,8,7,5,7,1,7,6
ACGCCTAGATAT_2,1,8,3,0,8,7,6,4,4,8
GAGACCTCCCCA_2,2,1,9,8,7,2,7,1,7,3
CGTAACGGATCA_2,6,4,5,9,3,7,1,7,4,1
GATTCTGCTCCC_2,6,6,3,2,8,0,3,7,4,0
TCTGGTCGATAG_2,3,8,2,1,1,7,6,9,4,0
CGACGGATAAAC_2,9,4,2,1,8,4,1,9,6,4
CGCAAGCATGCG_2,0,0,1,7,5,4,8,8,8,9
CACAGTTGTCCC_2,9,1,4,8,7,0,7,5,1,6
CCCGGTGCAAGG_2,7,0,7,3,5,8,8,0,5,9
AATGATCACTTT_2,3,2,2,5,1,0,1,3,4,2
GACACGCATCAC_2,8,7,4,9,7,8,9,4,9,7
GACCAATGAATA_2,6,0,3,3,6,9,8,6,5,7
TCATTCCCAAGA_2,6,6,5,5,2,4,1,5,1,0
TCATCAATCTCG_2,7,1,0,7,5,4,8,5,1,5
GCCGATGAAGCC_2,1,8,6,9,3,4,4,7,1,7
TCGCCGACTCAT_2,7,0,1,3,2,3,8,5,4,4
TGCCCTATTCCA_2,7,7,8,3,5,8,8,5,8,9
AGAAACCAATTG_2,5,5,4,2,7,5,7,1,7,1
CGAGGGAACGAT_2,6,8,6,4,1,6,3,6,9,2
TGGGGTCATCTT_2,7,0,5,7,4,3,5,2,9,3
TGGAAACACCTT_2,2,1,9,3,4,4,7,1,7,5
TTCAGGGTTCTC_2,0,3,8,7,5,0,2,3,5,4
TAAACCACAACT_2,3,9,5,8,8,3,1,6,8,0
GTGCAATCGGGC_2,1,4,6,0,1,6,1,9,0,7
CTAACCCTTGCC_2,3,4,6,5,2,0,3,9,3,0
GTACCTGTAATA_2,5,1,0,4,7,0,5,3,7,5
ACTAGCTGCAAG_2,7,7,7,3,5,8,8,0,3,4
TTCAACAAACTC_2,0,0,8,7,5,8,8,6,5,9
GCTAACCATGAG_2,1,4,8,0,1,7,2,5,0,7
TCCGCTTTCAGG_2,2,6,6,1,2,6,1,7,6,0
TCGCCCGGCTAG_2,2,3,2,6,1,5,4,5,9,5
GGAAAGTAGTAA_2,6,9,6,9,2,7,1,4,4,0
CCCTCAAAGTGA_2,8,2,7,8,9,9,5,4,9,3
AGAGACCCTGAA_2,4,6,4,5,4,0,5,4,6,6
TACACCTTAACC_2,2,1,9,1,7,4,5,1,0,6
CGCGTAGTACAC_2,3,8,2,4,4,7,0,7,3,8
GAGGAGCCGATG_2,1,6,2,1,3,6,1,3,4,1
GGACCGGCTAGA_2,4,2,1,3,9,9,5,8,5,4
CGGTTGTAGTAA_2,8,2,4,1,3,1,6,4,1,4
CCATCCCCTAAA_2,5,1,9,8,7,2,2,2,7,6
CCGCTAAAGTGT_2,8,2,8,7,9,8,8,4,5,9
GACACGCATCAT_2,4,3,4,8,7,5,5,8,8,1
TCAGCAAATCAA_2,9,1,4,2,4,5,2,4,6,6
GACTAAAGGTTC_2,3,8,3,7,0,4,2,5,4,2
CTTGACAAACCC_2,8,7,8,4,6,8,8,6,8,9
AACGATCTCCCG_2,8,7,7,7,6,8,6,0,5,3
CGCCTCCTAGCC_2,7,0,7,3,6,9,8,8,8,3
CCGATATGCACT_2,2,1,4,8,8,5,2,1,3,4
GACACGCATCAA_2,0,1,8,2,8,2,9,1,9,1
CTCCATTAGCTG_2,3,6,3,8,0,3,3,9,3,7
AAATGTTAATTA_2,3,4,3,6,8,6,1,0,4,8
TCAGTACTATAA_2,5,5,9,2,7,2,5,2,7,5
AGGAACCACGCC_2,2,1,9,2,7,4,2,6,7,5
GGACTTTACCGG_2,3,6,5,6,3,7,4,9,2,2
TTGCCGCTATCA_2,7,1,7,7,6,1,2,5,5,7
TCATAATACGAA_2,8,9,3,1,0,1,6,4,4,8
GAGAAATGATAG_2,0,7,1,3,5,8,5,6,8,0
TACTGAGAGCTT_2,6,4,6,5,3,4,4,3,4,3
GTTCGTCTGAAC_2,3,6,3,3,0,2,5,8,1,8
GACTTTCGACAG_2,7,5,4,3,5,3,5,5,9,9
CCTCGTCGTCTT_2,0,7,8,7,6,8,8,3,8,9
AGGAACGTTAAA_2,3,3,5,6,4,6,7,4,3,1
CTGGCGTATATA_2,9,2,7,5,6,1,3,4,8,0
TATGCGGAATGG_2,6,6,3,5,3,1,4,4,3,8
TCATTCCCAAGC_2,3,9,3,1,3,1,1,4,4,4
GTCGCGTGAGAG_2,7,2,5,1,9,8,6,4,6,9
CTATACCTCAAC_2,2,5,9,2,0,5,7,4,7,5
TACCACATTAGC_2,9,3,4,2,7,2,2,4,7,6
GTCCAGGCATCG_2,2,3,0,1,7,0,7,5,6,5
GCTCAACACTGC_2,7,8,3,1,7,5,9,1,2,4
CAAGACCCCATC_2,3,6,3,1,6,1,1,9,3,4
TTGTCTGGGGCC_2,3,6,3,5,0,6,2,3,2,1
AATGAGGAGCTC_2,7,3,4,5,2,7,4,8,7,5
GGCATAACTACC_2,4,7,1,7,6,3,8,6,8,9
ACTAGCTGCAAT_2,0,0,8,3,5,3,3,8,3,9
TATCATCCTCAT_2,3,9,2,0,2,6,1,9,4,8
AACGATCTCCCT_2,7,7,7,3,5,8,8,0,8,9
GCCGACGTTCGA_2,0,0,7,7,5,8,8,8,8,9
GGTGGCATAGAG_2,3,6,3,9,3,3,2,4,4,2
TAATCCTAGCAG_2,4,1,0,1,8,0,5,6,9,1
ACTAGCTGCAAC_2,8,0,7,7,9,7,9,8,5,9
GAGGAGCCGATC_2,1,1,6,6,8,1,1,7,4,1
CCGCTGGGCACT_2,7,2,1,3,6,3,9,6,5,7
CCTCATTAGTCG_2,1,7,7,6,5,7,8,9,2,2
CGCGCAACAAGG_2,4,4,7,9,3,9,5,1,8,1
CTGGAAGTCTCT_2,7,7,3,9,2,7,3,6,9,4
AACGATCTCCCC_2,4,2,8,3,6,8,8,8,8,9
GACTTTCGACAT_2,7,5,1,8,6,4,9,4,1,1
GGGGATGATTAG_2,8,4,5,0,0,3,3,0,0,8
GTCGTTAGAAAC_2,1,6,3,9,0,9,2,8,2,2
GATGACAAAACA_2,3,1,3,6,8,3,6,7,2,7
ACATAGTCGGAG_2,1,3,2,5,3,9,3,5,3,7
GTACGTTCCCCC_2,9,9,2,6,0,4,9,9,0,4
GAGGAGCCGATT_2,6,6,2,1,8,1,1,5,6,1
TCAAATAGTGAG_2,3,9,6,6,3,6,1,6,0,2
CGTGGTCGCTTG_2,2,6,6,4,3,4,0,7,7,5
CTGTGAGGCATG_2,6,4,2,8,3,7,3,9,3,8
CCCGAACCCGGG_2,6,8,6,0,8,6,6,9,2,1
TCGGGCCTTATA_2,3,9,3,5,1,6,1,3,6,4
CGCGACGATGTA_2,1,8,6,3,9,7,4,0,4,4
TACAAGTCACGT_2,6,6,2,6,1,1,4,9,4,2
AGGAATTTAAGA_2,0,0,7,7,5,8,5,6,1,4
CATGACGACAAA_2,9,1,4,2,9,3,7,4,6,5
CTATCGGATCGG_2,6,4,3,3,9,7,3,4,1,2
GACTTTCGACAC_2,4,5,1,3,9,9,9,4,5,3
GATGTCTTGACC_2,4,7,8,0,6,4,9,0,8,4
TGCCAGAGACAT_2,9,2,4,8,8,4,2,3,0,1
CCCTTCACGGTT_2,3,8,2,6,5,0,4,4,2,7
GTAACAATAACT_2,4,0,7,7,6,8,8,6,8,9
TTCACGTGTGAC_2,8,9,8,3,2,7,6,2,4,7
AGCAAGCACCCT_2,3,7,6,4,0,3,6,9,4,0
CCAAATTTCTCC_2,0,0,7,7,5,8,8,0,5,3
TAGTAAATGTTG_2,6,6,6,5,2,7,3,7,3,2
GGTCTCTACCCT_2,2,5,9,2,7,4,5,2,7,1
TTCAAAGTTAGT_2,9,1,9,8,7,2,0,1,0,6
CTTCTATGTCGC_2,5,5,9,9,9,2,9,1,3,6
CCGACTGTGGAT_2,2,1,9,4,7,2,7,2,7,6
AGTCATTAAAAC_2,6,4,2,1,3,6,4,3,4,1
CAGGTTGGATAA_2,2,5,0,2,7,2,7,2,6,6
ACATGAATGTAT_2,4,3,8,4,6,9,8,0,5,3
GTCGATCGCTAG_2,1,4,5,6,1,7,6,2,3,7
TCGCCCTTGGCT_2,5,3,4,1,0,0,0,4,0,6
GGATCGACTATA_2,8,0,8,3,9,8,9,8,5,7
CCTAAAATGCCG_2,5,3,4,4,7,2,0,6,9,5
GATCAGTTAATA_2,2,5,4,2,4,5,7,1,0,6
TCAACGGGTCGT_2,2,5,0,2,4,5,2,3,6,1
AAACGATAGCGG_2,3,9,2,8,1,7,1,0,4,8
CAGTTAGGCGTT_2,8,2,6,3,6,3,3,8,9,4
CTCCGAAGGAGA_2,5,3,9,1,7,2,2,2,7,6
AACATATAACGC_2,8,0,7,7,6,8,3,3,5,9
CTGGGCCGGTTT_2,3,8,2,6,1,3,6,7,9,7
ACTAGCTGCAAA_2,8,0,8,0,5,9,8,7,8,9
CCAAGAGACGTT_2,9,5,0,2,2,1,0,3,7,5
CAAGATAGGGAC_2,3,3,5,5,8,0,0,4,2,2
TTTGTCGCCGTG_2,1,6,5,6,0,1,3,7,3,4
AGTGCCACAACC_2,8,2,8,4,6,8,8,8,1,7
CCATAGTTCTTC_2,0,7,8,7,6,3,8,0,5,9
TCCCTCATGGTC_2,3,8,3,6,2,1,1,9,3,2
CGGCGGATAAGG_2,8,7,8,7,5,8,8,6,5,9
CATAAATTCTGC_2,0,7,5,8,5,4,9,1,8,7
AGAACGCTTCGA_2,1,7,5,4,0,4,3,0,4,2
CGTGGTCGCTTC_2,1,4,4,0,1,5,0,8,2,2
AGAATGACGAAT_2,9,2,4,8,8,3,1,5,6,1
GACGTAAATTCG_2,9,9,5,0,3,1,4,9,4,4
TGAGGAAGGTGG_2,3,1,6,5,3,6,6,7,4,2
TTCCGCCACCAC_2,9,1,9,2,4,5,5,5,7,6
TCTAGACATGGA_2,1,9,3,6,2,3,3,4,4,2
GTCACGTTTCGG_2,1,6,2,9,3,6,6,9,3,4
TGAGAGAATTGT_2,3,8,6,1,2,7,1,9,4,0
GACTTTCGACAA_2,0,8,1,3,0,9,5,5,8,9
CGACGAGGTTCG_2,7,7,7,7,9,9,8,5,5,8
ATTCGGCCACAC_2,5,1,4,2,7,2,5,2,0,6
GAGGAGCCGATA_2,1,6,4,0,4,1,4,3,0,1
AACGATCTCCCA_2,7,0,8,3,9,8,4,8,5,7
GAGACCGGTTAT_2,1,4,1,6,1,7,6,4,2,2
ACCTCTTAGCCT_2,6,6,5,6,3,0,4,5,2,2
TTAGATCGCTTA_2,4,0,8,7,6,3,8,8,5,3
GTCTCGCCGATA_2,3,0,8,5,5,1,4,8,5,7
CAGCACTAGTCC_2,4,7,5,9,2,7,5,9,4,8
CGGATAATAGAG_2,1,8,6,0,1,6,4,7,2,0
TCGCCCTTGGCC_2,2,5,4,2,9,5,7,1,6,9
AACCCGCTAAGA_2,2,3,0,2,7,5,7,3,1,6
TTTCTGAACTAC_2,4,5,4,8,9,2,9,3,8,5
TCATTCCCAAGT_2,6,9,3,1,0,0,4,7,2,0
CTGTCGTTATGC_2,8,9,2,3,1,1,6,0,1,9
CTACTTGATTTC_2,9,1,4,1,4,5,0,3,6,6
TAAGATAAGTTG_2,3,4,3,1,2,0,0,4,4,0
GACGAAACGGGA_2,2,9,1,1,6,5,7,4,6,3
GTCAGGGGAGGT_2,6,9,2,5,8,1,3,3,3,2
GCGCTGACCCCG_2,5,5,4,2,9,2,7,2,7,6
GCTCGACGTCGG_2,1,7,3,6,3,9,6,6,2,7
CGACTGACGCTC_2,8,7,8,7,5,9,8,0,5,9
AACTGTACAGTC_2,1,9,5,0,0,7,3,7,4,2
TCGCCCTTGGCG_2,2,5,4,4,0,5,0,3,0,6
TGTTTTGCAACG_2,0,3,2,2,4,9,1,3,0,7
CAGTTACAGAAC_2,0,0,7,7,6,3,8,0,8,9
TCGCTTTAGAAT_2,3,8,2,6,2,7,1,9,3,2
ACTGATCGACCG_2,1,9,5,9,2,9,4,8,0,7
GTAGCTATTGCC_2,8,7,7,3,5,3,8,0,8,9
ACTGCATGCGCA_2,4,5,1,9,6,9,5,8,5,9
ACTCTTTATCGT_2,6,1,8,7,5,8,8,7,1,7
CGCCCGCTAGCA_2,5,5,9,2,7,5,2,1,7,1
AACGCTAGTAAA_2,3,4,6,5,8,0,6,9,1,0
CGTCTAAGATCT_2,9,3,9,2,7,2,5,1,7,6
CTACTTCAATTC_2,4,0,7,3,6,9,8,8,5,9
CAGGATTGACGG_2,9,6,3,6,3,6,1,2,3,0
GAAAAGTTGCAA_2,2,1,9,4,9,2,7,1,7,5
CTAAGCCACATA_2,4,0,1,3,9,8,8,0,9,3
GCAGTCTTGAGG_2,3,8,6,6,3,3,1,5,3,0
TTGCCCCTGAGC_2,8,0,1,7,5,4,8,6,5,3
AGAATGACGAAG_2,3,9,2,1,4,2,0,3,2,4
CGTGGTCGCTTT_2,5,5,2,9,3,9,0,8,9,1
CCTCCTATTGTT_2,1,4,2,6,2,0,1,7,3,2
GTGCGACAGTCG_2,1,5,9,2,0,4,7,2,2,5
AGAATGACGAAC_2,9,9,5,5,6,1,8,3,3,7
TAACCCACGTTA_2,9,6,4,1,4,2,5,7,6,6
GTGCGACAGTCC_2,1,4,9,9,7,1,4,4,2,1
CGTGAGGATAGG_2,0,0,8,7,5,8,8,0,5,9
TCGATAAGCATC_2,1,4,5,0,3,7,1,2,1,0
AGACCGATACGT_2,5,3,9,4,7,2,7,1,7,5
AGCCATCGTTCC_2,2,1,9,8,4,2,0,3,1,6
AGCCATCGTTCG_2,9,5,4,2,4,2,2,1,0,5
GATGAGCGCTTG_2,1,5,6,9,0,5,6,5,2,5
GTCCCGAAGAGC_2,3,9,8,1,8,7,2,6,6,2
TCCGGTGCATCT_2,6,6,6,0,8,6,6,8,4,2
TTGATTTCAGCA_2,9,5,0,8,7,4,2,3,6,6
GCGGCACTTTCG_2,6,0,3,3,6,8,3,6,8,9
GGAGAAAGTAAC_2,8,3,4,5,0,7,3,3,8,8
GACGAAACGGGT_2,2,2,3,7,8,5,7,1,7,3
TCGCCCTTGGCA_2,5,5,4,9,0,5,7,2,7,6
TTACGGGCTAAG_2,3,3,6,5,8,0,1,7,0,2
CGTCTAAGATCC_2,5,3,9,8,7,0,7,1,7,6
ACTAAGGACGCT_2,6,9,6,1,3,1,1,4,6,6
GCTCGACGTCGC_2,8,8,5,6,2,9,3,4,4,4
AAGCTAGGCAGA_2,0,7,7,3,0,8,5,8,8,9
GTGCGACAGTCT_2,2,8,2,4,0,4,0,4,7,6
GATGAGCGCTTC_2,8,4,5,9,8,7,0,5,2,8
CGTCTAAGATCG_2,5,3,9,2,7,5,0,2,7,5
GTCCAATCAAGT_2,9,3,9,2,4,2,7,9,7,5
ACGGCAAATGGC_2,5,5,4,4,7,5,0,2,7,5
AATCCGAGGCTG_2,7,7,5,7,1,3,4,4,5,9
GACTGGCCACTT_2,7,0,8,7,6,8,2,8,9,9
AAGAAAGTACTA_2,8,5,9,2,0,9,2,1,3,7
GACGAAACGGGC_2,2,9,4,7,5,4,0,2,6,6
CGACCATTTTAG_2,9,6,5,6,0,6,2,4,0,2
GTTCAGAGGAAG_2,5,3,9,4,7,0,0,3,7,6
CGTCTAAGATCA_2,5,5,9,2,0,5,2,1,0,5
CGTGGTCGCTTA_2,1,8,9,9,2,4,6,5,9,2
TTCCTATCCGTT_2,8,0,1,7,6,9,8,5,4,4
AGCCATCGTTCT_2,2,1,9,1,2,0,0,2,7,6
TGTTTTGCAACT_2,8,5,4,0,0,9,0,2,0,8
GTACACGCCTCG_2,2,0,1,7,4,8,5,5,0,9
CAGTTGGTGCGA_2,8,7,8,8,2,4,3,8,5,1
TCCAGGGTCTGG_2,2,5,9,8,3,2,7,4,7,6
GCCAAGATGGTT_2,9,8,4,9,2,7,1,9,0,1
ATGTGCAAGTGA_2,1,6,2,1,0,1,4,7,2,8
ACCGGAGGGGAA_2,2,5,9,8,9,2,5,2,6,8
GTATCACTCGCC_2,3,6,6,5,3,7,1,9,2,1
