,0,1,2,3,4,5,6,7,8,9
TATGATACCCTA_2,2,9,5,8,3,1,4,6,9,6
GATCGCGGCTTC_2,1,5,8,5,5,2,1,2,7,3
CCGCATTAACGG_2,1,8,6,2,5,8,2,1,9,6
CCCGTCCGATCT_2,6,2,6,6,7,2,9,6,1,5
CAGGGTCGCCAA_2,6,5,6,9,5,8,9,8,4,8
GAAGCATCACGG_2,3,9,5,8,0,7,8,0,5,5
CGTCCTGATAAA_2,3,1,9,5,8,5,3,7,7,5
CCCCACCTCCAG_2,2,1,1,0,0,3,0,9,5,7
ATGCAAGCCACG_2,6,2,6,8,3,2,0,4,8,1
CGTTGTACTACC_2,8,7,9,1,9,7,6,6,6,4
GTTATCAGGCGT_2,5,1,4,5,2,6,1,7,4,5
ACCGTTAAAGCC_2,8,7,9,6,7,3,0,6,9,6
CTTTCAGGGTGA_2,1,8,9,5,8,6,2,2,2,5
CATCTCACGCCA_2,0,8,5,3,2,4,1,9,5,7
CATCTCGGGCTT_2,9,4,8,5,2,4,2,7,7,2
CATCGTCGCTAG_2,0,5,5,7,3,8,9,3,4,1
AGCAATATCAGG_2,0,5,1,8,0,3,4,3,0,7
GGATCAAACTTG_2,5,8,5,0,6,0,5,6,4,0
ATAATCACATTG_2,0,2,6,8,3,2,5,3,0,1
CATTTGGTCGCG_2,0,6,0,0,4,2,0,4,3,7
GGACCCCTGTCT_2,1,5,1,2,4,2,4,1,8,8
TGACGTAAATCC_2,6,1,6,9,3,8,0,4,0,5
GGCTTTCACCAC_2,0,5,6,8,5,8,8,1,8,7
CGGCAAAGCGAG_2,6,7,6,2,6,6,2,6,5,8
GGGTTATTGTTG_2,1,5,1,9,3,3,9,4,0,5
TCGCCATCCAGC_2,6,0,0,8,0,2,5,1,8,5
CAGTATAGGGCT_2,0,2,1,7,0,8,0,3,8,7
GGAATCTAGACT_2,7,5,6,0,3,8,3,3,9,6
TCTGGGGAGAAT_2,6,0,1,9,3,3,0,1,8,5
TCTCACTGAAAG_2,1,5,2,5,4,5,5,7,5,7
CCCCACCTCCAT_2,3,5,8,8,8,2,8,8,5,5
TTACCGTTGACC_2,3,6,3,7,2,7,6,1,4,1
CACCCTTAGGGT_2,2,8,4,5,9,7,8,7,4,3
AAATACATGTTC_2,2,6,4,8,8,5,2,8,7,6
GTAGCCGTCTTG_2,7,5,9,9,5,3,6,8,7,9
GCGACACGCAAG_2,9,8,2,5,1,4,5,7,2,2
ACTAGTTTCCTA_2,2,3,3,7,5,2,9,4,5,5
GCATTGGGATGT_2,1,8,8,5,2,6,0,8,7,1
CACGGATATCGA_2,5,5,0,7,3,0,8,1,0,4
TCCCCCGGCGCC_2,2,4,8,4,1,4,1,7,2,3
CCCCCATACTAT_2,0,1,1,2,0,2,4,3,0,7
CCCCACCTCCAC_2,1,8,0,0,8,6,8,8,4,5
GGCCCAAGATGC_2,1,7,3,3,2,5,2,7,1,3
GGCTGACGATTT_2,9,7,7,0,7,1,0,5,3,7
TTTGCTCATCGC_2,6,6,5,7,0,6,0,1,0,8
AGTTCTACGATC_2,4,3,3,6,6,7,7,0,6,4
CGTCAGATGCAC_2,3,7,9,5,8,0,6,2,7,6
GCTACATTGCAC_2,7,4,9,2,1,6,3,9,1,2
ATTCTAACGCCG_2,1,8,1,0,5,6,0,9,3,6
TGCGTTATCACA_2,4,1,5,0,8,1,0,1,5,9
GTGGCACAGGTC_2,9,6,1,2,3,8,4,9,1,1
GCATTAAGTGGG_2,6,7,6,2,8,0,0,4,0,9
TAGCTCTAAGCA_2,0,6,1,8,0,6,9,4,8,9
CTAAAGCGCGGA_2,3,4,5,1,7,6,7,6,2,7
AGTGACTTATAA_2,7,2,3,2,0,9,9,9,8,1
CATCAACTGGCC_2,4,8,5,6,6,1,8,6,9,6
GTAGCAACGTTT_2,0,1,5,8,2,6,5,3,0,7
TCATTCCCAAGG_2,0,6,1,8,2,2,4,4,0,7
AGACAAAGTAGT_2,0,0,6,9,0,2,4,4,0,9
AATACCAAGAGG_2,1,5,1,2,4,6,0,7,9,5
AGCTCTACCTCA_2,7,0,1,9,0,3,9,9,0,5
GGAGCTTGTTGC_2,6,9,3,1,9,1,6,2,1,9
GAGCGCTCATGC_2,8,8,7,1,4,9,1,2,9,6
CCCAAATAAAGA_2,0,1,5,8,3,7,8,5,9,6
TTCGTTATCAGA_2,0,5,8,0,2,6,1,5,0,8
AGGAGACGGATA_2,2,6,4,1,1,3,6,8,9,7
AGCGATTACTGG_2,0,6,9,7,0,2,4,1,5,7
TGAGAGAGACTG_2,7,5,8,1,0,3,0,8,0,1
GGCCAGGTCTTG_2,3,6,0,0,9,7,2,8,4,6
AAGCTGCAATAT_2,6,8,6,1,6,1,6,6,3,1
ATACAACAACTG_2,0,0,1,8,2,3,2,9,5,8
GGCCAGGTCTTT_2,3,1,8,0,9,5,8,8,2,6
ATTGTGAAAGTG_2,5,6,5,0,3,3,5,5,9,5
GGTCAACCAAAG_2,6,5,3,7,4,8,1,1,5,5
TCCCCCCGCGGA_2,1,1,5,8,0,6,4,1,8,5
CTTGAGACGAAT_2,3,8,9,1,8,2,2,6,5,1
CACACGGTACGG_2,3,3,4,3,9,0,2,7,7,3
CCCAGACTTCGT_2,0,4,6,2,3,6,3,9,4,1
ATGCTTCATTCG_2,1,6,1,4,2,3,5,9,1,5
CCCCACCTCCAA_2,6,5,9,0,0,5,0,5,5,9
AATCCGTATCTC_2,6,8,9,2,3,2,9,1,1,8
CAGACTGGTAGG_2,9,5,3,7,2,2,4,1,1,1
GGCCAGGTCTTC_2,3,1,4,0,2,5,8,1,7,7
GGCTGTCTTGTG_2,0,3,6,8,3,0,0,1,3,6
CTCGGACGTCCG_2,7,2,6,9,5,9,5,9,8,1
ACGAAGTCGCAT_2,6,1,0,8,7,3,7,4,0,9
ACTGCGATCCGC_2,0,7,1,9,0,9,9,9,6,1
TGTACGACGCAT_2,2,8,1,2,4,2,0,1,5,5
GACACGCATCAG_2,8,9,5,0,9,6,6,6,0,6
GCCCTAGAGATG_2,8,5,4,1,2,6,8,6,2,5
TCGCTTACCCAG_2,1,2,9,2,2,2,5,4,1,1
CACGTGAAGGAT_2,6,7,7,9,2,6,3,4,5,8
CCGGGACGGAGC_2,7,7,5,9,5,3,4,4,8,8
CTTTACACGTTG_2,3,5,0,7,9,5,8,2,7,6
TTCACCGTTGGG_2,2,2,9,0,1,0,1,7,7,2
AAGCTGCAATAG_2,6,8,3,6,6,1,6,6,0,1
CTGCAATGGTTG_2,3,0,0,8,0,7,4,5,7,6
GCCAAGAGCATG_2,7,7,8,5,1,6,2,0,4,7
CTTGTATATAGC_2,1,1,1,8,0,1,0,4,0,0
TGGAGATCGCAA_2,7,1,8,4,2,2,1,9,1,5
TCAGGGGAAATT_2,7,5,5,4,7,2,0,6,6,8
CGCCGTGCTCTC_2,5,8,7,6,9,1,6,6,3,0
GCTCCGACACTT_2,6,1,6,8,4,2,9,3,8,1
CTAGAATAGATA_2,1,5,9,8,2,6,3,9,7,9
TTACACCAGCAA_2,7,7,5,1,7,5,6,5,5,0
ACGCCAGCATCC_2,1,5,5,7,5,2,5,9,0,7
CCTCCGTAGTGG_2,6,6,0,9,0,1,8,9,8,8
ACTTCGTATATG_2,9,3,5,4,6,7,7,8,0,0
CCTCAGTGCTCT_2,0,5,5,7,3,0,5,3,1,1
AACTCGAGGCAA_2,7,6,5,5,7,1,6,5,6,2
TTGGCGTGAGAC_2,4,7,0,6,6,7,7,0,3,4
TCGAATTCTGCA_2,5,7,4,7,4,8,3,9,2,8
GCTTATGTCTTT_2,0,6,6,9,0,2,6,9,0,9
CCTAAGTATGCT_2,9,7,9,7,2,5,3,2,5,5
ATAATAGCCACT_2,3,6,9,3,2,5,1,4,7,6
CACTCTAGAACC_2,9,8,5,6,7,3,6,0,6,0
AATAAACTATCG_2,8,8,4,5,9,5,8,2,5,2
CTCCAGTCCGCG_2,1,2,9,9,4,9,9,3,1,1
ATCACCGCGATT_2,9,3,7,1,7,1,6,0,6,4
TCCTCTGAGCGT_2,1,7,9,0,4,2,1,1,1,1
AAGCTGCAATAC_2,8,5,7,1,6,1,6,3,5,1
GGCGGCTGTTCG_2,0,0,1,2,1,8,1,9,5,1
CAAAAGCAGTGT_2,6,5,1,9,0,8,5,1,0,6
AAGACGTAGCAT_2,4,9,3,1,6,7,8,5,3,0
CTGATGGATGGA_2,2,2,1,2,4,8,4,9,5,1
GTTAGGAGCGCA_2,3,8,3,1,6,1,3,6,6,2
AGATTGGAGCCG_2,9,4,5,0,2,6,6,7,2,8
TGTCCTGTCGGC_2,5,7,9,6,6,9,1,6,6,2
TTCGCGAAACGT_2,2,5,8,5,1,4,3,7,2,8
AGCCGTCACAGG_2,2,1,6,3,3,5,0,7,7,6
AATTGAGTTCCC_2,0,0,3,7,5,6,9,8,0,5
TACCGCTAGCAT_2,3,4,8,3,1,3,6,8,2,1
TCGATGCGGAGC_2,3,4,4,3,9,4,6,7,7,2
GCTGCCCTTGCC_2,4,1,3,1,7,1,6,6,3,0
CGACTTATACTG_2,3,5,9,3,4,5,8,6,2,4
CTTAGTATTTTC_2,9,7,9,4,9,5,3,2,9,7
CTACAAGTCGGA_2,2,6,9,1,4,7,7,2,6,3
TGGTATGAACAC_2,1,8,2,1,9,6,3,2,7,2
TCATGCAGAGCG_2,5,1,5,3,6,5,3,7,7,3
ACCTATCCGTTC_2,3,3,1,8,7,7,0,2,2,8
GGATTATAAAAG_2,2,7,5,0,3,2,7,4,8,6
GGCTCGCTCAAG_2,6,8,8,2,2,4,1,9,5,8
TCAATTAGCCGC_2,2,6,1,8,2,3,5,2,5,6
AAGCTGCAATAA_2,6,8,5,1,5,1,6,3,0,1
CACCTTTGTTTC_2,5,8,7,6,9,1,2,6,3,4
CTAGCGGATGAG_2,5,7,5,4,4,3,0,9,0,6
GTAATAGCGCCG_2,3,3,4,3,1,5,1,2,7,3
ACCATACTTAAC_2,6,5,3,9,3,3,0,5,0,7
GGCCAGGTCTTA_2,3,1,0,7,2,5,8,8,6,6
CTCCTACAGTGC_2,3,7,5,4,4,2,2,1,7,3
TATGCCCTAACT_2,2,1,1,9,7,6,4,1,0,5
CCCCCATCGTTA_2,1,2,1,7,4,2,4,9,5,8
CTCGAGGGTGCT_2,3,1,1,1,7,3,0,5,2,6
GCGAGGTAAAGG_2,6,1,3,8,0,2,5,3,8,8
TGTTGCATGAGT_2,0,1,5,2,2,7,0,8,0,9
GAGAACCCTTCG_2,0,7,6,2,9,2,9,9,1,8
CGGATATGAGCG_2,6,6,6,7,3,8,0,3,6,5
GGGCCCAATACC_2,7,7,6,2,5,9,9,9,1,8
GTAGGCGATCCC_2,6,5,9,9,5,2,6,5,0,8
TTGTGCCTAAAT_2,3,8,2,4,2,0,2,7,4,5
GAGACGCGGGGG_2,8,7,7,1,9,1,6,6,9,4
GGTCGCGTAATT_2,0,9,0,9,3,2,9,3,3,9
GCTAACCGGTCC_2,9,3,3,6,5,9,8,6,6,0
CACTATCCCTCT_2,8,8,4,4,1,4,2,6,4,3
TAAAGTCGCGCA_2,4,6,3,6,7,1,7,6,9,4
ACGCCTAGATAT_2,7,2,6,2,5,3,9,9,4,9
GAGACCTCCCCA_2,4,9,0,1,7,1,6,6,3,4
CGTAACGGATCA_2,6,5,5,2,5,6,9,9,0,5
GATTCTGCTCCC_2,7,2,5,1,0,8,9,1,9,7
TCTGGTCGATAG_2,7,2,1,2,4,6,4,1,0,1
CGACGGATAAAC_2,6,2,6,8,3,3,4,4,8,9
CGCAAGCATGCG_2,9,8,4,1,1,4,1,6,2,2
CACAGTTGTCCC_2,5,9,5,6,4,0,0,0,0,5
CCCGGTGCAAGG_2,3,4,4,3,8,0,3,7,4,3
AATGATCACTTT_2,3,5,1,9,2,6,4,9,5,6
GACACGCATCAC_2,9,8,7,5,6,1,3,8,2,4
GACCAATGAATA_2,5,0,0,7,1,3,3,7,4,2
TCATTCCCAAGA_2,0,1,9,7,2,8,4,4,8,6
TCATCAATCTCG_2,4,6,8,4,1,0,3,6,6,0
GCCGATGAAGCC_2,6,2,9,9,3,2,9,9,8,8
TCGCCGACTCAT_2,2,1,9,3,2,6,0,2,7,1
TGCCCTATTCCA_2,8,7,4,5,1,5,1,2,1,3
AGAAACCAATTG_2,4,6,7,6,6,1,7,0,6,0
CGAGGGAACGAT_2,0,2,5,8,5,8,4,3,5,1
TGGGGTCATCTT_2,2,7,8,3,1,5,5,0,2,4
TGGAAACACCTT_2,4,7,7,0,6,7,8,8,0,6
TTCAGGGTTCTC_2,2,5,8,7,8,5,2,0,7,6
TAAACCACAACT_2,1,5,2,2,0,8,9,2,0,5
GTGCAATCGGGC_2,6,2,9,9,5,2,9,3,8,9
CTAACCCTTGCC_2,9,5,5,8,5,2,5,8,5,9
GTACCTGTAATA_2,8,9,5,0,6,7,2,0,9,0
ACTAGCTGCAAG_2,1,4,8,3,4,5,6,2,4,8
TTCAACAAACTC_2,1,4,4,0,8,4,3,7,7,7
GCTAACCATGAG_2,2,3,9,9,4,3,6,9,1,1
TCCGCTTTCAGG_2,7,1,6,8,5,8,4,4,1,6
TCGCCCGGCTAG_2,2,8,3,4,8,1,7,6,3,0
GGAAAGTAGTAA_2,0,2,1,9,2,2,4,3,8,5
CCCTCAAAGTGA_2,3,7,4,0,8,0,1,7,1,3
AGAGACCCTGAA_2,6,9,7,6,3,3,8,6,5,1
TACACCTTAACC_2,4,8,2,6,9,1,8,6,6,6
CGCGTAGTACAC_2,2,7,5,9,3,2,5,9,1,8
GAGGAGCCGATG_2,7,1,1,0,0,8,5,1,0,7
GGACCGGCTAGA_2,2,6,8,5,1,4,9,2,4,2
CGGTTGTAGTAA_2,5,8,7,4,8,7,8,0,0,0
CCATCCCCTAAA_2,4,9,0,6,9,1,7,8,9,0
CCGCTAAAGTGT_2,3,4,8,5,8,5,2,7,7,3
GACACGCATCAT_2,8,3,2,6,6,1,2,6,9,2
TCAGCAAATCAA_2,4,3,5,0,7,7,6,0,5,6
GACTAAAGGTTC_2,2,5,8,5,3,2,4,4,4,8
CTTGACAAACCC_2,3,6,2,3,9,6,3,2,2,7
AACGATCTCCCG_2,9,3,4,5,8,4,1,7,7,2
CGCCTCCTAGCC_2,1,4,4,3,8,5,1,7,2,2
CCGATATGCACT_2,5,9,0,1,7,7,2,0,9,3
GACACGCATCAA_2,5,7,3,0,6,1,8,6,0,2
CTCCATTAGCTG_2,0,5,1,2,5,6,4,5,9,9
AAATGTTAATTA_2,7,7,0,7,5,2,9,9,8,8
TCAGTACTATAA_2,4,1,3,6,7,7,8,0,9,0
AGGAACCACGCC_2,4,9,7,6,6,1,0,8,9,0
GGACTTTACCGG_2,6,2,6,7,4,3,9,4,1,8
TTGCCGCTATCA_2,2,7,2,3,9,0,2,8,1,3
TCATAATACGAA_2,9,7,9,7,3,2,9,1,5,8
GAGAAATGATAG_2,2,4,4,4,1,4,1,2,2,3
TACTGAGAGCTT_2,1,6,9,2,0,2,9,8,0,9
GTTCGTCTGAAC_2,2,3,9,4,2,6,1,4,1,5
GACTTTCGACAG_2,2,3,3,3,8,5,1,7,0,2
CCTCGTCGTCTT_2,3,3,4,3,1,0,2,7,2,3
AGGAACGTTAAA_2,6,0,5,9,6,3,7,3,0,5
CTGGCGTATATA_2,1,6,9,3,8,6,3,2,2,3
TATGCGGAATGG_2,3,1,9,2,3,2,4,4,8,9
TCATTCCCAAGC_2,3,0,8,0,0,3,5,3,0,1
GTCGCGTGAGAG_2,2,0,8,5,2,3,6,4,4,2
CTATACCTCAAC_2,5,3,0,6,9,1,6,6,9,0
TACCACATTAGC_2,4,3,7,1,6,7,7,8,9,4
GTCCAGGCATCG_2,4,9,3,6,7,7,7,0,3,4
GCTCAACACTGC_2,0,8,5,0,3,4,6,8,9,3
CAAGACCCCATC_2,0,7,9,3,5,0,4,4,5,8
TTGTCTGGGGCC_2,3,7,5,8,0,6,9,5,8,7
AATGAGGAGCTC_2,8,6,5,6,2,4,2,3,8,1
GGCATAACTACC_2,9,4,4,3,1,4,2,2,7,3
ACTAGCTGCAAT_2,3,3,9,9,2,4,1,5,2,2
TATCATCCTCAT_2,0,5,1,9,0,9,3,9,1,8
AACGATCTCCCT_2,9,5,2,3,9,4,3,7,7,3
GCCGACGTTCGA_2,3,4,4,5,1,6,3,8,7,3
GGTGGCATAGAG_2,6,6,1,7,3,2,4,3,4,8
TAATCCTAGCAG_2,5,1,0,6,3,7,5,0,9,6
ACTAGCTGCAAC_2,9,6,8,5,4,0,1,2,2,2
GAGGAGCCGATC_2,7,6,5,2,3,6,7,1,8,7
CCGCTGGGCACT_2,2,4,8,3,1,0,1,8,2,3
CCTCATTAGTCG_2,6,4,8,5,4,5,9,6,5,8
CGCGCAACAAGG_2,6,7,4,0,4,6,2,0,9,2
CTGGAAGTCTCT_2,2,5,8,2,4,9,1,9,4,2
AACGATCTCCCC_2,8,4,4,3,1,5,3,7,7,3
GACTTTCGACAT_2,3,8,9,4,4,8,6,9,5,3
GGGGATGATTAG_2,6,7,9,9,3,8,8,9,1,1
GTCGTTAGAAAC_2,9,5,9,9,5,2,3,4,1,1
GATGACAAAACA_2,6,5,2,6,7,2,8,3,0,5
ACATAGTCGGAG_2,6,8,9,2,5,1,9,1,6,7
GTACGTTCCCCC_2,0,2,6,9,5,2,2,3,1,5
GAGGAGCCGATT_2,8,6,7,0,2,2,4,1,0,8
TCAAATAGTGAG_2,0,1,1,8,3,2,4,4,0,9
CGTGGTCGCTTG_2,5,7,5,7,7,2,9,3,8,1
CTGTGAGGCATG_2,7,5,1,8,4,3,4,9,8,1
CCCGAACCCGGG_2,0,2,1,9,4,9,4,9,1,5
TCGGGCCTTATA_2,7,1,1,8,3,3,4,4,8,7
CGCGACGATGTA_2,7,2,5,2,4,9,6,9,4,1
TACAAGTCACGT_2,5,2,7,9,3,9,4,1,8,7
AGGAATTTAAGA_2,3,4,2,3,1,5,2,2,7,3
CATGACGACAAA_2,3,3,2,1,8,0,7,2,6,6
CTATCGGATCGG_2,3,3,3,8,1,9,2,8,1,2
GACTTTCGACAC_2,2,4,2,4,4,9,1,6,7,3
GATGTCTTGACC_2,9,3,9,1,9,7,2,7,2,3
TGCCAGAGACAT_2,2,0,5,1,3,0,5,5,6,9
CCCTTCACGGTT_2,7,5,9,5,6,9,9,1,5,8
GTAACAATAACT_2,3,0,2,3,1,5,3,2,7,3
TTCACGTGTGAC_2,7,6,9,2,4,6,3,4,1,8
AGCAAGCACCCT_2,7,2,9,2,9,4,3,4,1,8
CCAAATTTCTCC_2,1,4,4,3,1,5,2,2,2,6
TAGTAAATGTTG_2,2,5,6,2,4,8,6,9,1,7
GGTCTCTACCCT_2,4,8,0,6,6,1,0,0,3,4
TTCAAAGTTAGT_2,4,3,7,6,7,1,7,0,6,0
CTTCTATGTCGC_2,5,3,7,6,9,9,8,6,6,2
CCGACTGTGGAT_2,5,9,7,6,3,7,7,6,3,6
AGTCATTAAAAC_2,1,1,1,9,3,8,9,3,8,9
CAGGTTGGATAA_2,8,1,3,6,9,0,8,5,3,0
ACATGAATGTAT_2,3,3,2,7,1,4,3,2,2,5
GTCGATCGCTAG_2,6,2,1,9,5,8,9,3,1,1
TCGCCCTTGGCT_2,4,9,3,6,3,1,8,8,6,6
GGATCGACTATA_2,9,5,9,3,1,5,3,1,2,3
CCTAAAATGCCG_2,9,3,3,2,7,7,6,8,9,4
GATCAGTTAATA_2,5,3,0,6,6,1,7,5,9,4
TCAACGGGTCGT_2,5,9,7,6,9,7,7,5,3,0
AAACGATAGCGG_2,3,5,1,2,4,8,4,3,6,7
CAGTTAGGCGTT_2,3,8,8,7,3,3,1,7,5,1
CTCCGAAGGAGA_2,4,8,5,1,7,1,2,0,6,4
AACATATAACGC_2,9,4,8,3,1,5,3,7,7,3
CTGGGCCGGTTT_2,2,6,1,8,8,6,1,7,0,8
ACTAGCTGCAAA_2,5,4,4,3,4,4,1,9,7,3
CCAAGAGACGTT_2,9,9,2,6,7,0,2,5,6,4
CAAGATAGGGAC_2,6,1,5,9,0,2,7,3,4,9
TTTGTCGCCGTG_2,0,0,6,2,3,3,9,3,8,8
AGTGCCACAACC_2,3,8,2,5,1,6,2,8,7,2
CCATAGTTCTTC_2,8,4,4,5,1,4,2,7,7,2
TCCCTCATGGTC_2,6,0,1,8,5,2,4,3,8,9
CGGCGGATAAGG_2,8,4,8,3,1,4,3,7,7,2
CATAAATTCTGC_2,9,4,9,5,5,5,1,8,1,3
AGAACGCTTCGA_2,0,7,5,5,4,2,1,9,1,1
CGTGGTCGCTTC_2,6,6,6,1,4,9,6,5,3,5
AGAATGACGAAT_2,3,6,2,7,3,2,5,5,5,9
GACGTAAATTCG_2,0,2,6,9,4,8,9,9,8,8
TGAGGAAGGTGG_2,0,5,6,7,0,2,0,4,8,9
TTCCGCCACCAC_2,8,7,5,0,9,1,8,0,9,6
TCTAGACATGGA_2,6,1,3,7,2,5,0,2,8,1
GTCACGTTTCGG_2,3,5,9,2,3,9,5,3,8,8
TGAGAGAATTGT_2,6,5,6,8,0,2,0,1,0,7
GACTTTCGACAA_2,5,4,9,4,1,4,1,7,6,9
CGACGAGGTTCG_2,7,8,9,3,1,5,3,6,1,3
ATTCGGCCACAC_2,4,1,0,6,7,1,8,5,9,4
GAGGAGCCGATA_2,8,6,5,8,5,7,6,3,0,8
AACGATCTCCCA_2,3,3,4,3,8,4,1,8,4,3
GAGACCGGTTAT_2,2,5,6,7,0,8,4,9,1,9
ACCTCTTAGCCT_2,7,5,1,2,5,8,9,9,8,9
TTAGATCGCTTA_2,9,3,8,5,1,6,1,7,2,5
GTCTCGCCGATA_2,2,6,4,5,9,6,6,2,2,1
CAGCACTAGTCC_2,6,7,1,1,2,8,6,2,2,8
CGGATAATAGAG_2,0,5,1,9,0,2,0,4,8,8
TCGCCCTTGGCC_2,4,8,7,1,4,4,8,0,2,4
AACCCGCTAAGA_2,8,3,7,1,9,9,2,8,3,3
TTTCTGAACTAC_2,5,8,2,6,6,1,6,7,6,2
TCATTCCCAAGT_2,7,0,6,9,3,3,4,5,8,8
CTGTCGTTATGC_2,1,4,2,7,2,6,3,7,2,2
CTACTTGATTTC_2,4,9,5,6,7,7,8,0,6,0
TAAGATAAGTTG_2,1,2,0,7,5,0,4,3,8,8
GACGAAACGGGA_2,8,3,3,1,8,0,7,7,2,6
GTCAGGGGAGGT_2,0,5,1,8,3,3,9,4,8,5
GCGCTGACCCCG_2,8,7,7,6,6,1,6,5,9,4
GCTCGACGTCGG_2,7,2,9,9,4,9,1,9,4,1
CGACTGACGCTC_2,3,8,4,3,1,5,1,7,7,2
AACTGTACAGTC_2,0,5,6,9,3,2,5,4,8,9
TCGCCCTTGGCG_2,4,6,7,4,7,3,7,0,3,4
TGTTTTGCAACG_2,7,1,7,1,1,9,8,3,5,1
CAGTTACAGAAC_2,3,4,8,5,1,5,2,2,7,3
TCGCTTTAGAAT_2,7,5,1,9,3,8,5,3,0,5
ACTGATCGACCG_2,9,7,5,0,4,9,9,3,1,5
GTAGCTATTGCC_2,1,7,4,3,1,6,1,2,5,2
ACTGCATGCGCA_2,8,7,2,5,1,4,3,2,7,3
ACTCTTTATCGT_2,6,7,8,3,8,6,2,2,5,6
CGCCCGCTAGCA_2,8,3,7,6,6,6,8,0,3,0
AACGCTAGTAAA_2,6,5,1,9,5,8,9,8,9,7
CGTCTAAGATCT_2,4,9,7,6,6,7,8,5,3,4
CTACTTCAATTC_2,2,4,4,3,8,5,9,2,2,3
CAGGATTGACGG_2,0,6,1,8,4,8,4,9,8,8
GAAAAGTTGCAA_2,8,7,7,1,7,1,7,0,6,0
CTAAGCCACATA_2,3,4,4,3,1,0,1,7,1,3
GCAGTCTTGAGG_2,6,2,1,8,4,8,5,9,1,9
TTGCCCCTGAGC_2,3,4,9,3,9,0,3,2,7,2
AGAATGACGAAG_2,0,1,1,4,3,0,4,5,1,5
CGTGGTCGCTTT_2,9,7,3,4,7,9,9,3,8,8
CCTCCTATTGTT_2,7,0,6,2,3,9,4,4,0,8
GTGCGACAGTCG_2,6,9,9,4,5,1,2,5,4,4
AGAATGACGAAC_2,8,6,4,8,4,7,7,1,0,9
TAACCCACGTTA_2,4,6,5,8,0,7,0,0,0,9
GTGCGACAGTCC_2,5,3,1,1,6,1,0,1,1,0
CGTGAGGATAGG_2,3,7,2,3,8,5,3,7,2,3
TCGATAAGCATC_2,7,2,1,9,5,2,4,9,0,7
AGACCGATACGT_2,5,3,0,6,6,7,7,0,9,4
AGCCATCGTTCC_2,4,1,5,6,9,1,8,5,6,4
AGCCATCGTTCG_2,9,7,3,6,6,7,7,0,3,0
GATGAGCGCTTG_2,4,7,6,9,4,2,9,8,6,1
GTCCCGAAGAGC_2,0,6,9,0,8,3,8,5,0,8
TCCGGTGCATCT_2,7,2,9,9,5,9,4,4,0,1
TTGATTTCAGCA_2,4,3,5,6,7,6,7,0,6,0
GCGGCACTTTCG_2,2,1,8,8,8,3,1,5,7,6
GGAGAAAGTAAC_2,9,6,1,2,2,8,2,3,6,5
GACGAAACGGGT_2,9,3,0,1,7,7,7,5,6,0
TCGCCCTTGGCA_2,8,9,7,1,7,1,7,6,6,0
TTACGGGCTAAG_2,0,6,1,8,5,8,4,9,0,6
CGTCTAAGATCC_2,4,9,0,6,6,1,7,5,3,0
ACTAAGGACGCT_2,0,0,7,7,4,3,5,4,4,5
GCTCGACGTCGC_2,2,2,1,7,9,9,9,4,1,8
AAGCTAGGCAGA_2,3,6,4,5,1,4,3,2,7,2
GTGCGACAGTCT_2,8,1,7,0,0,2,9,3,5,7
GATGAGCGCTTC_2,2,8,9,8,5,9,8,1,6,1
CGTCTAAGATCG_2,4,7,7,6,6,7,8,5,6,4
GTCCAATCAAGT_2,4,9,0,6,7,1,7,5,9,0
ACGGCAAATGGC_2,4,8,7,6,6,7,7,0,9,4
AATCCGAGGCTG_2,9,8,2,5,8,9,5,2,4,1
GACTGGCCACTT_2,1,4,4,3,1,4,1,2,2,1
AAGAAAGTACTA_2,5,1,2,9,6,3,8,1,3,0
GACGAAACGGGC_2,3,6,0,6,7,7,8,0,2,0
CGACCATTTTAG_2,7,1,1,7,3,9,5,9,3,8
GTTCAGAGGAAG_2,8,9,7,6,6,7,8,6,3,4
CGTCTAAGATCA_2,4,9,7,6,6,7,7,6,3,4
CGTGGTCGCTTA_2,5,8,5,6,4,9,9,8,3,8
TTCCTATCCGTT_2,9,4,2,5,1,9,3,2,2,1
AGCCATCGTTCT_2,8,3,0,1,7,7,8,5,0,4
TGTTTTGCAACT_2,3,7,3,3,7,3,7,6,0,6
GTACACGCCTCG_2,2,3,2,1,1,0,1,8,2,4
CAGTTGGTGCGA_2,3,3,7,0,3,0,1,0,7,4
TCCAGGGTCTGG_2,8,3,7,6,7,7,7,0,9,0
GCCAAGATGGTT_2,6,2,6,1,4,8,4,3,0,5
ATGTGCAAGTGA_2,6,5,5,2,3,2,5,5,0,8
ACCGGAGGGGAA_2,5,9,7,6,6,1,6,5,3,0
GTATCACTCGCC_2,7,2,1,2,5,9,9,4,1,8
