,0,1,2,3,4,5,6,7,8,9
CCCAAGTAAGCC_7,6,6,6,6,8,9,8,5,7,9
TTGCATTTTAAC_7,4,3,8,1,9,8,7,1,5,4
TGTCCCACCTGC_7,9,9,2,4,9,2,3,3,6,9
GCGATCACTTTC_7,0,5,7,3,0,6,3,3,5,4
CGGGGAATCCGG_7,2,3,1,8,6,9,8,5,1,2
GCCGTTGGGTCC_7,5,6,2,8,5,5,7,5,7,8
CGTTTAGGTCTG_7,2,6,6,7,8,8,9,5,7,9
CCACCGCGGCCG_7,8,8,9,3,0,2,4,4,9,0
ATGGCCCCGTTC_7,5,7,0,8,4,0,9,0,7,8
CGCGCGATTGGC_7,2,6,9,3,8,4,0,4,9,8
GACCCGTCGATC_7,5,3,7,9,7,4,6,2,3,7
AGCCCACTCACA_7,5,6,6,8,6,9,9,0,8,9
AACCCCGGCGTA_7,3,6,2,7,9,4,5,0,7,8
CATGGGTGTCCC_7,1,5,2,2,5,5,9,8,8,3
CTCCTATTCTTG_7,5,6,2,0,6,0,5,5,2,7
CGTCACTCTTAA_7,7,0,3,3,0,7,4,4,9,0
GCAAGGCTCTGG_7,5,5,9,9,4,6,6,6,0,2
CGCCGCGAGCAG_7,0,4,8,4,9,4,1,3,6,4
TGATTGGCATTA_7,4,0,3,9,3,6,6,4,8,3
TAATCCTCGTAA_7,7,8,9,5,3,7,4,2,9,0
TAGGGAACGTAG_7,8,2,8,7,6,9,7,1,8,1
GGGCTACGAGCC_7,1,3,7,1,8,6,0,2,3,4
ACAGGTGCGAAA_7,6,3,2,2,8,0,9,8,2,1
ATCCAGCATGTG_7,6,5,5,0,4,5,3,8,2,1
TGCACGACTTCA_7,1,3,2,9,1,0,7,0,2,7
TGTAATAACTTC_7,6,6,4,0,7,5,5,0,2,9
TCGCATGACCAT_7,6,1,9,1,1,3,7,2,1,5
CGCGTAACACAT_7,8,3,9,8,8,9,9,9,3,1
CGATAACGCTAT_7,3,2,8,1,0,6,0,1,5,4
ATCGGTCCTCCT_7,5,4,6,7,8,8,9,6,7,6
CCAGCCCGCGCT_7,1,7,0,0,1,3,8,5,3,8
GGCTAACGCTTA_7,3,2,0,1,7,4,5,2,5,5
TCCGCACTCGTC_7,0,5,2,1,2,3,3,3,5,3
GTTTCCTTTGGG_7,3,8,9,3,7,7,6,4,9,0
TTCGTGGGGCCA_7,3,8,9,5,2,6,6,4,9,0
CAAAACTCGTCC_7,1,6,0,0,6,4,8,6,7,9
GTAGGAGGAGTC_7,7,1,3,3,3,3,8,2,9,0
CGAAACGGGAGC_7,6,1,8,8,7,6,0,4,9,0
GACATGAAGGGA_7,9,4,1,8,8,5,9,9,2,6
TGCCCTCCTGAT_7,3,0,2,9,7,0,6,4,0,3
TGCACAGCCAAA_7,4,5,8,4,9,2,3,3,4,9
GTCCGGCATGCT_7,6,7,1,8,8,4,1,7,2,9
GTGCGACGATTT_7,7,2,3,5,7,7,0,4,9,6
CCCGTATACCGC_7,3,5,8,3,0,2,3,4,5,0
TCGTCCGTCTAC_7,0,0,1,2,8,1,7,5,1,7
CACCCGATACGT_7,6,2,5,8,8,0,2,5,7,5
TTAGGGTCAGGC_7,3,3,7,4,3,6,7,1,2,0
CTACGTCGTAAA_7,3,8,9,3,3,7,0,4,9,0
TGCCGAGGATAT_7,6,4,2,2,2,9,8,8,1,3
TCCCTGCTCCTC_7,6,6,3,9,4,6,2,9,0,6
TTAAGAGGCGGT_7,7,0,3,5,4,4,6,1,9,5
AATACTCGCGCT_7,5,9,2,8,8,4,9,6,3,1
ATCCTGTCAGCC_7,9,3,7,1,9,4,0,3,6,9
GCCCGATAAAGT_7,0,5,1,2,0,5,3,3,8,1
CGGAGAGTCGGA_7,0,4,1,2,2,4,3,3,8,5
ACATAGCCTGGC_7,1,9,6,9,8,9,7,5,7,1
TGGATCGTAATG_7,0,9,2,5,6,1,7,0,2,1
AGAGTAGCCCGT_7,7,1,3,5,7,7,6,6,9,5
CGTCCCAAGTGC_7,4,1,3,3,3,7,0,4,9,5
CAGCCTAAGTTT_7,5,6,0,0,6,3,7,6,1,7
GCAATTCGCTTC_7,5,3,1,7,4,9,7,9,2,2
TGCAAGAAACGG_7,0,5,7,4,2,2,3,3,5,3
ATTCGAAGGCAA_7,3,0,3,3,7,3,7,0,9,8
ATTGGACCAGAC_7,1,0,9,8,0,7,4,4,5,5
TGGAAATCACTC_7,1,3,4,8,4,9,7,5,4,8
GTGATCAGTAGC_7,7,0,3,3,3,7,6,2,9,5
ATTAACATTAAG_7,8,0,7,4,7,8,3,6,0,4
CGGGTTATATTT_7,1,7,4,8,7,0,7,6,2,6
CACTCCTGTCCG_7,1,6,0,9,8,9,8,9,2,6
GATTCCCCAGAA_7,2,6,0,7,3,9,7,9,3,8
CGGGGCCACCTC_7,5,1,0,7,8,3,7,7,7,2
ACGACATCGGCT_7,5,7,2,0,4,3,1,6,3,2
ATCCTGTCAGCT_7,3,2,7,4,0,3,0,1,4,2
TCTCGTTATCCC_7,0,5,6,6,1,3,8,8,8,3
CAGCCGACACGG_7,5,1,4,8,4,9,4,6,4,6
CTAGCGAATTCG_7,8,3,1,8,8,1,4,0,2,7
CTAGTTGCTGCG_7,5,5,0,6,4,5,8,5,6,6
CGCATGAAACTT_7,2,3,0,7,4,9,7,6,3,7
TCCTAGCTCAGT_7,3,1,8,4,0,6,3,4,6,4
CCGGCTATTTTT_7,5,6,5,1,9,9,0,1,3,7
CTGATAGGGCAC_7,7,1,3,3,3,7,6,4,9,0
ATACAAGCGTGA_7,0,5,1,2,2,1,6,0,7,3
CTGGTTTGACAC_7,3,3,0,2,5,3,0,9,8,7
TGCAGTGCGCCG_7,7,8,9,3,3,7,0,4,9,0
GATGAATGCGGT_7,6,6,6,0,4,3,7,0,3,1
CGTCACCTTTCG_7,8,7,2,8,1,8,1,4,1,1
CCGTGCTAGTAG_7,3,2,7,1,0,5,0,1,4,8
AGAAGCCCAGGA_7,5,4,2,6,2,1,8,5,7,1
ACCGACCCTGGG_7,4,6,1,9,5,1,9,0,4,7
CAGTGTGCCCTG_7,8,4,0,5,6,5,1,0,3,9
GTAAGATGGATG_7,8,2,0,9,8,9,7,9,3,1
ATGCATGATCGC_7,2,6,6,8,5,9,8,6,2,8
AGTCCCCTGAAT_7,1,0,8,4,0,8,1,1,0,6
CGTCAGAGGTTG_7,6,8,3,7,0,8,1,5,2,2
CGGCCTTGCAAC_7,6,4,2,2,5,9,2,8,8,3
ACTGAGGTATTG_7,7,0,8,6,6,3,1,2,4,6
ACCACCCCCAGC_7,4,6,1,2,6,1,5,7,7,5
TACAATCGGAGC_7,3,5,3,3,7,1,0,6,0,2
CTGGACACGGAA_7,1,7,4,7,7,0,9,0,3,8
GACGATTCACAT_7,6,9,4,7,8,9,5,9,4,6
TTCACTTGTCGT_7,6,6,6,9,7,4,7,0,2,8
CCACACCCTTGG_7,1,7,1,7,8,9,9,7,3,9
GGGATGAGATTA_7,6,5,6,8,6,5,7,8,7,1
GCGGACCCTATA_7,3,5,7,3,0,2,1,3,5,4
AACGGCTGATCA_7,5,9,0,1,4,9,7,5,7,2
CACAAGATATTC_7,1,4,6,0,8,1,7,0,2,8
CGCCGCGAGCAC_7,0,5,7,4,0,8,6,3,6,9
CAAGGGTTGCCG_7,8,4,1,5,0,3,5,7,3,1
CGGATGTGCCAG_7,3,5,4,4,5,3,8,0,1,1
CCCGGACGGCTG_7,3,1,3,4,4,3,8,4,9,5
TGTCAATCGTAG_7,2,6,3,9,4,6,6,7,9,0
AGCCCGCCGCAT_7,2,1,1,9,1,8,9,6,4,9
TGACTTGGTTCA_7,1,0,4,8,0,8,0,4,9,6
CGAAGGGCGATC_7,6,7,4,9,6,3,5,0,2,2
TATCAACTCGCA_7,5,7,4,0,8,4,7,1,2,8
AGATTGTAGGTA_7,7,0,9,9,3,4,0,4,9,0
TCTTCGCATGAC_7,7,8,3,5,3,7,6,4,9,0
GACGCTGCCCGT_7,9,8,8,3,0,6,3,3,9,4
CCGAGCTCCGAT_7,3,2,5,4,7,4,5,4,5,0
ATACTTCGACTC_7,1,9,7,4,0,4,5,3,0,9
ATGGCGCCGCCC_7,2,2,7,4,3,8,4,2,9,0
TATTGTTAGTCT_7,1,2,7,4,0,7,4,2,5,0
TCGCCATCTTCT_7,9,2,7,4,5,6,0,3,5,4
AGACATCAGTGA_7,5,1,2,0,5,5,7,0,2,7
GGAGATGGCGAC_7,5,6,4,8,6,3,7,5,1,2
GCACTGGCGCAG_7,8,3,0,0,8,5,9,5,3,9
CAAGCGGCCGCA_7,6,2,5,1,9,8,8,1,0,4
CGGTATCGTAGT_7,9,5,8,1,0,2,3,3,5,4
CGTGAATTTAAA_7,5,5,6,2,4,3,8,8,8,1
GCTCAATGCTTC_7,6,6,0,6,8,1,8,9,2,8
CCCCCGTGCCTT_7,8,4,2,7,4,1,2,8,7,7
GCATAACTGCAC_7,5,9,1,9,8,9,9,6,2,2
TAGATTATTAGA_7,0,4,0,2,5,6,7,5,8,3
ACTACGTCATGA_7,7,8,9,5,3,4,4,4,9,0
GGACACTAGGCA_7,3,1,6,7,8,9,2,9,2,2
CGGAGAGTCGGC_7,0,0,0,5,2,3,2,7,1,5
TTAATCCTTACA_7,8,5,6,4,7,4,3,4,6,3
AGGCTAATACGC_7,2,0,0,0,8,5,9,6,7,8
GAGGGTCGCGGA_7,5,4,6,8,0,9,7,7,8,2
TTACCGTTTGCG_7,6,4,6,6,4,9,8,5,7,1
CGAGTACCAAAA_7,8,4,6,8,2,1,2,8,7,9
CGCTAGAGGCAT_7,3,2,7,4,9,4,8,1,4,8
GACTTGGACGAG_7,8,6,1,6,1,3,9,6,7,2
GACATTTGCTCG_7,1,6,0,8,4,9,2,5,3,1
ACTCAAAGATCG_7,6,5,6,6,2,1,7,8,6,7
CAAGTGCGCCAG_7,6,9,2,6,5,5,7,9,7,8
ATCCTGTCAGCA_7,9,2,7,1,9,2,0,1,8,9
ATAACATGGGCG_7,3,7,7,3,1,2,3,5,4,6
CGTCTACGATCT_7,7,1,9,5,3,7,4,4,9,0
GAATCGTTTCGG_7,2,4,6,0,8,3,1,7,2,8
ATTTCTAGTATT_7,5,8,3,3,7,0,9,7,7,2
CAACGATATAAT_7,1,6,4,1,4,0,8,7,7,5
CTTAGAGGAAGC_7,0,5,2,5,2,6,2,8,8,3
GGTCCGGACGAT_7,5,6,0,8,4,4,7,0,2,1
TTAAAGTGACTG_7,0,5,2,3,2,6,6,8,5,3
GCGTTTTTGATC_7,1,2,8,4,9,8,0,3,4,6
CGCCGCGAGCAA_7,0,4,5,4,9,5,6,3,6,9
AATCCTCCTGCT_7,6,3,8,0,1,9,7,5,3,1
GTAGTCGTTACT_7,6,7,1,8,5,0,9,5,0,2
TTAGATCGAGGA_7,8,5,3,3,7,6,5,2,9,5
TTAGCGTTGCGA_7,5,2,6,0,8,4,4,9,2,6
TCGCTAGACCCC_7,1,7,7,4,9,9,6,9,4,5
CATATTCGTGTC_7,2,6,1,0,8,8,7,0,1,8
GCGGTCTACTCA_7,8,3,0,7,6,9,7,5,2,5
TATTTGCAAGGC_7,3,8,9,3,3,7,4,2,9,6
TAGACCTTGAGC_7,1,0,2,9,6,4,7,9,3,7
GTCGGAGAATTT_7,4,5,9,5,2,9,5,4,2,5
GAGTAACTAGTA_7,3,1,7,0,9,6,1,7,5,2
ATAATCGATTGA_7,1,3,5,1,5,8,4,9,4,6
TGGCAAGGACAA_7,8,9,6,6,9,9,2,3,8,9
CGCACGACAGGA_7,5,9,0,0,9,9,7,0,4,1
TGCTATGTTCCT_7,1,6,0,0,1,3,8,5,7,2
CCCTACCCGCTG_7,2,3,4,7,4,9,7,9,8,1
GGCGCCCCAACG_7,4,9,7,1,9,1,2,7,5,4
TTACCAAGATCG_7,2,6,8,4,1,2,1,1,2,5
GTTCTTACGCAA_7,2,3,6,9,6,9,7,0,7,6
GCGCCGCGATGT_7,1,9,1,6,8,9,5,1,7,2
CGCATCCCGTCG_7,0,9,0,2,2,1,2,0,7,9
GTAACGTCCGAT_7,3,7,3,4,0,2,6,4,4,0
GATCGAGGCAGG_7,8,7,6,7,8,9,2,6,2,8
CATGATCGATCC_7,5,9,1,2,2,1,9,6,6,1
CGCCCGGCGCGC_7,3,1,8,3,0,5,5,1,5,4
CGCATCCCGTCC_7,0,9,0,9,2,1,2,8,2,1
AGTACCTCTTTG_7,3,6,8,0,4,0,7,5,8,9
TACCCATCATGC_7,6,8,9,4,7,6,6,4,6,4
GTACAGCAGGTT_7,7,8,3,5,7,2,6,8,9,0
CCCACGGGCCTG_7,6,2,7,3,0,6,0,2,9,4
ATGCGGTCCATG_7,6,0,8,1,5,3,3,1,6,4
CGTGTCCTACTA_7,2,6,0,0,4,3,9,7,3,2
CGAAAGTTAATC_7,6,5,7,6,8,9,9,8,0,1
TCCGCACCATCG_7,7,8,3,0,7,7,4,4,9,0
ACGGTGATCGAC_7,2,6,1,8,8,4,1,6,1,2
GTCCCGTTCCTG_7,3,2,8,4,0,6,3,3,5,4
CCTCCAGCGGAG_7,8,7,5,8,5,4,8,6,2,7
TTTTTGCGCCAA_7,3,8,1,2,0,8,2,3,8,3
TCTCTCTGAGGC_7,2,3,2,7,6,0,7,5,2,2
CTCGGCGATGAG_7,3,3,5,1,3,4,6,2,5,5
TTCTTACCGAAC_7,9,2,8,4,0,3,0,1,0,4
AAGCCCAGGTAA_7,3,1,7,1,3,6,4,2,5,4
TCTCCACCCCAA_7,1,7,6,9,8,9,2,6,7,9
GTTGCTTTTCCG_7,5,1,2,8,4,1,8,8,8,1
GTACCCAGGCGT_7,0,5,2,2,2,1,6,8,8,3
CGCGCGTCCACC_7,1,2,7,3,0,4,4,9,5,9
CCGGGGCCTAAG_7,9,2,7,1,9,8,8,6,3,4
TTCGCATCCGTT_7,2,9,0,0,8,8,9,9,1,2
ATTGACAATCAG_7,5,7,4,0,6,4,8,1,3,5
TTGACGCACATA_7,6,6,4,9,1,5,5,6,1,9
ATTCCGCTCTGC_7,5,3,4,9,9,4,7,1,1,8
CGCCGCGAGCAT_7,9,9,8,4,0,3,3,3,5,1
GACCCGACGTAC_7,1,7,1,7,6,3,5,9,3,8
CCTCATGCGATT_7,9,2,7,1,9,4,3,1,0,4
ATTTAGTCTCCA_7,8,3,8,7,0,7,4,6,5,0
TCGGTGACGTAG_7,5,5,5,6,2,1,2,8,3,2
TCCTTTGCACGC_7,1,2,7,3,7,4,2,4,5,6
CCACCACATTGC_7,1,0,8,4,4,3,1,6,0,3
AAGTACGTAGAA_7,7,2,7,3,9,9,0,2,3,8
CCATGTCGTTGG_7,1,7,5,5,7,2,4,3,5,5
AGTGAATAGCAG_7,1,1,5,5,7,4,6,4,2,6
CAGAGAAGCCAT_7,6,1,2,0,5,9,9,0,7,2
CACCCGATCCCA_7,1,0,7,4,0,4,5,1,4,6
AGACCGTACCCT_7,5,6,1,9,6,8,9,0,3,9
ATTACGTCTCAT_7,8,4,6,7,4,1,7,0,2,7
GTAGACAAGATG_7,9,3,2,2,1,5,9,1,3,2
CCTTTACCTGGT_7,4,5,8,2,2,8,1,3,0,3
ACAACCGCTGTA_7,2,3,2,2,2,5,9,0,8,7
CGGAGAGTCGGT_7,0,2,0,8,2,3,1,3,8,1
CATCTCTCTATT_7,1,2,4,0,4,4,4,1,0,7
ATCCTTTTCGTC_7,4,1,3,5,7,6,4,2,0,5
ATCGTTTGAGGC_7,3,5,2,8,4,9,9,8,2,9
GTTGTAGGTATC_7,6,7,4,9,4,0,7,0,7,1
CACTTGCTGAGG_7,7,8,3,3,7,7,0,4,9,0
CTACCGCTTTAC_7,7,0,3,5,3,6,6,4,9,0
CAACACGTAATC_7,5,3,0,7,8,0,7,9,7,7
CGCCCGTGCCTA_7,9,2,5,3,0,4,0,4,9,4
CCCGGACGGCTC_7,3,5,1,8,3,4,6,2,9,5
GGATATCCACCT_7,8,8,3,3,7,7,6,2,9,0
CGGAGGTCGAGA_7,5,1,5,7,1,3,0,0,3,4
ACCAAACCTCAA_7,3,2,7,3,5,2,5,4,5,5
TAGAAGCGAAGT_7,3,4,3,7,2,7,6,4,2,0
TCAAGAAAATCC_7,6,0,8,3,5,6,3,3,5,4
GCCAAGAGATAG_7,0,5,1,8,0,2,3,5,0,5
CCCCTCTGGAAT_7,6,4,6,9,4,1,1,8,7,1
CGCCCGGATCTA_7,0,4,0,6,5,0,5,6,6,9
CTTCTCAATCTT_7,6,3,2,0,5,5,2,8,1,1
CGCACGACAGGC_7,5,9,0,1,8,4,8,6,2,9
CTACTACGTTCT_7,0,1,3,2,3,1,6,2,0,5
ATACGCACGGAC_7,8,9,2,0,5,1,9,8,2,9
GTACAACCCTAA_7,9,5,2,1,2,6,3,3,8,4
GAGCTCAATCCT_7,3,7,4,0,8,1,8,5,8,8
CCGCGCGGACGC_7,2,9,7,5,1,4,1,7,0,4
GTTGATTTGCAG_7,4,5,3,3,3,6,3,4,8,5
CGCGCAGGATTA_7,2,1,1,8,6,5,5,0,2,2
TGACTATTCGCG_7,0,5,2,6,5,5,9,8,8,1
ATGGATACGCCG_7,8,6,5,5,8,3,9,6,3,7
TTGGTGTCTTAG_7,0,5,3,5,3,6,6,4,6,3
TGTTTTAGGATT_7,5,6,2,9,6,4,4,1,1,9
CCCATAACTCTT_7,9,4,3,3,0,6,0,4,9,1
GCAGCGTTCAGA_7,9,9,4,6,9,8,1,0,2,8
AGACGTGGTCTC_7,1,2,4,4,0,4,4,1,4,4
TCCCATTGGATA_7,6,4,0,6,4,0,7,6,6,1
ACGATACCTTGC_7,1,6,1,0,3,3,9,9,1,1
GATAACCCAAAT_7,8,6,4,7,5,9,2,0,1,6
CTGCGCGCACGC_7,3,5,1,8,0,5,3,7,5,2
AACGACCAGATA_7,7,8,9,7,3,9,4,4,9,0
CTCCTTAGTGGT_7,4,2,2,9,4,0,6,2,5,1
CGCCTCATAGCT_7,0,4,2,7,5,5,7,0,8,1
CAGAGCCCCGGT_7,7,8,3,3,3,6,4,4,9,3
CACAGAGCGGCA_7,7,1,3,3,3,7,4,2,9,0
ACTCCGCTACCC_7,8,4,6,7,8,0,7,7,1,1
AGCTAAATGGCA_7,2,6,4,7,4,8,7,9,2,9
GTCACCTACCAG_7,2,2,1,5,1,6,0,1,9,4
TAGATGAATACA_7,4,1,3,3,8,6,0,9,4,8
CACAAGGGTCGT_7,9,1,5,1,9,8,3,1,4,5
CGCATCCCGTCT_7,0,5,6,8,4,9,7,8,8,1
CCTAACCGAAGT_7,7,0,3,3,7,6,0,2,9,0
TCTCCGCACCTG_7,5,6,0,9,4,0,5,0,2,8
ATTTAATAGCGG_7,5,1,7,1,9,3,5,1,0,2
CTTCGACCAGGA_7,2,7,4,8,4,5,7,0,4,9
GTTAAACGCCCT_7,2,0,6,6,8,8,5,6,4,1
CAGAGCTTTTGC_7,9,1,9,3,7,7,5,4,0,0
TTAAGAGTCTAT_7,5,3,1,0,4,6,8,6,3,1
AGCAGTGCCAGG_7,9,2,8,1,9,2,3,1,5,4
GTCCGCGAGTCG_7,2,9,4,6,6,5,8,5,4,2
TCCCCGATCGAC_7,0,8,3,2,3,2,5,8,6,5
CTTCAAGCTATT_7,1,1,3,3,7,6,0,1,9,5
AGCGCGAGCAAT_7,9,2,8,3,9,2,0,3,5,4
GCCAGGTCAAGT_7,8,3,4,6,5,0,8,5,4,8
TTCGTATATTGA_7,6,7,0,8,6,8,5,5,7,9
AACCATTGTATT_7,7,2,9,7,7,7,0,1,9,0
CCCCAGAACCGC_7,2,3,0,7,6,9,7,7,2,2
GAGCTCAATCCC_7,8,6,0,7,7,1,9,6,7,7
AGAAGCTTATGC_7,3,1,3,2,2,6,6,5,9,0
TGGAGCAGTTAC_7,9,2,7,1,9,8,3,3,5,4
CGGGTCGCGGTC_7,3,3,1,5,7,3,5,1,8,2
AACCATTCTTTC_7,2,6,0,0,5,0,9,9,3,6
GATGCTCATTCC_7,6,5,6,6,2,5,9,8,6,1
TGACCAAAGGTC_7,8,7,0,0,4,9,4,9,7,7
TGGCATACAGTC_7,3,2,8,4,9,2,0,1,5,4
TTATTCGCGATG_7,5,3,0,9,6,3,7,0,7,9
GCTCACGGAGGG_7,8,1,8,3,0,6,4,4,9,4
CCGGCGCCGTTT_7,6,4,6,9,2,3,8,8,8,1
GCCGGTCCGAGG_7,0,5,2,9,2,3,2,8,7,7
CGCATCCCGTCA_7,6,5,6,6,5,1,8,0,1,9
CCTGCATTTCCG_7,1,1,1,7,8,4,1,0,2,2
AAATACATCGTC_7,1,2,5,1,8,8,7,2,4,6
CCGCAGGCGGAT_7,6,1,4,8,6,8,7,1,4,8
CAGGATGGAAGT_7,0,5,2,2,2,3,2,8,8,3
GTTGAGGCCGAG_7,8,2,7,4,0,2,0,0,4,9
TTAACACCCCTG_7,1,0,0,7,8,9,6,5,2,7
ATCACCAGCCTG_7,7,2,7,7,1,2,4,2,9,0
AGAGTCTACCGG_7,2,9,1,8,6,5,7,0,2,2
GACAGTAAACCC_7,9,7,8,1,5,2,3,3,5,4
GCGCGTGAAACT_7,2,7,0,6,1,0,8,0,7,8
AGAGCAATCCGC_7,0,5,1,5,2,5,1,5,8,1
GACGCCTCCCTA_7,1,7,5,8,8,8,7,7,1,7
TCTTTGCTACTA_7,6,2,9,3,5,6,0,2,9,5
CGGGGATTGCCG_7,6,5,3,5,3,6,1,6,8,9
CCGTATAAGCCC_7,1,2,8,1,9,8,5,2,5,6
CCCGGACGGCTT_7,3,3,1,5,3,7,1,2,2,5
GGCGTAGTACCT_7,3,1,3,5,7,4,6,2,9,0
CCCGGTAGTAGA_7,0,9,1,5,2,6,3,3,5,2
AGCCCCAGGCTA_7,2,6,6,9,0,4,9,1,3,2
ACAGGAAATCCG_7,6,6,1,0,6,3,7,6,3,1
GCTCCTTCGTAG_7,9,9,8,6,9,8,6,3,6,6
AGTCGCGCTCGC_7,8,3,1,1,1,5,8,1,8,9
GAGCTCAATCCG_7,6,4,6,5,7,0,7,0,1,6
ACTAAGGCGAAC_7,7,8,9,5,3,7,4,9,9,0
ATTCCTGCCCTG_7,3,3,1,8,0,5,5,3,1,1
AGTCTCCCACAG_7,5,4,5,1,5,8,8,6,0,4
ACCCATTTCATG_7,2,6,4,5,7,0,2,9,7,7
CACCCTGCGGCT_7,2,7,1,7,3,6,4,7,7,5
TATGCATGCAGG_7,1,4,5,9,6,0,7,9,1,6
GACGAGCGGCAC_7,1,7,7,2,4,0,8,5,3,9
GGTGCCGTAAAC_7,1,0,1,5,1,6,8,7,7,8
GAGTCGCGATGT_7,1,9,1,5,8,3,2,5,3,2
GAGGCGGGATGG_7,7,8,3,2,2,2,6,3,6,3
AGCTAGCGGAGG_7,3,2,7,4,8,2,4,0,5,0
GGTAGCCGTAGA_7,4,9,8,4,0,2,3,3,5,9
CGACTTGTCTGT_7,8,6,0,7,6,9,7,6,2,2
TCTCTGTCTCCT_7,7,8,9,7,7,7,0,2,9,0
GGCAGACCGAAG_7,5,9,0,0,5,0,1,6,7,7
ATCCCGATGCGC_7,9,2,7,3,1,2,1,3,9,6
ATCGGCCTGTCT_7,1,3,1,2,5,4,2,9,7,7
CCTACATAAGGA_7,4,4,4,0,8,0,8,5,1,7
GTTACGCTTCTA_7,1,1,7,1,0,5,2,1,3,6
CGCCAATGATAT_7,6,6,5,1,0,8,1,9,3,4
AATTTTCGACGA_7,6,6,1,8,1,3,5,0,8,2
TCCGAGCGCTAG_7,1,7,1,5,8,4,5,0,4,2
CCCGGGCGAGGA_7,9,2,8,1,0,2,3,3,5,6
CATGGCATCGCC_7,8,3,1,1,5,9,8,9,1,9
ACCACGGGCTCC_7,3,0,8,4,5,6,6,8,5,9
GATCAAAATAAT_7,5,2,4,9,4,9,7,6,3,2
GGGAGGACTGTG_7,1,9,7,8,9,2,9,5,5,4
CGCTGACGAAAA_7,0,4,2,8,8,1,8,5,0,3
GCGCGTGAAACG_7,2,3,1,5,6,4,8,9,3,2
TAGGATGAACGA_7,7,8,3,3,3,4,4,2,9,0
CCTCACCCGTTG_7,1,9,4,8,8,8,9,5,3,8
TTTCCATACATG_7,9,2,8,4,8,8,0,3,0,6
TTTAACGCATAA_7,6,9,0,6,6,3,5,6,1,9
GACATCCTCCCT_7,5,6,4,0,6,9,7,0,2,6
TCCCCTACTTAG_7,9,9,5,2,5,3,2,8,0,6
CTCCGATCTGGG_7,2,9,6,9,4,4,7,5,2,8
GACGTCTGACGG_7,2,3,1,6,6,3,7,0,3,6
TGGGCCTATTAG_7,7,8,9,3,3,7,4,2,9,6
CAAAAAACACTT_7,7,2,3,9,3,7,4,2,9,0
GCTCACTGGCGC_7,6,9,6,0,6,9,5,0,4,9
GTGCTTCGACCT_7,6,0,1,6,8,0,9,5,3,1
ACCGGTCTGGAA_7,5,3,0,2,7,5,1,5,1,6
CCCGGACGGCTA_7,2,1,3,5,3,4,8,2,2,2
CGCGTAGATGCG_7,5,7,1,0,1,3,2,5,3,2
ATCCAGGCGCTG_7,2,3,6,6,8,5,4,1,3,8
CTCACTCGTCCT_7,2,3,4,8,9,9,1,4,7,1
GCCCGGAGCACG_7,8,7,4,9,1,9,1,4,2,7
AGTCTTTCACTA_7,8,4,6,0,5,9,9,9,2,1
CACATAATCCGG_7,7,8,9,3,3,7,2,2,9,0
GGTAAGGGCCGC_7,9,4,2,6,5,9,7,8,6,7
ACCCAAGTCGCG_7,5,3,5,8,6,3,1,7,8,8
ACTCACAGCGTG_7,1,9,5,1,4,8,2,6,0,4
GTAATAACAGTC_7,7,8,3,7,4,7,4,4,9,5
CATCTTCATTAC_7,4,5,8,4,5,6,3,3,6,3
CCGTAACGCTTC_7,9,2,5,1,9,8,5,4,0,4
CCGTAACGCTTG_7,9,0,8,1,3,7,0,6,0,6
ATAACCGATGAT_7,4,5,3,4,0,6,8,2,6,5
TAGCGCAGAAGC_7,1,9,0,5,5,5,2,0,7,9
GTTAGGACGAAG_7,6,3,5,8,7,5,1,5,2,5
CGAAAGGTCGTA_7,5,6,0,9,6,0,9,0,3,6
CGAGCGTTCCCC_7,1,9,1,9,6,8,9,5,1,2
AACCGAGCATGT_7,6,0,2,5,0,2,4,6,0,0
GACCATTAAGCA_7,9,0,7,4,5,8,0,3,0,4
TTCTGTCTTAGG_7,5,9,4,8,8,5,8,6,7,7
TTATATTTGCCC_7,2,6,2,8,5,9,2,7,7,9
GCTAAGCAGCAA_7,8,7,4,8,1,9,2,5,2,8
TCCCCTTGCCGT_7,6,0,0,1,4,3,5,0,2,7
CGGCTACTTTGT_7,8,9,3,3,3,7,0,4,9,0
TCAGCGACAGTA_7,2,0,0,9,1,9,9,6,2,1
TACGACGTGTTA_7,1,2,7,5,9,8,4,1,5,6
TACCTTGTGGCA_7,7,2,7,4,7,6,4,1,5,5
AAATTTGCAACG_7,9,0,9,2,3,6,2,7,6,8
CCAGCCAGGACG_7,5,7,1,1,3,8,9,2,7,2
CTAGATTACTGC_7,5,7,4,7,8,0,9,6,1,1
CTCACTCGTCCG_7,3,4,5,6,9,9,1,2,4,9
AATCTTCGAAAT_7,7,8,9,3,3,7,4,2,9,0
CTGACCGTCGGA_7,1,3,6,8,8,0,9,0,3,2
TCGCGCGGCCTG_7,7,1,3,3,0,8,3,2,5,0
ATGTCGTCTGCA_7,0,5,1,2,0,1,8,9,2,1
GCGCGTGAAACC_7,5,6,0,8,6,0,9,9,7,8
TGCCTGTTTAGG_7,5,4,6,9,4,9,7,9,7,7
ACCATACTACAA_7,0,9,6,2,8,5,7,0,8,1
CATCAGAATCGA_7,7,8,9,5,7,4,4,4,9,8
TTGGACAGCAAT_7,4,1,4,6,3,1,9,6,8,1
CCGCGCGGACGA_7,2,9,5,0,1,3,5,5,5,2
TTCGAGCACACA_7,6,5,0,1,5,5,1,3,8,1
TGCTCTGATACT_7,5,7,1,9,4,9,7,5,3,6
GAGCGGACGATG_7,6,9,1,6,0,4,9,9,3,2
ACCACAGGATGC_7,0,5,7,2,2,4,5,8,8,3
GCTGACAGTGAT_7,5,6,5,7,8,0,6,7,1,2
CGTGAAACACGG_7,3,8,9,4,3,6,0,2,9,0
GGATGGGTATCA_7,4,0,4,2,8,1,6,0,0,6
GGCAATAGCCCA_7,1,9,8,4,9,4,1,9,6,6
GGCAAGGATTTG_7,7,2,5,3,3,7,4,2,9,5
CTCACTCGTCCC_7,1,7,8,1,8,5,0,0,4,8
GAGGGGAGTGGT_7,0,5,3,2,2,3,3,2,0,5
GAGCTCAATCCA_7,5,3,6,0,9,9,8,6,4,6
GACTTGCATCCG_7,4,1,8,1,0,6,8,3,8,4
TCTCTGTCTCCC_7,7,0,3,7,3,7,7,4,9,0
CGCTTGCCAACA_7,4,4,1,2,5,5,2,8,8,9
CACTCAATCAGT_7,1,2,8,4,9,1,5,1,0,6
ATCAGTTAGTTC_7,5,2,5,8,1,5,9,1,7,8
GACAGAGGCAAA_7,5,6,4,8,8,0,2,0,4,8
TAAATCCGATTC_7,5,3,5,7,1,9,7,9,7,9
TCGCATTCGGGA_7,9,6,1,2,5,5,3,5,1,5
AGGCACCGACCT_7,3,8,0,5,2,8,1,6,5,0
GACTTGCATCCT_7,0,4,8,4,0,6,3,3,5,2
ATGGATTGCCAA_7,4,0,8,4,9,8,5,3,5,4
TCTCAATTGCGC_7,2,7,1,0,4,1,6,6,2,7
TCTATGGCTTCC_7,5,3,2,0,8,0,1,6,2,9
ACTAGGGCGAAC_7,3,2,4,3,3,7,0,2,9,6
CACCCGGAGCAG_7,5,6,1,7,1,8,0,9,3,9
ACGCAAACGTCG_7,1,6,6,8,6,1,6,6,2,7
CCGTAACGCTTT_7,6,0,8,4,0,2,1,4,4,4
CGTGCCGGTGCG_7,8,7,4,6,4,9,6,5,1,1
TAGGACCGGCCC_7,1,7,1,0,4,0,1,9,1,5
GGGAATAAATAT_7,5,9,6,0,5,1,2,8,8,8
CTATCCTCACTA_7,1,4,4,0,1,9,5,9,3,2
GCCTCAATCCAT_7,5,6,6,0,4,9,9,9,2,2
CGCACACTAGCA_7,7,1,3,5,3,6,6,4,9,0
TACTGCCGCGCT_7,3,2,4,0,8,3,6,0,4,6
AGACCTATCCCC_7,5,9,2,6,5,9,7,6,7,7
AGCCATTAAAGG_7,2,7,5,1,0,2,1,5,5,5
ATGAGAGTGCCG_7,9,2,8,4,1,6,0,9,1,0
AGGTGCACGGTG_7,9,2,7,4,9,8,4,1,0,6
CCTGAACTAATG_7,8,5,6,0,5,1,9,8,6,7
AAATTTGCAACT_7,9,9,7,3,3,4,2,8,6,5
CATAAAGATCCT_7,2,3,4,8,6,4,9,9,3,5
ATGGCATAGCGC_7,2,7,1,8,1,9,7,1,1,6
GGTGCCCGTGTA_7,2,3,5,8,1,4,1,6,4,2
TGATGTGTCTAT_7,6,0,2,9,4,8,9,1,2,1
GATGGGTACATC_7,7,8,9,5,7,7,5,4,9,0
GCGCGTGAAACA_7,6,9,7,2,2,0,2,0,7,2
CCACGACCAATG_7,6,7,4,9,9,5,8,5,2,9
TCGTTACCCCGG_7,2,6,2,7,8,0,7,2,2,2
GTACCGCACAGA_7,4,0,1,2,5,1,6,0,0,3
TCTCTGTCTCCG_7,7,8,3,5,5,7,6,4,9,8
GATCGCCTATGG_7,0,5,6,6,2,1,8,8,6,3
AATCTGGCGTAT_7,7,8,3,5,3,6,4,2,9,5
AGCCGTGGAACA_7,2,9,5,2,5,3,2,3,7,2
CGTGCCCGCCAA_7,2,6,1,8,6,0,5,0,1,8
ACCTCTGGAATA_7,6,4,0,6,6,9,2,1,2,8
ATAATGTTCTAT_7,9,4,0,9,8,0,2,8,8,1
TTACCGGCTCAC_7,8,3,4,1,9,5,1,9,4,2
ATGACTACGTAG_7,0,5,1,2,2,1,8,8,1,3
TGTTTAATTGGC_7,1,1,4,2,4,5,9,7,6,2
GGGCCTCCTGCG_7,7,8,9,5,3,4,2,6,9,0
GTGGAGTGAAGT_7,5,1,2,0,5,1,7,8,8,7
AGTAATCTGGCT_7,8,4,1,5,4,0,7,7,3,6
GCCGAATCGGAC_7,7,7,3,4,1,2,6,3,9,4
CGCACGACAGGT_7,3,7,0,6,4,1,1,0,6,6
GGAGCCCAGACA_7,9,2,7,4,0,2,1,3,5,5
AATAATAGGACG_7,1,3,7,1,1,0,8,5,4,6
ATCGGCATATTC_7,7,8,9,3,7,6,4,2,9,0
GACGCTGATCTG_7,4,1,8,4,5,6,3,8,2,1
CGTAAACACGTT_7,5,6,7,5,5,5,9,9,0,2
CCAATTCCCAGG_7,9,0,8,8,5,8,3,2,5,1
CTTCATGTTGAC_7,1,6,4,6,5,0,5,1,8,7
TGTAGGTAGCTC_7,1,3,7,8,9,9,8,5,8,8
GTGGTTTCGGAG_7,0,9,1,9,2,1,7,0,7,2
TTTGCAAATAGC_7,6,9,2,1,2,5,3,9,8,9
AAATTTGCAACC_7,0,4,7,5,0,2,8,1,7,5
CAGAACGTGTAA_7,2,1,7,7,6,3,4,1,0,5
GACTTGCATCCC_7,4,5,0,4,0,8,3,3,5,4
TGTCGGAATTGC_7,3,0,0,5,0,6,1,6,1,8
CGCGTAATACAG_7,0,5,8,4,2,2,3,3,8,3
GGTACTTCAGGT_7,2,3,4,9,6,3,5,0,3,7
GCGAAGGCGCAA_7,0,5,6,2,5,1,8,3,8,3
CATCCGGTGCTT_7,5,6,1,2,1,0,2,8,8,8
TCTGTCGTTCAG_7,1,7,6,6,8,0,7,9,3,5
CCAGGGCGCCAT_7,2,7,5,1,3,2,9,1,7,2
CCGTTGGGAATC_7,6,9,8,4,5,6,6,3,5,4
CCGGTTCGGTTG_7,7,8,6,4,3,7,1,2,6,5
CACTCCCCACCG_7,5,7,4,1,6,1,2,9,4,9
ACGAACTCCTTT_7,4,5,2,2,2,1,3,8,1,3
CCCGAACCTTGA_7,8,9,1,6,5,0,7,9,3,1
GCTCACTGGCGG_7,2,4,2,6,5,0,8,6,3,9
GGTCCGTTGGTT_7,6,7,1,8,8,3,7,6,3,8
CTAGACCAGTGC_7,5,9,0,5,1,4,2,0,4,2
TCGTGTTGCTAG_7,5,7,4,7,8,9,9,9,3,6
ACTGCATCCACT_7,0,9,9,2,3,2,6,2,0,5
ATGGACTTTCAG_7,5,7,5,9,4,1,7,5,8,8
CGGCGCGTCGGT_7,1,9,0,6,3,9,9,0,1,2
TGGGCTCGCTCG_7,1,4,0,0,8,8,8,5,3,8
CTATTCAGACAC_7,3,2,0,6,1,6,2,1,5,8
CCACGACCAATT_7,3,2,6,1,8,1,7,2,2,5
TCTCCCATTTCA_7,2,9,4,7,8,4,8,9,7,6
TCGCGCCAAAGT_7,1,2,7,1,9,2,0,1,5,4
TGGGTGCACTTC_7,3,2,7,1,8,3,1,2,5,4
CACGTTACTAGA_7,1,7,6,9,1,9,9,5,1,6
TTGGACTCGATT_7,4,0,3,3,5,6,3,2,0,5
CCCTAACCCTGG_7,6,5,0,2,2,1,8,8,8,9
ATGTCCTCCGAG_7,4,9,4,1,8,8,9,5,4,2
GCGCCGGGAGAG_7,1,7,8,4,0,8,0,9,4,6
GGTGCCTGCCAA_7,0,4,6,2,2,6,1,8,8,3
GTATGAAAGCTT_7,6,2,5,7,8,1,1,0,4,2
CCAATCCTGGAT_7,8,4,5,0,1,3,2,8,6,7
TTTAGTTGGGAC_7,1,9,8,2,6,2,2,1,4,2
AATGCCAGCAGG_7,2,6,4,7,9,8,7,9,2,9
ATTTCTCCCTTA_7,1,6,2,7,6,0,8,6,3,8
TCAGAAGTCCTA_7,8,4,6,6,6,1,7,8,2,1
CTGTCCCCACTT_7,5,3,2,1,5,5,2,8,8,7
GAGGCACGCAGG_7,8,4,6,6,5,5,7,0,2,7
TGCCGAATAGAT_7,5,3,5,8,5,6,9,8,6,2
AGCTACCTAGAT_7,4,0,6,8,5,1,9,8,2,1
CCAGTCTTAGCC_7,9,5,6,6,5,0,2,8,1,1
CCAACGTTAGTG_7,4,6,7,1,9,4,5,9,4,9
AAATTTGCAACA_7,0,7,9,2,1,3,2,8,6,1
TAACTAATTAAC_7,4,3,9,5,3,6,2,5,1,2
CCACGACCAATC_7,6,7,7,9,4,3,7,5,0,2
AACCCACTCTGG_7,2,6,4,5,8,0,9,0,4,2
GGACATCGCTGC_7,8,4,6,6,1,5,1,8,6,2
ACACCTAGAGTA_7,7,0,9,3,7,7,4,2,9,0
CCATTTGGTAGC_7,2,9,5,6,9,5,2,6,2,6
TAGCCTCATCAT_7,5,2,5,1,9,8,9,1,4,6
GTAATCTGTGAT_7,8,3,7,6,4,9,2,0,3,8
CACGATACGAAT_7,8,3,5,7,4,6,2,6,6,2
CTACCTCCAAGA_7,8,9,2,9,2,5,2,8,8,1
GTAAGCGGGGTC_7,9,8,8,5,0,7,4,2,9,8
AGTTACAGCTCA_7,1,2,8,4,9,7,4,4,4,6
GCCATTTCATAA_7,5,1,1,6,8,0,7,2,3,2
TCGGTGTGTGAA_7,0,7,6,2,2,5,2,5,1,3
CGAACCCTATCT_7,1,8,9,3,6,7,0,2,0,6
AGACACCACTAC_7,1,0,6,0,8,4,8,0,7,8
AGTAATCTGGCC_7,4,6,7,6,0,8,5,6,1,8
ACCAGCTGACCT_7,1,6,4,7,1,3,5,0,4,2
AACTCCTGAGCC_7,5,6,5,6,5,9,9,8,1,2
ATAGTATCCAAC_7,8,4,6,5,8,1,7,8,7,7
CATCACGCCAGT_7,3,9,1,2,3,7,6,4,4,0
TCTACTTTCCTC_7,1,1,7,0,4,8,4,1,4,6
CCCCATTAAGCT_7,2,7,1,7,4,4,2,7,4,8
GTCCCTAGGTGA_7,5,7,6,8,4,0,2,1,3,2
AATTGAATTTAT_7,0,5,2,2,1,5,1,8,2,7
TAAACTGGCATC_7,5,7,0,5,8,0,9,7,2,7
TAATTCTTTGAC_7,5,3,2,0,6,8,7,2,0,6
TCCTGTCTGACG_7,9,8,5,4,3,2,4,1,5,6
CGTAGGTCTTGC_7,3,5,8,3,5,6,0,2,0,3
GGCTGTCGTGTC_7,5,7,0,7,4,9,7,5,1,7
GGTGCAGCAAGC_7,9,9,8,1,0,2,1,1,6,4
ATTTATTAGCTG_7,1,2,4,4,1,8,4,2,0,6
TCTCACTTGTTC_7,5,7,4,7,4,0,7,0,4,9
GGCGATCGTGGA_7,5,7,4,7,4,9,7,7,2,7
TTTCTGACTGGA_7,2,5,6,0,2,1,6,8,8,1
AGTAATCTGGCG_7,5,6,1,6,2,8,1,5,1,2
TTAGACTATAAA_7,4,7,6,2,6,1,8,9,1,1
TGTGTCTGGTCA_7,8,1,5,1,5,9,1,6,4,9
ACCTGCCCGAAG_7,5,4,1,6,1,0,9,0,1,9
TCCACTTTCTCC_7,9,4,6,0,5,5,3,6,6,9
TTTAAACCCAAC_7,5,6,6,2,4,0,8,7,0,9
CGGGAACAGACT_7,9,9,5,0,8,9,4,6,2,6
TTGCCGAGCTTG_7,9,5,6,8,5,5,2,8,8,7
CTATTTCGTTTC_7,8,5,2,6,4,9,7,5,6,7
GGCGCCGCGTCA_7,2,5,4,9,3,4,2,9,8,8
CATATTGTTTTG_7,9,7,2,6,5,5,7,8,1,9
TGAGATATCATT_7,1,2,5,4,5,3,2,3,1,2
