,0,1,2,3,4,5,6,7,8,9
TTTCTATTACAC_5,2,9,8,6,5,6,0,3,0,9
ACCATTAGCGGA_5,7,9,8,2,4,1,1,6,6,1
TCCGCCTGCGAA_5,7,9,8,2,5,1,1,2,0,2
ATCCCATGATAA_5,2,9,8,8,4,1,0,6,0,2
CTAACGTCCTAC_5,0,9,3,5,4,0,1,2,0,6
ATGTTATTAGGT_5,7,9,3,7,6,1,0,5,0,1
AGATACAAGCCA_5,7,3,8,4,2,1,0,3,0,6
TGCAGTCGCGGG_5,7,6,6,7,0,1,6,3,7,9
TGGGGACGCGTG_5,7,6,6,7,0,1,6,3,7,9
ACGGCCCGGCGA_5,2,0,8,1,2,2,0,3,7,1
GTCGCGGCAGAG_5,1,6,8,7,6,1,6,8,0,6
CTATATGGCAGA_5,7,1,6,7,1,1,0,3,0,9
GTAGTGTCTGAC_5,4,2,9,0,3,4,4,8,2,1
AGTCACATGGAC_5,4,9,8,8,2,3,9,8,3,9
GCCCGCTCTGCG_5,7,6,6,7,0,1,6,3,7,9
CAGACCTTCAAT_5,9,9,8,0,6,9,0,8,8,1
AGCCCTAAATGT_5,7,9,6,7,1,1,0,5,0,9
TTAAAGAGTATT_5,2,6,8,7,0,1,6,3,7,9
GAGGTTAAGGAA_5,1,9,8,1,5,2,6,5,0,9
ACCAAAGTGCGG_5,1,6,6,7,0,1,9,3,7,2
GGAACAGTCATT_5,7,9,6,7,4,1,6,5,0,2
AGCCCGACCTTA_5,4,9,8,2,3,3,9,6,6,8
TCGAATAGCTTA_5,8,1,7,5,5,1,1,2,0,9
ATGTTATTAGGC_5,7,9,8,7,6,1,0,5,6,1
CGGATTGTCCCA_5,1,1,8,5,2,9,9,1,0,1
CATAACAGGAGA_5,7,6,6,7,6,1,6,3,0,9
CAGGGCAGCCGT_5,2,3,7,0,5,5,9,6,6,1
TCCAACCGGTCG_5,1,6,4,7,0,1,9,3,7,2
AGCAATGCAGCC_5,6,5,1,9,7,8,5,0,5,7
CGAGCGACTAAT_5,1,6,8,0,1,1,9,3,6,0
CATCACGTATGC_5,1,1,8,5,4,2,0,2,4,9
TACGGGTCCCGA_5,8,9,4,2,5,9,0,2,1,9
GAAACTCCTAAA_5,5,9,4,5,8,7,6,8,0,0
TTTTCGCGAATC_5,7,9,6,0,0,1,0,2,7,2
GTCCATATAAGT_5,7,9,0,5,4,1,0,2,0,2
ACCAAAGTGCGC_5,7,6,6,7,0,3,0,3,7,9
TCTATATTCTAA_5,7,7,3,0,4,1,0,5,6,6
GACGATCGCGCA_5,1,6,6,7,0,1,0,5,7,9
ACTGCGAGCAAG_5,7,3,3,7,4,2,6,5,0,9
GGACCACGCCAC_5,7,8,8,0,5,2,0,8,7,9
GACGGCCCTCAA_5,7,0,7,0,3,6,1,8,2,9
GCCACGTTCGGT_5,1,9,4,7,5,1,0,3,2,1
CCACTGCCCATT_5,5,1,7,5,4,2,1,5,0,1
TCCAACCGGTCC_5,1,6,4,7,0,0,0,3,7,9
GGACCACGCCAA_5,1,6,4,3,5,2,9,3,7,9
CAACAGGCAGAG_5,4,9,8,1,3,4,7,8,2,1
CTTGCCGACTAA_5,1,8,3,5,5,3,6,6,0,0
TTGGCTTGTCAG_5,4,9,6,2,3,9,0,2,8,1
TTAAAGCGGGTC_5,2,3,3,5,2,7,1,2,0,1
CCCGTATTATCC_5,7,9,7,6,4,3,0,2,8,1
GCTTACGGCAGA_5,2,1,8,5,5,0,0,9,0,9
TCCAACCGGTCT_5,1,6,6,7,0,1,6,5,7,9
GGTTACAGACGC_5,7,1,5,0,5,6,7,5,0,1
CCTCCCTCGTCA_5,7,0,8,4,2,3,8,6,6,1
ACGAATAATCGC_5,7,9,6,0,0,3,0,8,0,1
GAGGCCATACAA_5,5,1,2,8,4,0,7,5,3,1
CAGTCGCAAAGC_5,1,9,4,1,2,0,9,9,3,1
TCTCAACAACGG_5,7,8,0,8,1,2,0,6,0,2
AGTGCTCGGTTT_5,8,1,8,5,5,0,9,8,6,9
GGAGCGCCTTCC_5,5,1,4,0,4,0,7,9,9,4
CTTACTCGTATG_5,0,8,0,4,5,5,0,2,6,6
GACCCTTCATTT_5,9,9,5,6,4,9,8,6,8,6
GAACGCCGCTGT_5,1,0,8,0,3,3,4,3,2,1
AGATAGGAAGCG_5,7,6,6,7,0,1,0,3,7,9
AGGACCATTCTG_5,7,8,8,1,2,6,1,8,3,5
GCGAGGAATTCG_5,2,9,7,7,5,1,6,2,0,9
ACGTGTTACTAT_5,7,9,0,5,1,5,4,2,6,5
AGCGTGGAGCTG_5,2,6,4,7,0,9,6,3,7,9
TTGCCGATCCCT_5,2,8,6,7,0,9,6,3,7,9
AACCGACATAGA_5,6,5,1,9,7,8,5,0,5,7
ACTGCGAGCAAT_5,7,9,6,7,0,1,0,5,0,2
AGGACCATTCTC_5,8,8,8,8,2,5,7,2,2,1
ACTGCGAGCAAC_5,7,9,6,7,4,1,0,5,0,9
TCCAACCGGTCA_5,1,6,6,7,0,9,2,3,7,9
GCCCCCGACTGG_5,4,2,4,2,3,4,4,6,6,5
AACAATTTACTT_5,9,9,8,4,2,1,8,8,8,2
AATATACTAAAG_5,7,2,3,2,4,2,3,8,6,1
AGATAGGAAGCC_5,7,3,6,7,9,1,6,5,7,9
ACTCAAGCGCCG_5,7,3,8,3,2,6,9,8,2,5
CACTCAAAGCAC_5,7,9,4,7,3,9,9,3,2,5
AATAACCCCCCG_5,1,3,8,4,1,2,1,2,0,1
GACGATCGCGGC_5,2,6,6,7,5,1,6,3,7,9
GTCGCGGCAGAA_5,1,6,8,0,9,1,9,3,0,6
GTCGCGGCAGAC_5,7,0,3,0,6,9,0,8,1,2
CCGGCCCGCGAG_5,4,9,9,2,6,4,9,8,2,5
GGTAGACGTATA_5,9,1,8,4,6,1,1,8,0,5
TTGAGTAAGGGG_5,7,9,3,2,0,1,6,3,0,1
CATACCGTCTTA_5,9,0,5,6,6,9,8,0,8,6
TGCAGTCGCGGA_5,1,8,6,7,0,1,6,3,9,2
TTAGTGACCAAT_5,4,0,8,5,2,6,1,8,6,1
TGCCCATCCTAG_5,7,3,8,0,0,2,1,9,0,9
AATATACTAAAT_5,7,9,4,4,0,2,6,6,6,6
TCGAAAACTACG_5,3,8,8,4,5,0,8,2,0,4
TACTCAACGTCT_5,9,9,5,6,6,9,8,6,8,6
CTGTTCTGGTAT_5,9,9,3,4,2,1,8,8,8,1
AGGACCATTCTA_5,4,9,8,5,6,5,1,8,0,1
ATGAGGATGCTT_5,0,1,2,1,5,5,7,2,6,0
GACACGGCCAGG_5,8,1,8,8,8,2,1,8,3,1
AGTAAGTGCAGT_5,2,1,2,7,5,2,6,9,7,8
CGCCACATGGCA_5,4,9,0,1,4,5,9,8,2,1
AGATAGGAAGCA_5,7,6,6,7,0,1,0,3,7,9
ACCCGGCTCAGC_5,1,1,2,5,9,0,6,5,0,9
CTTGTCGGGTGC_5,5,1,4,5,5,2,9,2,0,4
TCCCCGCGCCGT_5,9,0,3,4,4,6,8,7,8,3
GGCGCTTTAATA_5,8,8,7,0,4,9,2,8,9,0
GGACCACGCCAT_5,8,8,3,0,0,6,6,3,3,1
TGCAGTCGCGGC_5,1,8,6,7,0,1,9,3,7,9
GCCAAGTTGGTC_5,4,9,8,2,5,5,9,3,4,5
AACGCGCCGTTC_5,7,9,3,3,4,1,7,9,3,2
TTGTGGAATAGC_5,7,8,3,1,2,6,1,8,3,8
TTGCCGATCCCC_5,1,8,7,7,0,1,0,3,7,9
TTAATATCCTTT_5,7,8,8,5,4,2,1,2,2,1
ATTCGCCGAAAT_5,8,9,0,0,4,5,4,3,6,0
AATATACTAAAC_5,7,9,0,4,5,1,1,8,0,1
TTCACACAGGCA_5,7,9,0,0,6,5,7,2,5,7
TTGCCGATCCCG_5,2,8,8,0,0,0,0,3,7,9
TGCATTAAAGAT_5,4,9,6,0,9,4,4,2,2,1
AGATAGGAAGCT_5,7,6,6,7,0,1,0,3,7,9
CACGGCTTAGCT_5,4,0,3,4,1,3,2,4,3,2
GAGGATTCTGGC_5,7,2,9,0,3,5,4,6,6,3
TGCCCATCCTAC_5,1,1,8,5,2,2,1,9,0,8
TGCCCATCCTAT_5,7,8,8,0,9,0,7,9,0,0
CCCGAGCGGCGT_5,2,4,7,6,4,6,8,6,7,2
CCGATTCATCCA_5,5,9,7,1,9,9,7,6,3,2
TCACAGAGGACG_5,7,9,4,0,4,1,6,3,3,1
CCGACTTGTAAT_5,1,6,6,3,0,1,2,9,9,9
AACGCCCTCAGC_5,7,8,9,0,1,3,7,2,1,2
CTAAACACCCCC_5,9,0,8,6,6,9,8,1,8,4
ACTGCGAGCAAA_5,7,9,6,1,0,2,6,5,0,2
ACCAAAGTGCGA_5,1,6,6,3,5,1,9,3,7,9
TATATCGAAGAT_5,8,3,4,0,0,9,6,9,7,9
CTAGCGTTTCGC_5,6,5,1,9,7,8,5,0,5,7
GTATAGCGCTCT_5,4,8,4,8,3,6,9,4,2,5
ACCAACATCAGC_5,7,7,6,7,1,1,0,5,7,4
ATACAGACCGCA_5,0,7,2,5,8,7,7,4,4,0
GGCGTACTGCTC_5,9,4,4,6,2,3,8,6,9,6
TTTCGGGTTCTG_5,7,2,6,1,6,5,1,2,6,6
GCTCTGCAGGCG_5,2,6,3,7,1,1,0,4,3,4
AGCGTGGAGCTT_5,5,6,6,7,0,9,6,3,7,9
GTCCTGTTCTTC_5,5,9,3,4,5,7,6,5,3,1
ATAAGCGTAAAT_5,7,4,8,1,4,0,0,8,3,1
ACTCTTTAGCCC_5,5,9,3,5,4,6,7,2,0,4
TCAAGACGAAGT_5,9,0,6,2,3,3,4,8,8,3
CTTTTTCCTCGG_5,4,2,9,2,3,4,4,8,2,3
AACGCGCCGTTT_5,2,9,3,5,4,7,7,2,3,5
TTAGTTCAGAAC_5,4,0,8,6,4,6,9,3,1,8
AGCGTGGAGCTC_5,2,6,6,7,0,1,0,3,7,9
CAAGGGCCTTAG_5,7,1,3,5,9,1,6,8,6,1
AGCCAACGCTCT_5,9,3,7,2,2,1,1,8,2,8
GTCGCGGCAGAT_5,7,9,3,7,5,1,0,3,5,9
ATTCGCCGAAAG_5,1,9,6,8,9,2,6,6,0,3
AGGACCATTCTT_5,7,9,8,4,5,3,3,8,6,2
GTTCCCGTGCAA_5,4,2,9,2,3,4,9,8,2,3
GCCCGTCAGTCC_5,9,0,5,7,6,9,8,0,8,4
AGCGTGGAGCTA_5,1,6,4,3,0,1,9,3,7,9
AGCCAACGCTCC_5,1,9,8,4,2,9,0,2,3,2
GCGGGTCAGTTG_5,9,9,5,6,6,9,8,0,8,1
CAGCCGCCTCCG_5,4,0,8,4,2,3,8,8,8,8
AGGAGAAGTTGG_5,7,0,3,4,9,0,6,4,6,1
TCAGACCCCCGC_5,5,8,2,7,9,6,2,9,3,4
TGTCAGTAGGCA_5,5,8,9,0,2,7,9,1,2,1
TCGCAATATACG_5,2,8,8,6,6,9,0,6,9,1
GTAATTCATTGG_5,8,8,3,0,1,2,0,2,9,2
ACCAAAGTGCGT_5,7,6,4,4,0,9,9,3,7,9
ATTCGCCGAAAC_5,7,9,6,5,0,0,1,6,6,0
CCCCAACTCTTG_5,7,1,8,1,0,6,3,9,4,2
TACATACATCAT_5,8,8,9,2,3,4,4,8,2,1
GTTTCCCAGATA_5,0,8,3,5,8,0,0,5,4,4
TGCCCATCCTAA_5,1,1,8,8,5,0,7,7,6,9
GTAGTAATCTCT_5,5,9,8,8,1,1,2,3,7,4
CCCACCAAGTTC_5,4,2,9,2,3,4,4,7,6,6
AGCCAACGCTCG_5,9,0,8,0,2,7,6,6,0,2
TGAATCAGGACG_5,1,3,3,3,0,2,0,8,0,4
CGTGTCAGGACG_5,7,2,4,7,0,9,0,3,7,9
GTTAGTATTCTG_5,4,8,4,0,3,3,4,2,6,3
TCACAGAGGACC_5,3,3,4,0,5,0,1,5,7,2
GTCACCGTACGG_5,6,5,1,9,7,8,5,0,5,7
TTAACCGCGGTA_5,3,6,8,0,2,6,8,3,3,2
TGAATTAGGTGG_5,8,9,8,4,4,7,1,6,2,0
GACCACATTGTA_5,6,5,1,9,7,8,5,0,5,7
TACGTATAGGAG_5,2,8,2,1,1,2,1,5,3,4
CGCGTACAGCAG_5,4,2,4,2,3,4,9,3,1,3
CGACCAGACGCT_5,8,6,4,3,2,5,9,3,4,5
CGGGCGCAGGTG_5,4,2,9,4,3,4,4,2,2,6
TGCCACAAGGCG_5,3,3,3,3,5,1,2,3,2,9
TAGTGGTGGCAT_5,4,2,9,4,3,3,4,7,2,3
TCACTTGGATCG_5,4,9,8,0,2,0,1,8,2,8
ATATTGCAGCGC_5,7,3,8,7,5,1,0,8,7,9
AACGCGCCGTTG_5,8,7,8,0,1,6,1,2,6,8
CCTGTCAACGCC_5,8,3,9,2,5,4,4,7,1,8
TTGCCGATCCCA_5,2,6,6,0,4,1,0,3,7,9
ACTAGAAAACCG_5,8,8,9,7,5,1,4,3,3,2
TTGAGTAAGGGA_5,7,9,3,7,5,1,6,8,7,9
CCGCCTCCAGGA_5,0,1,2,5,8,0,0,4,4,0
ACAGCTCCGTCG_5,9,0,5,0,6,9,8,6,8,8
AACGCGCCGTTA_5,3,9,3,8,4,7,0,4,6,9
TCACAGAGGACA_5,7,6,4,0,5,2,3,8,3,2
AGCGCCTCCCAC_5,7,2,8,5,2,1,2,4,6,5
TACGTTATTGCG_5,8,2,9,2,3,4,4,6,2,1
GCCGTTGGAGGG_5,1,3,3,4,5,9,7,3,3,9
ACGACCGAACAG_5,4,2,0,2,4,5,3,5,1,5
GAAGTCAGGATT_5,5,1,7,0,9,2,7,9,0,0
GTTCAGATCTAC_5,4,8,2,8,3,7,2,9,2,8
GTACCGCCCATG_5,0,4,4,1,1,2,6,8,4,1
ATATTGCAGCGG_5,7,3,8,0,2,9,2,3,7,9
TCAGAAATGCGT_5,7,3,3,7,9,1,6,7,9,9
AATATACTAAAA_5,7,9,3,1,5,7,4,8,6,1
GATCGTTTGAGT_5,5,1,4,1,9,7,7,9,1,2
ACCCAGGTTGGT_5,4,8,7,0,2,3,9,7,3,8
TGCAGTCGCGGT_5,1,6,6,7,0,9,9,5,7,5
CAATCCAAGGGT_5,0,1,0,5,8,5,1,4,4,4
GCGCATTACGTC_5,8,6,3,1,5,4,7,6,6,3
TGAATCAGGACC_5,5,8,3,8,5,2,0,1,0,9
CGCGTACAGCAT_5,7,2,8,2,3,4,3,3,1,3
AAGACCCGCCTT_5,0,1,2,1,8,5,1,4,4,5
AAACACGCCCGA_5,2,4,2,1,9,0,7,9,9,0
TTGGCATGCAGC_5,8,7,0,2,2,6,9,3,2,1
CAAGTCGAGACA_5,3,3,7,4,2,2,8,6,8,3
TCTCCAGACCCG_5,0,9,2,8,1,5,7,4,4,1
AGCCAACGCTCA_5,4,3,8,6,2,9,8,6,0,9
GGAGATACTTAG_5,9,0,7,6,6,3,8,1,9,4
TTTAAGGATAAG_5,4,2,4,4,3,4,4,8,2,3
ATTAGTGATACC_5,4,2,9,4,3,9,9,8,2,3
CTAACTTGGGAC_5,2,8,3,1,0,9,8,8,2,9
CGACCTCCAGTG_5,1,3,6,0,9,1,7,3,4,0
ATCGAAGGGAAG_5,1,3,8,3,5,9,2,2,9,2
CAGAAAAACCAT_5,0,8,2,5,8,2,6,3,4,2
TCGCAATATACA_5,2,1,8,8,9,1,8,6,1,2
CGTGTCAGGACC_5,7,6,6,3,0,9,9,3,7,9
TGTTGCCGGCCA_5,9,4,4,0,4,6,2,7,1,8
CTTAACACCGCT_5,0,7,0,0,8,2,3,7,6,5
CGCCCCAGTACG_5,4,3,8,3,3,3,8,6,8,8
TAGATACTTAGG_5,7,6,7,7,5,5,6,5,7,9
TGAATCAGGACA_5,1,4,9,0,0,3,1,9,0,1
ATCGAAGGGAAT_5,3,3,7,4,0,1,1,6,1,5
AGGACTGACAGC_5,3,7,7,4,3,3,8,6,8,6
TGAGCACCGTCT_5,0,8,2,5,1,7,7,4,4,5
ACGAAAAGTCTG_5,7,6,3,8,4,2,7,3,0,4
GCGAAGCTGCTA_5,1,0,7,3,5,6,8,3,3,8
CGGCATTGGACA_5,1,2,3,2,2,7,1,8,2,5
CCGACTTTAGGA_5,1,4,4,7,5,1,0,7,3,2
AGCAATTCAATG_5,3,8,7,0,3,2,4,8,2,2
TGAATCTATAAA_5,5,9,6,7,9,1,6,5,0,4
AGGCAATTTCTC_5,5,9,0,5,1,2,7,8,3,0
TGTAGTGCCAGA_5,3,9,5,2,6,3,8,8,6,3
TCACAGAGGACT_5,7,3,4,0,0,2,9,5,6,6
AACCACTAGAGC_5,1,1,2,1,8,7,7,9,4,5
AGACCCAGTTTA_5,5,8,4,5,4,0,0,9,3,2
CCAGCTAACCGG_5,9,0,8,6,5,4,9,4,2,8
GGGACCAACCGA_5,4,8,9,4,2,4,4,1,8,6
GTACCGCCCATC_5,5,1,0,5,1,6,1,8,4,1
ATGGATATTGCG_5,6,5,1,9,7,8,5,0,5,7
ATTCGCCGAAAA_5,5,2,4,2,3,5,6,2,6,2
CTCGGTCAATAG_5,4,8,0,5,8,5,7,6,3,0
GGACAGCGCGAA_5,1,4,4,3,1,6,7,9,9,0
ATTATTTACCGT_5,5,8,3,5,1,2,0,2,0,1
ATACCGTTCGGA_5,6,5,1,9,7,8,5,0,5,7
TTCTCAATCACT_5,5,8,8,3,9,2,9,2,6,1
GGTGTCCGCGAT_5,3,0,7,6,2,7,0,1,3,3
TTGAGTAAGGGC_5,8,2,9,1,1,1,4,5,4,5
ATGGATATTGCC_5,6,5,1,9,7,8,5,0,5,7
CGAACTTAAGAA_5,4,2,9,0,3,4,9,3,2,3
TTCTCAATCACG_5,8,9,8,0,2,2,8,4,8,1
AAGCATGCTGAC_5,7,1,3,5,4,0,1,7,4,2
CTCCTAACTAAG_5,3,0,5,6,6,3,8,1,8,6
ACCCCGTTGCAG_5,3,0,3,6,2,9,3,7,8,8
ATTATTTACCGC_5,5,1,2,5,1,2,0,7,3,1
AGCAATTCAATC_5,4,2,3,2,8,5,1,8,6,1
AGGCCAATAAAA_5,7,6,6,7,1,1,6,9,9,4
GTTCTGTACGAC_5,1,7,2,1,4,7,2,2,9,5
TGAATCAGGACT_5,4,9,4,2,2,3,1,9,7,2
CGCGTACAGCAC_5,4,3,9,4,3,3,9,6,6,3
AAAGATTAGCCT_5,4,8,3,4,2,9,1,8,3,1
TCCCGCCTCCGT_5,5,4,3,8,9,7,6,7,0,1
CATCATTGTTGA_5,2,1,3,1,1,7,7,9,3,0
CACGGGTTACAT_5,9,9,8,6,3,3,8,6,8,3
CGTGTCAGGACA_5,7,6,6,7,3,1,9,3,7,9
TGTCGCACAAAT_5,5,4,4,8,9,0,0,9,1,4
ATTGCTAGGCGC_5,2,8,2,1,8,7,6,5,4,0
GGACCGTTCGGC_5,5,6,7,3,9,6,2,5,1,0
ATTATTTACCGA_5,7,7,8,8,1,1,1,2,0,3
CGTGTCAGGACT_5,3,2,6,7,0,1,0,3,3,2
ATGGATATTGCT_5,6,5,1,9,7,8,5,0,5,7
TCAGCCGCCTTA_5,5,1,2,1,8,6,2,5,9,5
TGCTTAGTCCCG_5,0,8,0,8,1,0,6,2,4,9
TTCTCAATCACC_5,8,4,4,6,2,9,2,6,2,8
TCCACAGCGGAA_5,6,5,1,9,7,8,5,0,5,7
ACGAAAAGTCTT_5,5,6,7,8,1,2,7,3,9,2
CTAGTTGTGTAA_5,7,7,6,7,0,1,7,5,7,2
ATTGCTAGGCGG_5,0,1,7,5,8,6,1,4,4,0
AGAATCCTCAAC_5,9,7,5,6,4,9,1,7,1,8
CGAAGTAGCCAA_5,9,9,0,1,9,7,8,1,3,6
TGACCCCGCGGA_5,9,0,5,6,2,9,8,0,8,4
AACGTGCGGCGT_5,9,3,4,6,3,3,4,7,3,6
CGCCGACGACAA_5,5,6,6,7,1,1,0,5,7,9
TATGGCTGCAAT_5,0,3,2,5,1,0,2,4,9,0
TTGCGTAAGCAG_5,4,2,0,2,1,7,1,2,9,5
GCGGAGCCTTGA_5,3,0,8,4,2,9,8,1,8,8
CAGACGTAGTTT_5,9,4,5,6,9,9,8,6,1,8
CGAATGCTCCTT_5,0,1,4,8,8,5,9,5,1,0
GTATTGCATCCA_5,1,8,3,6,2,2,8,6,8,6
CATACATCTAAC_5,4,3,0,8,4,5,1,1,3,6
CCTCTTCCACGA_5,2,1,5,1,9,7,6,9,3,6
TGTAAGACCACA_5,2,0,3,6,2,9,8,2,3,8
TTTAAATGATTG_5,4,8,4,1,2,4,1,8,6,3
GCCCTTTCATCT_5,8,3,4,4,3,4,9,8,4,5
GGCTCCGGCAGG_5,8,3,4,8,0,1,0,3,7,1
ACGGAGGCCGAT_5,2,1,2,3,1,0,0,9,4,4
AAAGATTAGCCG_5,3,2,7,4,2,7,3,6,3,6
ATTGCAACCCTT_5,4,2,9,3,3,4,3,8,2,3
CACTCCGCCTCC_5,4,4,9,6,5,4,7,7,9,6
GCAAATTCATTA_5,5,3,7,7,5,0,1,9,0,4
TTCTCAATCACA_5,8,8,8,4,5,6,2,8,3,8
ATGGATATTGCA_5,6,5,1,9,7,8,5,0,5,7
GGGACGATAGTC_5,6,5,1,9,7,8,5,0,5,7
GCCGTTGGAGGA_5,2,1,6,7,9,1,6,9,1,0
AATGTGCGACAA_5,2,8,3,8,4,7,0,2,9,2
GCCCTTTCATCG_5,8,2,0,1,2,4,9,5,2,6
TGACAGAAGATA_5,4,2,9,0,3,3,3,7,6,3
GAAGACTACCCG_5,2,3,2,1,9,0,7,9,3,0
GCGGGCTAAGAA_5,4,2,0,5,3,7,1,1,1,0
GTACCGCCCATT_5,8,8,3,1,1,0,4,8,4,4
CAACCTACGTAT_5,6,5,1,9,7,8,5,0,5,7
GTACCGCCCATA_5,0,1,0,1,5,7,7,9,4,2
CAAGCTCATAGG_5,3,7,8,8,4,5,3,4,9,5
ATCGAAGGGAAC_5,8,7,7,8,1,6,3,7,3,9
TACGGGTCCGTC_5,4,0,7,6,3,6,9,7,8,3
GAATTCGTACTG_5,4,2,9,2,2,5,4,3,2,3
ACGAAAAGTCTC_5,8,1,8,4,9,2,0,3,7,2
CAATCCGACGGC_5,4,0,7,6,4,4,8,6,2,6
ATCGAAGGGAAA_5,3,4,3,6,5,6,7,9,3,8
TCGCAATATAAG_5,4,2,9,2,3,4,4,7,2,3
CTTATGCGATCC_5,3,7,5,6,2,7,8,4,8,3
TGCTTAGTCCCC_5,5,3,7,5,0,6,1,5,0,5
TGCTTAGTCCCT_5,1,3,3,3,1,6,1,1,3,2
AGACTACGACCT_5,1,6,5,7,9,3,2,9,9,6
GCCCTTTCATCC_5,4,2,4,3,3,4,4,6,2,5
AAAGATTAGCCC_5,2,4,9,8,5,7,1,1,1,5
ATAACGGCCATT_5,9,7,7,6,2,9,8,1,8,6
TAGATACTTAGA_5,5,1,0,7,0,0,6,5,9,4
GCTACCCGGGAC_5,9,4,8,4,2,3,8,1,1,4
TAGCAGTCGGTA_5,8,7,4,8,4,6,6,7,6,4
CTCGAGGCTTTG_5,3,4,5,6,5,2,2,8,9,3
AGTTTTCCCCCT_5,9,4,3,6,4,3,1,6,8,6
TTTCCTCGTGCT_5,6,5,1,9,7,8,5,0,5,7
AACCCGCCTCAC_5,1,6,2,3,9,7,2,4,7,6
TCCCGGATGGCC_5,3,3,0,6,2,6,8,1,8,1
GCCTCAGCGTTG_5,2,4,2,3,4,6,9,9,3,4
TAGATACTTAGC_5,2,3,3,2,2,2,1,3,9,4
GAAAATTCTGAG_5,9,0,5,4,6,9,8,6,8,8
TCGGCCACGTGG_5,8,2,9,0,3,9,7,1,6,5
TTGCGTAAGCAT_5,8,2,0,5,5,4,4,1,6,3
ATATTGCAGCGA_5,7,8,7,1,0,6,0,2,0,2
TGAAGGCATTAT_5,9,7,7,6,3,4,8,1,8,3
ACGCCCTCAGCC_5,1,8,9,3,1,5,2,4,2,3
ACGCCCTCAGCT_5,2,3,7,8,1,9,0,4,1,6
AGCAATTCAATA_5,2,3,9,4,5,5,7,7,6,6
CTTCAAAGGAAA_5,6,5,0,9,1,8,5,0,4,7
CGTAGTCTATAC_5,9,3,7,6,3,4,8,1,1,0
ATTCATTCGATT_5,9,7,3,0,1,3,1,7,8,8
TAACTACGGTCC_5,4,4,2,2,8,5,3,1,1,5
CAGCACTCAGAC_5,0,5,0,5,8,5,5,1,6,7
TTCGAGCATTGG_5,3,7,3,8,6,4,3,4,9,6
TTTGCCTTTTAT_5,9,9,9,4,1,4,8,6,8,8
CCCGCTACAGCG_5,5,8,7,8,1,7,2,2,9,6
GGGGCACGACTG_5,7,7,2,1,1,0,2,7,4,0
ATCAAACTAGCT_5,0,4,2,8,9,5,0,7,3,4
TTACAAGAAGCC_5,5,4,2,3,4,7,7,5,1,2
TTTAAATGATTC_5,4,7,4,0,9,0,3,5,4,0
ACGGGATGAATC_5,0,8,0,5,9,5,7,4,6,5
TAGATACTTAGT_5,5,8,8,8,5,5,0,8,3,2
GATATGAAAGGA_5,4,2,9,0,3,7,9,7,1,3
ATATTGCAGCGT_5,1,7,7,6,2,2,1,5,6,2
ACGAAAAGTCTA_5,5,4,2,8,1,5,6,9,3,5
CTTGATCGTCTT_5,5,7,6,7,9,9,2,3,7,6
CAGTATTTGAGG_5,8,7,6,3,9,9,9,3,2,8
CGAAGTTGTTGG_5,8,4,9,8,4,3,4,7,0,5
GCCGTTGGAGGT_5,5,3,0,5,2,2,2,9,3,5
GAGGGTACATGT_5,5,6,7,3,0,2,6,3,9,8
TTTCCGAGCATA_5,2,7,3,6,3,6,8,4,8,6
AGCAATTCAATT_5,3,8,7,0,2,7,3,7,6,6
TCACTTGCGCCA_5,3,0,5,4,1,3,2,9,9,4
TTGCGTAAGCAC_5,0,8,9,8,3,7,9,7,2,5
CTAATAGATCAA_5,3,1,0,8,9,7,1,4,3,5
TCAGGGTAGGTT_5,5,3,3,4,4,6,4,4,4,6
TTGAGTAAGGGT_5,2,3,9,2,9,5,3,7,2,6
GCGGGGACACCA_5,1,1,2,8,9,0,7,1,9,0
GGCCGGGTGCGA_5,1,6,6,3,0,6,9,7,9,9
CCAAAGGTATGC_5,9,3,7,3,5,9,2,6,3,0
AAGTACCCCCAC_5,2,1,2,5,4,7,7,9,1,4
GTACGCCGACCC_5,0,3,2,1,8,7,9,1,4,0
AATCCGTTCACA_5,6,5,1,9,7,8,5,0,5,7
TACGCTATCCAG_5,8,1,2,8,1,6,0,6,3,4
TTTAAATGATTT_5,7,2,9,8,5,7,4,8,4,3
GCCGTTGGAGGC_5,3,1,0,7,5,0,2,5,4,2
CGCATAAGTATC_5,8,4,2,8,4,7,7,9,0,4
ACCCGTTGAACG_5,0,7,7,1,4,4,7,2,3,0
GGCGATACACGC_5,0,1,2,1,1,6,2,9,9,0
CCCAGGGTCGCG_5,9,3,3,6,0,0,1,6,2,8
GACCATTCATCA_5,3,1,2,1,4,7,7,1,9,4
GTACGTTTTGGT_5,4,2,9,2,9,4,9,7,3,6
CCTATGAGTCTT_5,5,3,2,6,9,7,8,7,8,1
ACGCCCTCAGCG_5,3,3,3,1,9,3,1,4,2,6
ACCGTACAGGCA_5,6,5,5,5,6,0,8,0,5,6
GAGTTATTAATC_5,3,0,8,6,2,9,8,7,1,4
CAGATGGTAAAT_5,1,6,6,3,0,2,7,3,9,1
AAGGACTGATAG_5,4,0,3,8,1,9,1,6,6,6
TCTAGGCTCCGT_5,9,9,5,6,1,6,8,7,1,3
ATCCATTAGTCC_5,0,1,2,5,8,7,7,5,4,5
GTAACTCGTGGG_5,2,3,7,3,0,1,2,1,3,0
GGTCTCACCGGC_5,4,0,3,0,1,7,1,2,2,3
TGCTTAGTCCCA_5,1,1,7,4,9,2,6,5,1,2
ACTACCACCGGG_5,4,2,9,0,3,4,4,7,2,3
TCGTTTCAGCAC_5,3,8,2,6,9,6,8,4,8,4
AAAGATTAGCCA_5,4,8,2,3,4,6,3,1,9,5
GCCCTTTCATCA_5,4,3,4,4,5,4,4,8,4,5
CGTGTTACAATC_5,3,4,7,2,9,3,8,6,8,8
GAATTTCGCATC_5,2,4,0,8,1,7,2,9,1,0
TCTAGGTCGTGT_5,1,1,7,3,4,6,2,1,1,0
CGACCACGGTCC_5,6,5,1,9,7,8,5,0,5,7
TCAGGGTAGGTG_5,1,7,4,1,1,3,4,8,6,2
GGAAACATAGCG_5,9,0,7,6,2,6,0,6,1,8
TCAGGGTAGGTC_5,3,4,9,8,9,2,0,7,9,8
ATCAAACTAGCC_5,5,4,0,8,8,7,6,1,4,5
GCCACACTGCTA_5,6,5,1,9,7,8,5,0,5,7
CTTACAGACTGG_5,9,4,9,4,3,2,4,1,6,3
AAACACCCACCC_5,8,2,9,2,3,5,4,6,2,6
ATTGCTAGGCGA_5,0,3,7,3,5,7,3,1,4,0
GAACTCAGAATT_5,0,1,0,1,8,5,7,1,2,5
ACTGAACCGGGG_5,3,4,5,4,2,3,8,6,1,8
GTCAACTTAGCG_5,8,2,4,2,2,4,4,7,6,3
GGATCATGCGAT_5,6,5,1,9,6,0,5,0,5,7
GTTGCACCGTCC_5,2,7,2,8,5,7,7,5,9,1
GCGACGATGCTG_5,2,1,2,8,5,7,6,4,6,2
GTTTCAGTGCGA_5,3,8,0,1,8,5,7,4,4,0
CTGCTAAGAAAT_5,8,1,0,5,4,5,7,4,9,0
CGAAGTTGTTTT_5,9,3,4,0,1,7,3,5,1,1
GATGTATCGTCA_5,2,3,7,3,9,8,6,0,9,7
GATGTATCGTCC_5,2,5,4,9,9,8,5,4,5,7
CGATAACGACCA_5,2,1,3,3,2,6,7,4,3,4
GTTCAAAGAGGC_5,0,4,0,5,8,5,7,1,4,4
GCAGGTACTGAT_5,2,7,4,8,8,5,2,9,4,2
GATTGAAGACGA_5,0,4,0,1,8,7,7,9,4,5
TAAGTCTGTCGA_5,1,0,8,3,3,9,3,7,2,8
ACCGATAAGGTC_5,1,3,7,3,3,7,2,7,1,0
GTCTGAATGTCA_5,6,5,0,9,7,8,5,0,5,7
AACGTCTTGCAT_5,8,8,0,4,9,7,1,4,2,3
ACGCCCTCAGCA_5,5,4,5,4,2,5,4,4,1,8
CCGGCCCATTGA_5,2,4,2,1,9,6,2,7,3,0
TTGCGTAAGCAA_5,0,7,0,8,1,5,3,1,4,3
CAGATGGTAAAG_5,8,3,4,3,1,2,9,3,1,3
GATGTATCGTCT_5,3,3,6,0,9,7,0,4,9,6
CGCCATCCATAG_5,0,1,2,5,8,5,6,9,2,2
TGTAAATTTTCC_5,0,1,2,5,1,0,7,4,6,4
CACCTGGAAATG_5,2,1,2,5,9,6,1,4,4,5
CGAAGTTGTTTG_5,5,8,9,2,2,0,0,9,6,4
ATCAAACTAGCA_5,0,4,7,8,9,7,1,9,4,5
ATATTCACTTCC_5,2,4,2,6,4,7,7,7,1,0
CCCATACGATCA_5,2,4,0,1,8,6,2,5,1,4
TTCGAGCATTGT_5,3,7,7,4,1,2,7,4,1,5
GGCTCCGGCACG_5,2,6,7,3,9,1,2,9,1,2
AAGACTCAGTCC_5,6,5,1,9,7,8,5,0,5,7
AGGCAGCAACTT_5,0,1,0,5,8,0,2,4,4,2
GGCATATACTGA_5,6,5,0,8,8,5,7,1,4,7
ATCAAACTAGCG_5,0,8,0,3,5,7,2,4,6,4
GTAGAACTGGTG_5,3,4,4,0,5,0,7,5,1,5
AAGGACTGATAT_5,3,1,0,0,8,3,3,4,4,5
GCCATTCATGAC_5,8,7,4,4,4,5,4,5,2,5
ACCGATAAGGTG_5,5,4,4,8,0,2,2,2,4,0
TTTAAATGATTA_5,4,2,3,1,4,7,4,2,6,5
CCTGCCCAGCAA_5,3,4,2,3,9,5,2,4,9,0
TGCGGTGTTAAT_5,5,4,2,1,8,7,2,4,1,4
GGCTCCGGCATG_5,5,4,4,8,4,7,0,7,9,2
CCTATCGAGCGG_5,2,0,4,6,9,6,0,7,9,0
GTGAATTGGAAT_5,4,8,7,0,2,3,8,2,9,8
GAAGCTGGACCC_5,3,1,5,1,9,6,7,4,3,5
CGTCGACAATCC_5,0,1,8,5,8,7,7,1,4,5
GCCATTCATGAT_5,0,8,0,5,5,5,3,6,4,5
CACTGGCTTCTT_5,0,4,0,1,5,5,1,1,4,5
CAGATGGTAAAC_5,3,6,6,3,0,4,2,9,1,1
TCGGCCCGTGGG_5,8,2,4,2,3,4,4,1,6,3
CTGTGGAAGCGC_5,5,1,2,6,1,7,0,9,3,1
CGTGGCCGAATG_5,5,4,4,0,9,7,2,7,7,0
AAGGACTGATAA_5,2,1,3,3,2,3,2,5,9,3
AGGAAACAAGTA_5,5,7,2,1,9,3,1,1,9,8
ACCGATAAGGTA_5,1,3,4,5,9,0,3,7,4,0
ACCGTGTAGGTG_5,9,0,5,6,9,3,8,1,9,3
TAAATCCTCCCG_5,3,4,3,6,2,4,8,4,1,8
ATTGCTAGGCGT_5,0,1,2,5,5,0,3,1,4,1
GTGGCCGGATGG_5,4,0,4,0,2,4,9,1,3,8
TGCCTTTGAAAA_5,0,4,2,1,1,7,2,7,1,0
CAAGCTCATAGT_5,4,8,0,1,8,0,3,2,1,5
GGAGGAGCGAGT_5,4,2,9,0,3,4,4,7,3,3
AGAGCTGCATAG_5,5,4,2,1,8,3,4,4,1,0
TCGTACGCGCCG_5,1,2,8,4,2,9,3,8,4,4
AACGCATACGTA_5,0,2,0,1,8,5,1,9,4,0
CAATTTAAGACC_5,0,4,0,5,8,5,4,4,1,5
