,0,1,2,3,4,5,6,7,8,9
GACACGACCCAT_6,0,3,6,0,6,5,7,1,6,8
CGTACAGTAGAA_6,6,8,6,1,2,8,9,5,5,0
GTGCCATTGTGA_6,7,9,3,0,0,3,8,5,5,2
TGAGAATGCTTT_6,4,3,1,3,6,1,6,3,3,8
GGACAAAATTTG_6,8,2,1,3,0,7,9,7,0,8
ATTACATCAACG_6,7,1,2,6,8,7,4,0,6,5
TGTGAGGTGACA_6,0,3,0,3,8,1,6,5,6,1
GTCACGAATGGA_6,6,1,3,1,8,0,3,8,5,0
GCAACACGCCTT_6,6,4,2,6,3,7,9,5,0,3
CCTCTTCGTCCT_6,2,0,6,7,8,7,3,9,5,5
TAATGAGACCCC_6,9,1,4,9,2,6,1,7,6,0
CGATTCGTTCAC_6,7,1,0,1,9,0,9,8,0,5
GTATGGCACCAT_6,8,3,6,1,8,6,3,3,6,7
CTATGCACGATC_6,7,9,0,9,1,4,0,1,7,3
TGCCAACCGAGT_6,5,3,5,4,6,1,3,5,6,0
ACGACTGGAAAT_6,0,9,0,1,0,4,8,1,5,3
CACCATCGCAAT_6,7,2,2,1,9,7,9,0,0,2
TCTCTCTGCGAG_6,6,4,4,6,2,3,9,0,4,1
CTGAGTGTGCCC_6,8,1,6,9,8,0,7,2,6,0
TTTACAGAGATT_6,9,9,0,9,3,3,2,0,6,4
TCCACATAGCAC_6,7,1,1,1,2,1,9,9,0,5
CAACCACATACC_6,0,9,7,9,4,1,8,7,6,7
CGCCTACTGTAC_6,0,9,8,9,1,4,0,4,5,7
ACCTCGTATTCC_6,6,4,6,1,3,3,3,0,5,6
CGCGCCGAACCC_6,0,9,0,9,2,6,7,0,6,4
CCTCGCCGTGGA_6,6,0,4,8,2,8,4,8,4,2
TACGTCAGCGGC_6,3,0,6,7,3,4,5,6,4,8
ATATATTCTGAT_6,4,3,1,3,5,5,7,3,2,8
ATCCATTATTAC_6,0,9,7,0,6,0,8,3,5,9
CACGAGTAGGCA_6,1,9,6,9,0,2,0,4,7,7
GTCAAAGTGAAG_6,3,1,2,1,9,9,9,0,4,6
CCAGTCCGAGGG_6,0,4,0,5,4,0,8,4,5,5
ACGCTATTACGT_6,1,9,0,0,9,2,9,2,2,0
ACCCCGTGTCCG_6,3,2,9,6,8,3,2,0,5,6
CCCCCCTGCGAG_6,9,1,2,9,2,2,9,9,5,5
CGAACCACTGAA_6,8,3,5,0,5,5,2,3,6,8
GGCGACCTATAT_6,7,4,2,8,3,2,9,9,0,5
GTAGATTACAGT_6,2,1,4,8,8,0,9,0,2,5
CGCTCCAATAAA_6,5,0,6,9,4,3,9,5,2,1
CCTCGGGTCCGC_6,4,3,5,0,5,5,6,5,3,8
ACGCCGGGGGAC_6,4,3,6,3,1,1,2,5,3,8
GGCCACTGAATT_6,9,9,7,2,0,6,2,7,6,4
CTAGTGCAGCCT_6,9,4,6,1,9,8,4,8,5,5
AGTCCTGGTTTT_6,6,4,6,6,3,3,4,1,6,1
CCATAGATGAGA_6,7,1,6,8,7,4,2,5,4,6
GAACGTTGCCAC_6,7,7,0,4,1,2,2,8,6,3
CGTCCTTCTCCC_6,6,9,0,4,0,4,2,4,5,7
GAGTTGGTGAGT_6,8,3,5,3,6,1,7,3,3,8
CGCGCATCTTTC_6,4,3,1,9,5,0,2,5,5,0
CCATAGATGAGC_6,0,4,6,9,8,8,2,5,6,0
CGAATTGGTTCT_6,0,9,0,9,0,6,0,7,7,4
TGTTCTGAGACG_6,3,9,4,1,0,6,2,4,9,7
GCACATGAAGTG_6,3,1,9,0,2,0,9,0,5,3
AGTGACCAGCGC_6,9,0,6,6,0,7,7,8,5,3
GACTTCCTCGAC_6,6,2,2,1,3,0,9,9,4,5
AGGGAAACAGCT_6,8,3,1,1,6,0,8,7,5,3
CCATAGATGAGT_6,0,7,6,9,8,4,2,5,2,6
GAGGGGAGTCAC_6,7,1,8,8,2,3,9,0,0,0
CGATTCGCGAAT_6,7,1,6,4,9,4,2,3,7,6
ATGCAGCTCGTG_6,6,4,2,9,9,3,9,6,0,2
GCCTCGGTGCTA_6,1,5,0,1,4,6,0,4,7,7
CTAGTACGATAC_6,9,7,3,1,3,3,2,1,4,2
CATACTTGGCAT_6,2,1,8,1,3,0,9,2,1,2
GTGACTAGCTTC_6,0,5,7,2,1,2,8,4,9,4
TCCCCGCGCATA_6,7,1,9,9,3,0,3,9,4,3
TGTAGCTTGCAG_6,7,0,6,4,8,2,9,7,5,0
ATGATGACTGCG_6,5,9,0,8,1,4,8,4,7,7
AGTTGCTGTGGT_6,8,6,0,0,6,5,7,0,6,8
GCCGGGATACAA_6,5,5,9,0,2,6,8,4,5,4
GACCTCGAGGGG_6,5,0,3,8,3,0,4,8,4,6
AGTCCTGGTTTC_6,6,7,6,8,3,0,9,6,0,1
GCCGACGGCCAT_6,7,1,6,7,3,4,8,0,6,0
TATCCCTGTTGG_6,4,3,5,3,6,5,6,3,8,9
ACTTGATCTCCC_6,6,1,2,7,3,2,4,5,6,3
TCCCGTCATCAC_6,6,2,1,8,9,3,8,5,5,1
CAGATATTGATG_6,8,7,6,4,8,2,9,0,6,6
CACCTCAAGGCA_6,6,1,3,8,9,7,9,0,6,0
CGAACATGACTT_6,2,0,9,1,7,0,9,0,2,6
GGACGGGGGATC_6,0,3,5,0,5,1,8,7,5,9
GGACGGCACCAG_6,5,3,5,0,5,1,6,1,3,8
AGATCCTAGCAT_6,1,2,6,4,2,2,3,0,2,5
TAGGAACGCTCT_6,6,4,3,1,3,3,3,0,5,5
ACTACGAGGGAC_6,5,9,4,2,4,4,9,1,9,4
ACGGGTGAGTCT_6,5,3,1,1,6,1,7,5,8,6
ACACCGCACAGG_6,3,6,4,2,2,6,0,2,6,7
TACGAGCTACGG_6,4,3,3,3,5,5,6,3,3,0
GCGATCGCGAAA_6,5,0,3,4,9,2,4,5,2,5
GCCACGTGACAG_6,4,3,5,3,6,5,7,5,8,8
CGGGTATTCTTT_6,6,1,1,0,6,0,7,0,8,8
TGTCACCACCAA_6,2,2,3,8,2,7,5,0,2,5
CATGTACGTAGC_6,7,1,4,8,9,9,4,9,6,3
AACATATGTCAG_6,9,9,0,2,9,6,9,1,9,7
GTTCTTACTTCT_6,7,1,3,6,9,0,3,2,5,5
ACACCTATGACG_6,8,3,5,0,6,1,6,3,3,8
ACGCTTATCGTT_6,3,0,8,1,3,7,3,0,4,2
AAATTCCATATA_6,4,7,1,0,5,0,7,1,6,9
CGACGACGATCC_6,4,3,1,0,5,1,6,3,8,8
ACCTCTAGCGCA_6,6,0,8,1,7,7,3,9,6,6
CACGTGACCGGA_6,3,6,8,1,3,8,5,2,6,2
ATGCCTGTTTAT_6,4,3,6,4,5,7,3,0,6,4
GTACCGTCCGCC_6,7,2,9,8,8,2,7,9,1,6
AGTGCGCGATGT_6,6,4,6,9,8,3,9,8,4,0
CGCCCTCCTGCG_6,1,2,7,4,1,0,0,7,9,4
GTACTGCGAGCA_6,9,0,6,7,9,9,4,0,6,3
CGCGGTCCGTCC_6,5,1,3,7,9,3,3,7,4,2
GGTAATCATGCG_6,3,0,4,6,3,2,5,0,6,2
AATACCGTAGTG_6,9,9,8,9,2,6,3,2,6,7
CTGATGACGTCC_6,6,4,3,6,7,3,9,2,6,1
CAGCTCTGGCAC_6,8,3,5,3,5,5,7,3,8,9
ACAGCGGTACCG_6,4,3,5,4,2,4,7,9,8,0
GTTGTGAGGACG_6,4,7,0,3,6,5,7,3,8,0
CGTTTTATTCAT_6,6,0,3,1,2,9,4,9,2,0
ACTGATTGATAA_6,0,9,7,2,1,4,8,4,9,7
CTATTCCACAAC_6,4,3,1,3,6,1,6,3,8,0
AGTCACATCTAC_6,8,7,6,1,8,1,3,1,6,6
AGACAAATACGA_6,1,4,6,9,2,0,3,4,7,1
GTTCGACGTATT_6,8,1,2,8,9,4,7,8,5,7
AGGTCACTCGTC_6,6,1,4,6,2,7,5,9,4,3
GTGGCACCGTCA_6,9,2,8,8,3,8,5,5,2,3
TCTGTTTTAGCC_6,0,9,7,8,2,6,2,1,7,6
CTTCCGCCGCCC_6,5,1,9,8,3,9,9,8,4,3
CTGCCATGACCC_6,4,3,1,3,0,5,7,1,8,8
GCCGCAGGTTCG_6,5,1,6,8,4,2,4,0,5,3
GTCGCGAGTGGA_6,6,7,2,1,3,9,4,9,5,6
CTCACGCCGCGT_6,7,9,0,2,4,6,0,1,9,2
GCAGTTTCATCT_6,9,5,7,2,0,6,8,1,6,7
GGAGGACGAGGG_6,3,0,6,8,8,8,9,8,0,2
CTCTGGTGTATA_6,7,1,6,7,0,8,5,9,4,6
TAGAATCCTTAC_6,4,5,0,8,5,6,7,1,8,4
AAATTTATCGAT_6,9,2,0,9,2,3,8,1,0,6
TCAGTGGCACTT_6,5,2,4,8,3,2,4,2,6,6
ATAGCCGTTTGT_6,1,9,0,9,4,6,4,0,9,4
AGGTCACGCTTC_6,2,4,4,4,3,8,9,5,4,3
AGAAGGGAGAAC_6,6,4,4,1,9,3,3,9,4,2
GTTAGGGGCCGT_6,7,1,6,6,9,3,4,8,0,1
CGCGGTCGCCAG_6,7,5,2,1,9,3,0,1,7,7
TAGGTGGCGTTG_6,3,4,6,7,2,2,4,0,5,5
TCGAATTTGTTA_6,0,7,9,9,2,8,3,1,6,0
GACTAGCGTGTC_6,5,2,2,7,8,4,4,7,6,3
AGTCCTGGTTTA_6,6,4,6,6,9,3,2,8,6,3
CTTTTCGAGCTC_6,1,2,4,9,2,8,2,1,5,4
CGTTCTGTATTA_6,1,6,0,8,0,5,2,1,6,8
GCCGATCAAAGT_6,1,9,7,2,2,4,0,7,9,5
GGTACTAGGTGA_6,3,5,0,1,9,2,9,8,5,5
TCGCGGTAGCCT_6,1,9,0,8,4,6,0,4,4,4
GCCGCAGGTTCC_6,3,2,6,2,4,4,4,8,5,3
ACCATTTACCCC_6,4,3,1,1,6,3,3,3,3,6
GGTGTGCTACTC_6,6,8,8,9,7,9,1,5,4,2
CAAGAGCTCCCC_6,4,3,5,0,6,5,7,3,8,9
ACAGACGGACGG_6,8,8,4,8,4,0,0,4,6,3
GCAGCTCACACT_6,9,5,0,8,4,0,8,1,7,4
CGCGGTCGCCAT_6,1,5,4,4,2,0,8,2,5,6
AGCCCTTCGGGG_6,6,1,6,8,7,2,4,0,1,5
AGGCGCAATAAT_6,0,5,7,2,0,6,0,4,9,1
ACACAGACAGAT_6,1,6,7,2,4,6,4,7,9,1
CTGATTACGACC_6,8,1,2,0,6,1,4,0,6,5
GTTCCACCGTGC_6,1,5,7,9,0,2,0,1,9,7
TGTAGGCATCTT_6,9,1,6,8,7,3,9,8,4,2
GACTTGCTGTCG_6,6,7,4,9,2,7,1,2,0,2
GCCGCAGGTTCT_6,7,5,2,9,0,6,0,7,2,3
CTCGGGCCGTCC_6,9,8,4,1,9,0,9,8,0,5
GATGTATCTCTG_6,7,9,0,0,4,0,2,4,7,1
GCTACTCTAAAG_6,7,1,6,2,1,6,2,2,7,7
CGCGGTCGCCAC_6,0,6,4,9,4,6,8,5,9,4
TGTAGCTTGCAC_6,9,7,2,4,0,0,2,9,2,2
ACGCTAAGCCGG_6,8,3,6,3,6,5,7,0,8,2
ACTCAAAAGTGC_6,8,3,1,6,6,1,1,1,8,1
GCTCTCGTCATG_6,4,3,1,3,5,1,6,5,3,8
TGAAGACATATC_6,4,3,1,3,6,5,6,3,8,9
AGGAAAGGTACC_6,1,5,7,5,1,6,4,1,6,4
GCTGCATCAATT_6,3,2,9,4,9,4,2,4,5,7
GATATTCACCGT_6,4,3,1,3,6,1,6,3,8,9
GTTGCCGGAAGG_6,7,6,0,1,4,6,2,7,4,3
TCGGCCTCTCGT_6,4,3,1,3,6,1,6,3,8,8
TCGGCTGGATCT_6,0,8,9,7,9,9,4,0,4,5
ATACGATTCACC_6,2,1,8,6,2,3,3,2,4,6
TTATATATGCAC_6,1,5,7,2,4,6,2,1,7,7
TCAGTGGCACTC_6,5,4,4,6,9,2,4,2,2,6
TCAGCAAAGGAG_6,2,2,9,1,9,7,5,8,2,0
TAGCTACGAGTC_6,2,0,2,5,9,7,9,6,4,5
TCCGCCTCAACT_6,3,7,3,8,2,9,0,2,6,1
ATCCGAATTTTA_6,9,0,3,6,9,9,3,9,4,6
GGTCTTGCTCTA_6,8,3,1,3,6,5,2,5,8,0
GCTTTTCGCTAA_6,6,0,8,6,9,4,4,9,0,6
CTGCTCGGGATG_6,0,5,0,2,1,0,8,4,9,1
TTATCACTTGTT_6,1,2,4,4,0,0,2,2,2,0
GATCATATCGGT_6,1,2,3,9,5,1,2,1,3,9
TCAGTGGCACTG_6,6,1,2,4,2,3,9,8,5,2
CGCGGTCGCCAA_6,7,2,0,4,9,0,3,0,9,2
TGTAGCTTGCAT_6,2,2,6,4,1,2,2,2,6,7
CTGACTAAGCCT_6,6,4,9,5,3,9,8,0,5,5
TGTAGCTTGCAA_6,7,7,8,4,0,6,9,8,4,5
GCCGCAGGTTCA_6,3,1,0,5,0,0,5,9,7,7
GGGAGCTGCCGG_6,3,0,9,7,2,9,9,8,5,6
CAGAGACAACCA_6,2,8,3,2,2,6,2,0,7,7
AGATCATTGTAT_6,0,6,4,1,1,8,7,9,7,6
CGGGAAGGCAAC_6,6,9,3,6,0,6,8,2,1,2
GATCTGACCATT_6,2,6,8,9,7,7,1,0,6,2
TAGCTCCTACAC_6,3,0,8,1,3,9,3,5,1,5
CTAGCGTATCAA_6,3,2,8,6,7,3,9,2,6,6
TGACAATACATG_6,4,3,5,3,5,5,6,5,3,8
TGCTATTCTAGA_6,2,1,0,6,9,8,9,6,6,3
CACCTGTCGAGG_6,8,3,1,0,6,7,7,3,3,0
GGTCCGCGCCTG_6,3,7,2,4,2,0,4,9,6,5
CATAACTAGCCC_6,0,1,4,1,2,2,4,6,4,6
CTTTAGGAACGG_6,5,9,6,8,1,2,7,5,5,7
GTTAGAGGGTAT_6,1,5,4,2,3,0,3,1,7,1
GCCCCGGACGAT_6,7,7,2,5,7,7,3,8,0,5
TCTTATAAGATT_6,2,2,4,1,3,9,1,0,2,1
CCGCGCAGGCGC_6,3,5,0,4,0,0,9,7,7,3
GCCGCCGGAGTA_6,4,3,5,3,5,5,6,5,3,8
ACAGGTCTATGC_6,8,4,6,7,6,1,6,2,3,9
GCGGGACATTCT_6,9,9,6,4,4,6,2,1,6,9
TTATCACTTGTC_6,0,6,9,5,1,8,2,7,2,1
GCCAGAGTCGAT_6,3,9,4,9,2,0,0,1,9,8
GACGCAATCGCG_6,2,1,8,8,3,3,5,9,2,2
AGACCTTATGAG_6,6,8,3,6,1,9,1,4,1,6
CGCATCTCTGCC_6,6,0,4,6,3,9,1,0,1,0
CACGGGTAACTA_6,0,5,4,1,0,0,7,4,7,6
AGGGTACTTGCA_6,6,0,3,8,3,7,1,8,0,6
CGGATAAGACCG_6,3,0,8,0,9,8,5,8,0,5
CACCTGACGTTG_6,9,6,4,2,4,1,7,6,1,9
TGCCCTTAGCCT_6,6,8,8,7,3,9,1,9,0,1
ATCGACACCAAA_6,5,3,8,6,5,0,1,2,8,1
GCCACCGGTAGA_6,0,6,3,5,0,9,3,6,1,6
GGAAGCATACCA_6,3,6,4,1,8,8,4,2,5,6
GTTCGGGGTATC_6,6,3,1,3,6,1,7,5,8,8
TTAGGATCTAAG_6,3,4,2,7,2,7,9,5,0,3
TAATCGCAAATC_6,1,6,8,9,4,8,3,7,2,5
GCATCGTAGGGT_6,2,4,6,9,4,6,2,9,1,1
GCAACAATCGGC_6,6,0,8,6,3,9,9,8,1,5
GCCATCTTGTGC_6,1,9,7,2,4,4,0,7,7,7
TGTAGGCATCTC_6,5,6,6,0,4,3,9,6,7,0
GGACCGGAACAG_6,9,7,2,7,8,2,2,8,4,3
TTATCACTTGTG_6,5,2,3,2,8,8,2,2,5,1
AATAAACTATCT_6,0,1,0,1,4,6,8,4,4,4
GCTTCCTACGAA_6,0,9,0,0,2,6,8,1,6,7
ATGGCCTTACGT_6,6,0,6,8,7,7,9,9,0,2
TCCATAGCTTCT_6,1,5,7,8,4,6,2,7,9,6
GCATGTCAGATT_6,5,7,9,1,9,7,5,9,1,3
AATACTTTCAAA_6,5,9,7,8,9,4,1,1,2,7
GTACTTGGATCC_6,4,3,1,3,5,5,6,3,3,8
CTCTAGCTATGA_6,9,0,9,1,9,2,1,6,9,3
GTCGTGAGAAGA_6,7,1,2,1,7,7,1,0,1,5
CACGCAGTGGTG_6,5,1,9,7,1,2,3,2,2,5
GATCGATGGTTG_6,3,0,9,1,3,7,3,2,1,0
GAGAACCTTTCG_6,9,0,2,7,9,6,4,7,5,3
AGACACCCGCGC_6,3,8,3,1,2,7,4,2,0,5
GCCGCACAACCG_6,8,6,0,9,2,4,2,7,7,0
AAGTACTCAGAG_6,6,8,8,6,1,3,1,6,0,6
TTAGGATCTAAC_6,9,2,4,8,3,2,9,8,2,3
CCGCGCAGGCGG_6,8,9,8,0,0,6,0,1,5,3
CTGCAGCAGGGC_6,5,5,7,9,0,0,0,4,9,7
GCCCTTGAACGG_6,9,6,8,7,3,3,9,4,1,3
TGTAGGCATCTG_6,9,2,9,0,9,8,2,8,6,3
TCAGTGGCACTA_6,7,2,2,8,4,8,7,2,6,7
TGGACATCTCAA_6,6,4,8,6,2,2,3,9,1,5
CCAGTCGGGACA_6,4,3,1,3,6,1,7,3,3,9
ACCCACCTGGAA_6,1,5,7,2,4,6,0,1,9,4
CCGAGTGCACCA_6,3,0,8,5,0,3,9,2,5,5
AAGGGGTGCGCC_6,3,6,7,4,0,8,0,4,7,4
ATAGGCCCGGGC_6,3,1,2,8,8,4,9,2,5,2
CCGAGCGCGGCA_6,9,9,0,8,9,2,0,1,7,8
ATACACGTTGCT_6,2,1,8,6,3,9,5,9,1,2
AAACTACAGTAA_6,5,4,3,8,3,0,9,2,1,5
TCTAAGATCTTC_6,7,1,9,5,2,2,8,7,0,3
AGGCCGCTTTCC_6,0,6,7,8,4,4,0,7,7,4
CCCCTCACCGGG_6,7,8,2,6,7,8,1,6,2,1
AATTTTCGAAGC_6,9,7,9,5,1,6,8,6,7,7
GCGACGCTGGGA_6,7,1,9,7,8,0,9,5,1,5
AATAGCACACTG_6,9,9,0,7,4,6,2,6,7,4
TCTGGCCGTATA_6,4,3,6,0,7,5,7,7,3,9
GGCATTCTACCC_6,2,4,8,1,2,6,2,9,2,0
CACCCCCAGTGT_6,7,1,3,7,3,9,9,4,4,2
AGGCCGCTTTCG_6,0,5,7,2,1,4,0,1,7,4
TTAGGATCTAAA_6,5,2,6,7,2,8,5,2,6,6
TCCCTGGGGATA_6,5,1,3,7,0,9,4,2,6,3
CCCCGCACCGCA_6,0,1,2,7,8,2,8,7,4,5
CTTGATCCCTCT_6,1,5,7,2,4,6,0,7,9,1
TGTAAACCTAAA_6,4,3,1,3,5,5,7,3,8,8
TATCTATTCAAA_6,2,8,3,6,3,9,3,2,1,2
TTAAAGTAGATG_6,9,1,3,8,3,3,1,9,2,0
CGCATTTGCTTT_6,3,1,2,0,3,9,9,4,5,5
ACGAACACCCAC_6,9,5,7,2,4,2,0,1,9,7
ATGGGGCTTGCG_6,6,8,8,6,8,3,1,2,6,1
AGCCTAAGCGTT_6,6,0,9,1,3,3,3,2,2,5
TACAAGTGACGC_6,3,0,9,7,2,9,9,2,2,5
GCCCATGACCGT_6,4,3,1,0,6,1,7,5,8,9
CGCCAGGTGTGC_6,2,8,8,6,1,9,4,8,0,1
CAATGGGCTTGC_6,2,0,3,9,0,9,9,8,4,3
ACGTATACCCGG_6,8,9,0,4,0,2,2,4,9,7
ACTAAGCTGAGA_6,0,5,0,0,1,4,0,4,9,3
CGTGATGGAGCC_6,5,5,6,8,0,3,2,1,7,8
CTAACCGATAAC_6,3,4,3,9,4,9,9,2,2,0
CGAATCACGAAT_6,9,9,6,7,4,2,8,7,4,5
TGGGGGCATAGT_6,8,3,1,4,6,5,7,3,3,0
AGGCCGCTTTCA_6,0,5,0,0,0,4,0,7,7,3
CGCCCCCACATA_6,7,1,3,6,7,7,8,2,4,0
TGTAGGCATCTA_6,9,1,9,8,9,8,9,4,4,3
TTATCACTTGTA_6,3,1,7,4,4,2,2,0,0,4
TACCATACGGGA_6,4,3,5,5,5,1,7,3,3,7
GAAAAAACTAAT_6,4,3,5,3,5,1,7,5,3,8
CGGCCACACGCG_6,7,0,2,4,1,8,9,0,2,3
GATACAGGTTGG_6,2,4,3,6,7,9,3,2,4,6
AGGCCGCTTTCT_6,9,6,0,0,2,4,0,7,1,4
ATTGCCTCATAC_6,2,2,1,8,3,3,1,2,1,6
TATACACCTTAG_6,5,1,3,4,0,8,3,0,1,6
GCCTTCGGAATG_6,1,9,7,8,4,6,8,1,7,4
CCAGAGCGCAAG_6,7,0,2,4,1,2,9,5,4,5
GTCCTGATGATG_6,8,7,1,3,7,5,7,3,3,8
GGATTGGAACAG_6,2,8,8,8,7,8,9,9,1,1
TTTGTGATTCAC_6,0,9,0,2,4,9,8,4,9,4
GGGCGCACAATA_6,3,4,2,7,1,9,5,8,5,5
TTGGTAAGCCCC_6,8,3,1,3,0,1,6,3,8,8
CGTGAACACACT_6,0,5,7,9,4,6,0,1,9,4
AGGGCAAGCGAG_6,3,0,2,5,1,8,9,8,5,5
CGCAACTCAGTC_6,6,4,4,1,3,8,4,5,1,0
ACCCATCAGTGG_6,9,2,4,5,3,8,1,2,5,3
ACAAATATTCTT_6,4,3,1,0,6,1,6,3,8,1
AAGCCGGACCAG_6,1,5,7,9,0,1,0,4,9,4
AATCATGTGTGT_6,9,9,7,8,4,6,0,4,9,6
TTGCAGAGGCAT_6,9,5,0,8,1,0,0,2,9,4
CGCTCTATGCCT_6,3,2,6,1,2,3,3,0,2,6
GCTAGGAGTGAA_6,2,7,9,7,9,2,8,6,4,5
AACAAGAGCCAG_6,8,3,5,3,6,5,6,3,3,0
CCGAGCGGTCGC_6,4,3,1,3,6,5,6,3,8,8
GTAGCCCGCTTG_6,5,5,6,8,1,0,2,4,6,8
CTTCTTAAGATA_6,6,2,2,5,9,2,9,6,0,5
CCTTTAGAACTA_6,1,9,7,2,0,1,8,1,7,7
CCGCGCAGGCGA_6,5,7,5,0,0,4,2,4,5,8
CCTCGGTCCGCG_6,4,3,5,0,5,5,7,5,3,8
GTCCTCTTATGG_6,0,5,0,2,4,6,0,7,7,4
TGATATACGGGA_6,2,0,8,5,3,9,1,8,2,1
ACAAATATTCTC_6,4,3,1,3,6,1,7,3,8,1
TGTACCCATCCC_6,2,4,9,7,9,9,1,2,2,2
TCTGTAATCACA_6,7,3,6,5,5,7,2,3,1,8
CACGCAGTGGTC_6,9,6,2,8,9,3,4,0,6,3
CGTGCTGGTACT_6,6,4,8,6,7,7,1,0,1,0
AACAACGTCTGT_6,7,7,9,7,2,3,4,0,5,5
CGTTTGTGGCAA_6,0,5,7,2,1,6,0,7,7,4
ATAGCCTTCTAA_6,8,3,1,3,6,5,6,3,3,9
CACGCAGTGGTT_6,2,7,9,7,2,3,4,8,5,6
AACACGGTTCTC_6,2,6,8,6,9,7,5,6,0,2
CCGGTTACAAAT_6,6,4,3,6,3,7,3,6,0,2
TAGGCTACTGTT_6,5,3,6,9,5,1,8,1,9,9
ACCCTTCTCTAC_6,2,8,3,6,3,8,1,0,1,1
TGCTTTTGAGCA_6,2,6,8,6,9,0,5,2,2,5
CCTCGGTCCGCC_6,4,3,5,5,5,5,6,8,8,8
GTGCAGATCGGG_6,4,7,5,4,6,5,6,5,6,9
ACAAATATTCTG_6,8,3,1,5,5,3,7,2,1,9
GTAGCCCGCTTC_6,5,5,0,2,0,6,0,1,7,3
CATCTGGTAGTA_6,7,8,1,6,7,9,5,2,9,6
TCCTAAGATCTA_6,8,3,1,3,6,1,6,3,8,9
ACGACATAGCCT_6,1,9,6,2,1,0,2,7,7,7
CCAACTCCCCAA_6,5,6,4,4,2,6,2,1,9,2
TCGGCATTTGCT_6,9,5,7,2,4,6,0,7,7,4
CCCGTGCGGTCC_6,2,1,3,2,4,9,1,6,1,6
TTCTACACCCGA_6,6,2,8,5,3,9,1,0,1,2
AACCGCTCGGTG_6,3,1,2,4,3,8,5,5,0,2
GTAGCCCGCTTT_6,5,9,0,2,1,9,0,4,9,7
TACGCGTCCAGG_6,7,3,1,3,1,5,1,2,3,1
TTGCCGTCGATC_6,6,0,2,5,3,9,5,9,2,3
CGAAGTAAGTAT_6,7,8,3,7,9,9,1,2,2,0
AACCGCTCGGTC_6,6,0,2,6,0,1,1,9,2,1
GATGAATCCGAA_6,1,6,7,9,4,6,0,1,9,4
GGAATCTTGTCG_6,3,9,4,2,1,2,0,4,9,4
GGCACCTGCAGG_6,0,9,0,2,0,4,2,7,7,4
GGACCGGAACAC_6,3,1,9,1,3,2,9,6,7,3
GACGCAGGACGA_6,6,8,3,7,8,9,9,2,1,1
AGTGCGGCCGCT_6,2,8,3,6,2,7,9,6,2,0
AGTCCTGATGAT_6,8,0,3,2,6,1,1,3,8,7
GCTTGGCCACTG_6,2,8,2,6,3,7,5,8,1,3
TTGCATTCACGT_6,4,3,1,3,6,1,6,3,3,8
CACCTGTCGAGC_6,8,3,1,5,5,1,6,5,3,1
CGAGCGTCGTAA_6,9,9,4,5,4,6,1,6,1,2
CACCAATAGCAT_6,2,8,8,7,3,9,1,6,4,1
CCTCGGTCCGCT_6,8,3,5,0,6,5,6,3,8,0
TCCTCGCCTGCG_6,8,7,2,0,5,5,2,5,1,3
AGACCCTGAGCC_6,8,0,6,6,6,1,7,3,0,1
CGTAGTCTAAGC_6,4,3,1,3,6,5,6,3,3,9
CGTCGCTTGACG_6,7,7,2,5,5,9,4,6,4,5
CTGAGCGTACCA_6,2,8,3,7,2,9,1,2,5,3
ACCTTAGATGCT_6,1,5,0,9,4,9,8,1,5,7
TCCTCGCCTGCC_6,5,6,4,9,1,0,5,9,1,8
AGACCCTGAGCG_6,6,6,1,3,8,7,1,2,3,8
TGACTTCGCTTT_6,1,8,4,8,2,9,4,2,2,5
TCGTACGCTTGA_6,3,8,9,4,3,9,7,2,6,2
ATGTCCTCTCCG_6,3,6,3,1,1,9,1,7,4,1
CGCAGGGAACAT_6,2,8,4,2,4,7,9,2,4,2
AACATCTCACAT_6,1,7,4,8,2,8,3,2,9,6
TCCGCCCCCCGG_6,2,0,3,8,2,3,1,2,2,6
CACATGGGCCTA_6,5,9,7,2,4,9,0,4,7,4
