,0,1,2,3,4,5,6,7,8,9
CTAGAAGTCCAA_9,2,6,8,3,8,1,9,6,1,0
CTAAAGACTCGG_9,2,1,0,7,8,9,1,0,4,0
AGGACATTAATA_9,2,5,8,7,8,9,1,0,9,0
CGTAACAACGAA_9,4,1,0,2,9,1,1,2,9,6
GCTGTGGAAAAT_9,3,5,0,9,9,9,5,2,9,0
ACGCTTTTGCTG_9,2,1,0,7,8,9,1,6,7,0
AACCCTTGACAC_9,3,1,0,7,8,9,9,2,9,0
GACGGCAGTGGA_9,3,1,0,7,8,9,5,2,9,5
GCTTTGAAACCC_9,3,1,0,7,8,7,5,2,4,2
TAAGGCTCTAGT_9,4,1,8,7,8,9,1,2,9,5
CCCACTAGTACA_9,4,7,0,9,1,9,5,0,7,5
TTAGAAGCACAA_9,4,6,8,7,8,9,5,0,9,7
TAACGTCGAAAT_9,3,1,0,7,1,3,1,0,7,5
ATTGGATTAGCT_9,4,7,0,7,8,9,1,2,4,0
AGTCCGTGCAAT_9,3,5,0,7,9,0,9,2,4,5
CAAGTATGTGTG_9,3,5,0,7,1,9,9,2,9,6
CGCGGCTTACGG_9,2,7,0,7,9,9,9,0,4,6
CACGTGACCTCG_9,4,5,0,9,8,9,5,2,9,5
AGGGCTGGCCCG_9,3,7,0,7,9,9,9,6,7,5
AGGGCTGGCCCC_9,2,7,8,7,8,9,9,2,4,5
ATTGAATACTCC_9,4,1,8,7,8,9,9,6,4,4
CACGTGACCTCT_9,3,1,0,9,8,9,5,0,7,0
TATTGCCTGTAA_9,2,7,3,3,9,9,5,2,9,7
CACGTGACCTCC_9,4,1,0,7,9,3,5,2,9,0
CTCCCCTCCTAA_9,4,7,0,9,8,3,5,6,4,5
CGGCAGGCCGGT_9,4,5,0,2,9,9,1,0,4,5
TGATCTCGTGTG_9,2,1,3,7,8,9,5,2,9,5
GCGTTCGCGATT_9,2,1,3,7,9,9,9,2,9,5
CCCACCCTACTC_9,2,1,0,3,9,9,5,2,7,2
GCTCTTACCCTT_9,4,7,8,7,7,9,5,0,9,6
GATTGCGGTGTA_9,3,1,0,9,9,9,9,2,9,5
ACAGTCCAGTGC_9,2,6,0,7,8,9,5,2,9,5
TAACCGTGGACA_9,2,1,3,9,8,9,1,2,7,5
GAATTGGTGAAA_9,2,1,0,7,9,9,9,2,9,5
AATGTGTGACTT_9,2,5,8,9,8,9,5,0,4,7
GGTGAGATCGTT_9,4,1,0,7,8,9,9,0,7,0
TATTGCCTGTAT_9,2,5,0,7,9,3,5,2,9,5
CCGTTATAGCAT_9,4,7,8,9,8,9,5,2,7,6
TATTGCCTGTAC_9,2,1,0,7,8,7,9,2,9,7
CCCACCCTACTA_9,2,1,0,3,9,9,9,0,9,5
CCCACCCTACTT_9,2,7,0,7,9,9,9,2,7,5
ATGTCTAAGCTG_9,2,1,0,9,7,3,9,0,1,8
CTTAGGATCGTG_9,4,6,7,9,8,1,1,2,4,6
TATGTTGAGCAG_9,2,5,7,9,1,9,1,6,1,5
ATACCCCTGAGT_9,2,5,8,9,8,1,1,2,7,5
GGGCGCTACCCG_9,3,1,0,7,9,9,9,2,9,5
GCTCTTACCCTC_9,2,7,8,7,8,9,5,0,7,0
GCGTGTGATTGA_9,3,5,0,7,9,3,9,0,7,6
GACACTGAGGTA_9,2,1,0,7,7,9,9,6,9,5
AGGGCTGGCCCT_9,3,5,0,2,9,9,9,2,9,5
GTTAACACCGGT_9,4,1,8,9,8,9,5,2,9,5
TGATCTCGTGTC_9,3,5,8,7,8,9,5,2,9,0
CTAGTAGGGATG_9,2,7,0,3,8,9,1,9,4,7
CTTCTACTCGGA_9,2,5,0,7,9,9,1,0,4,5
CCTCTCCAGGGT_9,2,6,0,9,8,9,5,0,4,2
TTGGAGTGCACG_9,2,5,7,9,8,0,1,0,0,8
CACGTGACCTCA_9,2,5,0,7,7,9,9,0,7,7
GCTCTTACCCTG_9,2,7,3,9,9,9,1,0,7,0
TATCTATGAAGT_9,2,5,0,9,8,9,1,9,4,5
TAGTCTGACAGT_9,2,5,0,9,9,9,1,2,4,6
TCGCATCTACGG_9,2,9,0,7,1,9,9,0,7,6
CCGCGGTCGGGG_9,2,1,3,7,9,3,9,0,9,2
AGGGCTGGCCCA_9,2,5,0,7,1,9,9,6,4,5
TGATCTCGTGTT_9,4,5,0,7,8,9,9,2,4,6
CCGGAAGCGCGT_9,3,1,0,3,9,9,9,2,9,5
GGGCGCTACCCC_9,3,5,0,2,0,9,1,0,9,2
TGAGCCGCTCAT_9,4,7,7,7,8,1,5,0,9,6
TATCAGGCTCCA_9,6,9,6,0,4,5,7,7,0,9
ACTTTATAGGCA_9,2,5,8,2,7,1,1,6,7,5
GGGCGCTACCCA_9,3,5,0,1,8,9,9,2,9,5
ATAAAATCCCGA_9,3,6,7,2,8,9,9,6,4,5
GTGTACGGTACG_9,3,7,0,7,8,3,9,2,9,7
TGAGCCATTAAT_9,3,4,8,7,9,3,5,2,9,2
CTAGTAGGGATT_9,3,5,0,2,8,9,1,0,9,5
ATACTAAGGCCG_9,4,5,0,7,7,0,3,0,4,0
GTTAGTCTTAGC_9,3,1,0,7,8,0,9,2,7,7
GAAAGCCACTAA_9,7,1,8,9,8,9,1,5,4,0
TGATCTCGTGTA_9,3,5,0,7,9,9,1,2,9,5
GCTCTTACCCTA_9,4,5,8,9,9,9,9,2,7,5
GTGTACGGTACC_9,3,1,0,9,1,9,3,6,9,5
GTAGCTTGTACG_9,3,7,3,7,8,9,5,2,7,6
CAACACTTGCTA_9,6,9,6,0,4,5,6,7,9,9
GGAGACCACAAG_9,4,1,0,2,8,3,5,2,8,7
CGCAATAAGATG_9,2,7,3,9,8,9,9,8,7,6
TGAGCCATTAAG_9,4,1,0,3,9,9,5,2,9,5
GGGCGCTACCCT_9,9,7,0,9,8,9,9,6,9,7
TACCCCATCCAA_9,2,7,0,7,8,9,5,2,0,7
GTGTACGGTACT_9,4,7,3,7,8,9,9,2,7,7
TTACACCACTGG_9,4,7,7,3,8,0,5,0,4,4
CTAGTAGGGATA_9,2,5,0,2,9,3,9,6,7,5
CTTCTACTCGGC_9,2,5,8,9,8,9,1,0,4,6
CTAGTAGGGATC_9,3,7,3,2,8,9,3,2,7,5
TGAGCCATTAAC_9,3,5,0,7,9,9,9,2,7,7
ACGGAAGCGATA_9,3,7,7,3,9,8,1,0,8,6
CCTCCCGAACGC_9,6,0,4,0,4,5,7,7,2,9
GACGAGAACGTG_9,3,1,0,9,9,1,9,0,9,5
CCGCGGTCGGGA_9,3,1,1,2,0,0,5,0,9,5
AGCTAACCAAGG_9,3,7,0,9,9,9,5,6,2,0
AAACGATACCAG_9,7,6,8,2,8,1,2,0,7,6
CTTCTACTCGGT_9,3,6,8,9,9,7,1,0,7,5
TCCTTTTTGCGT_9,4,6,3,9,1,9,5,0,7,6
GGTGGAAGATCT_9,3,6,2,2,9,3,3,0,0,6
GGTGGTTAGAGG_9,3,5,3,7,9,8,1,2,9,0
TGCCTAGATACC_9,2,5,7,7,8,9,9,0,9,6
GTGTACGGTACA_9,3,7,0,2,7,9,5,0,0,7
TCGCATCTACGC_9,2,6,3,5,9,9,1,0,4,3
TACGTAGTCGCG_9,6,9,6,0,4,5,6,7,7,9
GGACCCACGCAT_9,6,9,6,0,4,5,7,5,0,9
ATTGTACGACAA_9,6,9,4,0,4,5,7,7,2,9
AGACGTATGGGA_9,2,1,8,7,1,3,3,5,7,6
CCGCGGTCGGGC_9,2,7,0,9,3,9,9,5,0,4
CAGGCAGCTCAG_9,2,4,0,7,8,9,9,2,9,7
AGGACGCCTTCC_9,8,9,6,0,4,5,6,7,9,9
TCCTTCTGGATT_9,0,1,0,2,7,7,1,2,7,5
TGTCCTTCCGAA_9,4,9,6,0,4,2,5,7,2,9
TCCTTCTGGATG_9,2,1,0,9,6,3,1,6,4,7
CGTCTCAGCATT_9,6,9,4,0,4,5,7,7,2,9
CCGCACGAGCGT_9,9,5,7,6,2,0,9,2,9,3
TCGCATCTACGT_9,4,1,8,7,8,9,5,0,1,5
GACAATTACTGG_9,6,9,6,0,4,2,7,7,2,9
GCTCTGGGGCTC_9,5,9,8,0,3,3,7,7,4,9
AAACGATACCAT_9,7,6,7,2,1,9,5,0,4,6
AAGTTTACGACG_9,8,5,0,3,9,9,2,2,5,6
CCCGTCCACAAG_9,6,7,4,0,4,5,9,7,4,9
TCCTTCTGGATC_9,3,6,2,9,7,1,1,2,9,0
TGAGCCATTAAA_9,2,7,3,3,9,3,6,0,7,5
TCGCATCTACGA_9,2,6,7,3,9,0,5,2,8,5
ACCCCTTCACGG_9,6,9,6,0,4,5,7,7,0,8
GGGGCCGACAGG_9,2,7,0,3,9,0,2,4,7,6
AACGAATCTCCT_9,2,7,8,7,8,1,5,2,9,4
TCTCGATAAAGG_9,3,1,3,7,7,9,1,0,4,7
GGCTGGCTCTTT_9,3,4,0,7,9,9,9,2,9,5
GGAGACCACAAC_9,2,5,8,4,2,1,1,6,7,6
CTATATCCCTAG_9,2,1,8,1,9,1,5,0,4,2
GGAGACCACAAT_9,4,4,0,3,3,1,1,9,7,7
GTTCCATTGGAT_9,6,9,6,0,4,5,7,7,5,9
ATCCAAGTATAT_9,2,5,0,2,7,9,1,1,7,4
GTAGCTTGTACC_9,9,1,3,7,8,9,1,8,7,7
GTATCCATAGGG_9,4,1,0,7,8,9,3,6,7,0
CCCCAGACTATC_9,8,9,6,0,4,5,2,7,1,9
TGTTTATAGGTC_9,4,6,0,9,7,1,1,0,4,0
GACGAGAACGTT_9,3,1,3,2,9,3,9,8,1,0
GCGCCTTCGCCG_9,4,6,7,9,8,9,5,6,9,4
GGCTGGCTCTTC_9,2,1,0,9,9,3,9,2,7,2
TGACGTCTAAGC_9,2,5,0,9,8,7,3,0,1,4
TTACACCACTGT_9,4,1,0,3,9,1,1,0,9,0
GTAGCTTGTACA_9,3,5,3,5,9,0,9,1,3,8
GGAGACCACAAA_9,4,6,3,9,8,9,0,6,8,5
AACCGGTATGTG_9,1,1,4,1,8,1,5,3,0,7
TGACGTCTAAGA_9,7,6,8,1,2,3,1,1,1,2
GCGGAGTGGCTA_9,6,9,6,0,4,5,7,7,7,0
ATCCAAGTATAG_9,7,6,0,7,8,7,5,2,1,0
AAGTTTACGACC_9,2,4,0,3,1,0,9,2,7,5
CGCGCTTCATCC_9,2,6,9,5,7,7,1,3,5,7
TGGCCAAATGAA_9,6,6,4,0,4,2,7,7,0,9
CCGCGGTCGGGT_9,4,6,1,9,1,9,1,6,5,7
AAACGATACCAA_9,4,6,7,3,9,9,5,0,8,6
GACGAGAACGTC_9,2,4,2,9,3,3,9,0,0,0
CCATCCATCGGG_9,3,7,8,9,1,9,9,2,4,0
AAGTTTACGACT_9,4,4,0,7,8,8,2,5,7,7
AAGTTTACGACA_9,3,4,3,2,9,3,9,2,7,6
GGCTGGCTCTTG_9,2,7,3,7,9,9,5,2,7,5
AATAGAAGTGAT_9,2,7,0,9,8,1,3,5,4,3
GTATCCATAGGT_9,4,1,3,3,1,1,5,0,4,0
AATAGAAGTGAG_9,4,1,0,7,7,9,1,0,4,0
CGACTCACACCA_9,6,7,3,0,4,1,9,0,5,2
AACGAATCTCCC_9,4,7,8,1,3,5,9,5,9,8
AACCGGTATGTT_9,7,5,8,1,5,3,3,8,2,6
CAAAGGCGTTCA_9,6,9,7,7,4,2,6,7,0,9
TACTTTCAGAGT_9,6,9,6,0,3,5,7,7,2,0
TCGGACCACGGC_9,3,7,1,4,3,0,9,8,5,2
CGGCCACAGAGT_9,6,7,6,0,0,2,6,7,0,7
TTACACCACTGA_9,2,7,0,9,1,1,1,8,3,7
CTATATCCCTAC_9,4,6,8,2,7,9,1,6,5,6
GTTGTTATCGGT_9,6,3,6,0,4,5,7,5,2,9
CTCTCCTGATCA_9,6,9,6,1,7,5,9,4,0,6
GACGAGAACGTA_9,3,1,7,3,9,3,9,6,7,0
AACGAATCTCCG_9,2,1,8,2,8,9,9,2,1,7
CTATATCCCTAT_9,0,6,3,2,8,7,1,2,0,0
TTAACAGGATGG_9,2,6,8,2,8,3,5,9,7,0
GCTCACTGTAAT_9,2,6,0,9,9,3,5,6,7,5
GGCACTTTCACA_9,3,1,7,3,3,3,4,8,7,7
AACCGGTATGTC_9,7,1,3,5,9,9,0,1,3,3
GTTGGTCGTGAG_9,6,9,6,0,4,2,6,7,2,9
GTAGCTTGTACT_9,3,4,0,9,9,0,2,2,7,5
TCCTTCTGGATA_9,4,1,2,7,3,1,1,0,7,0
CGCGCTGAAAGT_9,3,9,7,0,1,2,7,7,2,9
AGCTAACCAAGA_9,2,3,0,9,7,3,0,0,0,0
CAGGCAGCTCAC_9,1,3,0,9,9,9,9,6,7,7
AATAGAAGTGAC_9,2,5,2,4,7,3,3,3,9,8
GGCTGGCTCTTA_9,2,7,0,7,8,9,9,2,9,5
TTATGGGCGATT_9,3,7,7,1,8,9,1,7,6,0
TCCCGCCTCGGC_9,9,4,9,2,0,1,0,1,8,8
AGCTAACCAAGT_9,1,1,0,3,1,7,2,9,3,8
TTATGGGCGATG_9,8,7,8,2,8,3,5,0,4,0
CTATATCCCTAA_9,4,1,8,2,8,3,5,0,0,0
GGGGCCGACACG_9,3,5,5,3,2,0,2,3,7,7
TTATGGGCGATC_9,2,6,1,4,7,3,1,6,1,5
ATCCAAGTATAA_9,1,6,3,8,1,3,5,5,4,8
TGGACGTGCAAT_9,4,5,0,7,6,9,9,2,0,3
TGGACGTGCAAC_9,4,1,8,3,8,3,5,2,9,7
GGGGCCGACAGA_9,9,5,3,3,2,8,9,2,3,5
GGCCTTCGGATA_9,7,4,3,6,5,7,6,9,1,7
GGTGGTTAGAGA_9,3,7,0,2,2,9,5,2,3,0
GGTGGTTAGAGT_9,2,6,1,9,1,9,1,2,0,0
ATGCCTACTGCT_9,8,9,6,0,4,0,7,7,0,9
TATACCCCTTGG_9,8,1,7,4,2,1,6,4,5,8
ACGGGAACGGCG_9,2,1,2,1,5,7,1,0,1,3
CCCTCGTTGAGG_9,6,0,6,0,0,5,6,7,2,9
CACCTTCCGACC_9,5,6,2,9,6,4,5,9,2,0
AATAGAAGTGAA_9,2,6,8,1,0,3,1,6,8,7
GCATGTAGGCGG_9,6,9,6,0,6,2,7,7,0,9
CCTAGCCTCCGA_9,5,8,2,3,5,7,1,8,3,4
CCACGCGCGAAA_9,6,9,7,0,4,0,6,7,2,8
GGTGGTTAGAGC_9,4,7,1,9,1,9,3,3,9,3
AGCTAACCAAGC_9,3,5,8,9,8,9,2,2,7,8
ACCGCGATCGGA_9,8,9,9,2,4,5,8,7,4,2
CGACGTCGCTGG_9,4,3,8,8,7,1,2,6,8,6
GTTGCCTCGCAC_9,3,5,7,1,2,3,2,0,0,0
AACGAATCTCCA_9,2,7,8,2,1,0,5,2,2,5
GCATAAGAGTAG_9,3,8,0,9,3,7,2,0,8,5
GGGGCCGACATG_9,3,5,3,3,8,0,2,6,9,7
GGAAGGGGCACT_9,7,1,1,2,7,3,3,6,1,4
GGGGCCGACAGC_9,9,4,8,1,2,1,2,6,9,6
ATCCAAGTATAC_9,4,6,8,9,1,7,9,0,7,5
CGCTATATGCTA_9,8,8,6,7,6,0,7,4,9,9
CGTGTGATAAGT_9,6,9,6,0,4,2,7,7,1,9
AAACGATACCAC_9,3,6,3,9,1,1,3,5,4,3
GGCTTGCGTGGC_9,8,5,1,3,2,5,4,3,7,8
ACACCTTATAAC_9,2,0,2,2,6,7,1,5,7,0
CAGGCAGCTCAA_9,4,2,1,2,9,9,2,3,9,7
TGGACGTGCAAA_9,2,1,8,7,6,3,5,9,8,0
TGCTCCTTACAC_9,2,8,9,4,6,7,2,9,8,8
CCGGGACTGCAG_9,2,5,3,5,9,3,3,0,1,5
CGTGCCGTCACC_9,9,7,7,3,9,6,9,8,7,1
CAGGCAGCTCAT_9,7,4,5,9,9,1,4,8,0,4
CTAATAAAGATG_9,7,0,7,0,4,5,7,7,0,9
CAACCATCGCTA_9,3,7,7,3,6,0,7,8,0,9
CCTCGCAGGTGC_9,3,9,1,1,4,0,7,5,5,9
GGGCCGCGGGGT_9,6,9,4,0,4,2,7,7,0,9
TCCGAAAGTACG_9,0,9,6,1,5,0,6,5,2,2
CCGGGACTGCAC_9,2,8,9,3,1,1,5,5,5,5
TGTGCGTTCTCT_9,8,6,8,3,3,0,7,4,0,3
CCGGTCATCTTT_9,3,2,7,7,6,0,9,5,4,5
CCATCCATCGGC_9,5,1,2,9,1,3,5,3,4,2
CCTTCTACTCGG_9,1,5,3,9,3,1,2,3,7,5
ATACATTGGCTG_9,7,6,1,4,6,7,2,6,1,5
ATTCCGGGAGAG_9,6,7,6,0,4,5,6,7,2,9
GGGGCCGACAAG_9,4,5,9,2,2,9,8,0,0,1
CGTCCATATCAT_9,4,6,8,3,8,1,2,9,2,4
GTATCCATAGGA_9,8,3,8,9,7,0,3,0,4,2
CCCCCCCCCACC_9,2,4,3,3,2,0,4,1,7,7
CCTAGCCTCCGC_9,3,5,3,6,5,0,4,5,1,5
TCTCGATAAAGA_9,4,1,1,5,3,9,0,5,5,7
GTATCCATAGGC_9,2,8,7,2,7,9,3,4,4,6
CGTACAAGATCC_9,0,9,1,0,3,5,6,7,4,9
GGGGCCGACAGT_9,2,7,0,1,9,8,6,1,9,6
CCATCCATCGGT_9,0,6,7,6,7,7,1,6,4,4
TCTCGATAAAGT_9,7,2,3,2,0,4,3,3,1,5
CGGCGACAGGTT_9,9,9,7,0,2,2,7,7,3,4
CCATCCATCGGA_9,0,5,0,4,3,1,3,3,3,2
GCTCCCAGTGCA_9,3,2,5,6,9,4,0,8,8,1
AACCGGTATGTA_9,2,5,1,5,2,8,3,5,7,7
ACCGATTGTAAA_9,6,9,6,0,4,2,6,5,0,9
CCGGGACTGCAT_9,2,1,3,5,6,7,3,5,6,3
TGCGAGCAGGCT_9,8,9,4,0,4,2,7,7,2,9
GGGGCCGACACC_9,9,7,3,2,8,1,2,3,7,8
CCTTAACGTGCC_9,1,7,7,8,1,4,3,9,2,2
CACCGACAGCAT_9,6,8,6,3,3,7,9,4,6,3
TTAACAGGATGA_9,2,6,9,4,8,7,5,9,4,6
AGGGCCGTTTAG_9,1,7,8,8,0,3,3,4,0,8
GTGACTTGTTTG_9,9,9,4,3,0,8,6,2,6,7
TTATGGGCGATA_9,9,4,1,2,2,3,2,6,6,1
CGCTGTCTCACG_9,6,9,6,0,4,2,7,6,3,2
CCCGTGTGCACC_9,6,3,1,0,6,5,7,7,4,9
GGGGCCGACATC_9,9,4,9,9,2,0,4,8,3,7
CCTTAACGTGCG_9,4,7,1,2,2,9,0,6,4,4
CCGGGACTGCAA_9,1,8,4,2,4,1,2,3,1,3
CCTTTTTTCGGG_9,0,2,6,8,6,0,3,0,4,0
GGGGCCGACATT_9,9,7,0,9,7,3,0,8,9,7
TCTCGATAAAGC_9,7,6,2,2,8,3,3,3,1,3
GGGGCCGACACA_9,9,7,8,6,2,8,2,8,5,5
TCACCGTCTCGG_9,1,0,7,3,3,9,3,9,0,4
ACCACATGGAGC_9,5,2,7,1,7,6,4,8,3,4
TCCGCAGGGTGG_9,9,7,3,5,3,8,1,3,1,5
TTTCGAGCTTGG_9,5,7,1,8,0,7,3,6,3,0
CGCTGTCTCACT_9,8,9,7,0,5,5,7,7,1,9
CCGCCAGCAATA_9,1,6,5,5,2,4,8,5,4,1
CCCCAATTTTTT_9,6,0,4,0,4,2,7,7,2,9
GGACGTCACGGG_9,0,1,3,8,1,7,3,0,6,0
CCCCACTAGCAT_9,6,6,9,7,0,1,4,1,5,1
CCTTAACGTGCT_9,4,6,3,8,3,3,0,9,5,4
AGTCATAGCGGC_9,8,4,9,4,6,7,4,8,8,3
TATCTATGTTTG_9,1,6,2,8,7,1,1,9,2,4
AGGGCCGTTTAA_9,6,7,8,6,8,7,8,4,4,8
AACCCCCGACGA_9,9,8,5,5,2,6,2,5,6,8
GCATAAGAGTAT_9,1,8,1,1,0,4,4,8,7,5
CATGGTGGCCCG_9,0,3,9,1,7,3,0,0,8,3
TAGCGTAACCTC_9,6,9,6,0,1,2,7,7,5,2
GGGGCCGACACT_9,9,2,1,2,9,0,0,8,3,5
TAGGCCGGCAAG_9,9,4,2,6,5,1,2,3,1,6
CGACGTCGCTGC_9,7,3,2,2,1,7,2,2,1,6
TCATCGGTCCTT_9,0,2,7,2,3,4,8,3,8,1
GATTTAAACAGT_9,7,0,4,3,0,4,7,3,5,7
CCTTGTCAGTAC_9,9,3,1,1,2,7,0,8,6,6
CGCAAGTAAGAT_9,3,3,3,1,1,1,2,9,1,0
GCTCGGAACCGC_9,9,8,9,5,0,6,6,1,3,8
AGGTACTCCTAT_9,6,7,4,2,6,7,5,0,6,8
CGACGTCGCTGT_9,7,3,8,8,1,1,1,6,5,3
CTATCAGCCATA_9,1,5,7,3,6,7,3,4,2,7
GGCCCTTAGCCG_9,5,8,5,1,6,0,6,8,3,5
TTAACAGGATGT_9,4,6,2,4,1,1,5,9,0,0
TCATCGGTCCTC_9,0,6,2,8,7,3,8,4,8,8
CCTTTTTTCGGA_9,4,2,4,1,1,8,4,0,4,0
CGCTGTCTCACC_9,8,0,4,0,2,6,6,8,6,9
TTGGGGACGTTG_9,0,6,8,4,1,7,3,5,4,4
AGCGTAACGGTT_9,5,2,3,8,0,3,8,3,5,1
GCATAAGAGTAA_9,3,6,1,1,7,3,3,5,2,8
CAAACGCAGAGA_9,7,0,8,8,3,4,3,0,1,0
TACGGCGAAGGC_9,5,2,7,3,3,4,3,3,3,3
TAGGACTAATCC_9,8,3,6,0,3,2,7,7,3,8
TTACACCACTGC_9,1,5,9,6,9,1,5,5,3,2
GGGGCCGACAAT_9,9,4,1,9,2,8,4,8,9,6
AATCAGGCCCTG_9,5,1,2,8,5,1,4,9,5,1
ACATGTTTTCGC_9,9,2,9,5,0,6,8,7,3,1
CTATTGTCGCCT_9,6,0,4,0,4,4,7,7,6,2
CGCCTTGCTGAG_9,8,9,6,0,4,5,7,7,2,9
GTACCATGCTAT_9,2,2,7,3,7,7,1,6,1,4
CAGATTATCGAC_9,6,8,4,6,5,2,6,7,2,9
TGGCCCCCCATA_9,9,4,5,1,5,6,6,8,3,1
GGGGCCGACATA_9,3,1,3,7,2,9,4,5,3,8
TGGACAGTTCGC_9,7,4,9,5,5,6,0,1,3,8
GCCGGTCGACCC_9,0,5,7,9,7,1,2,5,9,7
ACAGAAGGCTCA_9,9,6,3,9,8,1,2,5,3,5
CTCCCGCTCCCG_9,5,2,9,4,2,7,3,4,6,2
GGGGCCGACAAC_9,5,5,9,5,0,8,6,4,3,7
TCTAGCCTTGTT_9,6,3,5,1,4,7,7,1,6,9
CATGGTGGCCCC_9,0,2,3,5,2,7,0,6,6,8
CGACGTCGCTGA_9,7,6,2,2,7,3,1,6,0,3
TTGTTTTGTGAG_9,6,9,4,0,4,0,7,7,2,9
ATTAATCCGTCG_9,0,2,1,1,7,7,3,5,1,1
CCTTAACGTGCA_9,1,1,8,3,8,7,1,9,4,4
GCGCGTTACTTC_9,9,2,9,4,5,8,4,2,3,8
ATTCTTGGAACA_9,8,4,7,8,7,7,4,1,2,6
CTTCTGTCTAAC_9,6,8,9,3,5,0,2,9,4,6
TTGGGGACGTTA_9,4,7,7,4,3,3,1,5,4,2
TTGGGGACGTTC_9,0,6,7,8,3,4,8,6,4,6
CCCAGCCCTCGC_9,6,9,4,0,4,6,7,7,5,9
ATCGTCGGCCCC_9,9,4,1,5,2,8,8,9,8,8
CCGCCGGGGCGT_9,9,4,5,5,2,8,6,8,6,2
CCGAAGCGCGTG_9,3,4,3,3,9,6,0,2,9,0
TGGACCAGAATA_9,8,3,2,1,5,1,8,9,8,8
ACGGGAACGGCC_9,1,2,3,8,1,3,8,1,5,8
GTCACTATACCC_9,8,4,9,5,0,8,4,3,8,3
ACTTGCCATCAC_9,0,7,9,4,3,8,4,1,8,3
GTACCATGCTAG_9,3,8,5,8,2,6,0,1,3,5
AAAGCCTTCGGG_9,3,7,2,6,9,4,2,5,1,7
ATGAAGTGATAG_9,6,0,4,0,4,2,7,7,0,9
TTGGATACCCTA_9,1,9,6,0,4,5,6,7,9,1
TCACCGTCTCGC_9,1,5,1,1,1,4,9,5,2,2
ACGGGAACGGCA_9,4,5,7,6,7,1,1,9,1,3
AGACACCCGTCA_9,1,2,5,3,1,7,0,1,3,8
TGCTCAAGCAGC_9,5,9,5,1,0,5,3,0,2,6
TCCGCGATGACC_9,8,0,4,5,3,2,7,7,0,9
GACGTGTGCATG_9,3,8,7,6,3,7,4,9,8,8
CCTAGCCTCCGT_9,1,4,9,2,7,1,2,3,2,6
AGGTACTCCTAG_9,7,7,5,2,0,1,0,8,3,4
CACCTTCATTCC_9,9,8,9,0,3,6,2,9,8,1
ACCGCTCCATTT_9,3,4,9,3,5,0,2,9,7,1
TTAACAGGATGC_9,1,7,2,4,1,1,5,9,0,1
GGCTTTCCCACA_9,0,2,9,5,5,1,4,4,6,8
TTCCCGACCTCG_9,8,3,7,0,8,7,4,3,2,1
CAGTAAGGTGGC_9,6,3,4,8,3,1,7,4,1,4
CTACCTAGTACT_9,6,9,6,0,4,2,4,7,2,4
AGGGCCGTTTAC_9,1,6,5,2,6,4,0,4,8,8
GCTACCATCATC_9,1,2,2,4,6,6,4,0,8,1
ACAGCTGAACAC_9,6,8,2,4,3,2,7,7,2,1
CCTGCTGAGCAC_9,1,3,5,1,6,6,4,8,5,4
AACCAAATTAGG_9,6,0,6,0,4,6,7,5,1,8
GCATCCGAACTA_9,5,4,3,5,5,4,0,8,3,3
CCTTTTTTCGGC_9,7,1,2,3,6,4,4,9,5,4
GTACCATGCTAC_9,0,2,5,8,1,6,4,1,3,8
GGTCACTTTTTA_9,5,2,1,4,5,0,1,0,1,3
TTTACGCGCCCA_9,6,9,5,0,6,5,7,7,2,9
CTCGCTCTCGGA_9,5,3,9,7,6,8,0,1,8,7
TTCCCCCTGATC_9,0,9,4,6,2,6,6,3,0,2
GGCACTCATAGC_9,5,3,9,5,5,6,6,3,9,7
CGACAATTATGA_9,7,0,2,5,5,4,3,4,6,4
GCCGCCCGCCCC_9,9,4,9,5,2,8,0,4,3,8
GCCGATACGAGT_9,9,7,9,6,2,0,8,3,3,6
CGCTGTCTCACA_9,8,0,6,0,0,6,7,4,6,9
GACACACGAAAT_9,6,9,4,3,4,5,7,7,3,9
CTTATAGGCTTG_9,3,2,5,3,5,8,2,6,8,3
GGCAAGACCCTC_9,2,8,7,1,5,0,3,1,7,8
CCGTGTGACATG_9,1,8,5,6,0,7,2,3,3,1
AGCGTATCGCGT_9,9,8,5,1,0,8,0,1,8,2
CATGGTGGCCCT_9,0,0,2,6,2,3,3,4,6,6
CCTGTGTGGGAG_9,8,3,6,5,5,8,3,5,6,7
GCCCGACCCAGA_9,5,8,5,5,3,6,9,8,2,1
GGAGGGGCACTG_9,7,3,2,4,3,1,1,5,5,0
CTAAAGCATTCT_9,6,2,7,6,0,4,1,1,1,8
TCACCGTCTCGT_9,9,1,5,8,2,8,8,1,1,3
CCTTTTTTCGGT_9,5,2,7,6,6,4,4,5,1,6
GAGATTTAGAGA_9,7,4,5,4,2,6,8,1,5,2
GACACCCTCTGG_9,3,3,3,3,6,8,2,1,5,8
TATCTATGTTTC_9,1,2,2,6,1,4,3,4,1,3
TGAGAGCCTTAG_9,8,8,1,0,3,2,6,5,2,9
AAGCCCCCTCCT_9,9,3,7,5,6,4,8,9,8,1
TGAGAGCCTTAT_9,8,2,6,6,4,2,7,8,3,4
TAATTCTGTGCA_9,6,9,6,5,0,7,7,7,5,7
CAATAGTCTTGC_9,5,2,7,1,1,2,8,4,6,2
GGGGCCGACAAA_9,0,4,8,6,9,7,0,1,3,7
ACGCACCCGCCT_9,8,4,5,3,5,6,0,8,8,4
GCTCACCCTCTT_9,5,2,9,6,6,4,8,3,8,4
TGCGACCCACGG_9,5,8,5,6,6,1,1,8,5,3
ACCTAGACGAGG_9,9,5,9,1,5,6,8,5,5,1
AGGTACTCCTAC_9,1,4,2,6,6,4,0,8,6,4
TCATCGGTCCTA_9,7,1,8,8,6,4,3,3,2,8
ATACATTGGCTA_9,7,2,2,8,3,3,3,6,4,6
TTGTGAAGTCAA_9,6,9,4,8,3,5,7,7,2,6
AGGGCCGTTTAT_9,0,7,6,7,7,8,6,3,1,8
CGTCCCACCATC_9,1,4,1,5,5,7,4,3,8,2
AACCACGGCCTC_9,0,4,9,3,5,7,0,4,6,8
CCTCGGCTAAGC_9,4,4,0,5,5,6,0,4,8,8
GAACATGCGCGC_9,9,4,7,5,5,8,8,3,3,8
CGACCTGCTCCT_9,0,3,7,8,1,7,4,9,8,3
CCCAATCCTCAT_9,0,3,7,8,3,1,4,1,2,2
TGTCTCCGCAGC_9,0,2,5,4,3,7,2,4,6,3
AACTAGGAAAGG_9,3,5,8,8,6,6,2,6,4,0
TACAACTCCCAG_9,9,2,3,3,0,6,3,6,3,1
AGCCCACAGATC_9,9,7,5,0,2,8,0,8,5,1
GCATAAGAGTAC_9,4,5,5,1,6,1,0,2,6,8
CGCTAATAGCCC_9,5,2,2,5,6,1,2,3,6,1
ATACATTGGCTC_9,4,2,2,3,7,7,1,6,1,1
TACACTAGGCGC_9,7,2,7,6,5,8,2,3,7,2
CGTTTGTTCATT_9,5,2,7,7,3,4,2,3,5,7
GGGCAGTCTGCT_9,8,3,9,4,2,0,0,5,4,7
GCGGCAATACTG_9,8,9,6,4,4,2,7,7,0,9
GGAAATTGAACG_9,3,4,0,3,0,8,2,8,8,7
CTCTACTGACCG_9,0,4,2,6,5,6,8,5,5,1
TGGTTAATGTTG_9,5,3,4,8,5,6,0,5,2,4
CCTTTTAATCTC_9,5,5,5,1,2,0,6,8,6,3
GGCTTGCCCCCC_9,9,3,5,5,5,8,0,1,6,3
GCCGGGGCCAAA_9,9,4,9,5,5,8,6,5,6,5
ATACATTGGCTT_9,7,6,7,4,3,4,3,9,1,6
CAAACTGTGAAG_9,5,3,2,1,5,6,3,3,6,3
GTTATTATGCTA_9,6,8,7,0,1,2,7,9,0,9
AGCCCCGAGGCC_9,5,4,1,4,0,0,8,4,3,4
GAGGACTCATGC_9,8,0,6,0,0,2,7,7,0,9
CCGAAGCGCGTT_9,9,4,5,1,2,1,8,1,8,7
CCGGAATGTTGG_9,7,0,9,0,4,7,7,7,1,9
ACTCCGCCATCA_9,9,8,5,1,6,0,4,3,8,3
GTGAGTCTTCCA_9,8,8,6,0,5,2,7,9,6,2
GTACCATGCTAA_9,7,4,5,4,8,6,3,6,6,6
ATCATTCGCTGC_9,9,8,9,3,5,6,0,9,6,1
TTGACATACACT_9,8,6,4,1,5,7,4,8,0,2
CAAGCGAAACAG_9,1,2,1,8,5,7,4,5,8,1
ACGGGAACGGCT_9,7,5,1,4,7,4,3,5,1,3
TGAGAGCCTTAC_9,8,2,6,6,0,6,7,7,0,2
CAGCTGAGCGTG_9,6,8,9,5,2,8,6,8,6,1
GGAAATTGAACT_9,9,5,9,3,0,6,0,3,2,2
AGGTCTTAGTCG_9,5,0,9,4,6,4,3,3,6,2
TCGTCAAGGGTC_9,5,3,5,4,0,7,8,1,3,2
CTTATAGGCTTC_9,9,1,7,4,5,6,4,5,5,8
CGCGCTGTAAAT_9,1,4,5,6,3,6,8,1,6,2
AAATATCAGAGC_9,0,6,2,4,3,4,8,3,1,3
AGGTACTCCTAA_9,0,8,1,6,6,3,0,4,0,4
CTCCGACTATGC_9,3,4,6,5,2,0,0,8,7,3
GCCCATCGCCGG_9,9,2,9,6,9,0,4,4,5,1
TACCGGATACGG_9,1,9,6,4,0,6,2,2,0,7
AAGATTCTTCGC_9,5,9,9,6,6,6,4,3,5,2
GCGAGCAATAAA_9,6,0,1,5,1,8,0,7,0,8
TGTTTCGGGTGG_9,7,0,2,8,1,1,7,7,0,1
TCTGCCGGCCCC_9,7,3,5,5,2,0,0,1,3,5
CGCGAATTATCA_9,1,8,5,4,3,8,2,1,2,4
CGGGCCGCCCCG_9,8,4,4,3,5,6,4,4,3,8
GGAGGGGCACTT_9,7,0,1,8,6,1,1,4,1,7
CTAGCCAGCAAC_9,7,6,7,1,4,1,6,7,1,2
TTAGTTGTGTTC_9,0,2,1,4,3,4,4,5,8,4
AATTCGGCTCTC_9,9,8,7,6,5,1,4,3,1,8
GTAGCGGTCTTA_9,0,8,9,3,7,4,4,1,3,7
CCCGAGGTGCGA_9,5,3,3,8,2,8,8,4,3,8
CAGGTCGGGCTG_9,6,0,6,0,0,6,6,7,2,9
GGCTACCAGAGG_9,0,7,5,8,2,8,2,5,3,2
ACAGCGTTAGAC_9,9,9,5,1,2,5,6,3,2,9
TCACCGTCTCGA_9,7,4,5,5,2,8,2,4,6,4
CTATGGACGCTA_9,6,5,9,4,6,6,6,9,8,3
AGGCTAATAAGC_9,0,6,4,5,3,2,2,9,2,5
TCCGCAGGGTGA_9,4,1,5,4,6,4,8,4,8,3
TCCCGAAAGGAG_9,9,2,5,6,0,8,6,5,8,1
TGTTTTGCATTT_9,0,8,2,6,3,4,2,3,1,8
CCAGCACAGTGG_9,1,9,7,3,6,8,4,4,5,0
ATGGGTGGCACA_9,3,0,7,6,7,3,2,8,8,4
AATGCCGGGCGT_9,9,2,9,5,5,8,2,8,8,3
GCTTTTTTCCGT_9,8,4,1,5,5,6,6,9,3,1
AGCCGTGACAGT_9,8,2,6,4,5,8,4,8,7,3
TTTCGAGCTTGC_9,7,3,5,3,2,0,3,1,0,8
GCCCTGATCCTA_9,5,3,1,2,6,6,4,5,1,0
CTCGACGCACGA_9,9,8,1,5,5,6,0,5,5,8
CGGCTTAGGTCA_9,5,8,6,5,2,6,4,3,3,1
TTTCGAGCTTGA_9,8,6,9,4,2,4,0,4,1,3
GCGGGGGTCGGA_9,7,3,7,8,0,8,8,0,3,4
GTGACCGGGATC_9,4,4,3,5,5,6,4,8,4,1
CATGGTGGCCCA_9,5,2,9,6,2,7,8,5,6,2
CATACCGCCGTA_9,0,0,9,8,3,7,3,0,8,7
TATCTATGTTTT_9,0,2,2,8,1,1,3,9,1,4
CTCTTCATTCGA_9,5,4,9,6,4,4,4,3,5,3
