,0,1,2,3,4,5,6,7,8,9
TATGATACCCTA_2,2,7,0,4,7,8,2,4,6,1
GATCGCGGCTTC_2,8,3,0,3,5,5,8,9,1,1
CCGCATTAACGG_2,6,0,3,3,3,0,9,4,8,3
CCCGTCCGATCT_2,2,3,0,7,2,6,1,1,7,7
CAGGGTCGCCAA_2,1,0,4,8,3,5,4,5,7,7
GAAGCATCACGG_2,1,9,9,2,1,8,4,8,7,0
CGTCCTGATAAA_2,3,3,7,3,5,9,8,6,3,8
CCCCACCTCCAG_2,0,7,7,7,1,6,0,1,7,2
ATGCAAGCCACG_2,9,0,6,1,1,5,5,8,7,7
CGTTGTACTACC_2,4,4,1,9,0,0,8,1,5,9
GTTATCAGGCGT_2,2,1,1,0,5,6,0,1,8,6
ACCGTTAAAGCC_2,6,5,3,2,8,1,1,0,0,4
CTTTCAGGGTGA_2,8,7,7,9,5,3,1,6,4,7
CATCTCACGCCA_2,5,6,7,3,2,0,5,3,0,3
CATCTCGGGCTT_2,7,3,3,3,9,3,8,6,3,2
CATCGTCGCTAG_2,8,9,4,7,8,5,3,0,8,7
AGCAATATCAGG_2,6,6,9,7,1,2,4,8,8,6
GGATCAAACTTG_2,0,8,9,4,0,8,7,0,6,6
ATAATCACATTG_2,9,9,4,8,1,7,5,4,7,6
CATTTGGTCGCG_2,4,0,2,8,3,8,4,5,6,6
GGACCCCTGTCT_2,2,6,8,6,8,2,3,4,6,5
TGACGTAAATCC_2,6,6,4,1,2,1,5,0,2,1
GGCTTTCACCAC_2,8,9,6,7,4,7,4,5,1,1
CGGCAAAGCGAG_2,0,1,0,4,8,8,3,1,2,1
GGGTTATTGTTG_2,1,9,0,1,1,6,5,1,1,1
TCGCCATCCAGC_2,9,3,6,9,1,8,5,2,9,1
CAGTATAGGGCT_2,8,9,8,6,1,7,5,8,7,1
GGAATCTAGACT_2,4,9,0,8,1,6,3,4,1,1
TCTGGGGAGAAT_2,1,7,9,9,3,1,5,3,7,2
TCTCACTGAAAG_2,7,3,6,9,5,0,8,1,2,4
CCCCACCTCCAT_2,1,6,6,0,4,8,4,4,7,7
TTACCGTTGACC_2,4,9,2,9,3,1,5,1,2,5
CACCCTTAGGGT_2,4,3,7,9,9,7,1,3,0,7
AAATACATGTTC_2,1,3,9,0,9,3,0,6,6,1
GTAGCCGTCTTG_2,0,4,8,6,3,3,0,5,7,3
GCGACACGCAAG_2,1,2,3,7,6,0,1,3,3,5
ACTAGTTTCCTA_2,8,9,0,5,8,7,7,5,9,5
GCATTGGGATGT_2,3,4,2,8,2,7,7,4,0,5
CACGGATATCGA_2,1,6,9,1,1,1,4,0,9,4
TCCCCCGGCGCC_2,6,2,3,9,5,3,0,1,3,1
CCCCCATACTAT_2,9,6,2,6,1,2,5,7,0,3
CCCCACCTCCAC_2,1,6,4,1,8,1,7,0,9,1
GGCCCAAGATGC_2,7,2,3,0,9,1,2,6,3,5
GGCTGACGATTT_2,0,8,1,2,8,1,2,0,0,4
TTTGCTCATCGC_2,2,0,9,4,8,6,2,1,3,2
AGTTCTACGATC_2,5,5,5,0,7,4,9,2,5,6
CGTCAGATGCAC_2,3,3,7,7,6,0,8,6,3,2
GCTACATTGCAC_2,8,4,7,0,6,2,8,0,8,2
ATTCTAACGCCG_2,6,4,4,2,3,7,9,0,9,2
TGCGTTATCACA_2,6,7,2,2,1,8,0,0,7,6
GTGGCACAGGTC_2,4,9,0,6,9,6,5,7,9,1
GCATTAAGTGGG_2,6,9,6,8,1,6,4,7,7,1
TAGCTCTAAGCA_2,9,6,4,8,6,8,9,1,9,1
CTAAAGCGCGGA_2,7,3,7,9,1,8,8,9,0,8
AGTGACTTATAA_2,4,9,0,8,2,5,5,1,6,2
CATCAACTGGCC_2,8,7,5,4,2,5,4,8,2,0
GTAGCAACGTTT_2,1,5,4,8,1,8,4,4,9,6
TCATTCCCAAGG_2,6,0,2,6,1,7,4,7,1,3
AGACAAAGTAGT_2,9,0,6,7,1,6,3,8,7,1
AATACCAAGAGG_2,4,3,6,1,4,7,7,6,1,5
AGCTCTACCTCA_2,2,6,8,6,1,5,5,4,1,6
GGAGCTTGTTGC_2,4,4,5,9,7,7,7,1,5,2
GAGCGCTCATGC_2,0,5,1,0,9,0,1,6,8,9
CCCAAATAAAGA_2,1,8,6,8,0,8,4,0,6,4
TTCGTTATCAGA_2,8,9,8,6,5,0,3,4,6,2
AGGAGACGGATA_2,3,6,1,9,6,1,8,7,4,9
AGCGATTACTGG_2,9,0,2,7,9,6,5,7,9,3
TGAGAGAGACTG_2,6,6,2,8,8,7,3,8,6,9
GGCCAGGTCTTG_2,6,3,9,9,1,8,7,6,0,7
AAGCTGCAATAT_2,4,0,0,4,3,0,4,3,6,7
ATACAACAACTG_2,9,0,3,9,8,6,4,3,9,3
GGCCAGGTCTTT_2,1,3,6,9,5,8,4,6,0,9
ATTGTGAAAGTG_2,1,9,9,4,2,8,4,0,2,0
GGTCAACCAAAG_2,6,3,5,0,6,0,0,1,8,3
TCCCCCCGCGGA_2,2,0,8,5,2,1,6,1,7,7
CTTGAGACGAAT_2,5,7,7,7,1,0,5,1,8,2
CACACGGTACGG_2,7,2,7,7,5,3,2,9,3,7
CCCAGACTTCGT_2,2,4,2,6,1,8,3,1,0,1
ATGCTTCATTCG_2,3,4,2,8,9,2,4,8,7,1
CCCCACCTCCAA_2,9,6,0,0,9,7,5,4,9,9
AATCCGTATCTC_2,8,6,4,1,9,5,5,4,1,1
CAGACTGGTAGG_2,9,6,8,8,2,7,4,4,1,3
GGCCAGGTCTTC_2,3,3,9,9,9,3,5,6,9,8
GGCTGTCTTGTG_2,6,7,9,2,9,2,3,4,2,6
CTCGGACGTCCG_2,4,0,4,6,1,5,5,4,8,1
ACGAAGTCGCAT_2,1,6,9,9,6,1,4,0,0,6
ACTGCGATCCGC_2,2,9,8,7,1,8,3,4,1,7
TGTACGACGCAT_2,2,9,2,6,2,5,3,0,9,3
GACACGCATCAG_2,0,8,1,4,9,0,7,5,5,4
GCCCTAGAGATG_2,6,3,9,9,6,1,0,3,0,4
TCGCTTACCCAG_2,2,0,0,6,3,5,4,3,9,3
CACGTGAAGGAT_2,1,0,3,5,2,0,5,4,7,7
CCGGGACGGAGC_2,4,1,4,8,3,6,4,4,8,1
CTTTACACGTTG_2,6,7,1,5,6,1,1,3,7,1
TTCACCGTTGGG_2,7,1,3,1,4,0,8,1,3,2
AAGCTGCAATAG_2,0,0,5,4,7,7,2,5,8,3
CTGCAATGGTTG_2,6,4,9,9,1,8,5,4,5,1
GCCAAGAGCATG_2,4,7,6,0,4,3,3,6,0,2
CTTGTATATAGC_2,6,0,2,9,1,4,5,7,9,1
TGGAGATCGCAA_2,8,3,8,9,6,6,5,4,9,8
TCAGGGGAAATT_2,9,9,6,2,6,8,5,5,0,6
CGCCGTGCTCTC_2,2,4,5,4,7,2,8,5,8,6
GCTCCGACACTT_2,9,6,8,6,2,8,3,4,7,7
CTAGAATAGATA_2,4,2,1,6,8,0,3,0,8,2
TTACACCAGCAA_2,8,5,5,4,0,5,5,0,7,2
ACGCCAGCATCC_2,8,9,2,6,2,7,5,4,9,7
CCTCCGTAGTGG_2,1,9,6,5,2,1,4,1,6,7
ACTTCGTATATG_2,1,5,9,0,7,1,0,3,2,0
CCTCAGTGCTCT_2,1,6,4,7,1,5,4,8,6,7
AACTCGAGGCAA_2,2,9,1,2,4,2,6,2,5,7
TTGGCGTGAGAC_2,1,7,5,2,8,8,9,1,5,0
TCGAATTCTGCA_2,4,6,1,8,2,5,1,7,0,2
GCTTATGTCTTT_2,8,6,0,7,9,7,5,8,8,1
CCTAAGTATGCT_2,1,3,1,9,3,8,5,7,6,9
ATAATAGCCACT_2,4,3,3,3,6,5,0,3,3,1
CACTCTAGAACC_2,4,5,5,4,2,2,9,1,6,4
AATAAACTATCG_2,0,5,1,6,6,2,9,6,0,6
CTCCAGTCCGCG_2,8,0,8,7,8,6,8,1,9,3
ATCACCGCGATT_2,6,5,7,2,2,2,6,0,6,4
TCCTCTGAGCGT_2,7,3,8,7,4,8,1,7,8,8
AAGCTGCAATAC_2,0,8,5,4,2,4,6,0,8,3
GGCGGCTGTTCG_2,8,6,0,6,8,0,2,4,3,6
CAAAAGCAGTGT_2,6,4,2,9,2,8,9,0,9,3
AAGACGTAGCAT_2,6,8,9,4,0,9,1,2,5,0
CTGATGGATGGA_2,4,6,4,8,6,5,0,8,9,7
GTTAGGAGCGCA_2,2,0,1,4,9,0,2,3,8,8
AGATTGGAGCCG_2,1,7,7,7,5,5,0,0,7,2
TGTCCTGTCGGC_2,7,8,1,4,7,0,1,3,0,9
TTCGCGAAACGT_2,7,1,1,3,5,5,8,6,4,9
AGCCGTCACAGG_2,6,3,3,6,5,7,0,3,8,5
AATTGAGTTCCC_2,1,6,2,8,1,8,3,1,7,5
TACCGCTAGCAT_2,0,2,3,0,5,3,0,6,8,7
TCGATGCGGAGC_2,2,2,3,1,9,3,0,3,4,4
GCTGCCCTTGCC_2,0,8,5,2,8,0,9,2,6,2
CGACTTATACTG_2,7,3,1,1,6,9,4,6,4,7
CTTAGTATTTTC_2,7,7,5,9,6,5,0,6,1,2
CTACAAGTCGGA_2,0,1,9,0,0,8,5,1,0,9
TGGTATGAACAC_2,3,2,3,3,4,3,8,9,2,9
TCATGCAGAGCG_2,0,8,9,4,6,7,9,3,6,4
ACCTATCCGTTC_2,3,2,7,1,9,2,7,0,0,8
GGATTATAAAAG_2,1,6,2,1,8,1,2,0,2,3
GGCTCGCTCAAG_2,7,6,2,5,5,7,5,7,0,9
TCAATTAGCCGC_2,1,6,6,8,8,1,0,4,9,7
AAGCTGCAATAA_2,2,6,8,5,0,5,9,5,8,1
CACCTTTGTTTC_2,0,8,5,4,3,4,7,0,5,0
CTAGCGGATGAG_2,1,0,4,9,2,8,4,3,1,1
GTAATAGCGCCG_2,3,3,3,1,5,9,8,9,4,2
ACCATACTTAAC_2,8,3,7,1,6,3,0,8,9,7
GGCCAGGTCTTA_2,1,3,9,0,6,8,1,0,0,2
CTCCTACAGTGC_2,3,2,3,2,9,3,0,6,5,4
TATGCCCTAACT_2,4,6,8,8,8,6,4,8,0,2
CCCCCATCGTTA_2,1,6,8,6,3,6,3,7,6,7
CTCGAGGGTGCT_2,5,3,2,9,4,8,1,2,6,4
GCGAGGTAAAGG_2,4,6,0,8,8,8,3,8,9,7
TGTTGCATGAGT_2,1,9,1,2,5,5,6,8,5,6
GAGAACCCTTCG_2,5,4,0,8,3,6,7,1,6,1
CGGATATGAGCG_2,8,9,4,5,2,8,4,9,1,5
GGGCCCAATACC_2,0,9,8,6,8,7,5,8,6,3
GTAGGCGATCCC_2,8,2,8,4,9,5,2,1,5,1
TTGTGCCTAAAT_2,7,2,3,3,4,0,8,5,3,5
GAGACGCGGGGG_2,0,4,0,0,7,2,2,2,5,4
GGTCGCGTAATT_2,8,9,2,9,2,6,3,8,1,5
GCTAACCGGTCC_2,0,4,5,9,0,2,6,5,6,4
CACTATCCCTCT_2,4,5,7,9,5,0,0,1,0,2
TAAAGTCGCGCA_2,2,8,9,2,7,1,1,0,5,4
ACGCCTAGATAT_2,9,6,4,8,2,5,3,7,7,7
GAGACCTCCCCA_2,6,8,5,2,7,1,9,8,5,1
CGTAACGGATCA_2,9,0,0,7,3,8,3,8,8,7
GATTCTGCTCCC_2,2,4,0,7,6,7,7,7,8,1
TCTGGTCGATAG_2,9,6,6,6,1,8,4,4,9,9
CGACGGATAAAC_2,1,9,8,8,1,8,3,7,9,7
CGCAAGCATGCG_2,7,2,7,1,4,3,8,9,4,8
CACAGTTGTCCC_2,4,8,9,1,2,6,9,4,0,1
CCCGGTGCAAGG_2,3,2,3,3,5,9,1,9,3,8
AATGATCACTTT_2,4,9,6,6,6,5,5,8,9,5
GACACGCATCAC_2,6,8,1,9,7,1,1,3,2,4
GACCAATGAATA_2,3,3,1,0,6,9,7,3,0,5
TCATTCCCAAGA_2,6,0,2,8,1,6,5,7,7,1
TCATCAATCTCG_2,3,2,7,3,6,2,1,3,8,9
GCCGATGAAGCC_2,9,6,8,7,3,5,5,5,7,3
TCGCCGACTCAT_2,1,9,9,3,9,6,0,3,6,5
TGCCCTATTCCA_2,7,2,3,3,4,0,8,6,4,5
AGAAACCAATTG_2,5,7,5,4,7,4,9,2,6,0
CGAGGGAACGAT_2,2,9,4,5,3,7,5,5,7,3
TGGGGTCATCTT_2,1,3,1,0,5,3,1,6,3,8
TGGAAACACCTT_2,5,4,1,2,7,4,6,8,8,4
TTCAGGGTTCTC_2,1,3,1,3,5,3,0,4,9,8
TAAACCACAACT_2,8,3,0,9,8,6,4,0,9,2
GTGCAATCGGGC_2,4,6,8,7,2,5,5,0,1,1
CTAACCCTTGCC_2,9,9,4,8,3,8,4,8,9,3
GTACCTGTAATA_2,5,8,5,2,0,1,4,0,6,6
ACTAGCTGCAAG_2,7,3,3,7,2,0,8,6,4,8
TTCAACAAACTC_2,1,2,1,0,6,3,8,6,3,8
GCTAACCATGAG_2,0,4,6,8,2,0,5,1,0,3
TCCGCTTTCAGG_2,4,9,8,8,2,2,4,0,9,6
TCGCCCGGCTAG_2,0,4,1,5,3,0,6,5,4,0
GGAAAGTAGTAA_2,4,6,8,1,8,3,5,7,7,3
CCCTCAAAGTGA_2,3,1,3,6,5,2,7,6,0,9
AGAGACCCTGAA_2,3,7,9,6,0,9,3,1,8,1
TACACCTTAACC_2,5,3,1,4,7,8,9,2,5,6
CGCGTAGTACAC_2,2,5,5,4,8,7,9,5,7,6
GAGGAGCCGATG_2,5,6,5,7,1,1,3,4,6,4
GGACCGGCTAGA_2,7,4,3,1,4,3,1,9,4,1
CGGTTGTAGTAA_2,2,7,5,9,3,2,9,5,3,9
CCATCCCCTAAA_2,6,5,5,2,7,1,2,2,5,6
CCGCTAAAGTGT_2,7,1,3,3,6,3,8,9,3,5
GACACGCATCAT_2,0,8,5,4,7,2,1,2,5,4
TCAGCAAATCAA_2,5,8,9,2,7,2,8,2,2,0
GACTAAAGGTTC_2,9,3,4,8,8,1,0,1,9,1
CTTGACAAACCC_2,7,2,1,3,6,1,8,9,0,8
AACGATCTCCCG_2,7,2,7,6,5,9,8,9,3,8
CGCCTCCTAGCC_2,7,2,3,3,5,0,8,6,3,8
CCGATATGCACT_2,6,7,1,0,4,9,7,0,0,6
GACACGCATCAA_2,7,7,5,4,9,0,1,2,6,9
CTCCATTAGCTG_2,4,0,2,8,6,6,3,4,9,2
AAATGTTAATTA_2,9,0,8,8,2,7,3,1,7,7
TCAGTACTATAA_2,0,8,5,2,1,2,1,2,5,0
AGGAACCACGCC_2,5,5,2,2,7,1,6,2,5,0
GGACTTTACCGG_2,4,9,2,1,8,7,3,8,8,9
TTGCCGCTATCA_2,3,4,1,3,4,3,8,9,3,2
TCATAATACGAA_2,2,0,0,6,3,8,5,4,6,3
GAGAAATGATAG_2,7,2,7,3,4,3,8,9,3,8
TACTGAGAGCTT_2,9,7,2,8,1,7,3,8,7,5
GTTCGTCTGAAC_2,3,1,0,7,1,6,2,4,4,1
GACTTTCGACAG_2,4,1,7,0,3,0,8,0,4,2
CCTCGTCGTCTT_2,3,2,1,1,5,6,0,6,3,8
AGGAACGTTAAA_2,9,8,6,6,1,1,9,8,7,1
CTGGCGTATATA_2,8,6,3,3,2,3,0,7,0,9
TATGCGGAATGG_2,1,1,2,8,0,6,0,4,9,6
TCATTCCCAAGC_2,1,2,6,6,1,7,3,8,8,7
GTCGCGTGAGAG_2,2,2,7,6,2,5,7,1,0,2
CTATACCTCAAC_2,0,5,5,2,7,1,6,0,5,0
TACCACATTAGC_2,5,8,9,2,7,4,7,2,5,0
GTCCAGGCATCG_2,6,8,9,0,7,1,6,3,2,6
GCTCAACACTGC_2,1,7,9,4,3,5,9,8,1,6
CAAGACCCCATC_2,1,2,2,3,1,2,9,8,9,7
TTGTCTGGGGCC_2,9,6,6,5,1,4,5,0,1,3
AATGAGGAGCTC_2,4,9,8,4,0,4,0,3,8,2
GGCATAACTACC_2,3,2,3,3,4,3,0,6,4,5
ACTAGCTGCAAT_2,8,1,7,7,4,6,8,9,1,5
TATCATCCTCAT_2,4,9,8,7,6,5,5,7,8,7
AACGATCTCCCT_2,7,1,3,3,4,0,8,3,8,5
GCCGACGTTCGA_2,3,2,3,3,5,3,8,9,0,5
GGTGGCATAGAG_2,0,9,2,5,3,7,6,8,9,1
TAATCCTAGCAG_2,0,3,2,4,5,1,9,4,9,0
ACTAGCTGCAAC_2,7,2,7,7,6,3,8,9,4,9
GAGGAGCCGATC_2,5,0,2,8,1,1,5,4,7,7
CCGCTGGGCACT_2,7,2,7,0,4,3,8,6,4,8
CCTCATTAGTCG_2,8,4,4,3,4,5,8,8,3,5
CGCGCAACAAGG_2,1,5,7,7,5,6,7,3,4,9
CTGGAAGTCTCT_2,8,4,0,7,5,0,8,4,1,5
AACGATCTCCCC_2,7,1,7,3,4,0,1,3,3,8
GACTTTCGACAT_2,2,9,3,6,4,0,8,9,6,6
GGGGATGATTAG_2,2,4,1,7,8,5,5,5,0,2
GTCGTTAGAAAC_2,8,4,0,6,8,7,3,9,0,7
GATGACAAAACA_2,2,2,2,7,3,4,3,3,9,7
ACATAGTCGGAG_2,4,4,0,8,2,1,7,5,7,9
GTACGTTCCCCC_2,4,6,0,9,3,2,0,8,9,1
GAGGAGCCGATT_2,1,0,8,6,0,1,6,7,7,4
TCAAATAGTGAG_2,9,6,6,8,2,8,4,4,7,7
CGTGGTCGCTTG_2,0,9,5,4,7,8,4,2,1,7
CTGTGAGGCATG_2,2,0,0,8,0,7,7,7,1,2
CCCGAACCCGGG_2,8,4,8,1,1,0,3,4,0,3
TCGGGCCTTATA_2,9,6,4,8,1,8,5,7,7,6
CGCGACGATGTA_2,4,4,0,7,8,0,5,1,7,7
TACAAGTCACGT_2,2,1,2,6,3,2,5,4,7,6
AGGAATTTAAGA_2,7,1,7,0,5,3,1,9,4,8
CATGACGACAAA_2,6,1,1,0,3,1,9,2,2,9
CTATCGGATCGG_2,7,7,1,6,6,0,7,9,0,3
GACTTTCGACAC_2,0,3,5,0,5,0,1,5,8,9
GATGTCTTGACC_2,2,8,5,3,9,2,2,3,4,9
TGCCAGAGACAT_2,0,5,9,5,0,9,7,6,7,5
CCCTTCACGGTT_2,0,4,2,9,8,6,2,2,1,5
GTAACAATAACT_2,7,2,7,1,5,9,0,6,3,5
TTCACGTGTGAC_2,4,6,0,3,7,6,7,3,4,2
AGCAAGCACCCT_2,2,9,8,7,6,7,5,1,1,1
CCAAATTTCTCC_2,3,2,7,3,4,3,8,3,0,9
TAGTAAATGTTG_2,4,4,8,9,9,7,3,1,8,3
GGTCTCTACCCT_2,5,8,1,2,7,4,6,5,2,4
TTCAAAGTTAGT_2,6,8,5,2,7,4,9,2,2,6
CTTCTATGTCGC_2,2,4,5,5,7,0,6,1,2,9
CCGACTGTGGAT_2,5,8,1,2,7,4,6,3,2,0
AGTCATTAAAAC_2,9,0,8,8,2,8,5,4,1,7
CAGGTTGGATAA_2,5,5,5,2,0,2,9,1,6,0
ACATGAATGTAT_2,7,3,7,9,5,9,0,6,0,9
GTCGATCGCTAG_2,4,6,4,9,8,0,2,5,1,1
TCGCCCTTGGCT_2,2,7,1,5,0,4,9,5,5,4
GGATCGACTATA_2,7,1,3,9,5,5,8,9,4,8
CCTAAAATGCCG_2,6,5,1,9,7,4,9,9,5,4
GATCAGTTAATA_2,0,7,9,2,0,2,2,0,5,4
TCAACGGGTCGT_2,5,5,1,2,7,1,7,1,2,0
AAACGATAGCGG_2,4,0,8,7,1,1,5,8,7,5
CAGTTAGGCGTT_2,7,6,1,1,4,3,1,7,0,2
CTCCGAAGGAGA_2,5,7,5,2,7,4,9,0,5,0
AACATATAACGC_2,3,2,3,3,4,9,8,6,3,8
CTGGGCCGGTTT_2,4,0,0,1,2,6,4,7,7,6
ACTAGCTGCAAA_2,7,1,7,0,9,5,0,9,1,5
CCAAGAGACGTT_2,6,8,9,2,5,2,1,4,2,4
CAAGATAGGGAC_2,6,9,2,9,9,1,3,7,2,7
TTTGTCGCCGTG_2,1,6,6,8,8,6,3,8,1,3
AGTGCCACAACC_2,3,4,3,1,4,3,0,3,3,8
CCATAGTTCTTC_2,1,2,7,9,4,0,8,6,3,8
TCCCTCATGGTC_2,8,6,6,6,1,8,3,0,9,7
CGGCGGATAAGG_2,7,1,1,0,4,0,8,9,4,2
CATAAATTCTGC_2,7,4,3,3,4,2,1,1,3,9
AGAACGCTTCGA_2,4,0,0,7,2,5,5,7,7,3
CGTGGTCGCTTC_2,5,9,2,9,8,4,5,3,6,2
AGAATGACGAAT_2,1,0,6,8,3,6,0,8,2,4
GACGTAAATTCG_2,8,0,0,8,8,7,5,3,1,3
TGAGGAAGGTGG_2,4,9,8,8,3,6,2,0,9,7
TTCCGCCACCAC_2,6,7,9,2,0,4,1,3,2,4
TCTAGACATGGA_2,1,4,2,6,2,8,3,7,1,3
GTCACGTTTCGG_2,8,0,0,9,2,7,5,4,6,3
TGAGAGAATTGT_2,2,0,0,9,3,5,5,0,6,2
GACTTTCGACAA_2,7,2,3,6,9,0,1,9,3,4
CGACGAGGTTCG_2,7,2,7,3,4,9,1,9,4,8
ATTCGGCCACAC_2,0,4,5,4,0,2,9,2,5,4
GAGGAGCCGATA_2,1,9,4,7,3,4,5,0,7,3
AACGATCTCCCA_2,3,2,7,3,4,0,8,6,4,9
GAGACCGGTTAT_2,4,6,8,8,3,6,3,8,9,7
ACCTCTTAGCCT_2,9,9,0,6,3,5,5,9,9,3
TTAGATCGCTTA_2,1,3,1,0,4,9,8,6,3,8
GTCTCGCCGATA_2,3,7,1,9,9,0,1,9,0,9
CAGCACTAGTCC_2,2,1,0,4,6,5,3,9,8,3
CGGATAATAGAG_2,8,9,8,7,8,1,4,4,9,7
TCGCCCTTGGCC_2,2,8,1,4,7,8,1,2,2,4
AACCCGCTAAGA_2,5,5,7,2,0,9,9,4,5,7
TTTCTGAACTAC_2,5,5,7,0,0,4,2,0,2,9
TCATTCCCAAGT_2,9,6,6,7,6,7,0,4,6,4
CTGTCGTTATGC_2,7,2,1,0,6,1,0,3,0,1
CTACTTGATTTC_2,6,5,2,2,7,4,6,2,6,0
TAAGATAAGTTG_2,1,0,8,8,1,8,4,4,1,6
GACGAAACGGGA_2,5,7,1,2,7,1,7,8,2,4
GTCAGGGGAGGT_2,5,6,2,8,1,8,9,8,1,6
GCGCTGACCCCG_2,5,5,5,5,7,2,6,5,6,0
GCTCGACGTCGG_2,8,2,8,6,2,2,2,9,6,3
CGACTGACGCTC_2,7,2,3,3,5,3,8,3,8,9
AACTGTACAGTC_2,8,0,6,6,2,7,5,7,1,1
TCGCCCTTGGCG_2,5,7,9,2,0,0,9,5,5,1
TGTTTTGCAACG_2,5,7,4,2,3,6,3,6,4,2
CAGTTACAGAAC_2,7,2,3,3,6,3,8,6,3,5
TCGCTTTAGAAT_2,9,6,8,8,8,5,5,1,1,7
ACTGATCGACCG_2,8,6,4,5,0,4,5,2,2,5
GTAGCTATTGCC_2,7,4,3,3,5,9,8,8,4,8
ACTGCATGCGCA_2,7,1,1,0,5,0,1,5,2,8
ACTCTTTATCGT_2,3,1,3,0,6,8,0,3,0,9
CGCCCGCTAGCA_2,0,5,5,4,0,4,2,2,6,4
AACGCTAGTAAA_2,4,0,8,6,2,5,5,8,6,7
CGTCTAAGATCT_2,5,8,1,2,8,8,6,1,5,0
CTACTTCAATTC_2,7,2,7,6,5,0,8,3,3,8
CAGGATTGACGG_2,2,4,4,8,1,2,3,7,7,3
GAAAAGTTGCAA_2,6,5,1,5,0,8,2,2,5,1
CTAAGCCACATA_2,3,1,7,3,6,2,8,9,4,9
GCAGTCTTGAGG_2,9,0,8,6,1,5,4,1,1,3
TTGCCCCTGAGC_2,7,2,3,1,4,3,0,9,4,8
AGAATGACGAAG_2,1,6,2,9,1,1,7,7,6,6
CGTGGTCGCTTT_2,2,8,0,4,9,4,2,5,9,3
CCTCCTATTGTT_2,2,6,0,6,2,5,3,4,9,7
GTGCGACAGTCG_2,6,7,5,4,9,4,6,5,1,0
AGAATGACGAAC_2,1,9,6,1,1,8,4,0,6,4
TAACCCACGTTA_2,1,5,9,2,1,1,7,1,2,0
GTGCGACAGTCC_2,4,6,5,4,9,5,9,2,5,1
CGTGAGGATAGG_2,7,1,1,0,5,9,8,3,3,2
TCGATAAGCATC_2,1,0,4,8,3,7,4,8,7,1
AGACCGATACGT_2,5,8,5,5,7,4,9,2,2,4
AGCCATCGTTCC_2,5,7,5,5,0,2,6,2,2,4
AGCCATCGTTCG_2,0,8,9,4,7,1,7,5,5,4
GATGAGCGCTTG_2,0,6,4,4,8,4,2,1,6,9
GTCCCGAAGAGC_2,9,6,8,9,8,1,3,3,6,4
TCCGGTGCATCT_2,8,0,8,6,3,5,5,1,9,3
TTGATTTCAGCA_2,0,5,7,4,7,9,7,2,5,6
GCGGCACTTTCG_2,5,7,7,1,5,3,8,3,4,5
GGAGAAAGTAAC_2,8,0,1,1,4,6,7,1,4,5
GACGAAACGGGT_2,6,3,9,2,5,6,2,2,6,6
TCGCCCTTGGCA_2,0,7,6,5,0,4,2,2,2,6
TTACGGGCTAAG_2,9,1,8,6,3,6,3,8,7,9
CGTCTAAGATCC_2,5,5,9,2,7,4,6,2,2,4
ACTAAGGACGCT_2,9,9,6,4,4,1,7,0,6,0
GCTCGACGTCGC_2,2,4,0,6,3,5,8,1,8,4
AAGCTAGGCAGA_2,1,2,7,1,5,3,7,9,3,5
GTGCGACAGTCT_2,9,8,5,4,8,6,6,2,5,0
GATGAGCGCTTC_2,2,4,4,1,8,6,2,3,2,3
CGTCTAAGATCG_2,5,5,5,5,0,4,6,0,5,6
GTCCAATCAAGT_2,5,8,5,2,7,4,6,2,5,0
ACGGCAAATGGC_2,6,8,5,5,7,4,4,0,5,0
AATCCGAGGCTG_2,7,0,3,6,2,0,8,7,7,7
GACTGGCCACTT_2,7,2,7,3,4,0,8,9,4,9
AAGAAAGTACTA_2,2,7,1,4,3,1,7,7,5,4
GACGAAACGGGC_2,6,1,2,9,4,8,2,2,8,2
CGACCATTTTAG_2,9,1,2,1,3,2,3,3,0,6
GTTCAGAGGAAG_2,6,5,9,4,0,8,6,2,5,6
CGTCTAAGATCA_2,0,8,5,2,7,8,6,2,5,4
CGTGGTCGCTTA_2,2,9,9,6,8,4,5,5,9,4
TTCCTATCCGTT_2,1,4,6,0,4,0,8,9,7,5
AGCCATCGTTCT_2,1,8,1,5,3,2,7,2,6,0
TGTTTTGCAACT_2,0,7,2,5,2,6,1,1,1,4
GTACACGCCTCG_2,3,2,7,5,7,0,9,0,5,2
CAGTTGGTGCGA_2,7,2,8,0,4,3,4,3,3,7
TCCAGGGTCTGG_2,0,8,1,5,7,8,2,2,5,1
GCCAAGATGGTT_2,4,9,8,4,7,7,4,2,9,3
ATGTGCAAGTGA_2,9,0,8,5,2,7,4,0,7,3
ACCGGAGGGGAA_2,0,8,5,4,0,4,9,5,6,0
GTATCACTCGCC_2,9,6,8,1,2,5,5,4,9,3
