,0,1,2,3,4,5,6,7,8,9
CTAGAAGTCCAA_9,1,9,3,2,5,0,1,9,8,1
CTAAAGACTCGG_9,4,3,4,2,3,0,8,7,8,3
AGGACATTAATA_9,8,8,9,2,0,0,8,1,2,7
CGTAACAACGAA_9,8,9,9,9,3,0,8,1,8,5
GCTGTGGAAAAT_9,4,8,9,2,5,4,8,7,3,3
ACGCTTTTGCTG_9,1,6,9,2,0,0,8,7,3,1
AACCCTTGACAC_9,4,9,9,9,0,0,8,0,3,1
GACGGCAGTGGA_9,4,9,5,2,3,0,8,1,8,3
GCTTTGAAACCC_9,4,3,9,2,0,0,2,7,2,5
TAAGGCTCTAGT_9,4,9,9,5,3,4,8,7,5,3
CCCACTAGTACA_9,1,8,4,2,3,0,1,7,4,7
TTAGAAGCACAA_9,1,3,4,2,3,0,8,0,3,7
TAACGTCGAAAT_9,4,3,9,9,3,4,1,0,8,1
ATTGGATTAGCT_9,8,3,9,2,3,0,8,2,8,7
AGTCCGTGCAAT_9,4,9,9,2,0,0,7,1,3,3
CAAGTATGTGTG_9,4,9,9,2,3,0,8,7,4,1
CGCGGCTTACGG_9,1,3,9,2,3,0,8,0,2,7
CACGTGACCTCG_9,4,3,9,2,3,0,8,0,8,1
AGGGCTGGCCCG_9,4,3,9,2,0,0,8,7,3,3
AGGGCTGGCCCC_9,1,3,9,2,0,0,8,7,3,3
ATTGAATACTCC_9,1,3,9,2,3,0,8,1,3,3
CACGTGACCTCT_9,4,3,9,2,3,8,8,0,3,1
TATTGCCTGTAA_9,4,9,9,2,0,0,8,7,3,1
CACGTGACCTCC_9,8,9,5,2,3,0,8,1,4,7
CTCCCCTCCTAA_9,8,3,9,2,3,0,2,0,3,7
CGGCAGGCCGGT_9,8,8,4,2,3,0,8,0,2,1
TGATCTCGTGTG_9,8,9,9,9,3,0,8,7,3,3
GCGTTCGCGATT_9,4,9,9,5,3,0,8,1,5,3
CCCACCCTACTC_9,4,9,5,2,3,0,2,7,3,1
GCTCTTACCCTT_9,4,9,9,9,3,0,8,1,4,3
GATTGCGGTGTA_9,4,9,5,2,0,0,8,1,3,1
ACAGTCCAGTGC_9,4,3,9,2,5,0,7,7,3,3
TAACCGTGGACA_9,8,3,5,2,3,4,8,9,8,3
GAATTGGTGAAA_9,8,3,5,2,3,0,8,1,3,7
AATGTGTGACTT_9,1,8,3,3,3,0,8,9,4,7
GGTGAGATCGTT_9,8,3,5,2,5,0,8,0,3,1
TATTGCCTGTAT_9,4,9,5,2,0,0,8,0,3,7
CCGTTATAGCAT_9,8,9,8,3,3,0,2,7,3,7
TATTGCCTGTAC_9,4,9,5,9,0,0,8,7,2,7
CCCACCCTACTA_9,4,9,9,9,3,0,7,7,8,1
CCCACCCTACTT_9,8,9,9,9,3,0,8,0,9,7
ATGTCTAAGCTG_9,4,9,4,2,3,0,8,9,8,7
CTTAGGATCGTG_9,1,3,4,2,1,0,1,0,2,3
TATGTTGAGCAG_9,1,6,3,2,1,0,1,0,8,7
ATACCCCTGAGT_9,4,3,9,2,3,0,8,0,8,2
GGGCGCTACCCG_9,4,9,5,2,5,4,8,0,8,1
GCTCTTACCCTC_9,8,3,9,2,0,4,8,7,2,5
GCGTGTGATTGA_9,1,9,4,9,3,0,8,1,3,3
GACACTGAGGTA_9,4,9,4,2,5,8,7,1,2,3
AGGGCTGGCCCT_9,1,8,5,2,0,0,8,0,3,1
GTTAACACCGGT_9,4,3,4,2,3,0,8,7,5,3
TGATCTCGTGTC_9,4,9,9,9,5,8,8,0,3,5
CTAGTAGGGATG_9,4,3,9,2,5,0,2,1,3,1
CTTCTACTCGGA_9,4,9,9,9,3,0,2,0,4,7
CCTCTCCAGGGT_9,8,8,9,2,5,0,2,9,8,7
TTGGAGTGCACG_9,4,9,5,2,3,9,8,1,3,7
CACGTGACCTCA_9,1,3,5,2,3,0,2,0,8,3
GCTCTTACCCTG_9,8,3,9,2,0,4,8,0,8,7
TATCTATGAAGT_9,1,6,9,9,1,0,2,0,8,3
TAGTCTGACAGT_9,8,9,9,0,1,0,8,0,3,1
TCGCATCTACGG_9,4,3,8,9,8,4,2,0,2,1
CCGCGGTCGGGG_9,4,9,5,9,3,0,8,3,3,3
AGGGCTGGCCCA_9,4,3,9,2,0,0,2,0,5,3
TGATCTCGTGTT_9,4,9,5,2,3,0,8,1,2,3
CCGGAAGCGCGT_9,4,9,5,2,3,4,7,0,3,1
GGGCGCTACCCC_9,4,9,5,5,3,0,7,1,3,1
TGAGCCGCTCAT_9,3,4,4,2,3,0,8,1,3,3
TATCAGGCTCCA_9,4,2,6,1,8,2,0,4,0,8
ACTTTATAGGCA_9,8,6,3,3,1,5,8,0,4,5
GGGCGCTACCCA_9,1,9,1,9,0,0,8,0,1,1
ATAAAATCCCGA_9,1,3,3,9,1,0,8,9,2,5
GTGTACGGTACG_9,4,9,5,9,5,4,8,0,3,7
TGAGCCATTAAT_9,8,8,5,2,3,0,8,0,2,1
CTAGTAGGGATT_9,1,3,4,2,3,0,8,7,2,3
ATACTAAGGCCG_9,8,3,9,4,1,0,8,7,8,5
GTTAGTCTTAGC_9,2,9,5,5,5,0,3,1,5,1
GAAAGCCACTAA_9,8,8,0,2,1,0,2,9,8,7
TGATCTCGTGTA_9,8,5,9,2,3,4,8,1,8,3
GCTCTTACCCTA_9,4,9,5,2,0,9,8,0,4,7
GTGTACGGTACC_9,8,9,5,2,0,8,7,1,3,3
GTAGCTTGTACG_9,4,9,5,2,5,0,2,7,5,1
CAACACTTGCTA_9,7,2,6,1,8,2,5,4,1,8
GGAGACCACAAG_9,4,9,9,9,0,0,8,1,5,3
CGCAATAAGATG_9,3,6,4,4,1,9,8,9,4,7
TGAGCCATTAAG_9,4,3,4,9,5,4,8,1,3,3
GGGCGCTACCCT_9,8,9,5,0,0,0,8,1,3,7
TACCCCATCCAA_9,8,9,5,9,0,4,8,1,8,5
GTGTACGGTACT_9,4,9,9,2,5,0,2,7,6,3
TTACACCACTGG_9,1,3,7,9,3,0,8,7,9,3
CTAGTAGGGATA_9,8,3,9,2,5,0,2,1,3,5
CTTCTACTCGGC_9,5,9,9,2,3,0,8,0,8,1
CTAGTAGGGATC_9,4,8,9,5,0,0,8,0,3,1
TGAGCCATTAAC_9,8,9,5,2,3,0,8,0,5,1
ACGGAAGCGATA_9,8,9,9,2,7,6,8,7,3,1
CCTCCCGAACGC_9,0,2,6,1,8,9,5,7,2,8
GACGAGAACGTG_9,4,9,5,5,3,0,8,9,3,1
CCGCGGTCGGGA_9,4,3,4,2,3,5,9,1,3,3
AGCTAACCAAGG_9,8,3,8,9,0,8,2,0,8,3
AAACGATACCAG_9,1,3,4,9,1,5,1,0,2,7
CTTCTACTCGGT_9,1,6,8,2,1,0,2,7,2,1
TCCTTTTTGCGT_9,1,8,7,2,3,9,1,9,6,3
GGTGGAAGATCT_9,1,6,4,2,1,5,8,1,8,3
GGTGGTTAGAGG_9,4,3,9,2,5,4,8,1,8,5
TGCCTAGATACC_9,8,3,3,2,3,0,8,1,8,1
GTGTACGGTACA_9,4,9,4,9,0,0,8,0,3,3
TCGCATCTACGC_9,4,3,8,2,0,0,8,7,2,2
TACGTAGTCGCG_9,4,2,6,1,9,9,0,4,1,8
GGACCCACGCAT_9,0,2,6,1,8,2,5,4,0,8
ATTGTACGACAA_9,0,2,6,1,8,2,5,4,0,8
AGACGTATGGGA_9,4,3,3,0,5,0,8,0,3,5
CCGCGGTCGGGC_9,4,8,5,9,0,8,8,1,8,7
CAGGCAGCTCAG_9,1,3,4,2,0,8,8,0,4,7
AGGACGCCTTCC_9,7,2,6,1,8,2,5,4,1,8
TCCTTCTGGATT_9,4,3,7,2,0,0,2,0,8,3
TGTCCTTCCGAA_9,0,2,6,1,0,2,5,7,1,9
TCCTTCTGGATG_9,3,3,2,2,0,0,1,1,4,5
CGTCTCAGCATT_9,0,2,6,1,9,2,0,4,0,8
CCGCACGAGCGT_9,6,9,0,2,3,5,7,7,3,1
TCGCATCTACGT_9,8,8,4,3,3,4,2,1,8,1
GACAATTACTGG_9,0,2,6,1,8,2,5,4,1,3
GCTCTGGGGCTC_9,1,2,4,1,8,4,0,7,8,8
AAACGATACCAT_9,4,3,3,9,3,0,8,9,2,5
AAGTTTACGACG_9,8,9,9,9,1,4,8,0,2,1
CCCGTCCACAAG_9,7,2,6,1,8,2,7,7,3,8
TCCTTCTGGATC_9,8,7,5,7,1,0,8,1,4,7
TGAGCCATTAAA_9,2,3,4,5,5,0,8,1,3,3
TCGCATCTACGA_9,1,8,4,9,0,9,1,1,2,1
ACCCCTTCACGG_9,7,2,4,1,8,0,0,4,4,1
GGGGCCGACAGG_9,4,9,5,5,5,0,7,8,3,3
AACGAATCTCCT_9,3,8,5,9,3,0,2,9,8,7
TCTCGATAAAGG_9,5,3,3,8,3,4,8,0,3,3
GGCTGGCTCTTT_9,8,9,4,9,5,0,7,0,3,2
GGAGACCACAAC_9,8,3,5,2,3,0,2,7,5,1
CTATATCCCTAG_9,1,9,8,0,1,9,8,1,3,0
GGAGACCACAAT_9,1,9,5,3,3,7,8,7,8,1
GTTCCATTGGAT_9,0,7,6,1,8,2,8,4,0,8
ATCCAAGTATAT_9,8,9,9,9,3,0,2,3,6,3
GTAGCTTGTACC_9,8,5,4,5,5,7,8,1,3,1
GTATCCATAGGG_9,1,3,9,2,3,4,8,2,2,7
CCCCAGACTATC_9,7,2,6,1,8,7,5,7,1,8
TGTTTATAGGTC_9,8,6,3,8,1,8,2,0,8,5
GACGAGAACGTT_9,1,9,5,3,5,4,4,1,9,7
GCGCCTTCGCCG_9,7,9,6,3,0,3,3,4,3,7
GGCTGGCTCTTC_9,8,9,5,2,5,9,8,1,5,1
TGACGTCTAAGC_9,1,3,8,5,3,6,1,2,3,1
TTACACCACTGT_9,1,8,4,0,3,9,7,0,9,1
GTAGCTTGTACA_9,2,5,5,6,5,4,8,1,3,5
GGAGACCACAAA_9,1,6,9,5,1,6,8,7,5,7
AACCGGTATGTG_9,8,8,8,9,6,5,1,0,8,5
TGACGTCTAAGA_9,8,4,5,7,3,4,1,9,3,3
GCGGAGTGGCTA_9,0,2,6,1,8,6,5,7,0,5
ATCCAAGTATAG_9,1,3,4,2,1,0,2,0,5,7
AAGTTTACGACC_9,4,8,9,2,5,5,1,1,4,1
CGCGCTTCATCC_9,4,8,2,4,5,6,1,1,2,1
TGGCCAAATGAA_9,7,2,6,7,8,2,5,1,1,8
CCGCGGTCGGGT_9,1,3,9,9,4,1,1,3,3,5
AAACGATACCAA_9,6,0,3,0,3,9,6,0,3,1
GACGAGAACGTC_9,4,9,4,2,3,6,8,1,2,6
CCATCCATCGGG_9,8,9,7,2,3,4,8,2,4,3
AAGTTTACGACT_9,8,0,8,5,7,4,6,1,5,7
AAGTTTACGACA_9,5,9,5,7,5,0,3,1,7,1
GGCTGGCTCTTG_9,9,9,5,9,7,0,8,1,3,1
AATAGAAGTGAT_9,3,0,3,9,3,8,2,0,2,7
GTATCCATAGGT_9,3,8,8,8,1,0,1,0,8,5
AATAGAAGTGAG_9,3,3,3,3,3,4,8,0,8,3
CGACTCACACCA_9,0,1,3,1,3,9,5,6,2,8
AACGAATCTCCC_9,4,3,9,5,0,7,8,2,3,2
AACCGGTATGTT_9,2,0,3,0,3,9,6,0,3,3
CAAAGGCGTTCA_9,3,2,8,1,8,2,5,7,1,8
TACTTTCAGAGT_9,7,2,3,1,8,2,5,4,0,7
TCGGACCACGGC_9,9,0,4,4,0,7,7,6,9,1
CGGCCACAGAGT_9,0,2,3,0,8,7,0,3,1,1
TTACACCACTGA_9,1,4,7,9,5,9,1,0,6,7
CTATATCCCTAC_9,3,6,8,3,1,6,9,0,8,2
GTTGTTATCGGT_9,0,2,4,1,9,3,5,4,0,8
CTCTCCTGATCA_9,9,5,7,9,0,8,5,7,1,7
GACGAGAACGTA_9,4,3,5,3,0,4,7,1,3,7
AACGAATCTCCG_9,4,8,5,5,0,9,8,7,7,1
CTATATCCCTAT_9,3,8,9,9,5,0,2,3,4,3
TTAACAGGATGG_9,3,6,8,3,1,6,2,2,8,3
GCTCACTGTAAT_9,1,3,4,5,3,4,1,1,3,1
GGCACTTTCACA_9,0,9,8,3,0,8,7,5,5,7
AACCGGTATGTC_9,2,4,8,5,4,5,7,0,6,4
GTTGGTCGTGAG_9,0,2,6,1,8,2,5,4,7,8
GTAGCTTGTACT_9,2,9,1,5,7,4,1,0,2,4
TCCTTCTGGATA_9,8,9,9,2,0,5,8,1,8,7
CGCGCTGAAAGT_9,0,7,5,1,8,7,5,4,1,8
AGCTAACCAAGA_9,9,9,4,2,1,0,9,1,8,3
CAGGCAGCTCAC_9,4,8,0,0,0,7,8,0,6,1
AATAGAAGTGAC_9,5,3,2,3,1,9,2,0,2,5
GGCTGGCTCTTA_9,4,8,5,5,5,9,8,1,3,2
TTATGGGCGATT_9,8,0,3,2,0,9,3,2,9,7
TCCCGCCTCGGC_9,1,4,7,6,2,3,3,7,6,4
AGCTAACCAAGT_9,5,8,8,9,3,4,4,0,8,0
TTATGGGCGATG_9,1,1,4,5,7,0,3,1,8,0
CTATATCCCTAA_9,4,3,8,4,3,9,8,9,8,1
GGGGCCGACACG_9,2,8,9,5,2,4,4,9,8,1
TTATGGGCGATC_9,8,6,4,5,0,0,6,5,8,1
ATCCAAGTATAA_9,3,1,8,9,2,0,1,9,2,7
TGGACGTGCAAT_9,1,4,8,9,3,9,8,7,8,5
TGGACGTGCAAC_9,4,3,9,7,3,3,1,1,2,1
GGGGCCGACAGA_9,4,3,4,5,5,4,7,6,3,1
GGCCTTCGGATA_9,4,5,4,6,4,4,5,6,4,2
GGTGGTTAGAGA_9,3,9,3,0,0,0,8,0,8,1
GGTGGTTAGAGT_9,4,3,2,2,1,4,8,0,8,3
ATGCCTACTGCT_9,0,1,6,1,8,2,7,4,1,8
TATACCCCTTGG_9,2,4,0,5,2,5,7,2,2,5
ACGGGAACGGCG_9,8,6,8,8,1,0,1,2,8,0
CCCTCGTTGAGG_9,9,8,6,1,9,2,7,4,1,8
CACCTTCCGACC_9,3,0,8,2,9,6,1,3,0,0
AATAGAAGTGAA_9,3,8,8,9,7,4,2,1,8,9
GCATGTAGGCGG_9,0,8,7,1,8,2,0,4,1,8
CCTAGCCTCCGA_9,3,3,0,4,5,5,1,8,7,1
CCACGCGCGAAA_9,0,7,4,0,8,6,5,7,5,6
GGTGGTTAGAGC_9,9,1,7,4,3,5,9,1,7,3
AGCTAACCAAGC_9,4,8,4,2,0,1,4,7,2,5
ACCGCGATCGGA_9,0,2,6,1,8,7,7,9,0,8
CGACGTCGCTGG_9,8,6,7,8,1,8,3,3,2,2
GTTGCCTCGCAC_9,2,7,4,6,5,9,5,1,5,2
AACGAATCTCCA_9,0,3,9,5,3,9,1,9,2,2
GCATAAGAGTAG_9,5,0,9,2,7,6,1,6,2,7
GGGGCCGACATG_9,4,9,5,5,3,4,8,7,5,1
GGAAGGGGCACT_9,8,6,3,3,1,9,2,9,8,5
GGGGCCGACAGC_9,4,9,4,5,5,0,3,8,8,7
ATCCAAGTATAC_9,1,9,9,5,1,9,2,0,3,3
CGCTATATGCTA_9,5,7,6,1,0,1,7,4,1,8
CGTGTGATAAGT_9,0,2,6,1,9,2,5,4,0,8
AAACGATACCAC_9,8,4,3,8,3,9,1,9,2,4
GGCTTGCGTGGC_9,4,7,4,5,4,7,3,8,9,4
ACACCTTATAAC_9,1,6,3,8,1,8,9,7,2,2
CAGGCAGCTCAA_9,9,3,8,0,4,4,8,0,4,2
TGGACGTGCAAA_9,3,6,4,7,3,9,2,1,9,5
TGCTCCTTACAC_9,2,1,3,5,1,9,6,2,6,1
CCGGGACTGCAG_9,8,3,9,2,3,4,7,2,6,2
CGTGCCGTCACC_9,9,7,4,5,4,3,1,8,7,2
CAGGCAGCTCAT_9,9,3,0,6,5,9,1,3,2,6
CTAATAAAGATG_9,3,2,6,1,8,2,5,4,4,8
CAACCATCGCTA_9,7,5,4,9,8,8,7,9,3,8
CCTCGCAGGTGC_9,0,7,4,1,8,2,7,4,9,8
GGGCCGCGGGGT_9,0,2,7,1,9,2,5,4,0,8
TCCGAAAGTACG_9,5,7,6,1,8,7,0,4,6,8
CCGGGACTGCAC_9,8,6,7,4,3,8,0,0,6,2
TGTGCGTTCTCT_9,1,0,3,7,8,9,5,9,1,0
CCGGTCATCTTT_9,3,5,4,0,5,9,3,8,7,0
CCATCCATCGGC_9,1,4,8,8,3,6,2,0,2,1
CCTTCTACTCGG_9,3,4,3,8,3,6,2,0,4,5
ATACATTGGCTG_9,1,6,3,3,1,5,3,2,8,7
ATTCCGGGAGAG_9,7,2,6,1,9,2,5,4,3,8
GGGGCCGACAAG_9,2,9,5,6,0,4,3,6,6,7
CGTCCATATCAT_9,8,8,6,5,9,3,3,9,9,9
GTATCCATAGGA_9,5,6,8,4,1,4,8,0,8,5
CCCCCCCCCACC_9,1,0,4,8,5,4,7,7,6,5
CCTAGCCTCCGC_9,8,0,0,6,3,1,1,1,8,1
TCTCGATAAAGA_9,5,3,7,8,4,4,7,1,8,3
GTATCCATAGGC_9,8,6,4,3,7,4,8,0,2,5
CGTACAAGATCC_9,9,2,7,1,8,2,7,5,1,9
GGGGCCGACAGT_9,0,9,5,5,2,9,8,6,6,3
CCATCCATCGGT_9,3,6,8,8,1,4,8,2,2,5
TCTCGATAAAGT_9,8,0,8,0,1,8,1,0,8,5
CGGCGACAGGTT_9,0,2,4,1,8,7,5,7,9,9
CCATCCATCGGA_9,1,8,8,3,3,4,2,0,4,3
GCTCCCAGTGCA_9,5,5,4,8,5,1,6,8,2,4
AACCGGTATGTA_9,4,0,2,0,2,7,7,5,6,2
ACCGATTGTAAA_9,7,2,6,1,8,2,5,4,7,8
CCGGGACTGCAT_9,9,4,3,4,7,9,2,3,3,3
TGCGAGCAGGCT_9,0,2,6,7,9,1,5,4,0,3
GGGGCCGACACC_9,4,1,5,9,5,4,3,1,8,7
CCTTAACGTGCC_9,3,6,8,8,1,5,1,2,4,3
CACCGACAGCAT_9,9,1,4,5,7,1,6,0,1,1
TTAACAGGATGA_9,3,4,4,9,1,8,9,0,6,7
AGGGCCGTTTAG_9,8,8,1,6,6,3,5,3,6,2
GTGACTTGTTTG_9,3,4,2,0,0,4,1,3,3,9
TTATGGGCGATA_9,7,4,8,3,1,6,1,6,9,7
CGCTGTCTCACG_9,4,7,6,1,9,7,5,5,1,8
CCCGTGTGCACC_9,7,8,4,0,5,6,0,0,2,0
GGGGCCGACATC_9,9,3,4,5,2,4,3,0,4,2
CCTTAACGTGCG_9,3,8,2,2,7,4,2,0,5,1
CCGGGACTGCAA_9,1,1,1,7,6,3,5,7,4,2
CCTTTTTTCGGG_9,3,6,3,2,5,1,9,2,7,9
GGGGCCGACATT_9,5,9,5,6,5,0,8,6,3,7
TCTCGATAAAGC_9,5,8,8,7,1,4,2,2,4,2
GGGGCCGACACA_9,8,9,0,5,5,8,7,6,9,4
TCACCGTCTCGG_9,7,5,3,0,5,0,3,5,4,2
ACCACATGGAGC_9,5,4,1,0,4,1,9,2,7,4
TCCGCAGGGTGG_9,1,4,8,9,3,4,9,2,8,6
TTTCGAGCTTGG_9,5,4,2,0,1,9,1,3,5,2
CGCTGTCTCACT_9,0,2,8,1,8,2,0,4,2,0
CCGCCAGCAATA_9,9,8,3,9,4,5,6,2,7,0
CCCCAATTTTTT_9,7,1,6,1,8,2,5,4,0,8
GGACGTCACGGG_9,8,4,0,4,3,6,4,2,8,5
CCCCACTAGCAT_9,6,3,1,0,5,7,6,8,3,4
CCTTAACGTGCT_9,9,6,8,0,1,5,9,7,4,2
AGTCATAGCGGC_9,6,5,0,5,2,3,4,8,7,2
TATCTATGTTTG_9,1,6,9,8,1,2,9,0,2,5
AGGGCCGTTTAA_9,4,0,8,7,2,3,9,1,6,2
AACCCCCGACGA_9,2,7,2,6,4,6,0,7,1,0
GCATAAGAGTAT_9,8,1,9,0,3,6,6,0,5,7
CATGGTGGCCCG_9,2,8,2,4,2,6,5,5,7,0
TAGCGTAACCTC_9,0,1,6,1,9,3,4,4,9,8
GGGGCCGACACT_9,2,0,5,5,2,6,3,3,5,1
TAGGCCGGCAAG_9,2,0,2,9,4,6,6,3,7,6
CGACGTCGCTGC_9,1,6,8,3,6,8,1,3,3,0
TCATCGGTCCTT_9,6,4,2,8,6,5,1,3,5,6
GATTTAAACAGT_9,8,0,6,1,4,6,4,2,2,9
CCTTGTCAGTAC_9,2,1,4,5,2,7,0,8,5,4
CGCAAGTAAGAT_9,8,6,8,8,1,6,9,6,9,3
GCTCGGAACCGC_9,3,7,1,6,2,4,7,6,7,7
AGGTACTCCTAT_9,3,8,7,9,1,6,0,2,6,6
CGACGTCGCTGT_9,7,8,3,3,6,8,2,3,8,9
CTATCAGCCATA_9,5,8,3,8,7,9,4,9,4,7
GGCCCTTAGCCG_9,2,5,4,7,4,5,3,8,9,9
TTAACAGGATGT_9,3,4,7,9,3,0,9,2,4,3
TCATCGGTCCTC_9,6,4,2,8,1,3,7,5,4,6
CCTTTTTTCGGA_9,7,1,5,8,9,9,2,8,8,2
CGCTGTCTCACC_9,0,1,6,1,9,3,5,9,1,8
TTGGGGACGTTG_9,9,6,7,4,2,8,9,0,8,0
AGCGTAACGGTT_9,1,4,0,6,1,3,3,1,2,6
GCATAAGAGTAA_9,5,8,4,8,2,6,3,2,9,0
CAAACGCAGAGA_9,9,4,4,8,1,9,1,2,4,7
TACGGCGAAGGC_9,8,7,7,0,4,5,9,3,0,4
TAGGACTAATCC_9,7,1,6,7,9,2,3,7,1,9
TTACACCACTGC_9,9,8,7,0,6,8,1,2,8,0
GGGGCCGACAAT_9,4,1,5,5,4,7,7,6,9,6
AATCAGGCCCTG_9,9,4,3,8,7,9,9,6,4,2
ACATGTTTTCGC_9,6,7,2,5,4,4,6,9,6,4
CTATTGTCGCCT_9,7,2,2,0,4,1,0,4,0,9
CGCCTTGCTGAG_9,7,2,6,1,8,2,5,4,0,8
GTACCATGCTAT_9,9,0,1,4,7,7,1,6,6,6
CAGATTATCGAC_9,7,2,2,1,8,1,5,7,0,8
TGGCCCCCCATA_9,2,7,4,5,5,1,7,6,7,0
GGGGCCGACATA_9,4,8,5,2,2,6,6,8,4,8
TGGACAGTTCGC_9,5,5,0,0,7,9,6,8,9,4
GCCGGTCGACCC_9,1,6,5,5,5,8,4,3,5,2
ACAGAAGGCTCA_9,1,3,9,7,3,4,4,3,2,7
CTCCCGCTCCCG_9,9,0,1,6,2,4,7,6,9,4
GGGGCCGACAAC_9,3,0,3,7,7,4,6,6,2,0
TCTAGCCTTGTT_9,3,7,6,7,7,8,7,8,0,8
CATGGTGGCCCC_9,5,4,2,6,2,3,6,9,8,0
CGACGTCGCTGA_9,3,4,3,3,1,6,8,9,8,7
TTGTTTTGTGAG_9,0,2,7,1,2,2,7,4,1,8
ATTAATCCGTCG_9,5,6,2,8,1,9,9,1,6,5
CCTTAACGTGCA_9,1,6,2,9,7,5,4,3,4,7
GCGCGTTACTTC_9,2,1,1,5,6,4,6,8,9,4
ATTCTTGGAACA_9,6,0,2,8,2,6,6,5,9,6
CTTCTGTCTAAC_9,6,7,7,0,7,6,9,5,2,2
TTGGGGACGTTA_9,9,4,3,4,0,9,9,9,6,9
TTGGGGACGTTC_9,3,6,4,7,6,6,9,3,2,5
CCCAGCCCTCGC_9,7,1,7,1,4,2,0,4,1,8
ATCGTCGGCCCC_9,9,5,1,6,4,7,3,5,9,4
CCGCCGGGGCGT_9,9,8,1,6,4,6,1,8,9,6
CCGAAGCGCGTG_9,2,4,1,6,2,8,7,1,3,4
TGGACCAGAATA_9,9,1,1,8,4,9,9,2,5,4
ACGGGAACGGCC_9,3,3,5,9,1,5,6,2,5,5
GTCACTATACCC_9,5,5,2,8,6,6,6,2,2,0
ACTTGCCATCAC_9,6,6,4,3,1,5,6,0,2,2
GTACCATGCTAG_9,9,5,3,0,6,5,1,0,2,9
AAAGCCTTCGGG_9,1,0,8,8,3,6,2,3,6,7
ATGAAGTGATAG_9,0,2,6,1,6,2,5,4,1,8
TTGGATACCCTA_9,7,5,6,5,8,2,5,4,9,8
TCACCGTCTCGC_9,1,6,3,3,7,5,3,3,3,5
ACGGGAACGGCA_9,5,7,8,8,1,6,6,0,5,2
AGACACCCGTCA_9,9,5,0,7,3,1,6,9,5,4
TGCTCAAGCAGC_9,5,2,1,4,4,1,7,5,0,0
TCCGCGATGACC_9,9,7,1,1,9,1,5,4,1,8
GACGTGTGCATG_9,5,5,1,0,1,7,2,2,2,2
CCTAGCCTCCGT_9,6,1,8,0,1,1,3,6,6,1
AGGTACTCCTAG_9,6,6,2,9,4,9,6,3,7,2
CACCTTCATTCC_9,5,1,4,5,7,1,3,5,7,9
ACCGCTCCATTT_9,2,1,2,5,4,6,6,8,7,2
TTAACAGGATGC_9,7,8,3,3,1,6,2,2,5,0
GGCTTTCCCACA_9,2,5,8,7,2,6,6,2,5,5
TTCCCGACCTCG_9,7,0,1,0,2,7,5,8,1,9
CAGTAAGGTGGC_9,9,8,8,3,6,2,0,5,0,0
CTACCTAGTACT_9,7,2,7,1,9,2,0,4,0,9
AGGGCCGTTTAC_9,9,0,1,6,2,3,3,6,5,4
GCTACCATCATC_9,8,2,4,6,0,5,9,0,9,5
ACAGCTGAACAC_9,7,8,3,0,6,2,0,2,1,9
CCTGCTGAGCAC_9,9,0,2,8,5,4,3,6,9,9
AACCAAATTAGG_9,0,2,8,1,8,2,0,5,0,9
GCATCCGAACTA_9,9,5,8,7,7,3,3,5,9,9
CCTTTTTTCGGC_9,8,6,3,7,6,5,6,3,4,2
GTACCATGCTAC_9,8,1,2,9,1,9,3,8,5,6
GGTCACTTTTTA_9,5,0,2,7,0,1,6,3,1,9
TTTACGCGCCCA_9,0,2,1,1,8,1,3,5,0,8
CTCGCTCTCGGA_9,6,4,2,9,1,7,6,2,2,7
TTCCCCCTGATC_9,6,7,7,7,4,6,3,5,3,4
GGCACTCATAGC_9,2,5,2,7,2,1,7,8,7,9
CGACAATTATGA_9,9,0,8,3,1,7,6,3,8,6
GCCGCCCGCCCC_9,9,5,5,5,6,7,3,8,7,6
GCCGATACGAGT_9,5,0,5,6,5,4,3,1,9,4
CGCTGTCTCACA_9,2,2,8,1,4,3,0,4,0,2
GACACACGAAAT_9,0,2,6,1,6,1,0,4,1,8
CTTATAGGCTTG_9,9,0,2,4,2,0,1,7,5,2
GGCAAGACCCTC_9,5,4,7,9,4,1,9,7,5,6
CCGTGTGACATG_9,8,0,1,7,6,6,6,7,5,9
AGCGTATCGCGT_9,9,0,2,4,4,5,1,6,9,2
CATGGTGGCCCT_9,3,4,3,4,7,7,1,4,4,0
CCTGTGTGGGAG_9,9,0,0,6,7,1,6,7,5,0
GCCCGACCCAGA_9,9,7,9,7,4,1,9,8,2,7
GGAGGGGCACTG_9,8,6,3,8,1,5,2,0,4,2
CTAAAGCATTCT_9,3,0,0,6,9,7,6,2,1,2
TCACCGTCTCGT_9,6,5,3,3,2,5,9,6,4,7
CCTTTTTTCGGT_9,3,6,0,4,6,6,9,2,6,2
GAGATTTAGAGA_9,1,1,0,0,4,1,1,8,9,0
GACACCCTCTGG_9,6,5,7,4,9,5,1,6,5,9
TATCTATGTTTC_9,8,6,8,9,3,9,9,3,6,5
TGAGAGCCTTAG_9,0,1,7,1,9,1,0,8,1,8
AAGCCCCCTCCT_9,6,1,2,4,6,1,6,6,5,9
TGAGAGCCTTAT_9,0,1,0,1,9,1,5,2,0,9
TAATTCTGTGCA_9,0,7,7,1,5,6,5,4,6,3
CAATAGTCTTGC_9,4,0,7,6,2,9,3,6,1,6
GGGGCCGACAAA_9,2,8,4,0,4,6,7,6,5,0
ACGCACCCGCCT_9,2,1,2,6,4,8,6,6,5,4
GCTCACCCTCTT_9,2,8,4,0,8,1,9,9,5,9
TGCGACCCACGG_9,5,4,1,7,2,9,4,6,6,2
ACCTAGACGAGG_9,5,1,2,6,4,1,0,6,9,4
AGGTACTCCTAC_9,6,0,8,0,6,6,4,3,9,2
TCATCGGTCCTA_9,6,0,3,9,6,5,6,3,6,6
ATACATTGGCTA_9,3,6,8,9,7,5,4,5,4,7
TTGTGAAGTCAA_9,0,7,3,1,1,5,4,4,1,9
AGGGCCGTTTAT_9,3,4,9,6,6,3,5,3,6,2
CGTCCCACCATC_9,3,7,1,0,4,9,3,8,7,0
AACCACGGCCTC_9,2,0,0,6,2,7,6,6,9,6
CCTCGGCTAAGC_9,6,8,1,6,6,5,0,2,3,4
GAACATGCGCGC_9,2,0,2,5,7,8,3,6,9,4
CGACCTGCTCCT_9,9,0,2,6,7,3,3,5,7,6
CCCAATCCTCAT_9,9,6,7,8,9,6,0,2,9,0
TGTCTCCGCAGC_9,6,6,8,4,9,1,3,2,6,7
AACTAGGAAAGG_9,3,6,3,0,4,6,3,2,7,0
TACAACTCCCAG_9,7,4,2,2,0,3,3,3,5,4
AGCCCACAGATC_9,7,1,2,7,5,6,6,5,3,9
GCATAAGAGTAC_9,5,4,1,7,2,6,6,3,6,4
CGCTAATAGCCC_9,2,0,4,8,6,5,6,8,8,4
ATACATTGGCTC_9,7,6,0,9,1,9,4,2,2,0
TACACTAGGCGC_9,5,0,1,7,6,3,4,8,3,0
CGTTTGTTCATT_9,7,1,4,0,0,1,6,3,5,9
GGGCAGTCTGCT_9,2,0,0,6,2,7,6,8,9,1
GCGGCAATACTG_9,3,2,1,1,8,2,0,5,1,8
GGAAATTGAACG_9,2,5,4,7,2,0,3,8,3,4
CTCTACTGACCG_9,6,4,8,6,7,9,4,5,8,0
TGGTTAATGTTG_9,6,8,2,6,2,9,9,8,6,9
CCTTTTAATCTC_9,5,0,1,5,5,4,3,8,9,2
GGCTTGCCCCCC_9,2,1,0,6,4,4,0,5,9,4
GCCGGGGCCAAA_9,2,5,0,7,4,1,7,8,9,9
ATACATTGGCTT_9,6,6,0,3,3,2,4,9,4,2
CAAACTGTGAAG_9,9,4,8,7,2,9,3,3,5,2
GTTATTATGCTA_9,7,7,6,0,6,7,0,8,9,8
AGCCCCGAGGCC_9,5,5,9,7,7,7,6,3,5,4
GAGGACTCATGC_9,7,2,6,1,9,2,0,4,0,8
CCGAAGCGCGTT_9,2,1,2,5,4,1,7,6,9,4
CCGGAATGTTGG_9,7,7,4,9,4,2,9,4,1,0
ACTCCGCCATCA_9,6,5,2,8,1,6,5,9,7,0
GTGAGTCTTCCA_9,0,7,6,3,6,2,0,4,1,0
GTACCATGCTAA_9,6,0,0,7,7,5,4,9,9,5
ATCATTCGCTGC_9,6,8,1,6,7,6,4,6,7,9
TTGACATACACT_9,4,0,4,4,4,1,3,9,0,9
CAAGCGAAACAG_9,5,6,0,8,4,3,6,3,2,0
ACGGGAACGGCT_9,5,1,4,4,3,6,6,5,4,1
TGAGAGCCTTAC_9,0,1,0,6,9,1,5,9,0,4
CAGCTGAGCGTG_9,2,0,2,7,4,3,1,5,7,6
GGAAATTGAACT_9,9,5,4,5,5,6,9,8,7,5
AGGTCTTAGTCG_9,6,5,4,3,8,3,1,2,5,9
TCGTCAAGGGTC_9,9,0,2,8,4,3,3,6,9,9
CTTATAGGCTTC_9,5,8,0,5,4,5,3,1,9,9
CGCGCTGTAAAT_9,6,5,8,4,6,7,9,6,7,4
AAATATCAGAGC_9,5,4,3,3,1,9,9,0,7,6
AGGTACTCCTAA_9,6,6,1,8,6,1,7,6,6,9
CTCCGACTATGC_9,3,8,7,4,7,4,4,5,9,0
GCCCATCGCCGG_9,2,5,2,0,2,1,5,8,6,4
TACCGGATACGG_9,5,1,0,6,8,2,6,8,5,9
AAGATTCTTCGC_9,9,5,2,5,4,6,3,8,7,9
GCGAGCAATAAA_9,0,7,6,3,7,3,0,8,1,0
TGTTTCGGGTGG_9,3,2,3,0,8,2,6,4,0,4
TCTGCCGGCCCC_9,2,5,1,0,6,5,7,6,5,4
CGCGAATTATCA_9,6,5,4,0,2,7,6,8,9,0
CGGGCCGCCCCG_9,2,5,2,5,4,6,4,6,7,6
GGAGGGGCACTT_9,8,6,3,9,7,2,9,2,4,5
CTAGCCAGCAAC_9,6,2,0,8,9,1,4,2,0,9
TTAGTTGTGTTC_9,9,0,3,4,3,8,9,3,4,4
AATTCGGCTCTC_9,2,4,0,4,2,6,3,3,6,6
GTAGCGGTCTTA_9,6,7,1,5,6,6,6,8,7,0
CCCGAGGTGCGA_9,5,4,2,6,4,3,6,8,5,6
CAGGTCGGGCTG_9,7,2,2,1,9,1,0,4,0,4
GGCTACCAGAGG_9,9,4,0,8,4,6,7,8,9,9
ACAGCGTTAGAC_9,2,2,8,0,0,3,0,5,6,2
TCACCGTCTCGA_9,2,5,0,0,0,1,9,2,5,6
CTATGGACGCTA_9,6,0,2,4,4,2,6,8,7,6
AGGCTAATAAGC_9,0,8,2,0,6,5,3,7,2,9
TCCGCAGGGTGA_9,3,0,1,3,3,6,2,9,8,5
TCCCGAAAGGAG_9,6,5,2,6,2,6,9,8,5,4
TGTTTTGCATTT_9,9,4,7,6,7,3,6,6,7,6
CCAGCACAGTGG_9,9,5,2,5,4,7,7,5,9,8
ATGGGTGGCACA_9,6,7,3,8,7,6,4,2,9,0
AATGCCGGGCGT_9,2,7,1,6,9,1,6,6,5,4
GCTTTTTTCCGT_9,5,7,2,6,5,4,3,6,3,4
AGCCGTGACAGT_9,9,1,7,7,2,5,4,6,6,4
TTTCGAGCTTGC_9,2,5,2,0,6,9,6,2,5,6
GCCCTGATCCTA_9,6,5,0,0,6,5,5,2,8,9
CTCGACGCACGA_9,4,5,0,7,4,7,7,8,5,0
CGGCTTAGGTCA_9,2,8,1,7,7,1,4,2,9,0
TTTCGAGCTTGA_9,2,8,2,0,6,3,3,6,1,6
GCGGGGGTCGGA_9,5,4,0,4,0,1,6,2,3,9
GTGACCGGGATC_9,9,4,8,6,5,7,3,1,3,0
CATGGTGGCCCA_9,2,5,2,0,2,3,6,3,6,0
CATACCGCCGTA_9,6,6,2,8,6,8,4,6,4,6
TATCTATGTTTT_9,9,4,7,9,6,9,9,2,6,5
CTCTTCATTCGA_9,6,8,3,6,5,3,4,6,6,2
