,0,1,2,3,4,5,6,7,8,9
ATGTATTGTACT_1,8,5,1,0,4,2,8,4,2,4
CGGAGTCGTCGT_1,6,4,3,9,2,9,2,7,7,7
CCCCTGCGAAAT_1,2,5,6,0,8,7,3,8,5,1
CGGAGTCGTCCC_1,6,4,3,9,2,9,2,7,7,7
TCAGGATGGTCC_1,2,7,6,5,4,7,3,3,8,4
GTGATGAGGGAA_1,2,5,6,0,0,7,3,3,8,4
CGGAGTCGTCAG_1,6,4,3,9,2,9,2,7,7,7
CCTTGGCGCAAA_1,2,6,6,3,4,7,3,8,5,1
TGCGGGGGGACC_1,2,6,6,0,4,7,3,8,2,1
CGGAGTCGTCCG_1,6,4,3,9,2,9,2,7,7,7
TCAGGATGGTCA_1,2,7,6,0,4,7,0,3,8,4
ACCCTGGGGGGT_1,2,6,6,3,8,7,3,9,8,8
GTGATGAGGGAC_1,2,6,6,3,8,7,8,1,2,4
TGCGGGGGGACT_1,2,5,6,3,8,7,3,8,3,4
CCCGTCTCGAGA_1,4,8,6,3,3,7,4,9,8,1
CCAGCCCCGGGC_1,2,6,6,0,5,7,3,3,2,1
CCCCTGCGAAAC_1,2,2,6,0,8,7,3,3,8,1
CGGAGTCGTCCT_1,6,4,3,9,2,9,2,7,7,7
CGGAGTCGTCGA_1,6,4,3,9,2,9,2,7,7,7
TAAGAAGGTATC_1,9,2,1,3,3,7,3,3,8,5
GGGCCCCGGGCG_1,2,6,4,3,8,3,8,8,8,1
TGCGGGGGGACA_1,2,6,0,0,8,7,3,8,5,8
ATATCGATCAAG_1,2,7,7,2,5,1,8,5,5,6
CGGAGTCGTCCA_1,6,4,3,9,2,9,2,7,7,7
ATAATTTTCCCT_1,2,5,6,0,4,7,8,3,8,4
GCTCCCTGCAAT_1,2,5,6,6,4,9,2,7,8,1
AATCTGGACCCT_1,2,2,6,0,1,7,9,9,3,4
CGGAGTCGTCAC_1,6,4,3,9,2,9,2,7,7,7
CACAATTCTATG_1,1,1,6,1,4,8,4,3,8,4
GGTGGATCGGCT_1,8,5,0,5,5,2,0,8,5,1
CGGAGTCGTCTT_1,6,4,3,9,2,9,2,7,7,7
CACCGAATAACT_1,8,6,7,3,4,2,3,8,5,1
CCCCTGCGAAAA_1,2,2,6,7,8,2,0,8,5,1
GGGAGGGGAAGA_1,6,4,3,9,2,9,2,3,7,7
CGGAGTCGTCAA_1,6,4,3,9,2,9,2,7,7,7
AATAGAAAAGTG_1,9,6,1,3,0,7,3,3,5,1
GGGAGGGGAAGT_1,6,4,9,9,2,9,2,7,7,7
AGCCTCAGATGT_1,2,0,6,0,7,7,4,3,8,5
ATTCACTCTGCC_1,2,0,4,3,8,7,3,2,8,4
CGGAGTCGTCTC_1,6,4,3,9,2,9,2,7,7,7
CACCGAATAACG_1,8,5,7,6,4,2,3,8,5,1
GCTCGCAGTGGC_1,1,2,9,8,6,0,3,6,5,4
GGTGGATCGGCG_1,8,9,0,0,5,2,3,8,5,1
GGTGGATCGGCC_1,8,5,0,6,4,2,3,8,5,1
CACCGAATAACC_1,3,5,0,6,4,2,3,8,5,1
CGGAGTCGTCTA_1,6,4,3,9,2,9,2,7,7,7
GGGAGGGGAAGC_1,6,4,9,9,2,9,2,7,7,7
ATTCAGGACGAC_1,5,2,6,6,4,2,4,2,1,8
ACACACCCACTT_1,2,6,6,3,4,7,0,3,2,4
GGCTATGGCGGG_1,4,6,8,0,7,2,0,1,5,8
TGGGGGGGGGGG_1,2,5,6,0,4,9,2,3,7,4
GGTGGATCGGCA_1,8,5,0,0,5,2,3,8,5,1
ACAACCCATACC_1,2,2,1,0,8,3,3,3,5,4
CACCGAATAACA_1,8,2,0,6,4,2,3,4,5,1
GGCGCACACCTG_1,2,9,4,5,9,6,7,5,8,4
AAGTACTTAGGC_1,5,5,1,0,8,7,3,5,8,4
TGCTTTACGAGG_1,1,3,2,1,9,6,7,5,0,2
CGAGTGAACGCA_1,2,2,4,8,3,7,4,9,8,5
TATTAGTGATGA_1,9,2,6,0,3,7,3,2,1,5
ACCATAAAAAAG_1,1,3,2,0,9,3,7,0,6,2
TCTGGAGCGAGG_1,8,5,8,2,0,1,8,3,2,8
GGCTATGGCAGG_1,2,2,6,3,7,2,5,4,4,1
GGGCCCCGGGCA_1,1,9,0,3,8,4,6,5,8,1
CCCGGCCTTCAC_1,9,6,9,2,6,0,4,9,1,0
GGTGGATTCCAA_1,2,7,5,8,3,6,8,9,0,4
GGCTATGGCGCG_1,8,1,6,3,8,7,0,9,5,1
GGCTATGGCGGA_1,2,6,6,0,7,7,8,3,4,9
GGCGCACACCTC_1,7,9,2,0,9,6,7,5,2,6
AATCATTTGTAC_1,5,6,6,3,8,4,4,8,8,4
GACGTCCCTTCA_1,4,5,4,1,3,2,6,3,8,5
GCTGAAGCCGAG_1,9,8,4,8,3,8,4,9,1,8
CCGCGGGTCAGT_1,2,8,8,1,5,0,4,9,8,3
GGCTATGGCTGG_1,5,5,4,0,0,7,0,4,8,9
TAATACTTAGGC_1,2,7,2,3,7,7,3,9,0,6
GGGCCTTGAATT_1,5,6,5,6,4,7,3,8,5,8
GATGGGCAAAGT_1,1,7,6,3,1,5,5,9,8,6
AAGAACTGGCGC_1,2,6,6,3,8,7,4,3,2,4
CCTATTACCAAG_1,8,0,9,7,6,8,4,6,8,3
TCGGACGGCGAC_1,2,8,5,8,1,7,5,1,8,0
GGCTATGGCGCT_1,9,5,7,3,7,2,0,4,2,1
CCCGCCACGGGC_1,3,1,4,5,8,4,8,3,3,6
GGCTATGGCGGC_1,4,6,5,4,5,5,5,9,5,1
GGCTATGGCTTC_1,8,1,0,6,5,2,5,5,5,4
CCATCAATTTCG_1,0,8,1,1,3,8,4,9,8,3
GGCTATGGCGAG_1,9,5,5,3,8,3,0,4,5,9
CTCGTATACTCG_1,9,7,0,5,1,4,7,3,0,0
GGCTATGGCTCC_1,2,5,8,0,7,2,3,1,2,8
CCCATCCGCGGG_1,9,2,8,7,6,4,5,9,5,5
AATGATAGCGTC_1,7,1,7,5,9,6,1,5,6,6
GGCTATGGCTTG_1,4,5,1,3,4,5,0,8,5,8
TGTGATGAGGAG_1,2,7,6,5,1,7,6,5,8,6
CGCGTAGCTTAT_1,2,5,1,3,0,7,8,9,2,9
GGCTATGGCGGT_1,8,1,0,7,0,5,0,8,5,9
GGCGCACACCTT_1,1,9,2,5,9,6,7,5,8,6
ATGTGAGGAAAC_1,2,5,6,3,5,1,5,6,2,9
TGTGATGAGGAT_1,7,7,4,0,1,6,6,1,0,0
GGCTATGGCTTT_1,5,1,1,0,7,2,0,4,1,9
GGCTATGGCTCT_1,8,0,6,0,0,4,0,4,4,0
AACTACAGCCTC_1,5,0,5,7,4,7,4,1,8,4
GGCTATGGCCCC_1,2,3,0,0,0,2,3,3,6,1
GGCTATGGCGCA_1,4,1,1,2,0,1,3,3,9,8
GGCGCACACCTA_1,1,9,2,5,9,6,7,5,3,6
GCGGTCGTCGAA_1,0,2,5,3,6,8,4,9,1,5
GGCTATGGCGCC_1,5,7,1,3,7,2,6,4,4,5
GGGCCCCGGGCC_1,3,6,4,5,8,3,5,8,8,1
GGGCCTTGAATC_1,3,0,0,7,1,4,3,8,9,8
TTGTGAGAAAAC_1,7,5,8,4,4,7,1,3,1,0
GAGCGCAGCAAT_1,7,5,4,3,8,0,6,7,3,9
TACTACAGCCTC_1,5,5,6,3,4,7,4,3,8,4
CGTGTCGCAGAT_1,4,5,6,5,4,7,8,5,9,4
TGTGATGAGGAA_1,0,6,1,7,8,7,1,1,4,8
GGCGAGCAATGT_1,9,8,9,8,6,1,4,2,1,3
GGCTATGGCGAT_1,9,6,7,2,1,0,6,3,1,9
ACCATAAAAAAA_1,1,3,2,1,9,3,6,0,6,2
CCCGCCCAACAA_1,9,2,9,8,6,2,4,9,1,9
AAACAGGTTAAT_1,2,7,4,4,5,3,0,4,6,8
GGCTATGGCACC_1,8,2,0,2,5,1,5,8,4,9
GGCTATGGCCCT_1,8,1,8,2,5,2,0,9,5,1
GGCTATGGCTCA_1,3,0,2,3,4,2,3,8,8,1
GGGCCTTGAAGG_1,9,0,0,0,4,7,3,3,9,4
GGCTATGGCATC_1,3,1,1,7,0,7,0,8,9,8
GGCTATGGCAGC_1,5,2,0,5,7,5,0,3,4,9
GAAGGTCAACTA_1,3,9,2,3,7,4,8,4,4,6
GGCTATGGCTGA_1,5,6,0,2,7,2,6,1,2,5
GGGCCTTGAATG_1,5,0,0,6,7,5,0,4,5,9
CTTACTTCGTCT_1,5,8,5,3,4,5,4,9,8,9
GGCTATGGCATT_1,9,0,4,7,0,4,0,4,2,8
TTACAAAGTCGG_1,5,6,6,4,8,0,1,8,0,5
GGCTATGGCCCG_1,0,5,2,0,0,4,5,6,4,8
GGCTATGGCACG_1,3,7,7,7,8,2,4,1,3,8
GGCTATGGCATG_1,9,7,5,0,8,2,0,8,5,8
CGTGAGTCGTCG_1,6,4,3,9,8,9,2,7,7,7
GGGCCCCGGGCT_1,7,3,4,3,9,6,6,5,1,6
ACCATAAAAAAT_1,1,3,2,1,9,3,6,2,6,2
TGACCGCGCATT_1,4,2,1,1,6,3,6,5,1,5
GGCTATGGCGAA_1,8,2,7,4,5,1,5,3,9,8
GGCTATGGCTCG_1,8,6,8,0,7,2,0,4,2,8
CATCACACATAT_1,1,9,4,1,9,8,4,5,6,2
GGCTATGGCACT_1,5,8,8,3,0,2,5,1,9,5
CTGGGGTGACTT_1,0,0,4,4,5,8,5,9,0,9
GGCTATGGCCGC_1,5,1,7,7,0,3,0,4,3,9
AATTTCATCGTC_1,4,7,8,8,7,1,4,2,8,5
GGCTATGGCAGA_1,5,1,2,7,7,2,5,8,9,8
GCTCCGAGCGGC_1,5,2,7,4,0,1,6,5,2,6
GCAGAGTCGCGG_1,4,1,4,4,8,3,9,0,4,3
ATCGATCAGAAC_1,1,4,9,4,6,8,0,2,2,3
CAATTGATGCTT_1,0,8,5,1,3,8,4,6,8,5
GGCTATGGCCTC_1,9,5,0,3,7,2,5,9,5,1
GGCTATGGCAAG_1,2,0,8,0,0,4,8,8,2,9
GGGCCTTGAAAT_1,5,0,7,6,4,2,6,6,9,4
GACTATCATGTG_1,0,2,5,8,6,5,9,2,1,5
GGCTATGGCGTG_1,3,2,1,6,5,5,0,4,9,9
ACCGCTCCCAAA_1,3,1,5,6,4,3,8,3,5,4
GGCTATGGCGTC_1,3,6,5,5,8,4,1,8,5,9
TGATATCCAGGG_1,4,8,0,6,3,7,8,1,9,1
GGCTATGGCCTG_1,3,5,0,0,5,5,8,6,4,8
GGCTATGGCGAC_1,4,6,1,7,0,7,8,4,2,9
GGCGTAGCTATG_1,4,8,5,0,8,5,5,8,8,5
ACCATAAAAAAC_1,1,3,2,1,9,6,7,2,6,2
TCTGGAGCGAGA_1,7,1,8,4,0,1,6,2,2,6
CTGGATCTCCCG_1,0,8,5,8,6,0,5,9,1,3
GCCGCTCCCAAA_1,2,1,4,4,8,3,6,5,3,9
TCGCATCCACGC_1,7,0,8,8,1,0,5,6,4,0
CTGTCCTGGCCC_1,3,0,5,3,6,4,9,6,9,9
GATGGGCAAAGG_1,4,7,8,5,1,4,1,9,8,0
GGCTATGGCCGG_1,4,6,1,6,5,2,0,6,4,1
GGCTATGGCTAG_1,9,2,1,3,0,4,5,4,2,9
TGTGATGAGGAC_1,9,2,6,5,3,6,4,1,3,4
GGCTATGGCTGC_1,9,1,0,7,3,2,9,4,3,5
ATTTTCGCTCGC_1,9,8,5,8,6,4,4,9,1,5
TCTGGAGCGAAG_1,7,7,8,2,0,1,6,3,2,6
GGGCCTTGAACT_1,3,9,0,0,8,7,3,8,4,9
GGGGTCGCAGAT_1,2,9,1,6,4,3,1,8,3,9
GGCTATGGCCTT_1,3,6,7,7,7,1,3,8,4,5
GTAATTTTCCCT_1,1,9,4,4,4,4,6,8,8,1
TTACAAAGTCGT_1,3,2,2,7,8,3,4,3,0,5
GGCTATGGCAAT_1,4,9,1,1,3,4,0,1,0,9
AGTCCGTGCAAG_1,1,0,6,8,8,4,4,9,5,5
ACACATGTATGA_1,4,6,4,7,8,1,8,4,4,9
CCCGCTCTGCAC_1,9,8,8,1,3,8,5,9,1,3
GGGCCTTGAATA_1,3,0,5,6,7,5,3,8,9,8
ATCTTGTCCGCC_1,0,2,8,4,3,0,5,6,1,5
GGGCCTTGAAGT_1,3,6,0,6,3,0,8,8,4,1
AGGGGGGGGGGG_1,9,7,1,5,4,2,4,5,5,6
CACGCTTTCACA_1,9,0,5,4,0,4,1,4,3,0
GGGCAATCCTAC_1,3,1,2,5,8,4,3,0,0,9
TCCTGGTTCACA_1,8,9,8,2,0,1,5,6,2,3
GCTGCATTCTGC_1,9,8,9,8,6,8,9,9,1,5
GGCTATGGCACA_1,9,7,7,2,5,5,0,9,9,9
GCCCCTCTGGGA_1,0,8,9,8,1,8,5,2,1,3
GCCTACAGCCTC_1,3,9,7,3,7,2,5,3,8,6
TAAAGCCTTGCG_1,0,2,8,8,3,8,5,6,1,3
GGCTATGGCAAA_1,7,9,4,4,7,5,8,4,1,9
GGCGTAGCTATC_1,1,0,1,4,4,0,6,6,4,4
GGCTATGGCCCA_1,7,0,8,2,1,5,0,4,2,8
TCACCGCCCATC_1,9,8,8,1,3,8,9,6,0,3
CACGCTTTCACC_1,4,7,7,0,5,2,0,4,5,0
ATTAGAGACGAA_1,9,8,5,8,6,8,9,9,6,3
TCTGGAGCGAGC_1,7,1,7,2,0,1,6,2,2,6
CACGCTTTCACG_1,7,5,7,5,0,1,1,5,9,0
GGCTATGGCTTA_1,5,6,5,5,7,2,5,0,5,5
TCTGGAGCGAGT_1,7,1,7,2,0,1,6,2,2,6
CACCGTTGTAAA_1,1,6,5,4,7,5,5,6,1,1
GGCTATGGCTAT_1,8,9,7,7,5,5,5,4,3,1
GGCTATGGCTAC_1,3,1,4,7,5,1,0,4,4,9
GACCCGCGAAAC_1,0,0,1,2,7,2,5,9,9,3
GGCTATGGCGTT_1,7,5,8,3,7,2,1,3,6,9
GGCTATGGCCAG_1,8,0,0,4,0,1,8,6,9,8
CGTGAGTCGTCC_1,6,3,3,9,1,9,2,2,6,7
GGCTATGGCAAC_1,8,3,8,2,7,2,9,8,1,8
GGCTATGGCAGT_1,8,1,0,7,5,0,0,8,4,5
TACTACCGAGAA_1,0,2,5,0,3,4,5,6,6,0
CAGCCAATGGCG_1,0,2,4,8,6,8,9,9,1,3
TTACAAAGTCGA_1,9,5,4,6,4,3,7,3,3,4
CCACATGTATGC_1,1,7,7,5,7,5,6,1,0,6
GGCTATGGCTAA_1,4,5,2,7,5,3,0,4,2,9
AGCGTAGCTTAT_1,5,6,6,7,5,7,5,0,2,0
GCTCGTAACTTA_1,5,8,8,1,3,8,9,2,1,3
TGATTGGGTAAG_1,7,1,7,1,5,4,6,0,2,0
GGGCCTTGAACA_1,3,0,7,7,1,5,9,8,4,8
GGCGTAGCTATT_1,9,7,4,2,7,1,6,5,4,0
GGCGCTAGCCAT_1,0,2,8,4,6,8,4,6,1,3
TCTGGAGCGACG_1,8,7,8,2,0,4,6,1,2,6
TGCTTTACGAGC_1,1,3,2,1,9,6,7,5,6,2
GGCTATGGCTGT_1,8,6,7,4,0,1,6,6,2,8
TTATGAGGAAAC_1,8,5,1,7,7,2,3,1,8,5
TAGTACTTAAGC_1,4,7,7,5,7,1,6,5,0,0
CGCTCCAGACTG_1,0,6,5,7,3,8,9,9,1,5
GTAGATCAGAAA_1,0,1,8,2,1,1,5,2,0,0
AGCTTAATGTAT_1,7,6,1,3,0,3,8,3,2,5
ACAGAGAGTCAA_1,7,3,7,7,9,4,1,1,6,6
TGTATCGCCTTC_1,5,6,4,4,8,4,1,5,3,9
GGGCCTTGAACC_1,4,0,0,8,4,7,3,4,9,9
GGGCCTTGAAGC_1,5,0,7,1,7,2,0,8,4,8
ACAGCCACGGGC_1,8,1,7,7,3,4,4,8,9,9
GGCGTAGCTATA_1,0,0,8,2,8,3,1,4,3,6
ATAGATTGGAGT_1,1,7,7,5,9,3,6,5,6,2
GGGCCTTGAACG_1,7,0,0,6,7,0,0,1,9,8
GGGCCTTGAAGA_1,3,0,0,6,7,5,8,8,4,8
AGCTTTACACCT_1,1,2,2,1,3,8,6,0,1,3
TTGTGAAGAAAC_1,3,7,5,0,8,1,4,9,6,5
GTCCCCTTGTAT_1,4,7,2,4,1,1,1,4,0,6
CGGGGGGGGGGG_1,4,6,1,6,4,7,3,7,9,7
GCACGGCAAATT_1,5,1,7,4,8,5,6,5,3,6
GGCTATGGCCAC_1,3,1,7,7,0,0,8,4,1,1
ACAAGGAATCTT_1,4,1,7,5,0,6,1,5,3,6
TCTGGAGCGAAC_1,9,8,5,2,0,3,6,2,2,9
TCTGGAGCGATG_1,8,5,8,3,5,1,5,2,2,0
AGTATCGACTTC_1,5,6,5,0,8,4,4,0,3,5
GTGATGAGGAGG_1,4,6,4,7,3,4,7,3,3,0
GGGACTGAGCGA_1,0,8,9,8,6,8,4,2,3,3
ACTCGGCCGAGG_1,7,9,0,8,3,5,5,0,3,0
TCTGGAGCGAAT_1,8,5,8,2,0,1,6,2,2,6
TAGTACTTAGAC_1,1,9,8,0,7,6,6,5,6,5
CCAAGGGACAGA_1,7,2,4,4,3,6,7,1,1,2
CCGCCATTGAGA_1,0,3,2,2,1,6,6,0,0,3
CACGCTTCACTG_1,7,1,7,7,5,0,0,4,3,0
CGTGAGTCGTCT_1,6,4,2,9,9,9,2,7,6,7
AATATTACTAGC_1,0,5,5,4,8,2,5,8,0,5
CCCCTAACTGTA_1,3,1,7,1,3,8,4,8,8,9
GAACCCGAGGTG_1,0,1,7,6,5,2,1,8,9,9
GATGGGCAAAGA_1,4,2,8,4,7,5,5,9,8,0
GGGCCTTGAAAG_1,8,0,4,6,1,4,8,3,9,6
GACTACAGCCTT_1,3,1,2,7,5,0,5,0,0,0
TGCTTTACGAGT_1,1,1,2,1,9,6,7,5,0,2
GATGTGAAGGAT_1,9,8,8,2,1,8,9,9,3,3
GGCTATGGCCAA_1,9,5,0,2,5,5,0,4,9,9
GGAACGGGCAGT_1,0,1,5,7,6,4,5,8,4,8
TCTGGAGCGACC_1,4,1,8,2,0,4,1,2,2,8
GGCTATGGCCGA_1,8,5,7,7,3,8,5,6,4,8
GCCTGCAAGCCT_1,9,1,0,4,5,5,5,8,4,1
GGGCCTTGAAAC_1,9,2,0,7,3,0,9,8,9,8
TCTGGAGCGACT_1,7,5,8,2,0,1,6,0,2,0
GGCTATGGCATA_1,7,9,8,4,7,0,6,5,1,6
CCCGGCCTGGCT_1,9,0,5,8,6,8,4,8,1,5
TCTGGAGCGAAA_1,7,9,4,2,0,1,9,6,1,3
CTTCCTCTTTCT_1,7,7,8,2,1,6,9,2,2,6
TATAGCACTAAT_1,6,4,9,8,1,1,2,2,6,3
TTGTAAGGAAAC_1,7,5,7,0,0,1,8,6,9,9
AGCAGCCTGCCC_1,0,7,4,8,3,8,1,0,3,3
AGTGTCGCAGAT_1,5,7,1,4,5,4,1,1,2,6
TAGAGTTTCCGT_1,0,2,9,8,6,8,5,9,1,3
GGTGTCGCAGCT_1,3,1,7,5,4,3,8,4,3,9
TGAGAGCAAGGA_1,1,3,4,1,9,6,6,5,6,6
CTCCGCCAGCCC_1,0,1,8,1,3,8,7,9,8,3
GGCTATGGCCAT_1,9,5,5,5,0,6,8,0,4,5
CTCAACACCTTC_1,3,1,4,7,3,4,1,3,3,4
CATATGCGCCAT_1,0,8,8,8,3,8,5,9,1,3
TGTGTCGCAGAT_1,8,9,4,7,0,4,8,6,2,9
CCGGAGAGTCAA_1,3,6,2,4,9,3,6,0,9,2
CCAAGGTTCGCC_1,0,5,1,3,7,1,9,6,1,8
TCCTCCTCGCGT_1,3,1,0,7,5,0,5,6,0,6
TGCTTACGAGGA_1,1,3,2,5,9,6,7,5,0,2
GACTACCGCCTC_1,3,9,4,4,9,3,6,0,9,0
GATGGGCAAAGC_1,4,1,8,2,0,0,1,1,4,0
GGCTATGGCCTA_1,4,6,5,7,8,4,8,8,9,5
TCTGGAGCGATC_1,7,6,1,2,0,1,6,6,0,6
TCTGGAGCGATT_1,8,9,8,4,0,4,6,0,2,6
GCTAGCAAGTTT_1,0,7,8,1,1,6,6,0,0,0
AGGCCCCGCGGC_1,0,2,8,8,1,0,8,0,3,0
TAAAGCCTTGCC_1,0,8,7,8,3,0,7,6,1,3
CGCCCTGCCTAG_1,9,1,5,8,6,8,9,2,1,5
ACGGAGAGTTAA_1,1,7,2,4,8,0,1,0,2,6
ATGGAGAGTCAA_1,3,1,5,7,5,3,5,1,5,0
GGTCTCGCAGAT_1,5,9,0,5,4,2,9,4,0,6
TGCCAATTAGGG_1,0,2,8,8,1,8,9,1,1,3
ACCGAGAGTCAA_1,3,0,7,4,1,0,7,8,0,0
AAAAATCCCAAC_1,4,2,5,6,3,8,9,6,8,5
TCTGGAGCGACA_1,7,5,7,7,0,1,6,0,4,8
CCCCTAACTATG_1,5,1,5,8,6,0,9,6,3,8
CACGCTTCACTC_1,3,7,7,4,5,3,8,8,6,1
ACAGGATGGGTC_1,7,9,4,7,1,1,9,5,0,0
CCAAATGACAAC_1,7,7,8,4,0,4,5,1,6,6
CAATCTTTTCCA_1,5,5,7,5,9,2,0,5,0,9
CCCCTTTGAGCC_1,4,1,7,1,1,0,1,0,0,0
TGATATCCAGGA_1,3,8,0,3,3,4,5,6,9,1
GAGAATCTAGGC_1,0,8,9,8,6,0,5,9,6,5
CCAGCCACGGCC_1,7,7,4,4,0,1,8,5,6,0
TAAAGCCTTGCA_1,0,8,9,8,6,0,9,6,1,3
GGCTATGGCGTA_1,3,1,1,3,3,0,5,0,4,9
GACTACACCCTC_1,7,2,5,4,3,5,5,1,0,9
TAGCGAATTGTC_1,0,8,2,7,3,0,4,9,1,5
CACCATTGTGAA_1,3,2,8,7,1,5,8,6,4,3
ATACAGTGTAGT_1,0,8,9,3,6,8,9,2,1,5
TTAATTTTCCTT_1,9,5,4,0,3,0,5,8,6,9
CACCGTTATGAA_1,0,5,7,8,6,4,5,0,9,9
AAGCCCTTCTAT_1,6,4,9,8,7,0,6,2,1,3
CACGCTTCACTA_1,5,2,7,1,1,3,1,0,0,9
TACCCTTGCGCG_1,4,1,5,1,6,8,9,2,1,3
AAGCGCAACAAT_1,3,3,2,2,7,3,5,2,6,3
CACGCTTCACTT_1,4,9,4,1,3,6,1,3,8,6
TGGAAGGCGGTA_1,7,9,4,4,3,4,7,6,9,0
TACTTACTCCAA_1,0,3,8,1,1,8,1,0,6,3
TACTATCCGCCA_1,7,9,8,1,1,8,1,0,6,3
AAGCCCTTCTAG_1,6,8,9,8,6,0,6,2,1,3
CAATCTATTCCA_1,4,1,1,1,1,2,1,4,0,9
GAGGCGATTGTG_1,0,3,2,1,6,8,4,0,0,2
CGTAAGCGCTCG_1,4,1,8,8,7,1,6,0,1,9
GGGCCTTGAAAA_1,5,3,2,7,3,2,9,0,4,8
CAAAAATTGCAT_1,3,1,2,7,5,2,1,4,4,9
TCAATATTCCAG_1,7,1,8,7,1,0,5,0,3,9
CCACATCTATGA_1,4,6,7,2,1,4,8,5,0,0
GGCTATGGCCGT_1,3,0,4,7,0,1,6,4,9,1
TGCGTAGCTTAT_1,5,0,1,8,7,1,9,9,2,0
ACGCAGAGTCAA_1,7,9,1,4,1,6,8,4,3,9
ATATTGATCTTC_1,7,3,2,1,1,8,1,0,6,3
CATCAGGTGATC_1,0,3,5,4,1,3,1,2,0,3
AACAATTTGGCA_1,7,8,9,8,6,0,9,0,1,3
GCGCCCCGAACT_1,7,1,7,4,1,8,1,0,0,3
AAGCCCTTCTAC_1,8,8,9,2,6,0,6,2,2,3
CACCGTTGGAAT_1,0,1,4,4,7,8,5,1,8,5
TGCTTACGAGAG_1,1,3,2,1,9,6,7,5,0,2
ATTCACGCGCAT_1,0,0,5,1,5,3,0,0,0,3
GGCGTAGTTTAT_1,0,1,4,8,5,1,1,9,2,0
CTTACCATAGAG_1,0,1,4,4,8,0,1,0,2,0
TACTACTTAGGC_1,7,3,2,0,9,6,1,5,0,2
CCCGCTCCCAAC_1,7,6,2,1,0,1,1,0,0,9
GGTGTCACAGAT_1,4,5,4,4,1,3,1,3,0,9
TGATATCCAGGT_1,8,1,7,7,5,0,5,4,9,9
TCGGCACCCAGC_1,7,7,8,1,1,1,6,0,6,3
TAAAGCCTTGCT_1,0,2,8,7,3,8,5,6,8,9
TCACCATTCCTC_1,7,8,4,8,6,8,1,0,1,3
TCAAGATGGGTC_1,1,7,7,1,5,4,1,4,0,6
AGTCCCAAGTCC_1,0,8,4,8,1,8,9,0,3,8
TGATATCCAGAG_1,3,1,2,2,5,8,1,8,9,6
CCACATGTATGT_1,4,1,7,2,1,1,6,5,0,0
TACATTTGTACG_1,0,7,7,8,3,0,9,6,3,6
TGATATCCAGGC_1,3,8,2,1,9,6,1,1,9,6
ACGGAGACTCAA_1,7,5,0,3,7,4,1,0,2,9
CCGACGCCTATT_1,9,7,4,2,1,1,1,0,1,0
CTGATACGGCCG_1,1,3,2,1,9,6,6,0,6,2
TCTGGAGCGATA_1,7,7,4,2,1,4,1,1,3,6
AGAGTGAGCCGA_1,0,8,4,8,6,3,9,0,3,3
TGTGTGAGGGAG_1,7,1,7,4,3,4,6,5,0,0
CACCATAAAAAA_1,1,3,2,1,1,3,6,2,6,2
CTAGAGACGAGC_1,7,7,8,7,6,6,9,0,3,9
AGACTGTATAGC_1,7,7,5,2,3,8,1,0,6,5
TATGAATTAAAA_1,0,2,9,8,6,8,9,2,1,3
TACATTTGTACC_1,9,3,4,4,3,6,1,1,6,6
CGCACCATAAAT_1,7,3,4,1,1,1,6,6,0,0
GGAATTCCACGT_1,4,9,8,1,1,8,5,0,1,3
TGCACCTAAAAT_1,0,8,9,8,6,8,9,9,1,3
GGTGTCGCACAT_1,7,1,7,4,5,5,8,1,2,6
GGTGTCCCAGAT_1,3,0,7,4,9,6,8,8,6,6
GTAATAGGAAGG_1,0,8,9,8,6,8,9,2,1,3
TAGCCGCGAGTC_1,7,8,8,8,6,8,9,6,1,3
ACGGAGAATCAA_1,7,1,4,1,0,0,1,5,3,0
GAAGCCTTGAGT_1,7,7,4,1,1,6,8,0,3,0
TCCGCTCCCAAA_1,0,5,1,4,0,3,6,5,9,9
GCCCTAATCAAG_1,0,3,2,1,5,4,1,0,4,5
CCCGCTTTCGGT_1,7,3,4,1,1,8,6,0,6,3
GACTACAGCTTC_1,0,9,5,7,0,8,8,4,3,8
